solid OpenSCAD_Model
  facet normal 0 0 -1
    outer loop
      vertex -1.9138806714644176 -0.5805693545089247 0
      vertex -1.9615705608064609 -0.3901806440322565 0
      vertex -1.9138806714644176 0.5805693545089247 0
    endloop
  endfacet
  facet normal 0 0 -1
    outer loop
      vertex -1.9615705608064609 -0.3901806440322565 0
      vertex -1.9903694533443939 -0.1960342806591212 0
      vertex -1.9615705608064609 0.3901806440322565 0
    endloop
  endfacet
  facet normal -0.9700312531945439 -0.24298017990326412 -3.0490303528961136e-19
    outer loop
      vertex -1.9138806714644176 -0.5805693545089247 0
      vertex -1.9615705608064609 -0.3901806440322565 6.5
      vertex -1.9615705608064609 -0.3901806440322565 0
    endloop
  endfacet
  facet normal -0.9891765099647809 -0.14673047445536241 -1.4539211636832835e-19
    outer loop
      vertex -1.9615705608064609 -0.3901806440322565 0
      vertex -1.9903694533443939 -0.1960342806591212 6.5
      vertex -1.9903694533443939 -0.1960342806591212 0
    endloop
  endfacet
  facet normal -0.9987954562051725 -0.049067674327417585 2.095712418286738e-20
    outer loop
      vertex -1.9903694533443939 -0.1960342806591212 0
      vertex -2 0 6.5
      vertex -2 0 0
    endloop
  endfacet
  facet normal -0.24298017990326412 -0.9700312531945439 0
    outer loop
      vertex -0.5805693545089247 -1.9138806714644176 0
      vertex -0.3901806440322565 -1.9615705608064609 0
      vertex -0.5805693545089247 -1.9138806714644176 6.5
    endloop
  endfacet
  facet normal -0.14673047445536241 -0.9891765099647809 0
    outer loop
      vertex -0.3901806440322565 -1.9615705608064609 0
      vertex -0.1960342806591212 -1.9903694533443939 0
      vertex -0.3901806440322565 -1.9615705608064609 6.5
    endloop
  endfacet
  facet normal -0.049067674327417585 -0.9987954562051725 0
    outer loop
      vertex -0.1960342806591212 -1.9903694533443939 0
      vertex 0 -2 0
      vertex -0.1960342806591212 -1.9903694533443939 6.5
    endloop
  endfacet
  facet normal 0 0 -1
    outer loop
      vertex -1.1111404660392044 -1.6629392246050905 0
      vertex -0.9146165735327998 -0.6111272563215624 0
      vertex -0.9427934736519953 -1.76384252869671 0
    endloop
  endfacet
  facet normal 0 0 -1
    outer loop
      vertex -1.8477590650225735 -0.7653668647301796 0
      vertex -1.76384252869671 0.9427934736519953 0
      vertex -1.76384252869671 -0.9427934736519953 0
    endloop
  endfacet
  facet normal 0 0 -1
    outer loop
      vertex -1.6629392246050905 -1.1111404660392044 0
      vertex -1.76384252869671 -0.9427934736519953 0
      vertex -1.6629392246050905 1.1111404660392044 0
    endloop
  endfacet
  facet normal 0 0 -1
    outer loop
      vertex -1.9138806714644176 -0.5805693545089247 0
      vertex -1.8477590650225735 0.7653668647301796 0
      vertex -1.8477590650225735 -0.7653668647301796 0
    endloop
  endfacet
  facet normal 0 0 -1
    outer loop
      vertex -1.6629392246050905 -1.1111404660392044 0
      vertex -1.546020906725474 1.268786568327291 0
      vertex -1.546020906725474 -1.268786568327291 0
    endloop
  endfacet
  facet normal 0 0 -1
    outer loop
      vertex -1.546020906725474 -1.268786568327291 0
      vertex -1.4142135623730951 1.4142135623730951 0
      vertex -1.4142135623730951 -1.4142135623730951 0
    endloop
  endfacet
  facet normal 0 0 -1
    outer loop
      vertex -1.1111404660392044 -1.6629392246050905 0
      vertex -1.0788638084435536 -0.2145993542177411 0
      vertex -1.0526343693054299 -0.3193131449799086 0
    endloop
  endfacet
  facet normal 0 0 -1
    outer loop
      vertex -1.1111404660392044 -1.6629392246050905 0
      vertex -1.0162674857624154 -0.4209517756015988 0
      vertex -0.9701133907831906 -0.5185364105085974 0
    endloop
  endfacet
  facet normal 0 0 -1
    outer loop
      vertex -1.1111404660392044 -1.6629392246050905 0
      vertex -0.9701133907831906 -0.5185364105085974 0
      vertex -0.9146165735327998 -0.6111272563215624 0
    endloop
  endfacet
  facet normal 0 0 -1
    outer loop
      vertex -1.1111404660392044 -1.6629392246050905 0
      vertex -1.0526343693054299 -0.3193131449799086 0
      vertex -1.0162674857624154 -0.4209517756015988 0
    endloop
  endfacet
  facet normal 0 0 -1
    outer loop
      vertex -1.1111404660392044 -1.6629392246050905 0
      vertex -1.0947031993394167 -0.10781885436251668 0
      vertex -1.0788638084435536 -0.2145993542177411 0
    endloop
  endfacet
  facet normal 0 0 -1
    outer loop
      vertex -1.268786568327291 -1.546020906725474 0
      vertex -1.1111404660392044 1.6629392246050905 0
      vertex -1.1111404660392044 -1.6629392246050905 0
    endloop
  endfacet
  facet normal 0 0 -1
    outer loop
      vertex -1.1111404660392044 -1.6629392246050905 0
      vertex -1.1 0 0
      vertex -1.0947031993394167 -0.10781885436251668 0
    endloop
  endfacet
  facet normal 0 0 -1
    outer loop
      vertex -1.268786568327291 -1.546020906725474 0
      vertex -1.4142135623730951 -1.4142135623730951 0
      vertex -1.268786568327291 1.546020906725474 0
    endloop
  endfacet
  facet normal 0 0 -1
    outer loop
      vertex -0.9427934736519953 -1.76384252869671 0
      vertex -0.6978326125800101 -0.8503114986990108 0
      vertex -0.7653668647301796 -1.8477590650225735 0
    endloop
  endfacet
  facet normal 0 0 -1
    outer loop
      vertex -0.5805693545089247 -1.9138806714644176 0
      vertex -0.7653668647301796 -1.8477590650225735 0
      vertex -0.5185364105085974 -0.9701133907831906 0
    endloop
  endfacet
  facet normal 0 0 -1
    outer loop
      vertex -0.9427934736519953 -1.76384252869671 0
      vertex -0.8503114986990108 -0.6978326125800101 0
      vertex -0.7778174593052024 -0.7778174593052024 0
    endloop
  endfacet
  facet normal 0 0 -1
    outer loop
      vertex -0.9427934736519953 -1.76384252869671 0
      vertex -0.9146165735327998 -0.6111272563215624 0
      vertex -0.8503114986990108 -0.6978326125800101 0
    endloop
  endfacet
  facet normal 0 0 -1
    outer loop
      vertex -0.9427934736519953 -1.76384252869671 0
      vertex -0.7778174593052024 -0.7778174593052024 0
      vertex -0.6978326125800101 -0.8503114986990108 0
    endloop
  endfacet
  facet normal 0 0 -1
    outer loop
      vertex -0.7653668647301796 -1.8477590650225735 0
      vertex -0.6978326125800101 -0.8503114986990108 0
      vertex -0.6111272563215624 -0.9146165735327998 0
    endloop
  endfacet
  facet normal 0 0 -1
    outer loop
      vertex -0.7653668647301796 -1.8477590650225735 0
      vertex -0.6111272563215624 -0.9146165735327998 0
      vertex -0.5185364105085974 -0.9701133907831906 0
    endloop
  endfacet
  facet normal 0 0 -1
    outer loop
      vertex -0.5805693545089247 -1.9138806714644176 0
      vertex -0.5185364105085974 -0.9701133907831906 0
      vertex -0.4209517756015988 -1.0162674857624154 0
    endloop
  endfacet
  facet normal 0 0 -1
    outer loop
      vertex -0.5805693545089247 -1.9138806714644176 0
      vertex -0.3193131449799086 -1.0526343693054299 0
      vertex -0.3901806440322565 -1.9615705608064609 0
    endloop
  endfacet
  facet normal 0 0 -1
    outer loop
      vertex -0.3901806440322565 -1.9615705608064609 0
      vertex -0.10781885436251668 -1.0947031993394167 0
      vertex -0.1960342806591212 -1.9903694533443939 0
    endloop
  endfacet
  facet normal 0 0 -1
    outer loop
      vertex -0.1960342806591212 -1.9903694533443939 0
      vertex -0.10781885436251668 -1.0947031993394167 0
      vertex 0 -2 0
    endloop
  endfacet
  facet normal 0 0 -1
    outer loop
      vertex -0.5805693545089247 -1.9138806714644176 0
      vertex -0.4209517756015988 -1.0162674857624154 0
      vertex -0.3193131449799086 -1.0526343693054299 0
    endloop
  endfacet
  facet normal 0 0 -1
    outer loop
      vertex -0.3901806440322565 -1.9615705608064609 0
      vertex -0.3193131449799086 -1.0526343693054299 0
      vertex -0.2145993542177411 -1.0788638084435536 0
    endloop
  endfacet
  facet normal 0 0 -1
    outer loop
      vertex -0.3901806440322565 -1.9615705608064609 0
      vertex -0.2145993542177411 -1.0788638084435536 0
      vertex -0.10781885436251668 -1.0947031993394167 0
    endloop
  endfacet
  facet normal 0 0 -1
    outer loop
      vertex 0 -2 0
      vertex -0.10781885436251668 -1.0947031993394167 0
      vertex 0 -1.1 0
    endloop
  endfacet
  facet normal -0.8577286100002718 -0.514102744193222 4.315044539692397e-19
    outer loop
      vertex -1.6629392246050905 -1.1111404660392044 0
      vertex -1.76384252869671 -0.9427934736519953 6.5
      vertex -1.76384252869671 -0.9427934736519953 0
    endloop
  endfacet
  facet normal -0.7409511253549594 -0.671558954847018 0
    outer loop
      vertex -1.546020906725474 -1.268786568327291 0
      vertex -1.4142135623730951 -1.4142135623730951 0
      vertex -1.546020906725474 -1.268786568327291 6.5
    endloop
  endfacet
  facet normal -0.8032075314806452 -0.5956993044924329 0
    outer loop
      vertex -1.6629392246050905 -1.1111404660392044 0
      vertex -1.546020906725474 -1.268786568327291 0
      vertex -1.6629392246050905 -1.1111404660392044 6.5
    endloop
  endfacet
  facet normal -0.671558954847018 -0.7409511253549594 -1.2692962754808017e-18
    outer loop
      vertex -1.268786568327291 -1.546020906725474 0
      vertex -1.4142135623730951 -1.4142135623730951 6.5
      vertex -1.4142135623730951 -1.4142135623730951 0
    endloop
  endfacet
  facet normal -0.5956993044924329 -0.8032075314806452 0
    outer loop
      vertex -1.268786568327291 -1.546020906725474 0
      vertex -1.1111404660392044 -1.6629392246050905 0
      vertex -1.268786568327291 -1.546020906725474 6.5
    endloop
  endfacet
  facet normal -0.514102744193222 -0.8577286100002718 0
    outer loop
      vertex -1.1111404660392044 -1.6629392246050905 0
      vertex -0.9427934736519953 -1.76384252869671 0
      vertex -1.1111404660392044 -1.6629392246050905 6.5
    endloop
  endfacet
  facet normal -0.9039892931234434 -0.42755509343028186 0
    outer loop
      vertex -1.8477590650225735 -0.7653668647301796 0
      vertex -1.76384252869671 -0.9427934736519953 0
      vertex -1.8477590650225735 -0.7653668647301796 6.5
    endloop
  endfacet
  facet normal -0.9415440651830209 -0.33688985339221966 0
    outer loop
      vertex -1.9138806714644176 -0.5805693545089247 0
      vertex -1.8477590650225735 -0.7653668647301796 0
      vertex -1.9138806714644176 -0.5805693545089247 6.5
    endloop
  endfacet
  facet normal -0.42755509343028186 -0.9039892931234434 0
    outer loop
      vertex -0.9427934736519953 -1.76384252869671 0
      vertex -0.7653668647301796 -1.8477590650225735 0
      vertex -0.9427934736519953 -1.76384252869671 6.5
    endloop
  endfacet
  facet normal -0.33688985339221966 -0.9415440651830209 -1.8419971282409466e-19
    outer loop
      vertex -0.5805693545089247 -1.9138806714644176 0
      vertex -0.7653668647301796 -1.8477590650225735 6.5
      vertex -0.7653668647301796 -1.8477590650225735 0
    endloop
  endfacet
  facet normal -0.9700312531945439 -0.24298017990326412 0
    outer loop
      vertex -1.9138806714644176 -0.5805693545089247 0
      vertex -1.9138806714644176 -0.5805693545089247 6.5
      vertex -1.9615705608064609 -0.3901806440322565 6.5
    endloop
  endfacet
  facet normal -0.9891765099647809 -0.14673047445536241 0
    outer loop
      vertex -1.9615705608064609 -0.3901806440322565 0
      vertex -1.9615705608064609 -0.3901806440322565 6.5
      vertex -1.9903694533443939 -0.1960342806591212 6.5
    endloop
  endfacet
  facet normal -0.9987954562051725 -0.049067674327417585 0
    outer loop
      vertex -1.9903694533443939 -0.1960342806591212 0
      vertex -1.9903694533443939 -0.1960342806591212 6.5
      vertex -2 0 6.5
    endloop
  endfacet
  facet normal -0.24298017990326412 -0.9700312531945439 0
    outer loop
      vertex -0.3901806440322565 -1.9615705608064609 0
      vertex -0.3901806440322565 -1.9615705608064609 6.5
      vertex -0.5805693545089247 -1.9138806714644176 6.5
    endloop
  endfacet
  facet normal -0.14673047445536241 -0.9891765099647809 0
    outer loop
      vertex -0.1960342806591212 -1.9903694533443939 0
      vertex -0.1960342806591212 -1.9903694533443939 6.5
      vertex -0.3901806440322565 -1.9615705608064609 6.5
    endloop
  endfacet
  facet normal -0.049067674327417585 -0.9987954562051725 2.095712418286738e-20
    outer loop
      vertex -0.1960342806591212 -1.9903694533443939 6.5
      vertex 0 -2 0
      vertex 0 -2 6.5
    endloop
  endfacet
  facet normal -0.8577286100002718 -0.514102744193222 0
    outer loop
      vertex -1.6629392246050905 -1.1111404660392044 0
      vertex -1.6629392246050905 -1.1111404660392044 6.5
      vertex -1.76384252869671 -0.9427934736519953 6.5
    endloop
  endfacet
  facet normal -0.8032075314806452 -0.5956993044924329 0
    outer loop
      vertex -1.546020906725474 -1.268786568327291 0
      vertex -1.546020906725474 -1.268786568327291 6.5
      vertex -1.6629392246050905 -1.1111404660392044 6.5
    endloop
  endfacet
  facet normal -0.7409511253549594 -0.671558954847018 0
    outer loop
      vertex -1.4142135623730951 -1.4142135623730951 0
      vertex -1.4142135623730951 -1.4142135623730951 6.5
      vertex -1.546020906725474 -1.268786568327291 6.5
    endloop
  endfacet
  facet normal -0.671558954847018 -0.7409511253549594 0
    outer loop
      vertex -1.268786568327291 -1.546020906725474 0
      vertex -1.268786568327291 -1.546020906725474 6.5
      vertex -1.4142135623730951 -1.4142135623730951 6.5
    endloop
  endfacet
  facet normal -0.514102744193222 -0.8577286100002718 0
    outer loop
      vertex -0.9427934736519953 -1.76384252869671 0
      vertex -0.9427934736519953 -1.76384252869671 6.5
      vertex -1.1111404660392044 -1.6629392246050905 6.5
    endloop
  endfacet
  facet normal -0.5956993044924329 -0.8032075314806452 0
    outer loop
      vertex -1.1111404660392044 -1.6629392246050905 0
      vertex -1.1111404660392044 -1.6629392246050905 6.5
      vertex -1.268786568327291 -1.546020906725474 6.5
    endloop
  endfacet
  facet normal -0.9039892931234434 -0.42755509343028186 0
    outer loop
      vertex -1.76384252869671 -0.9427934736519953 0
      vertex -1.76384252869671 -0.9427934736519953 6.5
      vertex -1.8477590650225735 -0.7653668647301796 6.5
    endloop
  endfacet
  facet normal -0.9415440651830209 -0.33688985339221966 0
    outer loop
      vertex -1.8477590650225735 -0.7653668647301796 0
      vertex -1.8477590650225735 -0.7653668647301796 6.5
      vertex -1.9138806714644176 -0.5805693545089247 6.5
    endloop
  endfacet
  facet normal -0.42755509343028186 -0.9039892931234434 0
    outer loop
      vertex -0.7653668647301796 -1.8477590650225735 0
      vertex -0.7653668647301796 -1.8477590650225735 6.5
      vertex -0.9427934736519953 -1.76384252869671 6.5
    endloop
  endfacet
  facet normal -0.33688985339221966 -0.9415440651830209 0
    outer loop
      vertex -0.5805693545089247 -1.9138806714644176 0
      vertex -0.5805693545089247 -1.9138806714644176 6.5
      vertex -0.7653668647301796 -1.8477590650225735 6.5
    endloop
  endfacet
  facet normal 0 0 -1
    outer loop
      vertex -1.9903694533443939 -0.1960342806591212 0
      vertex -2 0 0
      vertex -1.9903694533443939 0.1960342806591212 0
    endloop
  endfacet
  facet normal 0 0 -1
    outer loop
      vertex -1.9903694533443939 -0.1960342806591212 0
      vertex -1.9903694533443939 0.1960342806591212 0
      vertex -1.9615705608064609 0.3901806440322565 0
    endloop
  endfacet
  facet normal 0 0 -1
    outer loop
      vertex -1.9615705608064609 -0.3901806440322565 0
      vertex -1.9615705608064609 0.3901806440322565 0
      vertex -1.9138806714644176 0.5805693545089247 0
    endloop
  endfacet
  facet normal -0.9987954562051725 0.049067674327417585 -2.095712418286738e-20
    outer loop
      vertex -2 0 0
      vertex -1.9903694533443939 0.1960342806591212 6.5
      vertex -1.9903694533443939 0.1960342806591212 0
    endloop
  endfacet
  facet normal -0.9891765099647809 0.14673047445536241 1.4539211636832835e-19
    outer loop
      vertex -1.9903694533443939 0.1960342806591212 0
      vertex -1.9615705608064609 0.3901806440322565 6.5
      vertex -1.9615705608064609 0.3901806440322565 0
    endloop
  endfacet
  facet normal -0.9700312531945439 0.24298017990326412 3.0490303528961136e-19
    outer loop
      vertex -1.9615705608064609 0.3901806440322565 0
      vertex -1.9138806714644176 0.5805693545089247 6.5
      vertex -1.9138806714644176 0.5805693545089247 0
    endloop
  endfacet
  facet normal 0 0 -1
    outer loop
      vertex -1.9138806714644176 -0.5805693545089247 0
      vertex -1.9138806714644176 0.5805693545089247 0
      vertex -1.8477590650225735 0.7653668647301796 0
    endloop
  endfacet
  facet normal 0 0 -1
    outer loop
      vertex -1.8477590650225735 -0.7653668647301796 0
      vertex -1.8477590650225735 0.7653668647301796 0
      vertex -1.76384252869671 0.9427934736519953 0
    endloop
  endfacet
  facet normal 0 0 -1
    outer loop
      vertex -1.76384252869671 -0.9427934736519953 0
      vertex -1.76384252869671 0.9427934736519953 0
      vertex -1.6629392246050905 1.1111404660392044 0
    endloop
  endfacet
  facet normal 0 0 -1
    outer loop
      vertex -1.6629392246050905 -1.1111404660392044 0
      vertex -1.6629392246050905 1.1111404660392044 0
      vertex -1.546020906725474 1.268786568327291 0
    endloop
  endfacet
  facet normal 0 0 -1
    outer loop
      vertex -1.546020906725474 -1.268786568327291 0
      vertex -1.546020906725474 1.268786568327291 0
      vertex -1.4142135623730951 1.4142135623730951 0
    endloop
  endfacet
  facet normal 0 0 -1
    outer loop
      vertex -1.1111404660392044 -1.6629392246050905 0
      vertex -1.1111404660392044 1.6629392246050905 0
      vertex -1.1 0 0
    endloop
  endfacet
  facet normal 0 0 -1
    outer loop
      vertex -1.4142135623730951 -1.4142135623730951 0
      vertex -1.4142135623730951 1.4142135623730951 0
      vertex -1.268786568327291 1.546020906725474 0
    endloop
  endfacet
  facet normal 0 0 -1
    outer loop
      vertex -1.268786568327291 -1.546020906725474 0
      vertex -1.268786568327291 1.546020906725474 0
      vertex -1.1111404660392044 1.6629392246050905 0
    endloop
  endfacet
  facet normal 0 0 -1
    outer loop
      vertex -1.1111404660392044 1.6629392246050905 0
      vertex -1.0947031993394167 0.10781885436251668 0
      vertex -1.1 0 0
    endloop
  endfacet
  facet normal 0 0 -1
    outer loop
      vertex -1.1111404660392044 1.6629392246050905 0
      vertex -1.0788638084435536 0.2145993542177411 0
      vertex -1.0947031993394167 0.10781885436251668 0
    endloop
  endfacet
  facet normal 0 0 -1
    outer loop
      vertex -1.1111404660392044 1.6629392246050905 0
      vertex -1.0526343693054299 0.3193131449799086 0
      vertex -1.0788638084435536 0.2145993542177411 0
    endloop
  endfacet
  facet normal 0 0 -1
    outer loop
      vertex -1.1111404660392044 1.6629392246050905 0
      vertex -1.0162674857624154 0.4209517756015988 0
      vertex -1.0526343693054299 0.3193131449799086 0
    endloop
  endfacet
  facet normal 0 0 -1
    outer loop
      vertex -0.9427934736519953 1.76384252869671 0
      vertex -0.9701133907831906 0.5185364105085974 0
      vertex -1.0162674857624154 0.4209517756015988 0
    endloop
  endfacet
  facet normal 0 0 -1
    outer loop
      vertex -1.1111404660392044 1.6629392246050905 0
      vertex -0.9427934736519953 1.76384252869671 0
      vertex -1.0162674857624154 0.4209517756015988 0
    endloop
  endfacet
  facet normal 0 0 -1
    outer loop
      vertex -0.9427934736519953 1.76384252869671 0
      vertex -0.9146165735327998 0.6111272563215624 0
      vertex -0.9701133907831906 0.5185364105085974 0
    endloop
  endfacet
  facet normal 0 0 -1
    outer loop
      vertex -0.9427934736519953 1.76384252869671 0
      vertex -0.8503114986990108 0.6978326125800101 0
      vertex -0.9146165735327998 0.6111272563215624 0
    endloop
  endfacet
  facet normal 0 0 -1
    outer loop
      vertex -0.7653668647301796 1.8477590650225735 0
      vertex -0.7778174593052024 0.7778174593052024 0
      vertex -0.8503114986990108 0.6978326125800101 0
    endloop
  endfacet
  facet normal 0 0 -1
    outer loop
      vertex -0.7653668647301796 1.8477590650225735 0
      vertex -0.6978326125800101 0.8503114986990108 0
      vertex -0.7778174593052024 0.7778174593052024 0
    endloop
  endfacet
  facet normal 0 0 -1
    outer loop
      vertex -0.5805693545089247 1.9138806714644176 0
      vertex -0.6111272563215624 0.9146165735327998 0
      vertex -0.6978326125800101 0.8503114986990108 0
    endloop
  endfacet
  facet normal 0 0 -1
    outer loop
      vertex -0.5805693545089247 1.9138806714644176 0
      vertex -0.5185364105085974 0.9701133907831906 0
      vertex -0.6111272563215624 0.9146165735327998 0
    endloop
  endfacet
  facet normal 0 0 -1
    outer loop
      vertex -0.9427934736519953 1.76384252869671 0
      vertex -0.7653668647301796 1.8477590650225735 0
      vertex -0.8503114986990108 0.6978326125800101 0
    endloop
  endfacet
  facet normal 0 0 -1
    outer loop
      vertex -0.7653668647301796 1.8477590650225735 0
      vertex -0.5805693545089247 1.9138806714644176 0
      vertex -0.6978326125800101 0.8503114986990108 0
    endloop
  endfacet
  facet normal 0 0 -1
    outer loop
      vertex -0.5805693545089247 1.9138806714644176 0
      vertex -0.3901806440322565 1.9615705608064609 0
      vertex -0.5185364105085974 0.9701133907831906 0
    endloop
  endfacet
  facet normal 0 0 -1
    outer loop
      vertex -0.3901806440322565 1.9615705608064609 0
      vertex -0.4209517756015988 1.0162674857624154 0
      vertex -0.5185364105085974 0.9701133907831906 0
    endloop
  endfacet
  facet normal 0 0 -1
    outer loop
      vertex -0.3901806440322565 1.9615705608064609 0
      vertex -0.3193131449799086 1.0526343693054299 0
      vertex -0.4209517756015988 1.0162674857624154 0
    endloop
  endfacet
  facet normal 0 0 -1
    outer loop
      vertex -0.1960342806591212 1.9903694533443939 0
      vertex -0.2145993542177411 1.0788638084435536 0
      vertex -0.3193131449799086 1.0526343693054299 0
    endloop
  endfacet
  facet normal 0 0 -1
    outer loop
      vertex -0.1960342806591212 1.9903694533443939 0
      vertex -0.10781885436251668 1.0947031993394167 0
      vertex -0.2145993542177411 1.0788638084435536 0
    endloop
  endfacet
  facet normal 0 0 -1
    outer loop
      vertex 0 2 0
      vertex 0 1.1 0
      vertex -0.10781885436251668 1.0947031993394167 0
    endloop
  endfacet
  facet normal 0 0 -1
    outer loop
      vertex -0.3901806440322565 1.9615705608064609 0
      vertex -0.1960342806591212 1.9903694533443939 0
      vertex -0.3193131449799086 1.0526343693054299 0
    endloop
  endfacet
  facet normal 0 0 -1
    outer loop
      vertex -0.1960342806591212 1.9903694533443939 0
      vertex 0 2 0
      vertex -0.10781885436251668 1.0947031993394167 0
    endloop
  endfacet
  facet normal -0.9415440651830209 0.33688985339221966 1.8419971282409466e-19
    outer loop
      vertex -1.9138806714644176 0.5805693545089247 0
      vertex -1.8477590650225735 0.7653668647301796 6.5
      vertex -1.8477590650225735 0.7653668647301796 0
    endloop
  endfacet
  facet normal -0.9039892931234434 0.42755509343028186 -3.505132211245222e-19
    outer loop
      vertex -1.8477590650225735 0.7653668647301796 0
      vertex -1.76384252869671 0.9427934736519953 6.5
      vertex -1.76384252869671 0.9427934736519953 0
    endloop
  endfacet
  facet normal -0.8577286100002718 0.514102744193222 -4.315044539692397e-19
    outer loop
      vertex -1.76384252869671 0.9427934736519953 0
      vertex -1.6629392246050905 1.1111404660392044 6.5
      vertex -1.6629392246050905 1.1111404660392044 0
    endloop
  endfacet
  facet normal -0.8032075314806452 0.5956993044924329 7.519885655831678e-19
    outer loop
      vertex -1.6629392246050905 1.1111404660392044 0
      vertex -1.546020906725474 1.268786568327291 6.5
      vertex -1.546020906725474 1.268786568327291 0
    endloop
  endfacet
  facet normal -0.7409511253549594 0.671558954847018 1.2692962754808017e-18
    outer loop
      vertex -1.546020906725474 1.268786568327291 0
      vertex -1.4142135623730951 1.4142135623730951 6.5
      vertex -1.4142135623730951 1.4142135623730951 0
    endloop
  endfacet
  facet normal -0.671558954847018 0.7409511253549594 1.2692962754808017e-18
    outer loop
      vertex -1.4142135623730951 1.4142135623730951 0
      vertex -1.268786568327291 1.546020906725474 6.5
      vertex -1.268786568327291 1.546020906725474 0
    endloop
  endfacet
  facet normal -0.5956993044924329 0.8032075314806452 7.519885655831678e-19
    outer loop
      vertex -1.268786568327291 1.546020906725474 0
      vertex -1.1111404660392044 1.6629392246050905 6.5
      vertex -1.1111404660392044 1.6629392246050905 0
    endloop
  endfacet
  facet normal -0.514102744193222 0.8577286100002718 -4.315044539692397e-19
    outer loop
      vertex -1.1111404660392044 1.6629392246050905 0
      vertex -0.9427934736519953 1.76384252869671 6.5
      vertex -0.9427934736519953 1.76384252869671 0
    endloop
  endfacet
  facet normal -0.42755509343028186 0.9039892931234434 -3.505132211245222e-19
    outer loop
      vertex -0.9427934736519953 1.76384252869671 0
      vertex -0.7653668647301796 1.8477590650225735 6.5
      vertex -0.7653668647301796 1.8477590650225735 0
    endloop
  endfacet
  facet normal -0.33688985339221966 0.9415440651830209 1.8419971282409466e-19
    outer loop
      vertex -0.7653668647301796 1.8477590650225735 0
      vertex -0.5805693545089247 1.9138806714644176 6.5
      vertex -0.5805693545089247 1.9138806714644176 0
    endloop
  endfacet
  facet normal -0.24298017990326412 0.9700312531945439 3.0490303528961136e-19
    outer loop
      vertex -0.5805693545089247 1.9138806714644176 0
      vertex -0.3901806440322565 1.9615705608064609 6.5
      vertex -0.3901806440322565 1.9615705608064609 0
    endloop
  endfacet
  facet normal -0.14673047445536241 0.9891765099647809 1.4539211636832835e-19
    outer loop
      vertex -0.3901806440322565 1.9615705608064609 0
      vertex -0.1960342806591212 1.9903694533443939 6.5
      vertex -0.1960342806591212 1.9903694533443939 0
    endloop
  endfacet
  facet normal -0.049067674327417585 0.9987954562051725 -2.095712418286738e-20
    outer loop
      vertex -0.1960342806591212 1.9903694533443939 0
      vertex 0 2 6.5
      vertex 0 2 0
    endloop
  endfacet
  facet normal -0.9987954562051725 0.049067674327417585 0
    outer loop
      vertex -2 0 0
      vertex -2 0 6.5
      vertex -1.9903694533443939 0.1960342806591212 6.5
    endloop
  endfacet
  facet normal -0.9891765099647809 0.14673047445536241 0
    outer loop
      vertex -1.9903694533443939 0.1960342806591212 0
      vertex -1.9903694533443939 0.1960342806591212 6.5
      vertex -1.9615705608064609 0.3901806440322565 6.5
    endloop
  endfacet
  facet normal -0.9700312531945439 0.24298017990326412 0
    outer loop
      vertex -1.9615705608064609 0.3901806440322565 0
      vertex -1.9615705608064609 0.3901806440322565 6.5
      vertex -1.9138806714644176 0.5805693545089247 6.5
    endloop
  endfacet
  facet normal -0.9415440651830209 0.33688985339221966 0
    outer loop
      vertex -1.9138806714644176 0.5805693545089247 0
      vertex -1.9138806714644176 0.5805693545089247 6.5
      vertex -1.8477590650225735 0.7653668647301796 6.5
    endloop
  endfacet
  facet normal -0.9039892931234434 0.42755509343028186 0
    outer loop
      vertex -1.8477590650225735 0.7653668647301796 0
      vertex -1.8477590650225735 0.7653668647301796 6.5
      vertex -1.76384252869671 0.9427934736519953 6.5
    endloop
  endfacet
  facet normal -0.8577286100002718 0.514102744193222 0
    outer loop
      vertex -1.76384252869671 0.9427934736519953 0
      vertex -1.76384252869671 0.9427934736519953 6.5
      vertex -1.6629392246050905 1.1111404660392044 6.5
    endloop
  endfacet
  facet normal -0.8032075314806452 0.5956993044924329 0
    outer loop
      vertex -1.6629392246050905 1.1111404660392044 0
      vertex -1.6629392246050905 1.1111404660392044 6.5
      vertex -1.546020906725474 1.268786568327291 6.5
    endloop
  endfacet
  facet normal -0.7409511253549594 0.671558954847018 0
    outer loop
      vertex -1.546020906725474 1.268786568327291 0
      vertex -1.546020906725474 1.268786568327291 6.5
      vertex -1.4142135623730951 1.4142135623730951 6.5
    endloop
  endfacet
  facet normal -0.671558954847018 0.7409511253549594 0
    outer loop
      vertex -1.4142135623730951 1.4142135623730951 0
      vertex -1.4142135623730951 1.4142135623730951 6.5
      vertex -1.268786568327291 1.546020906725474 6.5
    endloop
  endfacet
  facet normal -0.5956993044924329 0.8032075314806452 0
    outer loop
      vertex -1.268786568327291 1.546020906725474 0
      vertex -1.268786568327291 1.546020906725474 6.5
      vertex -1.1111404660392044 1.6629392246050905 6.5
    endloop
  endfacet
  facet normal -0.514102744193222 0.8577286100002718 0
    outer loop
      vertex -1.1111404660392044 1.6629392246050905 0
      vertex -1.1111404660392044 1.6629392246050905 6.5
      vertex -0.9427934736519953 1.76384252869671 6.5
    endloop
  endfacet
  facet normal -0.42755509343028186 0.9039892931234434 0
    outer loop
      vertex -0.9427934736519953 1.76384252869671 0
      vertex -0.9427934736519953 1.76384252869671 6.5
      vertex -0.7653668647301796 1.8477590650225735 6.5
    endloop
  endfacet
  facet normal -0.33688985339221966 0.9415440651830209 0
    outer loop
      vertex -0.7653668647301796 1.8477590650225735 0
      vertex -0.7653668647301796 1.8477590650225735 6.5
      vertex -0.5805693545089247 1.9138806714644176 6.5
    endloop
  endfacet
  facet normal 0 0 1
    outer loop
      vertex -1.103081773566957 1.4989007708865296 8
      vertex -0.9647170224040302 0.5275397072254245 8
      vertex -0.9514425888965229 0.5496867615439208 8
    endloop
  endfacet
  facet normal 0 0 1
    outer loop
      vertex -1.103081773566957 1.4989007708865296 8
      vertex -0.9514425888965229 0.5496867615439208 8
      vertex -1.103081773566957 1.6677694189885917 8
    endloop
  endfacet
  facet normal 0 0 1
    outer loop
      vertex -1.103081773566957 1.6677694189885917 8
      vertex -0.9514425888965229 0.5496867615439208 8
      vertex -1.0091367265740228 1.724077913189821 8
    endloop
  endfacet
  facet normal 0 0 1
    outer loop
      vertex -0.7413432236612874 1.3587466170104259 8
      vertex -0.6564186105546185 0.8810262159244535 8
      vertex -0.6111272563215624 0.9146165735327998 8
    endloop
  endfacet
  facet normal 0 0 1
    outer loop
      vertex -0.7413432236612874 1.3587466170104259 8
      vertex -0.6111272563215624 0.9146165735327998 8
      vertex -0.6034077724520247 0.9192434541041303 8
    endloop
  endfacet
  facet normal 0 0 1
    outer loop
      vertex -0.7413432236612874 1.3587466170104259 8
      vertex -0.6034077724520247 0.9192434541041303 8
      vertex -0.651032572466099 1.8886685289371083 8
    endloop
  endfacet
  facet normal 0 0 1
    outer loop
      vertex -0.7413432236612874 1.3587466170104259 8
      vertex -0.651032572466099 1.8886685289371083 8
      vertex -0.7413432236612874 1.8563548612438296 8
    endloop
  endfacet
  facet normal 0 0 1
    outer loop
      vertex -0.37246513325233027 1.6009630546655609 8
      vertex -0.3043513399359299 1.056382106369871 8
      vertex -0.2393782888315458 1.0726570084353626 8
    endloop
  endfacet
  facet normal 0 0 1
    outer loop
      vertex -0.37246513325233027 1.6009630546655609 8
      vertex -0.2393782888315458 1.0726570084353626 8
      vertex -0.2838228702308825 1.977347246215668 8
    endloop
  endfacet
  facet normal 0 0 1
    outer loop
      vertex -0.37246513325233027 1.6009630546655609 8
      vertex -0.2838228702308825 1.977347246215668 8
      vertex -0.37246513325233027 1.9641984085927475 8
    endloop
  endfacet
  facet normal -0.24298017990326412 0.9700312531945439 0
    outer loop
      vertex -0.5805693545089247 1.9138806714644176 0
      vertex -0.5805693545089247 1.9138806714644176 6.5
      vertex -0.3901806440322565 1.9615705608064609 6.5
    endloop
  endfacet
  facet normal -0.14673047445536241 0.9891765099647809 0
    outer loop
      vertex -0.3901806440322565 1.9615705608064609 0
      vertex -0.3901806440322565 1.9615705608064609 6.5
      vertex -0.1960342806591212 1.9903694533443939 6.5
    endloop
  endfacet
  facet normal -0.049067674327417585 0.9987954562051725 0
    outer loop
      vertex -0.1960342806591212 1.9903694533443939 0
      vertex -0.1960342806591212 1.9903694533443939 6.5
      vertex 0 2 6.5
    endloop
  endfacet
  facet normal 0.049067674327417585 -0.9987954562051725 0
    outer loop
      vertex 0 -2 0
      vertex 0.1960342806591212 -1.9903694533443939 0
      vertex 0 -2 6.5
    endloop
  endfacet
  facet normal 0.14673047445536241 -0.9891765099647809 0
    outer loop
      vertex 0.1960342806591212 -1.9903694533443939 0
      vertex 0.3901806440322565 -1.9615705608064609 0
      vertex 0.1960342806591212 -1.9903694533443939 6.5
    endloop
  endfacet
  facet normal 0.24298017990326412 -0.9700312531945439 0
    outer loop
      vertex 0.3901806440322565 -1.9615705608064609 0
      vertex 0.5805693545089247 -1.9138806714644176 0
      vertex 0.3901806440322565 -1.9615705608064609 6.5
    endloop
  endfacet
  facet normal 0 0 -1
    outer loop
      vertex 0 -2 0
      vertex 0.10781885436251668 -1.0947031993394167 0
      vertex 0.1960342806591212 -1.9903694533443939 0
    endloop
  endfacet
  facet normal 0 0 -1
    outer loop
      vertex 0.1960342806591212 -1.9903694533443939 0
      vertex 0.3193131449799086 -1.0526343693054299 0
      vertex 0.3901806440322565 -1.9615705608064609 0
    endloop
  endfacet
  facet normal 0 0 -1
    outer loop
      vertex 0 -2 0
      vertex 0 -1.1 0
      vertex 0.10781885436251668 -1.0947031993394167 0
    endloop
  endfacet
  facet normal 0 0 -1
    outer loop
      vertex 0.1960342806591212 -1.9903694533443939 0
      vertex 0.10781885436251668 -1.0947031993394167 0
      vertex 0.2145993542177411 -1.0788638084435536 0
    endloop
  endfacet
  facet normal 0 0 -1
    outer loop
      vertex 0.1960342806591212 -1.9903694533443939 0
      vertex 0.2145993542177411 -1.0788638084435536 0
      vertex 0.3193131449799086 -1.0526343693054299 0
    endloop
  endfacet
  facet normal 0 0 -1
    outer loop
      vertex 0.3901806440322565 -1.9615705608064609 0
      vertex 0.3193131449799086 -1.0526343693054299 0
      vertex 0.4209517756015988 -1.0162674857624154 0
    endloop
  endfacet
  facet normal 0 0 -1
    outer loop
      vertex 0.3901806440322565 -1.9615705608064609 0
      vertex 0.4209517756015988 -1.0162674857624154 0
      vertex 0.5185364105085974 -0.9701133907831906 0
    endloop
  endfacet
  facet normal 0 0 -1
    outer loop
      vertex 0.3901806440322565 -1.9615705608064609 0
      vertex 0.5185364105085974 -0.9701133907831906 0
      vertex 0.5805693545089247 -1.9138806714644176 0
    endloop
  endfacet
  facet normal 0 0 -1
    outer loop
      vertex 0.5805693545089247 -1.9138806714644176 0
      vertex 0.6978326125800101 -0.8503114986990108 0
      vertex 0.7653668647301796 -1.8477590650225735 0
    endloop
  endfacet
  facet normal 0 0 -1
    outer loop
      vertex 0.7653668647301796 -1.8477590650225735 0
      vertex 0.8503114986990108 -0.6978326125800101 0
      vertex 0.9427934736519953 -1.76384252869671 0
    endloop
  endfacet
  facet normal 0 0 -1
    outer loop
      vertex 0.5805693545089247 -1.9138806714644176 0
      vertex 0.5185364105085974 -0.9701133907831906 0
      vertex 0.6111272563215624 -0.9146165735327998 0
    endloop
  endfacet
  facet normal 0 0 -1
    outer loop
      vertex 0.5805693545089247 -1.9138806714644176 0
      vertex 0.6111272563215624 -0.9146165735327998 0
      vertex 0.6978326125800101 -0.8503114986990108 0
    endloop
  endfacet
  facet normal 0 0 -1
    outer loop
      vertex 0.7653668647301796 -1.8477590650225735 0
      vertex 0.6978326125800101 -0.8503114986990108 0
      vertex 0.7778174593052024 -0.7778174593052024 0
    endloop
  endfacet
  facet normal 0 0 -1
    outer loop
      vertex 0.7653668647301796 -1.8477590650225735 0
      vertex 0.7778174593052024 -0.7778174593052024 0
      vertex 0.8503114986990108 -0.6978326125800101 0
    endloop
  endfacet
  facet normal 0 0 -1
    outer loop
      vertex 0.9427934736519953 -1.76384252869671 0
      vertex 0.8503114986990108 -0.6978326125800101 0
      vertex 0.9146165735327998 -0.6111272563215624 0
    endloop
  endfacet
  facet normal 0 0 -1
    outer loop
      vertex 0.9427934736519953 -1.76384252869671 0
      vertex 0.9146165735327998 -0.6111272563215624 0
      vertex 0.9701133907831906 -0.5185364105085974 0
    endloop
  endfacet
  facet normal 0 0 -1
    outer loop
      vertex 0.9427934736519953 -1.76384252869671 0
      vertex 1.0162674857624154 -0.4209517756015988 0
      vertex 1.1111404660392044 -1.6629392246050905 0
    endloop
  endfacet
  facet normal 0 0 -1
    outer loop
      vertex 0.9427934736519953 -1.76384252869671 0
      vertex 0.9701133907831906 -0.5185364105085974 0
      vertex 1.0162674857624154 -0.4209517756015988 0
    endloop
  endfacet
  facet normal 0 0 -1
    outer loop
      vertex 1.1111404660392044 -1.6629392246050905 0
      vertex 1.0162674857624154 -0.4209517756015988 0
      vertex 1.0526343693054299 -0.3193131449799086 0
    endloop
  endfacet
  facet normal 0 0 -1
    outer loop
      vertex 1.1111404660392044 -1.6629392246050905 0
      vertex 1.0526343693054299 -0.3193131449799086 0
      vertex 1.0788638084435536 -0.2145993542177411 0
    endloop
  endfacet
  facet normal 0 0 -1
    outer loop
      vertex 1.1111404660392044 -1.6629392246050905 0
      vertex 1.0788638084435536 -0.2145993542177411 0
      vertex 1.0947031993394167 -0.10781885436251668 0
    endloop
  endfacet
  facet normal 0 0 -1
    outer loop
      vertex 1.1111404660392044 -1.6629392246050905 0
      vertex 1.0947031993394167 -0.10781885436251668 0
      vertex 1.1 0 0
    endloop
  endfacet
  facet normal 0 0 -1
    outer loop
      vertex 1.1111404660392044 -1.6629392246050905 0
      vertex 1.268786568327291 1.546020906725474 0
      vertex 1.268786568327291 -1.546020906725474 0
    endloop
  endfacet
  facet normal 0 0 -1
    outer loop
      vertex 1.268786568327291 -1.546020906725474 0
      vertex 1.4142135623730951 1.4142135623730951 0
      vertex 1.4142135623730951 -1.4142135623730951 0
    endloop
  endfacet
  facet normal 0 0 -1
    outer loop
      vertex 1.4142135623730951 -1.4142135623730951 0
      vertex 1.546020906725474 1.268786568327291 0
      vertex 1.546020906725474 -1.268786568327291 0
    endloop
  endfacet
  facet normal 0 0 -1
    outer loop
      vertex 1.546020906725474 -1.268786568327291 0
      vertex 1.6629392246050905 1.1111404660392044 0
      vertex 1.6629392246050905 -1.1111404660392044 0
    endloop
  endfacet
  facet normal 0 0 -1
    outer loop
      vertex 1.6629392246050905 -1.1111404660392044 0
      vertex 1.76384252869671 0.9427934736519953 0
      vertex 1.76384252869671 -0.9427934736519953 0
    endloop
  endfacet
  facet normal 0 0 -1
    outer loop
      vertex 1.76384252869671 -0.9427934736519953 0
      vertex 1.8477590650225735 0.7653668647301796 0
      vertex 1.8477590650225735 -0.7653668647301796 0
    endloop
  endfacet
  facet normal 0 0 -1
    outer loop
      vertex 1.8477590650225735 -0.7653668647301796 0
      vertex 1.9138806714644176 0.5805693545089247 0
      vertex 1.9138806714644176 -0.5805693545089247 0
    endloop
  endfacet
  facet normal 0.33688985339221966 -0.9415440651830209 0
    outer loop
      vertex 0.5805693545089247 -1.9138806714644176 0
      vertex 0.7653668647301796 -1.8477590650225735 0
      vertex 0.5805693545089247 -1.9138806714644176 6.5
    endloop
  endfacet
  facet normal 0.42755509343028186 -0.9039892931234434 0
    outer loop
      vertex 0.7653668647301796 -1.8477590650225735 0
      vertex 0.9427934736519953 -1.76384252869671 0
      vertex 0.7653668647301796 -1.8477590650225735 6.5
    endloop
  endfacet
  facet normal 0.514102744193222 -0.8577286100002718 0
    outer loop
      vertex 0.9427934736519953 -1.76384252869671 0
      vertex 1.1111404660392044 -1.6629392246050905 0
      vertex 0.9427934736519953 -1.76384252869671 6.5
    endloop
  endfacet
  facet normal 0.5956993044924329 -0.8032075314806452 0
    outer loop
      vertex 1.1111404660392044 -1.6629392246050905 0
      vertex 1.268786568327291 -1.546020906725474 0
      vertex 1.1111404660392044 -1.6629392246050905 6.5
    endloop
  endfacet
  facet normal 0.671558954847018 -0.7409511253549594 0
    outer loop
      vertex 1.268786568327291 -1.546020906725474 0
      vertex 1.4142135623730951 -1.4142135623730951 0
      vertex 1.268786568327291 -1.546020906725474 6.5
    endloop
  endfacet
  facet normal 0.7409511253549594 -0.671558954847018 0
    outer loop
      vertex 1.4142135623730951 -1.4142135623730951 0
      vertex 1.546020906725474 -1.268786568327291 0
      vertex 1.4142135623730951 -1.4142135623730951 6.5
    endloop
  endfacet
  facet normal 0.8032075314806452 -0.5956993044924329 0
    outer loop
      vertex 1.546020906725474 -1.268786568327291 0
      vertex 1.6629392246050905 -1.1111404660392044 0
      vertex 1.546020906725474 -1.268786568327291 6.5
    endloop
  endfacet
  facet normal 0.8577286100002718 -0.514102744193222 0
    outer loop
      vertex 1.6629392246050905 -1.1111404660392044 0
      vertex 1.76384252869671 -0.9427934736519953 0
      vertex 1.6629392246050905 -1.1111404660392044 6.5
    endloop
  endfacet
  facet normal 0.9039892931234434 -0.42755509343028186 0
    outer loop
      vertex 1.76384252869671 -0.9427934736519953 0
      vertex 1.8477590650225735 -0.7653668647301796 0
      vertex 1.76384252869671 -0.9427934736519953 6.5
    endloop
  endfacet
  facet normal 0.9415440651830209 -0.33688985339221966 0
    outer loop
      vertex 1.8477590650225735 -0.7653668647301796 0
      vertex 1.9138806714644176 -0.5805693545089247 0
      vertex 1.8477590650225735 -0.7653668647301796 6.5
    endloop
  endfacet
  facet normal 0 0 -1
    outer loop
      vertex 1.9138806714644176 -0.5805693545089247 0
      vertex 1.9615705608064609 0.3901806440322565 0
      vertex 1.9615705608064609 -0.3901806440322565 0
    endloop
  endfacet
  facet normal 0 0 -1
    outer loop
      vertex 1.9615705608064609 -0.3901806440322565 0
      vertex 1.9903694533443939 0.1960342806591212 0
      vertex 1.9903694533443939 -0.1960342806591212 0
    endloop
  endfacet
  facet normal 0.9700312531945439 -0.24298017990326412 0
    outer loop
      vertex 1.9138806714644176 -0.5805693545089247 0
      vertex 1.9615705608064609 -0.3901806440322565 0
      vertex 1.9138806714644176 -0.5805693545089247 6.5
    endloop
  endfacet
  facet normal 0.9891765099647809 -0.14673047445536241 0
    outer loop
      vertex 1.9615705608064609 -0.3901806440322565 0
      vertex 1.9903694533443939 -0.1960342806591212 0
      vertex 1.9615705608064609 -0.3901806440322565 6.5
    endloop
  endfacet
  facet normal 0.9987954562051725 -0.049067674327417585 0
    outer loop
      vertex 1.9903694533443939 -0.1960342806591212 0
      vertex 2 0 0
      vertex 1.9903694533443939 -0.1960342806591212 6.5
    endloop
  endfacet
  facet normal 0.049067674327417585 -0.9987954562051725 0
    outer loop
      vertex 0.1960342806591212 -1.9903694533443939 0
      vertex 0.1960342806591212 -1.9903694533443939 6.5
      vertex 0 -2 6.5
    endloop
  endfacet
  facet normal 0.14673047445536241 -0.9891765099647809 0
    outer loop
      vertex 0.3901806440322565 -1.9615705608064609 0
      vertex 0.3901806440322565 -1.9615705608064609 6.5
      vertex 0.1960342806591212 -1.9903694533443939 6.5
    endloop
  endfacet
  facet normal 0.24298017990326412 -0.9700312531945439 0
    outer loop
      vertex 0.5805693545089247 -1.9138806714644176 0
      vertex 0.5805693545089247 -1.9138806714644176 6.5
      vertex 0.3901806440322565 -1.9615705608064609 6.5
    endloop
  endfacet
  facet normal 0.33688985339221966 -0.9415440651830209 0
    outer loop
      vertex 0.7653668647301796 -1.8477590650225735 0
      vertex 0.7653668647301796 -1.8477590650225735 6.5
      vertex 0.5805693545089247 -1.9138806714644176 6.5
    endloop
  endfacet
  facet normal 0.42755509343028186 -0.9039892931234434 0
    outer loop
      vertex 0.9427934736519953 -1.76384252869671 0
      vertex 0.9427934736519953 -1.76384252869671 6.5
      vertex 0.7653668647301796 -1.8477590650225735 6.5
    endloop
  endfacet
  facet normal 0.514102744193222 -0.8577286100002718 0
    outer loop
      vertex 1.1111404660392044 -1.6629392246050905 0
      vertex 1.1111404660392044 -1.6629392246050905 6.5
      vertex 0.9427934736519953 -1.76384252869671 6.5
    endloop
  endfacet
  facet normal 0.5956993044924329 -0.8032075314806452 0
    outer loop
      vertex 1.268786568327291 -1.546020906725474 0
      vertex 1.268786568327291 -1.546020906725474 6.5
      vertex 1.1111404660392044 -1.6629392246050905 6.5
    endloop
  endfacet
  facet normal 0.671558954847018 -0.7409511253549594 0
    outer loop
      vertex 1.4142135623730951 -1.4142135623730951 0
      vertex 1.4142135623730951 -1.4142135623730951 6.5
      vertex 1.268786568327291 -1.546020906725474 6.5
    endloop
  endfacet
  facet normal 0.7409511253549594 -0.671558954847018 0
    outer loop
      vertex 1.546020906725474 -1.268786568327291 0
      vertex 1.546020906725474 -1.268786568327291 6.5
      vertex 1.4142135623730951 -1.4142135623730951 6.5
    endloop
  endfacet
  facet normal 0.8032075314806452 -0.5956993044924329 0
    outer loop
      vertex 1.6629392246050905 -1.1111404660392044 0
      vertex 1.6629392246050905 -1.1111404660392044 6.5
      vertex 1.546020906725474 -1.268786568327291 6.5
    endloop
  endfacet
  facet normal 0.8577286100002718 -0.514102744193222 0
    outer loop
      vertex 1.76384252869671 -0.9427934736519953 0
      vertex 1.76384252869671 -0.9427934736519953 6.5
      vertex 1.6629392246050905 -1.1111404660392044 6.5
    endloop
  endfacet
  facet normal 0.9039892931234434 -0.42755509343028186 0
    outer loop
      vertex 1.8477590650225735 -0.7653668647301796 0
      vertex 1.8477590650225735 -0.7653668647301796 6.5
      vertex 1.76384252869671 -0.9427934736519953 6.5
    endloop
  endfacet
  facet normal 0.9415440651830209 -0.33688985339221966 0
    outer loop
      vertex 1.9138806714644176 -0.5805693545089247 0
      vertex 1.9138806714644176 -0.5805693545089247 6.5
      vertex 1.8477590650225735 -0.7653668647301796 6.5
    endloop
  endfacet
  facet normal 0 0 1
    outer loop
      vertex 0.2838228702308825 -1.977347246215668 8
      vertex 0.37246513325233027 -1.6009630546655609 8
      vertex 0.2393782888315458 -1.0726570084353626 8
    endloop
  endfacet
  facet normal 0 0 1
    outer loop
      vertex 0.37246513325233027 -1.6009630546655609 8
      vertex 0.3043513399359299 -1.056382106369871 8
      vertex 0.2393782888315458 -1.0726570084353626 8
    endloop
  endfacet
  facet normal 0 0 1
    outer loop
      vertex 0.651032572466099 -1.8886685289371083 8
      vertex 0.7413432236612874 -1.3587466170104259 8
      vertex 0.6034077724520247 -0.9192434541041303 8
    endloop
  endfacet
  facet normal 0 0 1
    outer loop
      vertex 0.7413432236612874 -1.3587466170104259 8
      vertex 0.6111272563215624 -0.9146165735327998 8
      vertex 0.6034077724520247 -0.9192434541041303 8
    endloop
  endfacet
  facet normal 0 0 1
    outer loop
      vertex 0.7413432236612874 -1.3587466170104259 8
      vertex 0.6564186105546185 -0.8810262159244535 8
      vertex 0.6111272563215624 -0.9146165735327998 8
    endloop
  endfacet
  facet normal 0 0 1
    outer loop
      vertex 1.0091367265740228 -1.724077913189821 8
      vertex 1.103081773566957 -1.4989007708865296 8
      vertex 0.9514425888965229 -0.5496867615439208 8
    endloop
  endfacet
  facet normal 0 0 1
    outer loop
      vertex 1.103081773566957 -1.4989007708865296 8
      vertex 0.9647170224040302 -0.5275397072254245 8
      vertex 0.9514425888965229 -0.5496867615439208 8
    endloop
  endfacet
  facet normal 0.9700312531945439 -0.24298017990326412 0
    outer loop
      vertex 1.9615705608064609 -0.3901806440322565 0
      vertex 1.9615705608064609 -0.3901806440322565 6.5
      vertex 1.9138806714644176 -0.5805693545089247 6.5
    endloop
  endfacet
  facet normal 0.9891765099647809 -0.14673047445536241 0
    outer loop
      vertex 1.9903694533443939 -0.1960342806591212 0
      vertex 1.9903694533443939 -0.1960342806591212 6.5
      vertex 1.9615705608064609 -0.3901806440322565 6.5
    endloop
  endfacet
  facet normal 0.9987954562051725 -0.049067674327417585 -2.095712418286738e-20
    outer loop
      vertex 1.9903694533443939 -0.1960342806591212 6.5
      vertex 2 0 0
      vertex 2 0 6.5
    endloop
  endfacet
  facet normal 0 0 -1
    outer loop
      vertex 0 2 0
      vertex 0.10781885436251668 1.0947031993394167 0
      vertex 0 1.1 0
    endloop
  endfacet
  facet normal 0 0 -1
    outer loop
      vertex 0.3901806440322565 1.9615705608064609 0
      vertex 0.2145993542177411 1.0788638084435536 0
      vertex 0.10781885436251668 1.0947031993394167 0
    endloop
  endfacet
  facet normal 0 0 -1
    outer loop
      vertex 0.3901806440322565 1.9615705608064609 0
      vertex 0.3193131449799086 1.0526343693054299 0
      vertex 0.2145993542177411 1.0788638084435536 0
    endloop
  endfacet
  facet normal 0 0 -1
    outer loop
      vertex 0.5805693545089247 1.9138806714644176 0
      vertex 0.4209517756015988 1.0162674857624154 0
      vertex 0.3193131449799086 1.0526343693054299 0
    endloop
  endfacet
  facet normal 0 0 -1
    outer loop
      vertex 0 2 0
      vertex 0.1960342806591212 1.9903694533443939 0
      vertex 0.10781885436251668 1.0947031993394167 0
    endloop
  endfacet
  facet normal 0 0 -1
    outer loop
      vertex 0.1960342806591212 1.9903694533443939 0
      vertex 0.3901806440322565 1.9615705608064609 0
      vertex 0.10781885436251668 1.0947031993394167 0
    endloop
  endfacet
  facet normal 0 0 -1
    outer loop
      vertex 0.3901806440322565 1.9615705608064609 0
      vertex 0.5805693545089247 1.9138806714644176 0
      vertex 0.3193131449799086 1.0526343693054299 0
    endloop
  endfacet
  facet normal 0 0 -1
    outer loop
      vertex 0.5805693545089247 1.9138806714644176 0
      vertex 0.5185364105085974 0.9701133907831906 0
      vertex 0.4209517756015988 1.0162674857624154 0
    endloop
  endfacet
  facet normal 0 0 -1
    outer loop
      vertex 0.7653668647301796 1.8477590650225735 0
      vertex 0.6111272563215624 0.9146165735327998 0
      vertex 0.5185364105085974 0.9701133907831906 0
    endloop
  endfacet
  facet normal 0 0 -1
    outer loop
      vertex 0.7653668647301796 1.8477590650225735 0
      vertex 0.6978326125800101 0.8503114986990108 0
      vertex 0.6111272563215624 0.9146165735327998 0
    endloop
  endfacet
  facet normal 0 0 -1
    outer loop
      vertex 0.9427934736519953 1.76384252869671 0
      vertex 0.7778174593052024 0.7778174593052024 0
      vertex 0.6978326125800101 0.8503114986990108 0
    endloop
  endfacet
  facet normal 0 0 -1
    outer loop
      vertex 0.9427934736519953 1.76384252869671 0
      vertex 0.9146165735327998 0.6111272563215624 0
      vertex 0.8503114986990108 0.6978326125800101 0
    endloop
  endfacet
  facet normal 0 0 -1
    outer loop
      vertex 0.9427934736519953 1.76384252869671 0
      vertex 0.8503114986990108 0.6978326125800101 0
      vertex 0.7778174593052024 0.7778174593052024 0
    endloop
  endfacet
  facet normal 0 0 -1
    outer loop
      vertex 0.7653668647301796 1.8477590650225735 0
      vertex 0.5185364105085974 0.9701133907831906 0
      vertex 0.5805693545089247 1.9138806714644176 0
    endloop
  endfacet
  facet normal 0 0 -1
    outer loop
      vertex 0.7653668647301796 1.8477590650225735 0
      vertex 0.9427934736519953 1.76384252869671 0
      vertex 0.6978326125800101 0.8503114986990108 0
    endloop
  endfacet
  facet normal 0 0 -1
    outer loop
      vertex 1.1111404660392044 -1.6629392246050905 0
      vertex 1.1 0 0
      vertex 1.1111404660392044 1.6629392246050905 0
    endloop
  endfacet
  facet normal 0 0 -1
    outer loop
      vertex 1.268786568327291 -1.546020906725474 0
      vertex 1.268786568327291 1.546020906725474 0
      vertex 1.4142135623730951 1.4142135623730951 0
    endloop
  endfacet
  facet normal 0 0 -1
    outer loop
      vertex 1.1111404660392044 1.6629392246050905 0
      vertex 1.1 0 0
      vertex 1.0947031993394167 0.10781885436251668 0
    endloop
  endfacet
  facet normal 0 0 -1
    outer loop
      vertex 1.1111404660392044 -1.6629392246050905 0
      vertex 1.1111404660392044 1.6629392246050905 0
      vertex 1.268786568327291 1.546020906725474 0
    endloop
  endfacet
  facet normal 0 0 -1
    outer loop
      vertex 1.1111404660392044 1.6629392246050905 0
      vertex 1.0947031993394167 0.10781885436251668 0
      vertex 1.0788638084435536 0.2145993542177411 0
    endloop
  endfacet
  facet normal 0 0 -1
    outer loop
      vertex 1.1111404660392044 1.6629392246050905 0
      vertex 1.0526343693054299 0.3193131449799086 0
      vertex 1.0162674857624154 0.4209517756015988 0
    endloop
  endfacet
  facet normal 0 0 -1
    outer loop
      vertex 1.1111404660392044 1.6629392246050905 0
      vertex 0.9701133907831906 0.5185364105085974 0
      vertex 0.9146165735327998 0.6111272563215624 0
    endloop
  endfacet
  facet normal 0 0 -1
    outer loop
      vertex 1.1111404660392044 1.6629392246050905 0
      vertex 1.0162674857624154 0.4209517756015988 0
      vertex 0.9701133907831906 0.5185364105085974 0
    endloop
  endfacet
  facet normal 0 0 -1
    outer loop
      vertex 1.1111404660392044 1.6629392246050905 0
      vertex 1.0788638084435536 0.2145993542177411 0
      vertex 1.0526343693054299 0.3193131449799086 0
    endloop
  endfacet
  facet normal 0 0 -1
    outer loop
      vertex 1.4142135623730951 -1.4142135623730951 0
      vertex 1.4142135623730951 1.4142135623730951 0
      vertex 1.546020906725474 1.268786568327291 0
    endloop
  endfacet
  facet normal 0 0 -1
    outer loop
      vertex 1.546020906725474 -1.268786568327291 0
      vertex 1.546020906725474 1.268786568327291 0
      vertex 1.6629392246050905 1.1111404660392044 0
    endloop
  endfacet
  facet normal 0 0 -1
    outer loop
      vertex 1.8477590650225735 -0.7653668647301796 0
      vertex 1.8477590650225735 0.7653668647301796 0
      vertex 1.9138806714644176 0.5805693545089247 0
    endloop
  endfacet
  facet normal 0 0 -1
    outer loop
      vertex 1.6629392246050905 -1.1111404660392044 0
      vertex 1.6629392246050905 1.1111404660392044 0
      vertex 1.76384252869671 0.9427934736519953 0
    endloop
  endfacet
  facet normal 0 0 -1
    outer loop
      vertex 1.76384252869671 -0.9427934736519953 0
      vertex 1.76384252869671 0.9427934736519953 0
      vertex 1.8477590650225735 0.7653668647301796 0
    endloop
  endfacet
  facet normal 0 0 -1
    outer loop
      vertex 0.9427934736519953 1.76384252869671 0
      vertex 1.1111404660392044 1.6629392246050905 0
      vertex 0.9146165735327998 0.6111272563215624 0
    endloop
  endfacet
  facet normal 0.33688985339221966 0.9415440651830209 0
    outer loop
      vertex 0.7653668647301796 1.8477590650225735 0
      vertex 0.5805693545089247 1.9138806714644176 0
      vertex 0.7653668647301796 1.8477590650225735 6.5
    endloop
  endfacet
  facet normal 0.42755509343028186 0.9039892931234434 3.505132211245222e-19
    outer loop
      vertex 0.7653668647301796 1.8477590650225735 0
      vertex 0.9427934736519953 1.76384252869671 6.5
      vertex 0.9427934736519953 1.76384252869671 0
    endloop
  endfacet
  facet normal 0.9415440651830209 0.33688985339221966 -1.8419971282409466e-19
    outer loop
      vertex 1.8477590650225735 0.7653668647301796 0
      vertex 1.9138806714644176 0.5805693545089247 6.5
      vertex 1.9138806714644176 0.5805693545089247 0
    endloop
  endfacet
  facet normal 0.9039892931234434 0.42755509343028186 3.505132211245222e-19
    outer loop
      vertex 1.76384252869671 0.9427934736519953 0
      vertex 1.8477590650225735 0.7653668647301796 6.5
      vertex 1.8477590650225735 0.7653668647301796 0
    endloop
  endfacet
  facet normal 0.514102744193222 0.8577286100002718 4.315044539692397e-19
    outer loop
      vertex 0.9427934736519953 1.76384252869671 0
      vertex 1.1111404660392044 1.6629392246050905 6.5
      vertex 1.1111404660392044 1.6629392246050905 0
    endloop
  endfacet
  facet normal 0.5956993044924329 0.8032075314806452 -7.519885655831678e-19
    outer loop
      vertex 1.1111404660392044 1.6629392246050905 0
      vertex 1.268786568327291 1.546020906725474 6.5
      vertex 1.268786568327291 1.546020906725474 0
    endloop
  endfacet
  facet normal 0.671558954847018 0.7409511253549594 0
    outer loop
      vertex 1.4142135623730951 1.4142135623730951 0
      vertex 1.268786568327291 1.546020906725474 0
      vertex 1.4142135623730951 1.4142135623730951 6.5
    endloop
  endfacet
  facet normal 0.8032075314806452 0.5956993044924329 -7.519885655831678e-19
    outer loop
      vertex 1.546020906725474 1.268786568327291 0
      vertex 1.6629392246050905 1.1111404660392044 6.5
      vertex 1.6629392246050905 1.1111404660392044 0
    endloop
  endfacet
  facet normal 0.7409511253549594 0.671558954847018 -1.2692962754808017e-18
    outer loop
      vertex 1.4142135623730951 1.4142135623730951 0
      vertex 1.546020906725474 1.268786568327291 6.5
      vertex 1.546020906725474 1.268786568327291 0
    endloop
  endfacet
  facet normal 0.8577286100002718 0.514102744193222 0
    outer loop
      vertex 1.76384252869671 0.9427934736519953 0
      vertex 1.6629392246050905 1.1111404660392044 0
      vertex 1.76384252869671 0.9427934736519953 6.5
    endloop
  endfacet
  facet normal 0.049067674327417585 0.9987954562051725 2.095712418286738e-20
    outer loop
      vertex 0 2 0
      vertex 0.1960342806591212 1.9903694533443939 6.5
      vertex 0.1960342806591212 1.9903694533443939 0
    endloop
  endfacet
  facet normal 0.14673047445536241 0.9891765099647809 -1.4539211636832835e-19
    outer loop
      vertex 0.1960342806591212 1.9903694533443939 0
      vertex 0.3901806440322565 1.9615705608064609 6.5
      vertex 0.3901806440322565 1.9615705608064609 0
    endloop
  endfacet
  facet normal 0.24298017990326412 0.9700312531945439 -3.0490303528961136e-19
    outer loop
      vertex 0.3901806440322565 1.9615705608064609 0
      vertex 0.5805693545089247 1.9138806714644176 6.5
      vertex 0.5805693545089247 1.9138806714644176 0
    endloop
  endfacet
  facet normal 0 0 -1
    outer loop
      vertex 1.9903694533443939 -0.1960342806591212 0
      vertex 1.9903694533443939 0.1960342806591212 0
      vertex 2 0 0
    endloop
  endfacet
  facet normal 0 0 -1
    outer loop
      vertex 1.9615705608064609 -0.3901806440322565 0
      vertex 1.9615705608064609 0.3901806440322565 0
      vertex 1.9903694533443939 0.1960342806591212 0
    endloop
  endfacet
  facet normal 0 0 -1
    outer loop
      vertex 1.9138806714644176 -0.5805693545089247 0
      vertex 1.9138806714644176 0.5805693545089247 0
      vertex 1.9615705608064609 0.3901806440322565 0
    endloop
  endfacet
  facet normal 0.9987954562051725 0.049067674327417585 0
    outer loop
      vertex 2 0 0
      vertex 1.9903694533443939 0.1960342806591212 0
      vertex 2 0 6.5
    endloop
  endfacet
  facet normal 0.9891765099647809 0.14673047445536241 0
    outer loop
      vertex 1.9903694533443939 0.1960342806591212 0
      vertex 1.9615705608064609 0.3901806440322565 0
      vertex 1.9903694533443939 0.1960342806591212 6.5
    endloop
  endfacet
  facet normal 0.9700312531945439 0.24298017990326412 0
    outer loop
      vertex 1.9615705608064609 0.3901806440322565 0
      vertex 1.9138806714644176 0.5805693545089247 0
      vertex 1.9615705608064609 0.3901806440322565 6.5
    endloop
  endfacet
  facet normal 0.33688985339221966 0.9415440651830209 0
    outer loop
      vertex 0.5805693545089247 1.9138806714644176 0
      vertex 0.5805693545089247 1.9138806714644176 6.5
      vertex 0.7653668647301796 1.8477590650225735 6.5
    endloop
  endfacet
  facet normal 0.42755509343028186 0.9039892931234434 0
    outer loop
      vertex 0.7653668647301796 1.8477590650225735 0
      vertex 0.7653668647301796 1.8477590650225735 6.5
      vertex 0.9427934736519953 1.76384252869671 6.5
    endloop
  endfacet
  facet normal 0.9415440651830209 0.33688985339221966 0
    outer loop
      vertex 1.8477590650225735 0.7653668647301796 0
      vertex 1.8477590650225735 0.7653668647301796 6.5
      vertex 1.9138806714644176 0.5805693545089247 6.5
    endloop
  endfacet
  facet normal 0.9039892931234434 0.42755509343028186 0
    outer loop
      vertex 1.76384252869671 0.9427934736519953 0
      vertex 1.76384252869671 0.9427934736519953 6.5
      vertex 1.8477590650225735 0.7653668647301796 6.5
    endloop
  endfacet
  facet normal 0.5956993044924329 0.8032075314806452 0
    outer loop
      vertex 1.1111404660392044 1.6629392246050905 0
      vertex 1.1111404660392044 1.6629392246050905 6.5
      vertex 1.268786568327291 1.546020906725474 6.5
    endloop
  endfacet
  facet normal 0.514102744193222 0.8577286100002718 0
    outer loop
      vertex 0.9427934736519953 1.76384252869671 0
      vertex 0.9427934736519953 1.76384252869671 6.5
      vertex 1.1111404660392044 1.6629392246050905 6.5
    endloop
  endfacet
  facet normal 0.671558954847018 0.7409511253549594 0
    outer loop
      vertex 1.268786568327291 1.546020906725474 0
      vertex 1.268786568327291 1.546020906725474 6.5
      vertex 1.4142135623730951 1.4142135623730951 6.5
    endloop
  endfacet
  facet normal 0.7409511253549594 0.671558954847018 0
    outer loop
      vertex 1.4142135623730951 1.4142135623730951 0
      vertex 1.4142135623730951 1.4142135623730951 6.5
      vertex 1.546020906725474 1.268786568327291 6.5
    endloop
  endfacet
  facet normal 0.8032075314806452 0.5956993044924329 0
    outer loop
      vertex 1.546020906725474 1.268786568327291 0
      vertex 1.546020906725474 1.268786568327291 6.5
      vertex 1.6629392246050905 1.1111404660392044 6.5
    endloop
  endfacet
  facet normal 0.8577286100002718 0.514102744193222 0
    outer loop
      vertex 1.6629392246050905 1.1111404660392044 0
      vertex 1.6629392246050905 1.1111404660392044 6.5
      vertex 1.76384252869671 0.9427934736519953 6.5
    endloop
  endfacet
  facet normal 0.049067674327417585 0.9987954562051725 0
    outer loop
      vertex 0 2 0
      vertex 0 2 6.5
      vertex 0.1960342806591212 1.9903694533443939 6.5
    endloop
  endfacet
  facet normal 0.14673047445536241 0.9891765099647809 0
    outer loop
      vertex 0.1960342806591212 1.9903694533443939 0
      vertex 0.1960342806591212 1.9903694533443939 6.5
      vertex 0.3901806440322565 1.9615705608064609 6.5
    endloop
  endfacet
  facet normal 0.24298017990326412 0.9700312531945439 0
    outer loop
      vertex 0.3901806440322565 1.9615705608064609 0
      vertex 0.3901806440322565 1.9615705608064609 6.5
      vertex 0.5805693545089247 1.9138806714644176 6.5
    endloop
  endfacet
  facet normal 0.9987954562051725 0.049067674327417585 0
    outer loop
      vertex 1.9903694533443939 0.1960342806591212 0
      vertex 1.9903694533443939 0.1960342806591212 6.5
      vertex 2 0 6.5
    endloop
  endfacet
  facet normal 0.9891765099647809 0.14673047445536241 0
    outer loop
      vertex 1.9615705608064609 0.3901806440322565 0
      vertex 1.9615705608064609 0.3901806440322565 6.5
      vertex 1.9903694533443939 0.1960342806591212 6.5
    endloop
  endfacet
  facet normal 0.9700312531945439 0.24298017990326412 0
    outer loop
      vertex 1.9138806714644176 0.5805693545089247 0
      vertex 1.9138806714644176 0.5805693545089247 6.5
      vertex 1.9615705608064609 0.3901806440322565 6.5
    endloop
  endfacet
  facet normal -0.7409511253549591 -0.6715589548470184 0
    outer loop
      vertex -2.9374397227784006 -2.410694479821853 6.5
      vertex -2.6870057685088806 -2.6870057685088806 6.5
      vertex -2.9374397227784006 -2.410694479821853 8
    endloop
  endfacet
  facet normal -0.8032075314806455 -0.5956993044924324 1.2112697570264735e-17
    outer loop
      vertex -2.9374397227784006 -2.410694479821853 6.5
      vertex -3.1595845267496716 -2.1111668854744883 8
      vertex -3.1595845267496716 -2.1111668854744883 6.5
    endloop
  endfacet
  facet normal -0.8577286100002717 -0.5141027441932222 0
    outer loop
      vertex -3.1595845267496716 -2.1111668854744883 6.5
      vertex -3.1595845267496716 -2.1111668854744883 8
      vertex -3.351300804523749 -1.7913075999387909 8
    endloop
  endfacet
  facet normal -0.8032075314806455 -0.5956993044924324 0
    outer loop
      vertex -2.9374397227784006 -2.410694479821853 6.5
      vertex -2.9374397227784006 -2.410694479821853 8
      vertex -3.1595845267496716 -2.1111668854744883 8
    endloop
  endfacet
  facet normal -0.6715589548470184 -0.7409511253549591 0
    outer loop
      vertex -2.410694479821853 -2.9374397227784006 6.5
      vertex -2.410694479821853 -2.9374397227784006 8
      vertex -2.6870057685088806 -2.6870057685088806 6.5
    endloop
  endfacet
  facet normal -0.5956993044924324 -0.8032075314806455 1.2112697570264735e-17
    outer loop
      vertex -2.410694479821853 -2.9374397227784006 6.5
      vertex -2.1111668854744883 -3.1595845267496716 6.5
      vertex -2.1111668854744883 -3.1595845267496716 8
    endloop
  endfacet
  facet normal -0.5956993044924324 -0.8032075314806455 0
    outer loop
      vertex -2.410694479821853 -2.9374397227784006 6.5
      vertex -2.1111668854744883 -3.1595845267496716 8
      vertex -2.410694479821853 -2.9374397227784006 8
    endloop
  endfacet
  facet normal -0.5141027441932222 -0.8577286100002717 0
    outer loop
      vertex -2.1111668854744883 -3.1595845267496716 6.5
      vertex -1.7913075999387909 -3.351300804523749 8
      vertex -2.1111668854744883 -3.1595845267496716 8
    endloop
  endfacet
  facet normal 0 0 -1
    outer loop
      vertex -2.1111668854744883 -3.1595845267496716 6.5
      vertex -1.8477590650225735 -0.7653668647301796 6.5
      vertex -1.7913075999387909 -3.351300804523749 6.5
    endloop
  endfacet
  facet normal -0.7409511253549591 -0.6715589548470184 -1.7873429984113053e-18
    outer loop
      vertex -2.9374397227784006 -2.410694479821853 8
      vertex -2.6870057685088806 -2.6870057685088806 6.5
      vertex -2.6870057685088806 -2.6870057685088806 8
    endloop
  endfacet
  facet normal -0.6715589548470184 -0.7409511253549591 -1.7873429984113053e-18
    outer loop
      vertex -2.410694479821853 -2.9374397227784006 8
      vertex -2.6870057685088806 -2.6870057685088806 8
      vertex -2.6870057685088806 -2.6870057685088806 6.5
    endloop
  endfacet
  facet normal -0.9039892931234432 -0.4275550934302821 6.090941682533636e-18
    outer loop
      vertex -3.351300804523749 -1.7913075999387909 6.5
      vertex -3.5107422235428896 -1.4541970429873412 8
      vertex -3.5107422235428896 -1.4541970429873412 6.5
    endloop
  endfacet
  facet normal -0.9039892931234432 -0.4275550934302821 0
    outer loop
      vertex -3.351300804523749 -1.7913075999387909 6.5
      vertex -3.351300804523749 -1.7913075999387909 8
      vertex -3.5107422235428896 -1.4541970429873412 8
    endloop
  endfacet
  facet normal -0.9415440651830211 -0.3368898533922191 -3.1931401347814452e-18
    outer loop
      vertex -3.5107422235428896 -1.4541970429873412 6.5
      vertex -3.636373275782393 -1.103081773566957 8
      vertex -3.636373275782393 -1.103081773566957 6.5
    endloop
  endfacet
  facet normal -0.970031253194544 -0.24298017990326448 0
    outer loop
      vertex -3.636373275782393 -1.103081773566957 6.5
      vertex -3.636373275782393 -1.103081773566957 8
      vertex -3.7269840655322755 -0.7413432236612874 8
    endloop
  endfacet
  facet normal -0.9415440651830211 -0.3368898533922191 0
    outer loop
      vertex -3.5107422235428896 -1.4541970429873412 6.5
      vertex -3.5107422235428896 -1.4541970429873412 8
      vertex -3.636373275782393 -1.103081773566957 8
    endloop
  endfacet
  facet normal -0.8577286100002717 -0.5141027441932222 -9.152411228297698e-19
    outer loop
      vertex -3.1595845267496716 -2.1111668854744883 6.5
      vertex -3.351300804523749 -1.7913075999387909 8
      vertex -3.351300804523749 -1.7913075999387909 6.5
    endloop
  endfacet
  facet normal 0 0 -1
    outer loop
      vertex -3.351300804523749 -1.7913075999387909 6.5
      vertex -3.5107422235428896 -1.4541970429873412 6.5
      vertex -3.351300804523749 1.7913075999387909 6.5
    endloop
  endfacet
  facet normal 0 0 -1
    outer loop
      vertex -3.636373275782393 -1.103081773566957 6.5
      vertex -3.7269840655322755 -0.7413432236612874 6.5
      vertex -3.636373275782393 1.103081773566957 6.5
    endloop
  endfacet
  facet normal 0 0 -1
    outer loop
      vertex -3.7269840655322755 -0.7413432236612874 6.5
      vertex -3.781701961354348 -0.37246513325233027 6.5
      vertex -3.7269840655322755 0.7413432236612874 6.5
    endloop
  endfacet
  facet normal 0 0 -1
    outer loop
      vertex -3.5107422235428896 -1.4541970429873412 6.5
      vertex -3.636373275782393 -1.103081773566957 6.5
      vertex -3.5107422235428896 1.4541970429873412 6.5
    endloop
  endfacet
  facet normal 0 0 -1
    outer loop
      vertex -3.1595845267496716 -2.1111668854744883 6.5
      vertex -3.351300804523749 -1.7913075999387909 6.5
      vertex -3.1595845267496716 2.1111668854744883 6.5
    endloop
  endfacet
  facet normal 0 0 -1
    outer loop
      vertex -2.9374397227784006 -2.410694479821853 6.5
      vertex -3.1595845267496716 -2.1111668854744883 6.5
      vertex -2.9374397227784006 2.410694479821853 6.5
    endloop
  endfacet
  facet normal -0.970031253194544 -0.24298017990326448 3.130230066032061e-18
    outer loop
      vertex -3.636373275782393 -1.103081773566957 6.5
      vertex -3.7269840655322755 -0.7413432236612874 8
      vertex -3.7269840655322755 -0.7413432236612874 6.5
    endloop
  endfacet
  facet normal -0.9891765099647809 -0.14673047445536225 2.811847003604672e-18
    outer loop
      vertex -3.7269840655322755 -0.7413432236612874 6.5
      vertex -3.781701961354348 -0.37246513325233027 8
      vertex -3.781701961354348 -0.37246513325233027 6.5
    endloop
  endfacet
  facet normal -0.9891765099647809 -0.14673047445536225 0
    outer loop
      vertex -3.7269840655322755 -0.7413432236612874 6.5
      vertex -3.7269840655322755 -0.7413432236612874 8
      vertex -3.781701961354348 -0.37246513325233027 8
    endloop
  endfacet
  facet normal 0 0 1
    outer loop
      vertex -3.5107422235428896 -1.4541970429873412 8
      vertex -3.636373275782393 1.103081773566957 8
      vertex -3.636373275782393 -1.103081773566957 8
    endloop
  endfacet
  facet normal 0 0 1
    outer loop
      vertex -3.351300804523749 -1.7913075999387909 8
      vertex -3.5107422235428896 1.4541970429873412 8
      vertex -3.5107422235428896 -1.4541970429873412 8
    endloop
  endfacet
  facet normal -0.9987954562051725 -0.04906767432741771 -4.155725933743325e-19
    outer loop
      vertex -3.781701961354348 -0.37246513325233027 6.5
      vertex -3.8 0 8
      vertex -3.8 0 6.5
    endloop
  endfacet
  facet normal -0.9987954562051725 -0.04906767432741771 0
    outer loop
      vertex -3.781701961354348 -0.37246513325233027 6.5
      vertex -3.781701961354348 -0.37246513325233027 8
      vertex -3.8 0 8
    endloop
  endfacet
  facet normal 0 0 1
    outer loop
      vertex -3.636373275782393 -1.103081773566957 8
      vertex -3.7269840655322755 0.7413432236612874 8
      vertex -3.7269840655322755 -0.7413432236612874 8
    endloop
  endfacet
  facet normal 0 0 1
    outer loop
      vertex -3.7269840655322755 -0.7413432236612874 8
      vertex -3.781701961354348 0.37246513325233027 8
      vertex -3.781701961354348 -0.37246513325233027 8
    endloop
  endfacet
  facet normal 0 0 1
    outer loop
      vertex -3.1595845267496716 -2.1111668854744883 8
      vertex -3.351300804523749 1.7913075999387909 8
      vertex -3.351300804523749 -1.7913075999387909 8
    endloop
  endfacet
  facet normal 0 0 1
    outer loop
      vertex -2.9374397227784006 -2.410694479821853 8
      vertex -3.1595845267496716 2.1111668854744883 8
      vertex -3.1595845267496716 -2.1111668854744883 8
    endloop
  endfacet
  facet normal 0 0 1
    outer loop
      vertex -2.9374397227784006 -2.410694479821853 8
      vertex -2.6870057685088806 -2.6870057685088806 8
      vertex -2.9374397227784006 2.410694479821853 8
    endloop
  endfacet
  facet normal 0 0 -1
    outer loop
      vertex -2.1111668854744883 -3.1595845267496716 6.5
      vertex -1.9138806714644176 -0.5805693545089247 6.5
      vertex -1.8477590650225735 -0.7653668647301796 6.5
    endloop
  endfacet
  facet normal 0 0 -1
    outer loop
      vertex -2.410694479821853 -2.9374397227784006 6.5
      vertex -2.1111668854744883 3.1595845267496716 6.5
      vertex -2.1111668854744883 -3.1595845267496716 6.5
    endloop
  endfacet
  facet normal 0 0 -1
    outer loop
      vertex -2.1111668854744883 -3.1595845267496716 6.5
      vertex -1.9903694533443939 -0.1960342806591212 6.5
      vertex -1.9615705608064609 -0.3901806440322565 6.5
    endloop
  endfacet
  facet normal 0 0 -1
    outer loop
      vertex -2.1111668854744883 -3.1595845267496716 6.5
      vertex -1.9615705608064609 -0.3901806440322565 6.5
      vertex -1.9138806714644176 -0.5805693545089247 6.5
    endloop
  endfacet
  facet normal 0 0 -1
    outer loop
      vertex -2.1111668854744883 -3.1595845267496716 6.5
      vertex -2 0 6.5
      vertex -1.9903694533443939 -0.1960342806591212 6.5
    endloop
  endfacet
  facet normal 0 0 1
    outer loop
      vertex -2.410694479821853 -2.9374397227784006 8
      vertex -2.6870057685088806 2.6870057685088806 8
      vertex -2.6870057685088806 -2.6870057685088806 8
    endloop
  endfacet
  facet normal 0 0 1
    outer loop
      vertex -2.410694479821853 -2.9374397227784006 8
      vertex -2.1111668854744883 -3.1595845267496716 8
      vertex -2.410694479821853 2.9374397227784006 8
    endloop
  endfacet
  facet normal 0 0 1
    outer loop
      vertex -2.1111668854744883 -3.1595845267496716 8
      vertex -1.7913075999387909 -3.351300804523749 8
      vertex -2.1111668854744883 3.1595845267496716 8
    endloop
  endfacet
  facet normal 0 0 -1
    outer loop
      vertex -2.9374397227784006 -2.410694479821853 6.5
      vertex -2.6870057685088806 2.6870057685088806 6.5
      vertex -2.6870057685088806 -2.6870057685088806 6.5
    endloop
  endfacet
  facet normal 0 0 -1
    outer loop
      vertex -2.410694479821853 -2.9374397227784006 6.5
      vertex -2.6870057685088806 -2.6870057685088806 6.5
      vertex -2.410694479821853 2.9374397227784006 6.5
    endloop
  endfacet
  facet normal 0 0 -1
    outer loop
      vertex -1.4541970429873412 -3.5107422235428896 6.5
      vertex -1.1111404660392044 -1.6629392246050905 6.5
      vertex -1.103081773566957 -3.636373275782393 6.5
    endloop
  endfacet
  facet normal -0.4275550934302821 -0.9039892931234432 6.090941682533636e-18
    outer loop
      vertex -1.7913075999387909 -3.351300804523749 6.5
      vertex -1.4541970429873412 -3.5107422235428896 6.5
      vertex -1.4541970429873412 -3.5107422235428896 8
    endloop
  endfacet
  facet normal -0.4275550934302821 -0.9039892931234432 0
    outer loop
      vertex -1.7913075999387909 -3.351300804523749 6.5
      vertex -1.4541970429873412 -3.5107422235428896 8
      vertex -1.7913075999387909 -3.351300804523749 8
    endloop
  endfacet
  facet normal -0.5141027441932222 -0.8577286100002717 -9.152411228297698e-19
    outer loop
      vertex -2.1111668854744883 -3.1595845267496716 6.5
      vertex -1.7913075999387909 -3.351300804523749 6.5
      vertex -1.7913075999387909 -3.351300804523749 8
    endloop
  endfacet
  facet normal -0.3368898533922191 -0.9415440651830211 -3.1931401347814452e-18
    outer loop
      vertex -1.4541970429873412 -3.5107422235428896 6.5
      vertex -1.103081773566957 -3.636373275782393 6.5
      vertex -1.103081773566957 -3.636373275782393 8
    endloop
  endfacet
  facet normal -0.3368898533922191 -0.9415440651830211 0
    outer loop
      vertex -1.4541970429873412 -3.5107422235428896 6.5
      vertex -1.103081773566957 -3.636373275782393 8
      vertex -1.4541970429873412 -3.5107422235428896 8
    endloop
  endfacet
  facet normal -0.24298017990326448 -0.970031253194544 0
    outer loop
      vertex -1.103081773566957 -3.636373275782393 6.5
      vertex -0.7413432236612874 -3.7269840655322755 8
      vertex -1.103081773566957 -3.636373275782393 8
    endloop
  endfacet
  facet normal 0 0 -1
    outer loop
      vertex -1.7913075999387909 -3.351300804523749 6.5
      vertex -1.546020906725474 -1.268786568327291 6.5
      vertex -1.4541970429873412 -3.5107422235428896 6.5
    endloop
  endfacet
  facet normal 0 0 -1
    outer loop
      vertex -1.7913075999387909 -3.351300804523749 6.5
      vertex -1.6629392246050905 -1.1111404660392044 6.5
      vertex -1.546020906725474 -1.268786568327291 6.5
    endloop
  endfacet
  facet normal 0 0 -1
    outer loop
      vertex -1.4541970429873412 -3.5107422235428896 6.5
      vertex -1.546020906725474 -1.268786568327291 6.5
      vertex -1.4142135623730951 -1.4142135623730951 6.5
    endloop
  endfacet
  facet normal 0 0 -1
    outer loop
      vertex -1.4541970429873412 -3.5107422235428896 6.5
      vertex -1.4142135623730951 -1.4142135623730951 6.5
      vertex -1.268786568327291 -1.546020906725474 6.5
    endloop
  endfacet
  facet normal 0 0 -1
    outer loop
      vertex -1.4541970429873412 -3.5107422235428896 6.5
      vertex -1.268786568327291 -1.546020906725474 6.5
      vertex -1.1111404660392044 -1.6629392246050905 6.5
    endloop
  endfacet
  facet normal 0 0 -1
    outer loop
      vertex -1.103081773566957 -3.636373275782393 6.5
      vertex -1.1111404660392044 -1.6629392246050905 6.5
      vertex -0.9427934736519953 -1.76384252869671 6.5
    endloop
  endfacet
  facet normal 0 0 -1
    outer loop
      vertex -1.103081773566957 -3.636373275782393 6.5
      vertex -0.7653668647301796 -1.8477590650225735 6.5
      vertex -0.7413432236612874 -3.7269840655322755 6.5
    endloop
  endfacet
  facet normal 0 0 -1
    outer loop
      vertex -0.7413432236612874 -3.7269840655322755 6.5
      vertex -0.3901806440322565 -1.9615705608064609 6.5
      vertex -0.37246513325233027 -3.781701961354348 6.5
    endloop
  endfacet
  facet normal 0 0 -1
    outer loop
      vertex -0.37246513325233027 -3.781701961354348 6.5
      vertex 0 -2 6.5
      vertex 0 -3.8 6.5
    endloop
  endfacet
  facet normal -0.24298017990326448 -0.970031253194544 3.130230066032061e-18
    outer loop
      vertex -1.103081773566957 -3.636373275782393 6.5
      vertex -0.7413432236612874 -3.7269840655322755 6.5
      vertex -0.7413432236612874 -3.7269840655322755 8
    endloop
  endfacet
  facet normal -0.14673047445536225 -0.9891765099647809 2.811847003604672e-18
    outer loop
      vertex -0.7413432236612874 -3.7269840655322755 6.5
      vertex -0.37246513325233027 -3.781701961354348 6.5
      vertex -0.37246513325233027 -3.781701961354348 8
    endloop
  endfacet
  facet normal -0.14673047445536225 -0.9891765099647809 0
    outer loop
      vertex -0.7413432236612874 -3.7269840655322755 6.5
      vertex -0.37246513325233027 -3.781701961354348 8
      vertex -0.7413432236612874 -3.7269840655322755 8
    endloop
  endfacet
  facet normal -0.04906767432741771 -0.9987954562051725 -4.155725933743325e-19
    outer loop
      vertex -0.37246513325233027 -3.781701961354348 6.5
      vertex 0 -3.8 6.5
      vertex 0 -3.8 8
    endloop
  endfacet
  facet normal -0.04906767432741771 -0.9987954562051725 0
    outer loop
      vertex -0.37246513325233027 -3.781701961354348 6.5
      vertex 0 -3.8 8
      vertex -0.37246513325233027 -3.781701961354348 8
    endloop
  endfacet
  facet normal 0 0 -1
    outer loop
      vertex -1.103081773566957 -3.636373275782393 6.5
      vertex -0.9427934736519953 -1.76384252869671 6.5
      vertex -0.7653668647301796 -1.8477590650225735 6.5
    endloop
  endfacet
  facet normal 0 0 -1
    outer loop
      vertex -0.7413432236612874 -3.7269840655322755 6.5
      vertex -0.7653668647301796 -1.8477590650225735 6.5
      vertex -0.5805693545089247 -1.9138806714644176 6.5
    endloop
  endfacet
  facet normal 0 0 -1
    outer loop
      vertex -0.7413432236612874 -3.7269840655322755 6.5
      vertex -0.5805693545089247 -1.9138806714644176 6.5
      vertex -0.3901806440322565 -1.9615705608064609 6.5
    endloop
  endfacet
  facet normal 0 0 -1
    outer loop
      vertex -0.37246513325233027 -3.781701961354348 6.5
      vertex -0.3901806440322565 -1.9615705608064609 6.5
      vertex -0.1960342806591212 -1.9903694533443939 6.5
    endloop
  endfacet
  facet normal 0 0 -1
    outer loop
      vertex -0.37246513325233027 -3.781701961354348 6.5
      vertex -0.1960342806591212 -1.9903694533443939 6.5
      vertex 0 -2 6.5
    endloop
  endfacet
  facet normal 0 0 1
    outer loop
      vertex -1.103081773566957 -3.636373275782393 8
      vertex -0.7413432236612874 -3.7269840655322755 8
      vertex -0.7778174593052024 -0.7778174593052024 8
    endloop
  endfacet
  facet normal 0 0 1
    outer loop
      vertex -0.7413432236612874 -3.7269840655322755 8
      vertex -0.37246513325233027 -3.781701961354348 8
      vertex -0.4209517756015988 -1.0162674857624154 8
    endloop
  endfacet
  facet normal 0 0 1
    outer loop
      vertex -0.7413432236612874 -3.7269840655322755 8
      vertex -0.4209517756015988 -1.0162674857624154 8
      vertex -0.5185364105085974 -0.9701133907831906 8
    endloop
  endfacet
  facet normal 0 0 1
    outer loop
      vertex -0.37246513325233027 -3.781701961354348 8
      vertex -0.3193131449799086 -1.0526343693054299 8
      vertex -0.4209517756015988 -1.0162674857624154 8
    endloop
  endfacet
  facet normal 0 0 1
    outer loop
      vertex -0.37246513325233027 -3.781701961354348 8
      vertex -0.2145993542177411 -1.0788638084435536 8
      vertex -0.3193131449799086 -1.0526343693054299 8
    endloop
  endfacet
  facet normal 0 0 1
    outer loop
      vertex -0.37246513325233027 -3.781701961354348 8
      vertex 0.2838228702308825 -1.977347246215668 8
      vertex 0 -1.1 8
    endloop
  endfacet
  facet normal 0 0 1
    outer loop
      vertex -0.37246513325233027 -3.781701961354348 8
      vertex -0.10781885436251668 -1.0947031993394167 8
      vertex -0.2145993542177411 -1.0788638084435536 8
    endloop
  endfacet
  facet normal 0 0 1
    outer loop
      vertex -0.37246513325233027 -3.781701961354348 8
      vertex 0 -1.1 8
      vertex -0.10781885436251668 -1.0947031993394167 8
    endloop
  endfacet
  facet normal 0 0 -1
    outer loop
      vertex -1.7913075999387909 -3.351300804523749 6.5
      vertex -1.8477590650225735 -0.7653668647301796 6.5
      vertex -1.76384252869671 -0.9427934736519953 6.5
    endloop
  endfacet
  facet normal 0 0 -1
    outer loop
      vertex -1.7913075999387909 -3.351300804523749 6.5
      vertex -1.76384252869671 -0.9427934736519953 6.5
      vertex -1.6629392246050905 -1.1111404660392044 6.5
    endloop
  endfacet
  facet normal 0 0 1
    outer loop
      vertex -1.7913075999387909 -3.351300804523749 8
      vertex -1.4541970429873412 -3.5107422235428896 8
      vertex -1.7913075999387909 3.351300804523749 8
    endloop
  endfacet
  facet normal 0 0 1
    outer loop
      vertex -1.4541970429873412 -3.5107422235428896 8
      vertex -1.103081773566957 -3.636373275782393 8
      vertex -1.103081773566957 1.4989007708865296 8
    endloop
  endfacet
  facet normal 0 0 1
    outer loop
      vertex -1.103081773566957 -3.636373275782393 8
      vertex -0.8503114986990108 -0.6978326125800101 8
      vertex -0.9146165735327998 -0.6111272563215624 8
    endloop
  endfacet
  facet normal 0 0 1
    outer loop
      vertex -1.103081773566957 -3.636373275782393 8
      vertex -0.9146165735327998 -0.6111272563215624 8
      vertex -0.9701133907831906 -0.5185364105085974 8
    endloop
  endfacet
  facet normal 0 0 1
    outer loop
      vertex -1.103081773566957 -3.636373275782393 8
      vertex -0.9701133907831906 -0.5185364105085974 8
      vertex -1.0162674857624154 -0.4209517756015988 8
    endloop
  endfacet
  facet normal 0 0 1
    outer loop
      vertex -1.103081773566957 -3.636373275782393 8
      vertex -1.0162674857624154 -0.4209517756015988 8
      vertex -1.0526343693054299 -0.3193131449799086 8
    endloop
  endfacet
  facet normal 0 0 1
    outer loop
      vertex -1.103081773566957 -3.636373275782393 8
      vertex -1.0526343693054299 -0.3193131449799086 8
      vertex -1.0788638084435536 -0.2145993542177411 8
    endloop
  endfacet
  facet normal 0 0 1
    outer loop
      vertex -1.103081773566957 -3.636373275782393 8
      vertex -1.0788638084435536 -0.2145993542177411 8
      vertex -1.0947031993394167 -0.10781885436251668 8
    endloop
  endfacet
  facet normal 0 0 1
    outer loop
      vertex -1.103081773566957 -3.636373275782393 8
      vertex -1.0947031993394167 -0.10781885436251668 8
      vertex -1.1 0 8
    endloop
  endfacet
  facet normal 0 0 1
    outer loop
      vertex -1.103081773566957 -3.636373275782393 8
      vertex -1.1 0 8
      vertex -1.103081773566957 1.4989007708865296 8
    endloop
  endfacet
  facet normal 0 0 1
    outer loop
      vertex -1.4541970429873412 -3.5107422235428896 8
      vertex -1.103081773566957 1.4989007708865296 8
      vertex -1.103081773566957 1.6677694189885917 8
    endloop
  endfacet
  facet normal 0 0 1
    outer loop
      vertex -1.103081773566957 -3.636373275782393 8
      vertex -0.7778174593052024 -0.7778174593052024 8
      vertex -0.8503114986990108 -0.6978326125800101 8
    endloop
  endfacet
  facet normal 0 0 1
    outer loop
      vertex -0.7413432236612874 -3.7269840655322755 8
      vertex -0.6978326125800101 -0.8503114986990108 8
      vertex -0.7778174593052024 -0.7778174593052024 8
    endloop
  endfacet
  facet normal 0 0 1
    outer loop
      vertex -0.7413432236612874 -3.7269840655322755 8
      vertex -0.6111272563215624 -0.9146165735327998 8
      vertex -0.6978326125800101 -0.8503114986990108 8
    endloop
  endfacet
  facet normal 0 0 1
    outer loop
      vertex -0.7413432236612874 -3.7269840655322755 8
      vertex -0.5185364105085974 -0.9701133907831906 8
      vertex -0.6111272563215624 -0.9146165735327998 8
    endloop
  endfacet
  facet normal 0 0 -1
    outer loop
      vertex -3.781701961354348 -0.37246513325233027 6.5
      vertex -3.8 0 6.5
      vertex -3.781701961354348 0.37246513325233027 6.5
    endloop
  endfacet
  facet normal 0 0 -1
    outer loop
      vertex -3.781701961354348 -0.37246513325233027 6.5
      vertex -3.781701961354348 0.37246513325233027 6.5
      vertex -3.7269840655322755 0.7413432236612874 6.5
    endloop
  endfacet
  facet normal 0 0 -1
    outer loop
      vertex -3.7269840655322755 -0.7413432236612874 6.5
      vertex -3.7269840655322755 0.7413432236612874 6.5
      vertex -3.636373275782393 1.103081773566957 6.5
    endloop
  endfacet
  facet normal 0 0 -1
    outer loop
      vertex -3.636373275782393 -1.103081773566957 6.5
      vertex -3.636373275782393 1.103081773566957 6.5
      vertex -3.5107422235428896 1.4541970429873412 6.5
    endloop
  endfacet
  facet normal 0 0 -1
    outer loop
      vertex -3.5107422235428896 -1.4541970429873412 6.5
      vertex -3.5107422235428896 1.4541970429873412 6.5
      vertex -3.351300804523749 1.7913075999387909 6.5
    endloop
  endfacet
  facet normal 0 0 -1
    outer loop
      vertex -3.351300804523749 -1.7913075999387909 6.5
      vertex -3.351300804523749 1.7913075999387909 6.5
      vertex -3.1595845267496716 2.1111668854744883 6.5
    endloop
  endfacet
  facet normal 0 0 -1
    outer loop
      vertex -3.1595845267496716 -2.1111668854744883 6.5
      vertex -3.1595845267496716 2.1111668854744883 6.5
      vertex -2.9374397227784006 2.410694479821853 6.5
    endloop
  endfacet
  facet normal 0 0 -1
    outer loop
      vertex -2.9374397227784006 -2.410694479821853 6.5
      vertex -2.9374397227784006 2.410694479821853 6.5
      vertex -2.6870057685088806 2.6870057685088806 6.5
    endloop
  endfacet
  facet normal -0.9987954562051725 0.04906767432741771 4.155725933743325e-19
    outer loop
      vertex -3.8 0 6.5
      vertex -3.781701961354348 0.37246513325233027 8
      vertex -3.781701961354348 0.37246513325233027 6.5
    endloop
  endfacet
  facet normal -0.9987954562051725 0.04906767432741771 0
    outer loop
      vertex -3.8 0 6.5
      vertex -3.8 0 8
      vertex -3.781701961354348 0.37246513325233027 8
    endloop
  endfacet
  facet normal 0 0 1
    outer loop
      vertex -3.781701961354348 -0.37246513325233027 8
      vertex -3.781701961354348 0.37246513325233027 8
      vertex -3.8 0 8
    endloop
  endfacet
  facet normal 0 0 1
    outer loop
      vertex -3.7269840655322755 -0.7413432236612874 8
      vertex -3.7269840655322755 0.7413432236612874 8
      vertex -3.781701961354348 0.37246513325233027 8
    endloop
  endfacet
  facet normal 0 0 1
    outer loop
      vertex -3.636373275782393 -1.103081773566957 8
      vertex -3.636373275782393 1.103081773566957 8
      vertex -3.7269840655322755 0.7413432236612874 8
    endloop
  endfacet
  facet normal 0 0 1
    outer loop
      vertex -3.5107422235428896 -1.4541970429873412 8
      vertex -3.5107422235428896 1.4541970429873412 8
      vertex -3.636373275782393 1.103081773566957 8
    endloop
  endfacet
  facet normal -0.9891765099647809 0.14673047445536225 -2.811847003604672e-18
    outer loop
      vertex -3.781701961354348 0.37246513325233027 6.5
      vertex -3.7269840655322755 0.7413432236612874 8
      vertex -3.7269840655322755 0.7413432236612874 6.5
    endloop
  endfacet
  facet normal -0.9891765099647809 0.14673047445536225 0
    outer loop
      vertex -3.781701961354348 0.37246513325233027 6.5
      vertex -3.781701961354348 0.37246513325233027 8
      vertex -3.7269840655322755 0.7413432236612874 8
    endloop
  endfacet
  facet normal -0.970031253194544 0.24298017990326448 0
    outer loop
      vertex -3.7269840655322755 0.7413432236612874 6.5
      vertex -3.7269840655322755 0.7413432236612874 8
      vertex -3.636373275782393 1.103081773566957 8
    endloop
  endfacet
  facet normal 0 0 1
    outer loop
      vertex -3.351300804523749 -1.7913075999387909 8
      vertex -3.351300804523749 1.7913075999387909 8
      vertex -3.5107422235428896 1.4541970429873412 8
    endloop
  endfacet
  facet normal 0 0 1
    outer loop
      vertex -3.1595845267496716 -2.1111668854744883 8
      vertex -3.1595845267496716 2.1111668854744883 8
      vertex -3.351300804523749 1.7913075999387909 8
    endloop
  endfacet
  facet normal 0 0 1
    outer loop
      vertex -2.9374397227784006 -2.410694479821853 8
      vertex -2.9374397227784006 2.410694479821853 8
      vertex -3.1595845267496716 2.1111668854744883 8
    endloop
  endfacet
  facet normal -0.970031253194544 0.24298017990326448 -3.130230066032061e-18
    outer loop
      vertex -3.7269840655322755 0.7413432236612874 6.5
      vertex -3.636373275782393 1.103081773566957 8
      vertex -3.636373275782393 1.103081773566957 6.5
    endloop
  endfacet
  facet normal -0.9415440651830211 0.3368898533922191 3.1931401347814452e-18
    outer loop
      vertex -3.636373275782393 1.103081773566957 6.5
      vertex -3.5107422235428896 1.4541970429873412 8
      vertex -3.5107422235428896 1.4541970429873412 6.5
    endloop
  endfacet
  facet normal -0.9415440651830211 0.3368898533922191 0
    outer loop
      vertex -3.636373275782393 1.103081773566957 6.5
      vertex -3.636373275782393 1.103081773566957 8
      vertex -3.5107422235428896 1.4541970429873412 8
    endloop
  endfacet
  facet normal -0.9039892931234432 0.4275550934302821 -6.090941682533636e-18
    outer loop
      vertex -3.5107422235428896 1.4541970429873412 6.5
      vertex -3.351300804523749 1.7913075999387909 8
      vertex -3.351300804523749 1.7913075999387909 6.5
    endloop
  endfacet
  facet normal -0.9039892931234432 0.4275550934302821 0
    outer loop
      vertex -3.5107422235428896 1.4541970429873412 6.5
      vertex -3.5107422235428896 1.4541970429873412 8
      vertex -3.351300804523749 1.7913075999387909 8
    endloop
  endfacet
  facet normal -0.8577286100002717 0.5141027441932222 0
    outer loop
      vertex -3.351300804523749 1.7913075999387909 6.5
      vertex -3.351300804523749 1.7913075999387909 8
      vertex -3.1595845267496716 2.1111668854744883 8
    endloop
  endfacet
  facet normal 0 0 -1
    outer loop
      vertex -2.1111668854744883 -3.1595845267496716 6.5
      vertex -2.1111668854744883 3.1595845267496716 6.5
      vertex -2 0 6.5
    endloop
  endfacet
  facet normal 0 0 1
    outer loop
      vertex -2.6870057685088806 -2.6870057685088806 8
      vertex -2.6870057685088806 2.6870057685088806 8
      vertex -2.9374397227784006 2.410694479821853 8
    endloop
  endfacet
  facet normal 0 0 1
    outer loop
      vertex -2.410694479821853 -2.9374397227784006 8
      vertex -2.410694479821853 2.9374397227784006 8
      vertex -2.6870057685088806 2.6870057685088806 8
    endloop
  endfacet
  facet normal 0 0 -1
    outer loop
      vertex -2.6870057685088806 -2.6870057685088806 6.5
      vertex -2.6870057685088806 2.6870057685088806 6.5
      vertex -2.410694479821853 2.9374397227784006 6.5
    endloop
  endfacet
  facet normal 0 0 -1
    outer loop
      vertex -2.410694479821853 -2.9374397227784006 6.5
      vertex -2.410694479821853 2.9374397227784006 6.5
      vertex -2.1111668854744883 3.1595845267496716 6.5
    endloop
  endfacet
  facet normal 0 0 -1
    outer loop
      vertex -2 0 6.5
      vertex -2.1111668854744883 3.1595845267496716 6.5
      vertex -1.9903694533443939 0.1960342806591212 6.5
    endloop
  endfacet
  facet normal 0 0 -1
    outer loop
      vertex -1.9903694533443939 0.1960342806591212 6.5
      vertex -2.1111668854744883 3.1595845267496716 6.5
      vertex -1.9615705608064609 0.3901806440322565 6.5
    endloop
  endfacet
  facet normal 0 0 -1
    outer loop
      vertex -1.9615705608064609 0.3901806440322565 6.5
      vertex -2.1111668854744883 3.1595845267496716 6.5
      vertex -1.9138806714644176 0.5805693545089247 6.5
    endloop
  endfacet
  facet normal 0 0 1
    outer loop
      vertex -2.1111668854744883 -3.1595845267496716 8
      vertex -2.1111668854744883 3.1595845267496716 8
      vertex -2.410694479821853 2.9374397227784006 8
    endloop
  endfacet
  facet normal -0.8577286100002717 0.5141027441932222 9.152411228297698e-19
    outer loop
      vertex -3.351300804523749 1.7913075999387909 6.5
      vertex -3.1595845267496716 2.1111668854744883 8
      vertex -3.1595845267496716 2.1111668854744883 6.5
    endloop
  endfacet
  facet normal -0.8032075314806455 0.5956993044924324 -1.2112697570264735e-17
    outer loop
      vertex -3.1595845267496716 2.1111668854744883 6.5
      vertex -2.9374397227784006 2.410694479821853 8
      vertex -2.9374397227784006 2.410694479821853 6.5
    endloop
  endfacet
  facet normal -0.8032075314806455 0.5956993044924324 0
    outer loop
      vertex -3.1595845267496716 2.1111668854744883 6.5
      vertex -3.1595845267496716 2.1111668854744883 8
      vertex -2.9374397227784006 2.410694479821853 8
    endloop
  endfacet
  facet normal -0.7409511253549591 0.6715589548470184 0
    outer loop
      vertex -2.9374397227784006 2.410694479821853 6.5
      vertex -2.9374397227784006 2.410694479821853 8
      vertex -2.6870057685088806 2.6870057685088806 8
    endloop
  endfacet
  facet normal 0 0 -1
    outer loop
      vertex -1.9138806714644176 0.5805693545089247 6.5
      vertex -2.1111668854744883 3.1595845267496716 6.5
      vertex -1.7913075999387909 3.351300804523749 6.5
    endloop
  endfacet
  facet normal -0.7409511253549591 0.6715589548470184 1.7873429984113053e-18
    outer loop
      vertex -2.9374397227784006 2.410694479821853 6.5
      vertex -2.6870057685088806 2.6870057685088806 8
      vertex -2.6870057685088806 2.6870057685088806 6.5
    endloop
  endfacet
  facet normal -0.6715589548470184 0.7409511253549591 0
    outer loop
      vertex -2.6870057685088806 2.6870057685088806 6.5
      vertex -2.6870057685088806 2.6870057685088806 8
      vertex -2.410694479821853 2.9374397227784006 6.5
    endloop
  endfacet
  facet normal -0.6715589548470184 0.7409511253549591 1.7873429984113053e-18
    outer loop
      vertex -2.6870057685088806 2.6870057685088806 8
      vertex -2.410694479821853 2.9374397227784006 8
      vertex -2.410694479821853 2.9374397227784006 6.5
    endloop
  endfacet
  facet normal -0.5956993044924324 0.8032075314806455 0
    outer loop
      vertex -2.410694479821853 2.9374397227784006 6.5
      vertex -2.410694479821853 2.9374397227784006 8
      vertex -2.1111668854744883 3.1595845267496716 6.5
    endloop
  endfacet
  facet normal -0.5141027441932222 0.8577286100002717 0
    outer loop
      vertex -2.1111668854744883 3.1595845267496716 6.5
      vertex -2.1111668854744883 3.1595845267496716 8
      vertex -1.7913075999387909 3.351300804523749 6.5
    endloop
  endfacet
  facet normal -0.5956993044924324 0.8032075314806455 0
    outer loop
      vertex -2.1111668854744883 3.1595845267496716 6.5
      vertex -2.410694479821853 2.9374397227784006 8
      vertex -2.1111668854744883 3.1595845267496716 8
    endloop
  endfacet
  facet normal 0 0 1
    outer loop
      vertex -1.4541970429873412 -3.5107422235428896 8
      vertex -1.103081773566957 1.6677694189885917 8
      vertex -1.4541970429873412 3.5107422235428896 8
    endloop
  endfacet
  facet normal 0 0 1
    outer loop
      vertex -1.103081773566957 1.4989007708865296 8
      vertex -1.1 0 8
      vertex -1.0947031993394167 0.10781885436251668 8
    endloop
  endfacet
  facet normal 0 0 1
    outer loop
      vertex -1.103081773566957 1.4989007708865296 8
      vertex -1.0947031993394167 0.10781885436251668 8
      vertex -1.0788638084435536 0.2145993542177411 8
    endloop
  endfacet
  facet normal 0 0 1
    outer loop
      vertex -1.103081773566957 1.4989007708865296 8
      vertex -1.0788638084435536 0.2145993542177411 8
      vertex -1.0526343693054299 0.3193131449799086 8
    endloop
  endfacet
  facet normal 0 0 1
    outer loop
      vertex -1.103081773566957 1.4989007708865296 8
      vertex -1.0526343693054299 0.3193131449799086 8
      vertex -1.0162674857624154 0.4209517756015988 8
    endloop
  endfacet
  facet normal 0 0 1
    outer loop
      vertex -1.103081773566957 1.4989007708865296 8
      vertex -1.0162674857624154 0.4209517756015988 8
      vertex -0.9701133907831906 0.5185364105085974 8
    endloop
  endfacet
  facet normal 0 0 1
    outer loop
      vertex -1.103081773566957 1.4989007708865296 8
      vertex -0.9701133907831906 0.5185364105085974 8
      vertex -0.9647170224040302 0.5275397072254245 8
    endloop
  endfacet
  facet normal 0 0 -1
    outer loop
      vertex -1.9138806714644176 0.5805693545089247 6.5
      vertex -1.7913075999387909 3.351300804523749 6.5
      vertex -1.8477590650225735 0.7653668647301796 6.5
    endloop
  endfacet
  facet normal 0 0 -1
    outer loop
      vertex -1.8477590650225735 0.7653668647301796 6.5
      vertex -1.7913075999387909 3.351300804523749 6.5
      vertex -1.76384252869671 0.9427934736519953 6.5
    endloop
  endfacet
  facet normal 0 0 -1
    outer loop
      vertex -1.76384252869671 0.9427934736519953 6.5
      vertex -1.7913075999387909 3.351300804523749 6.5
      vertex -1.6629392246050905 1.1111404660392044 6.5
    endloop
  endfacet
  facet normal 0 0 1
    outer loop
      vertex -1.7913075999387909 -3.351300804523749 8
      vertex -1.7913075999387909 3.351300804523749 8
      vertex -2.1111668854744883 3.1595845267496716 8
    endloop
  endfacet
  facet normal 0 0 1
    outer loop
      vertex -1.4541970429873412 -3.5107422235428896 8
      vertex -1.4541970429873412 3.5107422235428896 8
      vertex -1.7913075999387909 3.351300804523749 8
    endloop
  endfacet
  facet normal 0 0 1
    outer loop
      vertex -0.7413432236612874 1.3587466170104259 8
      vertex -0.9514425888965229 0.5496867615439208 8
      vertex -0.9146165735327998 0.6111272563215624 8
    endloop
  endfacet
  facet normal 0 0 1
    outer loop
      vertex -0.7413432236612874 1.3587466170104259 8
      vertex -0.9146165735327998 0.6111272563215624 8
      vertex -0.8503114986990108 0.6978326125800101 8
    endloop
  endfacet
  facet normal 0 0 1
    outer loop
      vertex -0.7413432236612874 1.3587466170104259 8
      vertex -0.8503114986990108 0.6978326125800101 8
      vertex -0.7778174593052024 0.7778174593052024 8
    endloop
  endfacet
  facet normal 0 0 1
    outer loop
      vertex -0.7413432236612874 1.3587466170104259 8
      vertex -0.7778174593052024 0.7778174593052024 8
      vertex -0.6978326125800101 0.8503114986990108 8
    endloop
  endfacet
  facet normal 0 0 1
    outer loop
      vertex -1.0091367265740228 1.724077913189821 8
      vertex -0.9514425888965229 0.5496867615439208 8
      vertex -0.7413432236612874 1.3587466170104259 8
    endloop
  endfacet
  facet normal 0 0 1
    outer loop
      vertex -0.7413432236612874 1.3587466170104259 8
      vertex -0.6978326125800101 0.8503114986990108 8
      vertex -0.6564186105546185 0.8810262159244535 8
    endloop
  endfacet
  facet normal 0 0 1
    outer loop
      vertex -0.37246513325233027 1.6009630546655609 8
      vertex -0.6034077724520247 0.9192434541041303 8
      vertex -0.5185364105085974 0.9701133907831906 8
    endloop
  endfacet
  facet normal 0 0 1
    outer loop
      vertex -1.0091367265740228 1.724077913189821 8
      vertex -0.7413432236612874 1.3587466170104259 8
      vertex -0.7413432236612874 1.8563548612438296 8
    endloop
  endfacet
  facet normal 0 0 1
    outer loop
      vertex -0.651032572466099 1.8886685289371083 8
      vertex -0.6034077724520247 0.9192434541041303 8
      vertex -0.37246513325233027 1.6009630546655609 8
    endloop
  endfacet
  facet normal 0 0 1
    outer loop
      vertex -0.37246513325233027 1.6009630546655609 8
      vertex -0.5185364105085974 0.9701133907831906 8
      vertex -0.4209517756015988 1.0162674857624154 8
    endloop
  endfacet
  facet normal 0 0 1
    outer loop
      vertex -0.37246513325233027 1.6009630546655609 8
      vertex -0.4209517756015988 1.0162674857624154 8
      vertex -0.3193131449799086 1.0526343693054299 8
    endloop
  endfacet
  facet normal 0 0 1
    outer loop
      vertex -0.37246513325233027 1.6009630546655609 8
      vertex -0.3193131449799086 1.0526343693054299 8
      vertex -0.3043513399359299 1.056382106369871 8
    endloop
  endfacet
  facet normal 0 0 1
    outer loop
      vertex -0.2838228702308825 1.977347246215668 8
      vertex -0.2393782888315458 1.0726570084353626 8
      vertex -0.2145993542177411 1.0788638084435536 8
    endloop
  endfacet
  facet normal 0 0 1
    outer loop
      vertex -0.2838228702308825 1.977347246215668 8
      vertex -0.2145993542177411 1.0788638084435536 8
      vertex -0.10781885436251668 1.0947031993394167 8
    endloop
  endfacet
  facet normal 0 0 1
    outer loop
      vertex -0.651032572466099 1.8886685289371083 8
      vertex -0.37246513325233027 1.6009630546655609 8
      vertex -0.37246513325233027 1.9641984085927475 8
    endloop
  endfacet
  facet normal 0 0 -1
    outer loop
      vertex -1.6629392246050905 1.1111404660392044 6.5
      vertex -1.7913075999387909 3.351300804523749 6.5
      vertex -1.546020906725474 1.268786568327291 6.5
    endloop
  endfacet
  facet normal 0 0 -1
    outer loop
      vertex -1.546020906725474 1.268786568327291 6.5
      vertex -1.4541970429873412 3.5107422235428896 6.5
      vertex -1.4142135623730951 1.4142135623730951 6.5
    endloop
  endfacet
  facet normal 0 0 -1
    outer loop
      vertex -1.546020906725474 1.268786568327291 6.5
      vertex -1.7913075999387909 3.351300804523749 6.5
      vertex -1.4541970429873412 3.5107422235428896 6.5
    endloop
  endfacet
  facet normal 0 0 -1
    outer loop
      vertex -1.4142135623730951 1.4142135623730951 6.5
      vertex -1.4541970429873412 3.5107422235428896 6.5
      vertex -1.268786568327291 1.546020906725474 6.5
    endloop
  endfacet
  facet normal 0 0 -1
    outer loop
      vertex -1.268786568327291 1.546020906725474 6.5
      vertex -1.4541970429873412 3.5107422235428896 6.5
      vertex -1.1111404660392044 1.6629392246050905 6.5
    endloop
  endfacet
  facet normal 0 0 -1
    outer loop
      vertex -1.1111404660392044 1.6629392246050905 6.5
      vertex -1.103081773566957 3.636373275782393 6.5
      vertex -0.9427934736519953 1.76384252869671 6.5
    endloop
  endfacet
  facet normal 0 0 1
    outer loop
      vertex -1.103081773566957 1.6677694189885917 8
      vertex -1.0091367265740228 1.724077913189821 8
      vertex -1.103081773566957 3.636373275782393 8
    endloop
  endfacet
  facet normal 0 0 1
    outer loop
      vertex -1.0091367265740228 1.724077913189821 8
      vertex -0.7413432236612874 1.8563548612438296 8
      vertex -1.103081773566957 3.636373275782393 8
    endloop
  endfacet
  facet normal 0 0 -1
    outer loop
      vertex -1.1111404660392044 1.6629392246050905 6.5
      vertex -1.4541970429873412 3.5107422235428896 6.5
      vertex -1.103081773566957 3.636373275782393 6.5
    endloop
  endfacet
  facet normal -0.5141027441932222 0.8577286100002717 9.152411228297698e-19
    outer loop
      vertex -2.1111668854744883 3.1595845267496716 8
      vertex -1.7913075999387909 3.351300804523749 8
      vertex -1.7913075999387909 3.351300804523749 6.5
    endloop
  endfacet
  facet normal -0.4275550934302821 0.9039892931234432 0
    outer loop
      vertex -1.7913075999387909 3.351300804523749 6.5
      vertex -1.7913075999387909 3.351300804523749 8
      vertex -1.4541970429873412 3.5107422235428896 6.5
    endloop
  endfacet
  facet normal -0.4275550934302821 0.9039892931234432 0
    outer loop
      vertex -1.4541970429873412 3.5107422235428896 6.5
      vertex -1.7913075999387909 3.351300804523749 8
      vertex -1.4541970429873412 3.5107422235428896 8
    endloop
  endfacet
  facet normal 0 0 1
    outer loop
      vertex -1.103081773566957 1.6677694189885917 8
      vertex -1.103081773566957 3.636373275782393 8
      vertex -1.4541970429873412 3.5107422235428896 8
    endloop
  endfacet
  facet normal -0.3368898533922191 0.9415440651830211 0
    outer loop
      vertex -1.4541970429873412 3.5107422235428896 6.5
      vertex -1.4541970429873412 3.5107422235428896 8
      vertex -1.103081773566957 3.636373275782393 6.5
    endloop
  endfacet
  facet normal -0.24298017990326448 0.970031253194544 0
    outer loop
      vertex -1.103081773566957 3.636373275782393 6.5
      vertex -1.103081773566957 3.636373275782393 8
      vertex -0.7413432236612874 3.7269840655322755 6.5
    endloop
  endfacet
  facet normal -0.3368898533922191 0.9415440651830211 0
    outer loop
      vertex -1.103081773566957 3.636373275782393 6.5
      vertex -1.4541970429873412 3.5107422235428896 8
      vertex -1.103081773566957 3.636373275782393 8
    endloop
  endfacet
  facet normal 0 0 -1
    outer loop
      vertex -0.9427934736519953 1.76384252869671 6.5
      vertex -1.103081773566957 3.636373275782393 6.5
      vertex -0.7653668647301796 1.8477590650225735 6.5
    endloop
  endfacet
  facet normal 0 0 -1
    outer loop
      vertex -0.7653668647301796 1.8477590650225735 6.5
      vertex -0.7413432236612874 3.7269840655322755 6.5
      vertex -0.5805693545089247 1.9138806714644176 6.5
    endloop
  endfacet
  facet normal 0 0 -1
    outer loop
      vertex -0.5805693545089247 1.9138806714644176 6.5
      vertex -0.7413432236612874 3.7269840655322755 6.5
      vertex -0.3901806440322565 1.9615705608064609 6.5
    endloop
  endfacet
  facet normal 0 0 -1
    outer loop
      vertex -0.3901806440322565 1.9615705608064609 6.5
      vertex -0.37246513325233027 3.781701961354348 6.5
      vertex -0.1960342806591212 1.9903694533443939 6.5
    endloop
  endfacet
  facet normal 0 0 -1
    outer loop
      vertex -0.1960342806591212 1.9903694533443939 6.5
      vertex -0.37246513325233027 3.781701961354348 6.5
      vertex 0 2 6.5
    endloop
  endfacet
  facet normal 0 0 1
    outer loop
      vertex -0.7413432236612874 1.8563548612438296 8
      vertex -0.651032572466099 1.8886685289371083 8
      vertex -0.7413432236612874 3.7269840655322755 8
    endloop
  endfacet
  facet normal 0 0 1
    outer loop
      vertex -0.651032572466099 1.8886685289371083 8
      vertex -0.37246513325233027 1.9641984085927475 8
      vertex -0.7413432236612874 3.7269840655322755 8
    endloop
  endfacet
  facet normal 0 0 1
    outer loop
      vertex 0 3.8 8
      vertex -0.10781885436251668 1.0947031993394167 8
      vertex 0 1.1 8
    endloop
  endfacet
  facet normal 0 0 1
    outer loop
      vertex -0.2838228702308825 1.977347246215668 8
      vertex -0.10781885436251668 1.0947031993394167 8
      vertex 0 3.8 8
    endloop
  endfacet
  facet normal 0 0 1
    outer loop
      vertex -0.37246513325233027 1.9641984085927475 8
      vertex -0.2838228702308825 1.977347246215668 8
      vertex -0.37246513325233027 3.781701961354348 8
    endloop
  endfacet
  facet normal 0 0 -1
    outer loop
      vertex -0.7653668647301796 1.8477590650225735 6.5
      vertex -1.103081773566957 3.636373275782393 6.5
      vertex -0.7413432236612874 3.7269840655322755 6.5
    endloop
  endfacet
  facet normal 0 0 -1
    outer loop
      vertex -0.3901806440322565 1.9615705608064609 6.5
      vertex -0.7413432236612874 3.7269840655322755 6.5
      vertex -0.37246513325233027 3.781701961354348 6.5
    endloop
  endfacet
  facet normal 0 0 -1
    outer loop
      vertex -0.37246513325233027 3.781701961354348 6.5
      vertex 0 3.8 6.5
      vertex 0 2 6.5
    endloop
  endfacet
  facet normal 0 0 1
    outer loop
      vertex -0.7413432236612874 1.8563548612438296 8
      vertex -0.7413432236612874 3.7269840655322755 8
      vertex -1.103081773566957 3.636373275782393 8
    endloop
  endfacet
  facet normal 0 0 1
    outer loop
      vertex -0.37246513325233027 1.9641984085927475 8
      vertex -0.37246513325233027 3.781701961354348 8
      vertex -0.7413432236612874 3.7269840655322755 8
    endloop
  endfacet
  facet normal -0.14673047445536225 0.9891765099647809 0
    outer loop
      vertex -0.7413432236612874 3.7269840655322755 6.5
      vertex -0.7413432236612874 3.7269840655322755 8
      vertex -0.37246513325233027 3.781701961354348 6.5
    endloop
  endfacet
  facet normal -0.24298017990326448 0.970031253194544 -3.130230066032061e-18
    outer loop
      vertex -1.103081773566957 3.636373275782393 8
      vertex -0.7413432236612874 3.7269840655322755 8
      vertex -0.7413432236612874 3.7269840655322755 6.5
    endloop
  endfacet
  facet normal -0.14673047445536225 0.9891765099647809 0
    outer loop
      vertex -0.37246513325233027 3.781701961354348 6.5
      vertex -0.7413432236612874 3.7269840655322755 8
      vertex -0.37246513325233027 3.781701961354348 8
    endloop
  endfacet
  facet normal 0 0 1
    outer loop
      vertex -0.2838228702308825 1.977347246215668 8
      vertex 0 3.8 8
      vertex -0.37246513325233027 3.781701961354348 8
    endloop
  endfacet
  facet normal -0.04906767432741771 0.9987954562051725 0
    outer loop
      vertex -0.37246513325233027 3.781701961354348 6.5
      vertex -0.37246513325233027 3.781701961354348 8
      vertex 0 3.8 6.5
    endloop
  endfacet
  facet normal -0.04906767432741771 0.9987954562051725 4.155725933743325e-19
    outer loop
      vertex -0.37246513325233027 3.781701961354348 8
      vertex 0 3.8 8
      vertex 0 3.8 6.5
    endloop
  endfacet
  facet normal 0 0 -1
    outer loop
      vertex 0 -3.8 6.5
      vertex 0 -2 6.5
      vertex 0.37246513325233027 -3.781701961354348 6.5
    endloop
  endfacet
  facet normal 0 0 -1
    outer loop
      vertex 0.37246513325233027 -3.781701961354348 6.5
      vertex 0.3901806440322565 -1.9615705608064609 6.5
      vertex 0.7413432236612874 -3.7269840655322755 6.5
    endloop
  endfacet
  facet normal 0 0 -1
    outer loop
      vertex 0.7413432236612874 -3.7269840655322755 6.5
      vertex 0.7653668647301796 -1.8477590650225735 6.5
      vertex 1.103081773566957 -3.636373275782393 6.5
    endloop
  endfacet
  facet normal 0.04906767432741771 -0.9987954562051725 4.155725933743325e-19
    outer loop
      vertex 0 -3.8 6.5
      vertex 0.37246513325233027 -3.781701961354348 6.5
      vertex 0.37246513325233027 -3.781701961354348 8
    endloop
  endfacet
  facet normal 0.04906767432741771 -0.9987954562051725 0
    outer loop
      vertex 0 -3.8 6.5
      vertex 0.37246513325233027 -3.781701961354348 8
      vertex 0 -3.8 8
    endloop
  endfacet
  facet normal 0 0 1
    outer loop
      vertex -0.37246513325233027 -3.781701961354348 8
      vertex 0 -3.8 8
      vertex 0.37246513325233027 -3.781701961354348 8
    endloop
  endfacet
  facet normal 0 0 1
    outer loop
      vertex -0.37246513325233027 -3.781701961354348 8
      vertex 0.37246513325233027 -3.781701961354348 8
      vertex 0.2838228702308825 -1.977347246215668 8
    endloop
  endfacet
  facet normal 0.14673047445536225 -0.9891765099647809 -2.811847003604672e-18
    outer loop
      vertex 0.37246513325233027 -3.781701961354348 6.5
      vertex 0.7413432236612874 -3.7269840655322755 6.5
      vertex 0.7413432236612874 -3.7269840655322755 8
    endloop
  endfacet
  facet normal 0.14673047445536225 -0.9891765099647809 0
    outer loop
      vertex 0.37246513325233027 -3.781701961354348 6.5
      vertex 0.7413432236612874 -3.7269840655322755 8
      vertex 0.37246513325233027 -3.781701961354348 8
    endloop
  endfacet
  facet normal 0.24298017990326448 -0.970031253194544 0
    outer loop
      vertex 0.7413432236612874 -3.7269840655322755 6.5
      vertex 1.103081773566957 -3.636373275782393 8
      vertex 0.7413432236612874 -3.7269840655322755 8
    endloop
  endfacet
  facet normal 0 0 1
    outer loop
      vertex 0.37246513325233027 -3.781701961354348 8
      vertex 0.7413432236612874 -3.7269840655322755 8
      vertex 0.651032572466099 -1.8886685289371083 8
    endloop
  endfacet
  facet normal 0 0 -1
    outer loop
      vertex 0.37246513325233027 -3.781701961354348 6.5
      vertex 0 -2 6.5
      vertex 0.1960342806591212 -1.9903694533443939 6.5
    endloop
  endfacet
  facet normal 0 0 -1
    outer loop
      vertex 0.37246513325233027 -3.781701961354348 6.5
      vertex 0.1960342806591212 -1.9903694533443939 6.5
      vertex 0.3901806440322565 -1.9615705608064609 6.5
    endloop
  endfacet
  facet normal 0 0 -1
    outer loop
      vertex 0.7413432236612874 -3.7269840655322755 6.5
      vertex 0.3901806440322565 -1.9615705608064609 6.5
      vertex 0.5805693545089247 -1.9138806714644176 6.5
    endloop
  endfacet
  facet normal 0 0 -1
    outer loop
      vertex 0.7413432236612874 -3.7269840655322755 6.5
      vertex 0.5805693545089247 -1.9138806714644176 6.5
      vertex 0.7653668647301796 -1.8477590650225735 6.5
    endloop
  endfacet
  facet normal 0 0 -1
    outer loop
      vertex 1.103081773566957 -3.636373275782393 6.5
      vertex 0.7653668647301796 -1.8477590650225735 6.5
      vertex 0.9427934736519953 -1.76384252869671 6.5
    endloop
  endfacet
  facet normal 0 0 1
    outer loop
      vertex 0.37246513325233027 -3.781701961354348 8
      vertex 0.37246513325233027 -1.6009630546655609 8
      vertex 0.2838228702308825 -1.977347246215668 8
    endloop
  endfacet
  facet normal 0 0 1
    outer loop
      vertex 0.37246513325233027 -3.781701961354348 8
      vertex 0.651032572466099 -1.8886685289371083 8
      vertex 0.37246513325233027 -1.6009630546655609 8
    endloop
  endfacet
  facet normal 0 0 1
    outer loop
      vertex 0.7413432236612874 -3.7269840655322755 8
      vertex 0.7413432236612874 -1.3587466170104259 8
      vertex 0.651032572466099 -1.8886685289371083 8
    endloop
  endfacet
  facet normal 0 0 1
    outer loop
      vertex 0.7413432236612874 -3.7269840655322755 8
      vertex 1.0091367265740228 -1.724077913189821 8
      vertex 0.7413432236612874 -1.3587466170104259 8
    endloop
  endfacet
  facet normal 0 0 -1
    outer loop
      vertex 1.103081773566957 -3.636373275782393 6.5
      vertex 1.1111404660392044 -1.6629392246050905 6.5
      vertex 1.4541970429873412 -3.5107422235428896 6.5
    endloop
  endfacet
  facet normal 0.24298017990326448 -0.970031253194544 -3.130230066032061e-18
    outer loop
      vertex 0.7413432236612874 -3.7269840655322755 6.5
      vertex 1.103081773566957 -3.636373275782393 6.5
      vertex 1.103081773566957 -3.636373275782393 8
    endloop
  endfacet
  facet normal 0.3368898533922191 -0.9415440651830211 3.1931401347814452e-18
    outer loop
      vertex 1.103081773566957 -3.636373275782393 6.5
      vertex 1.4541970429873412 -3.5107422235428896 6.5
      vertex 1.4541970429873412 -3.5107422235428896 8
    endloop
  endfacet
  facet normal 0.3368898533922191 -0.9415440651830211 0
    outer loop
      vertex 1.103081773566957 -3.636373275782393 6.5
      vertex 1.4541970429873412 -3.5107422235428896 8
      vertex 1.103081773566957 -3.636373275782393 8
    endloop
  endfacet
  facet normal 0 0 1
    outer loop
      vertex 0.7413432236612874 -3.7269840655322755 8
      vertex 1.103081773566957 -3.636373275782393 8
      vertex 1.0091367265740228 -1.724077913189821 8
    endloop
  endfacet
  facet normal 0 0 1
    outer loop
      vertex 1.103081773566957 -3.636373275782393 8
      vertex 1.4541970429873412 -3.5107422235428896 8
      vertex 1.103081773566957 -1.4989007708865296 8
    endloop
  endfacet
  facet normal 0.4275550934302821 -0.9039892931234432 -6.090941682533636e-18
    outer loop
      vertex 1.4541970429873412 -3.5107422235428896 6.5
      vertex 1.7913075999387909 -3.351300804523749 6.5
      vertex 1.7913075999387909 -3.351300804523749 8
    endloop
  endfacet
  facet normal 0.4275550934302821 -0.9039892931234432 0
    outer loop
      vertex 1.4541970429873412 -3.5107422235428896 6.5
      vertex 1.7913075999387909 -3.351300804523749 8
      vertex 1.4541970429873412 -3.5107422235428896 8
    endloop
  endfacet
  facet normal 0.5141027441932222 -0.8577286100002717 0
    outer loop
      vertex 1.7913075999387909 -3.351300804523749 6.5
      vertex 2.1111668854744883 -3.1595845267496716 8
      vertex 1.7913075999387909 -3.351300804523749 8
    endloop
  endfacet
  facet normal 0 0 -1
    outer loop
      vertex 1.103081773566957 -3.636373275782393 6.5
      vertex 0.9427934736519953 -1.76384252869671 6.5
      vertex 1.1111404660392044 -1.6629392246050905 6.5
    endloop
  endfacet
  facet normal 0 0 -1
    outer loop
      vertex 1.4541970429873412 -3.5107422235428896 6.5
      vertex 1.1111404660392044 -1.6629392246050905 6.5
      vertex 1.268786568327291 -1.546020906725474 6.5
    endloop
  endfacet
  facet normal 0 0 -1
    outer loop
      vertex 1.4541970429873412 -3.5107422235428896 6.5
      vertex 1.268786568327291 -1.546020906725474 6.5
      vertex 1.4142135623730951 -1.4142135623730951 6.5
    endloop
  endfacet
  facet normal 0 0 -1
    outer loop
      vertex 1.4541970429873412 -3.5107422235428896 6.5
      vertex 1.546020906725474 -1.268786568327291 6.5
      vertex 1.7913075999387909 -3.351300804523749 6.5
    endloop
  endfacet
  facet normal 0 0 -1
    outer loop
      vertex 1.4541970429873412 -3.5107422235428896 6.5
      vertex 1.4142135623730951 -1.4142135623730951 6.5
      vertex 1.546020906725474 -1.268786568327291 6.5
    endloop
  endfacet
  facet normal 0 0 -1
    outer loop
      vertex 1.7913075999387909 -3.351300804523749 6.5
      vertex 1.546020906725474 -1.268786568327291 6.5
      vertex 1.6629392246050905 -1.1111404660392044 6.5
    endloop
  endfacet
  facet normal 0 0 1
    outer loop
      vertex 1.103081773566957 -3.636373275782393 8
      vertex 1.103081773566957 -1.4989007708865296 8
      vertex 1.0091367265740228 -1.724077913189821 8
    endloop
  endfacet
  facet normal 0 0 1
    outer loop
      vertex 0.2838228702308825 -1.977347246215668 8
      vertex 0.10781885436251668 -1.0947031993394167 8
      vertex 0 -1.1 8
    endloop
  endfacet
  facet normal 0 0 1
    outer loop
      vertex 0.2838228702308825 -1.977347246215668 8
      vertex 0.2145993542177411 -1.0788638084435536 8
      vertex 0.10781885436251668 -1.0947031993394167 8
    endloop
  endfacet
  facet normal 0 0 1
    outer loop
      vertex 0.2838228702308825 -1.977347246215668 8
      vertex 0.2393782888315458 -1.0726570084353626 8
      vertex 0.2145993542177411 -1.0788638084435536 8
    endloop
  endfacet
  facet normal 0 0 1
    outer loop
      vertex 0.37246513325233027 -1.6009630546655609 8
      vertex 0.3193131449799086 -1.0526343693054299 8
      vertex 0.3043513399359299 -1.056382106369871 8
    endloop
  endfacet
  facet normal 0 0 1
    outer loop
      vertex 0.37246513325233027 -1.6009630546655609 8
      vertex 0.4209517756015988 -1.0162674857624154 8
      vertex 0.3193131449799086 -1.0526343693054299 8
    endloop
  endfacet
  facet normal 0 0 1
    outer loop
      vertex 0.37246513325233027 -1.6009630546655609 8
      vertex 0.5185364105085974 -0.9701133907831906 8
      vertex 0.4209517756015988 -1.0162674857624154 8
    endloop
  endfacet
  facet normal 0 0 1
    outer loop
      vertex 0.37246513325233027 -1.6009630546655609 8
      vertex 0.651032572466099 -1.8886685289371083 8
      vertex 0.6034077724520247 -0.9192434541041303 8
    endloop
  endfacet
  facet normal 0 0 1
    outer loop
      vertex 0.37246513325233027 -1.6009630546655609 8
      vertex 0.6034077724520247 -0.9192434541041303 8
      vertex 0.5185364105085974 -0.9701133907831906 8
    endloop
  endfacet
  facet normal 0 0 1
    outer loop
      vertex 0.7413432236612874 -1.3587466170104259 8
      vertex 0.6978326125800101 -0.8503114986990108 8
      vertex 0.6564186105546185 -0.8810262159244535 8
    endloop
  endfacet
  facet normal 0 0 1
    outer loop
      vertex 0.7413432236612874 -1.3587466170104259 8
      vertex 1.0091367265740228 -1.724077913189821 8
      vertex 0.9514425888965229 -0.5496867615439208 8
    endloop
  endfacet
  facet normal 0 0 1
    outer loop
      vertex 0.7413432236612874 -1.3587466170104259 8
      vertex 0.7778174593052024 -0.7778174593052024 8
      vertex 0.6978326125800101 -0.8503114986990108 8
    endloop
  endfacet
  facet normal 0 0 1
    outer loop
      vertex 0.7413432236612874 -1.3587466170104259 8
      vertex 0.8503114986990108 -0.6978326125800101 8
      vertex 0.7778174593052024 -0.7778174593052024 8
    endloop
  endfacet
  facet normal 0 0 1
    outer loop
      vertex 0.7413432236612874 -1.3587466170104259 8
      vertex 0.9146165735327998 -0.6111272563215624 8
      vertex 0.8503114986990108 -0.6978326125800101 8
    endloop
  endfacet
  facet normal 0 0 1
    outer loop
      vertex 0.7413432236612874 -1.3587466170104259 8
      vertex 0.9514425888965229 -0.5496867615439208 8
      vertex 0.9146165735327998 -0.6111272563215624 8
    endloop
  endfacet
  facet normal 0 0 -1
    outer loop
      vertex 1.7913075999387909 -3.351300804523749 6.5
      vertex 1.6629392246050905 -1.1111404660392044 6.5
      vertex 1.76384252869671 -0.9427934736519953 6.5
    endloop
  endfacet
  facet normal 0 0 -1
    outer loop
      vertex 1.7913075999387909 -3.351300804523749 6.5
      vertex 1.76384252869671 -0.9427934736519953 6.5
      vertex 1.8477590650225735 -0.7653668647301796 6.5
    endloop
  endfacet
  facet normal 0 0 -1
    outer loop
      vertex 1.7913075999387909 -3.351300804523749 6.5
      vertex 1.8477590650225735 -0.7653668647301796 6.5
      vertex 1.9138806714644176 -0.5805693545089247 6.5
    endloop
  endfacet
  facet normal 0 0 1
    outer loop
      vertex 1.4541970429873412 -3.5107422235428896 8
      vertex 1.7913075999387909 -3.351300804523749 8
      vertex 1.4541970429873412 3.5107422235428896 8
    endloop
  endfacet
  facet normal 0 0 1
    outer loop
      vertex 1.103081773566957 -1.4989007708865296 8
      vertex 0.9701133907831906 -0.5185364105085974 8
      vertex 0.9647170224040302 -0.5275397072254245 8
    endloop
  endfacet
  facet normal 0 0 1
    outer loop
      vertex 1.103081773566957 -1.4989007708865296 8
      vertex 1.0162674857624154 -0.4209517756015988 8
      vertex 0.9701133907831906 -0.5185364105085974 8
    endloop
  endfacet
  facet normal 0 0 1
    outer loop
      vertex 1.103081773566957 -1.4989007708865296 8
      vertex 1.0526343693054299 -0.3193131449799086 8
      vertex 1.0162674857624154 -0.4209517756015988 8
    endloop
  endfacet
  facet normal 0 0 1
    outer loop
      vertex 1.103081773566957 -1.4989007708865296 8
      vertex 1.0788638084435536 -0.2145993542177411 8
      vertex 1.0526343693054299 -0.3193131449799086 8
    endloop
  endfacet
  facet normal 0 0 1
    outer loop
      vertex 1.103081773566957 -1.4989007708865296 8
      vertex 1.0947031993394167 -0.10781885436251668 8
      vertex 1.0788638084435536 -0.2145993542177411 8
    endloop
  endfacet
  facet normal 0 0 1
    outer loop
      vertex 1.4541970429873412 -3.5107422235428896 8
      vertex 1.4541970429873412 3.5107422235428896 8
      vertex 1.103081773566957 -1.4989007708865296 8
    endloop
  endfacet
  facet normal 0.5141027441932222 -0.8577286100002717 9.152411228297698e-19
    outer loop
      vertex 1.7913075999387909 -3.351300804523749 6.5
      vertex 2.1111668854744883 -3.1595845267496716 6.5
      vertex 2.1111668854744883 -3.1595845267496716 8
    endloop
  endfacet
  facet normal 0.5956993044924324 -0.8032075314806455 -1.2112697570264735e-17
    outer loop
      vertex 2.1111668854744883 -3.1595845267496716 6.5
      vertex 2.410694479821853 -2.9374397227784006 6.5
      vertex 2.410694479821853 -2.9374397227784006 8
    endloop
  endfacet
  facet normal 0.5956993044924324 -0.8032075314806455 0
    outer loop
      vertex 2.1111668854744883 -3.1595845267496716 6.5
      vertex 2.410694479821853 -2.9374397227784006 8
      vertex 2.1111668854744883 -3.1595845267496716 8
    endloop
  endfacet
  facet normal 0.6715589548470184 -0.7409511253549591 0
    outer loop
      vertex 2.410694479821853 -2.9374397227784006 6.5
      vertex 2.6870057685088806 -2.6870057685088806 8
      vertex 2.410694479821853 -2.9374397227784006 8
    endloop
  endfacet
  facet normal 0 0 -1
    outer loop
      vertex 1.7913075999387909 -3.351300804523749 6.5
      vertex 1.9138806714644176 -0.5805693545089247 6.5
      vertex 2.1111668854744883 -3.1595845267496716 6.5
    endloop
  endfacet
  facet normal 0.6715589548470184 -0.7409511253549591 1.7873429984113053e-18
    outer loop
      vertex 2.410694479821853 -2.9374397227784006 6.5
      vertex 2.6870057685088806 -2.6870057685088806 6.5
      vertex 2.6870057685088806 -2.6870057685088806 8
    endloop
  endfacet
  facet normal 0.7409511253549591 -0.6715589548470184 0
    outer loop
      vertex 2.6870057685088806 -2.6870057685088806 6.5
      vertex 2.9374397227784006 -2.410694479821853 6.5
      vertex 2.6870057685088806 -2.6870057685088806 8
    endloop
  endfacet
  facet normal 0.7409511253549591 -0.6715589548470184 1.7873429984113053e-18
    outer loop
      vertex 2.6870057685088806 -2.6870057685088806 8
      vertex 2.9374397227784006 -2.410694479821853 6.5
      vertex 2.9374397227784006 -2.410694479821853 8
    endloop
  endfacet
  facet normal 0.8032075314806455 -0.5956993044924324 0
    outer loop
      vertex 2.9374397227784006 -2.410694479821853 6.5
      vertex 3.1595845267496716 -2.1111668854744883 6.5
      vertex 2.9374397227784006 -2.410694479821853 8
    endloop
  endfacet
  facet normal 0.8577286100002717 -0.5141027441932222 0
    outer loop
      vertex 3.1595845267496716 -2.1111668854744883 6.5
      vertex 3.351300804523749 -1.7913075999387909 6.5
      vertex 3.1595845267496716 -2.1111668854744883 8
    endloop
  endfacet
  facet normal 0.8032075314806455 -0.5956993044924324 0
    outer loop
      vertex 3.1595845267496716 -2.1111668854744883 6.5
      vertex 3.1595845267496716 -2.1111668854744883 8
      vertex 2.9374397227784006 -2.410694479821853 8
    endloop
  endfacet
  facet normal 0 0 -1
    outer loop
      vertex 2.1111668854744883 -3.1595845267496716 6.5
      vertex 1.9138806714644176 -0.5805693545089247 6.5
      vertex 1.9615705608064609 -0.3901806440322565 6.5
    endloop
  endfacet
  facet normal 0 0 -1
    outer loop
      vertex 2.1111668854744883 -3.1595845267496716 6.5
      vertex 1.9615705608064609 -0.3901806440322565 6.5
      vertex 1.9903694533443939 -0.1960342806591212 6.5
    endloop
  endfacet
  facet normal 0 0 -1
    outer loop
      vertex 2.1111668854744883 -3.1595845267496716 6.5
      vertex 1.9903694533443939 -0.1960342806591212 6.5
      vertex 2 0 6.5
    endloop
  endfacet
  facet normal 0 0 -1
    outer loop
      vertex 2.1111668854744883 -3.1595845267496716 6.5
      vertex 2.410694479821853 2.9374397227784006 6.5
      vertex 2.410694479821853 -2.9374397227784006 6.5
    endloop
  endfacet
  facet normal 0 0 -1
    outer loop
      vertex 2.410694479821853 -2.9374397227784006 6.5
      vertex 2.6870057685088806 2.6870057685088806 6.5
      vertex 2.6870057685088806 -2.6870057685088806 6.5
    endloop
  endfacet
  facet normal 0 0 1
    outer loop
      vertex 1.7913075999387909 -3.351300804523749 8
      vertex 2.1111668854744883 -3.1595845267496716 8
      vertex 2.1111668854744883 3.1595845267496716 8
    endloop
  endfacet
  facet normal 0 0 1
    outer loop
      vertex 2.1111668854744883 -3.1595845267496716 8
      vertex 2.410694479821853 -2.9374397227784006 8
      vertex 2.1111668854744883 3.1595845267496716 8
    endloop
  endfacet
  facet normal 0 0 1
    outer loop
      vertex 2.410694479821853 -2.9374397227784006 8
      vertex 2.6870057685088806 -2.6870057685088806 8
      vertex 2.410694479821853 2.9374397227784006 8
    endloop
  endfacet
  facet normal 0 0 1
    outer loop
      vertex 2.6870057685088806 -2.6870057685088806 8
      vertex 2.9374397227784006 -2.410694479821853 8
      vertex 2.6870057685088806 2.6870057685088806 8
    endloop
  endfacet
  facet normal 0.8577286100002717 -0.5141027441932222 9.152411228297698e-19
    outer loop
      vertex 3.1595845267496716 -2.1111668854744883 8
      vertex 3.351300804523749 -1.7913075999387909 6.5
      vertex 3.351300804523749 -1.7913075999387909 8
    endloop
  endfacet
  facet normal 0.9039892931234432 -0.4275550934302821 0
    outer loop
      vertex 3.351300804523749 -1.7913075999387909 6.5
      vertex 3.5107422235428896 -1.4541970429873412 6.5
      vertex 3.351300804523749 -1.7913075999387909 8
    endloop
  endfacet
  facet normal 0.9039892931234432 -0.4275550934302821 0
    outer loop
      vertex 3.5107422235428896 -1.4541970429873412 6.5
      vertex 3.5107422235428896 -1.4541970429873412 8
      vertex 3.351300804523749 -1.7913075999387909 8
    endloop
  endfacet
  facet normal 0.9415440651830211 -0.3368898533922191 0
    outer loop
      vertex 3.5107422235428896 -1.4541970429873412 6.5
      vertex 3.636373275782393 -1.103081773566957 6.5
      vertex 3.5107422235428896 -1.4541970429873412 8
    endloop
  endfacet
  facet normal 0.970031253194544 -0.24298017990326448 0
    outer loop
      vertex 3.636373275782393 -1.103081773566957 6.5
      vertex 3.7269840655322755 -0.7413432236612874 6.5
      vertex 3.636373275782393 -1.103081773566957 8
    endloop
  endfacet
  facet normal 0.9415440651830211 -0.3368898533922191 0
    outer loop
      vertex 3.636373275782393 -1.103081773566957 6.5
      vertex 3.636373275782393 -1.103081773566957 8
      vertex 3.5107422235428896 -1.4541970429873412 8
    endloop
  endfacet
  facet normal 0 0 -1
    outer loop
      vertex 2.6870057685088806 -2.6870057685088806 6.5
      vertex 2.9374397227784006 2.410694479821853 6.5
      vertex 2.9374397227784006 -2.410694479821853 6.5
    endloop
  endfacet
  facet normal 0 0 -1
    outer loop
      vertex 2.9374397227784006 -2.410694479821853 6.5
      vertex 3.1595845267496716 2.1111668854744883 6.5
      vertex 3.1595845267496716 -2.1111668854744883 6.5
    endloop
  endfacet
  facet normal 0 0 -1
    outer loop
      vertex 3.1595845267496716 -2.1111668854744883 6.5
      vertex 3.351300804523749 1.7913075999387909 6.5
      vertex 3.351300804523749 -1.7913075999387909 6.5
    endloop
  endfacet
  facet normal 0 0 -1
    outer loop
      vertex 3.351300804523749 -1.7913075999387909 6.5
      vertex 3.5107422235428896 1.4541970429873412 6.5
      vertex 3.5107422235428896 -1.4541970429873412 6.5
    endloop
  endfacet
  facet normal 0 0 -1
    outer loop
      vertex 3.5107422235428896 -1.4541970429873412 6.5
      vertex 3.636373275782393 1.103081773566957 6.5
      vertex 3.636373275782393 -1.103081773566957 6.5
    endloop
  endfacet
  facet normal 0 0 -1
    outer loop
      vertex 3.636373275782393 -1.103081773566957 6.5
      vertex 3.7269840655322755 0.7413432236612874 6.5
      vertex 3.7269840655322755 -0.7413432236612874 6.5
    endloop
  endfacet
  facet normal 0 0 -1
    outer loop
      vertex 3.7269840655322755 -0.7413432236612874 6.5
      vertex 3.781701961354348 0.37246513325233027 6.5
      vertex 3.781701961354348 -0.37246513325233027 6.5
    endloop
  endfacet
  facet normal 0 0 1
    outer loop
      vertex 2.9374397227784006 -2.410694479821853 8
      vertex 3.1595845267496716 -2.1111668854744883 8
      vertex 2.9374397227784006 2.410694479821853 8
    endloop
  endfacet
  facet normal 0 0 1
    outer loop
      vertex 3.1595845267496716 -2.1111668854744883 8
      vertex 3.351300804523749 -1.7913075999387909 8
      vertex 3.1595845267496716 2.1111668854744883 8
    endloop
  endfacet
  facet normal 0.9891765099647809 -0.14673047445536225 0
    outer loop
      vertex 3.7269840655322755 -0.7413432236612874 6.5
      vertex 3.781701961354348 -0.37246513325233027 6.5
      vertex 3.7269840655322755 -0.7413432236612874 8
    endloop
  endfacet
  facet normal 0 0 1
    outer loop
      vertex 3.351300804523749 -1.7913075999387909 8
      vertex 3.5107422235428896 -1.4541970429873412 8
      vertex 3.351300804523749 1.7913075999387909 8
    endloop
  endfacet
  facet normal 0.970031253194544 -0.24298017990326448 -3.130230066032061e-18
    outer loop
      vertex 3.636373275782393 -1.103081773566957 8
      vertex 3.7269840655322755 -0.7413432236612874 6.5
      vertex 3.7269840655322755 -0.7413432236612874 8
    endloop
  endfacet
  facet normal 0.9891765099647809 -0.14673047445536225 0
    outer loop
      vertex 3.781701961354348 -0.37246513325233027 6.5
      vertex 3.781701961354348 -0.37246513325233027 8
      vertex 3.7269840655322755 -0.7413432236612874 8
    endloop
  endfacet
  facet normal 0.9987954562051725 -0.04906767432741771 0
    outer loop
      vertex 3.781701961354348 -0.37246513325233027 6.5
      vertex 3.8 0 6.5
      vertex 3.781701961354348 -0.37246513325233027 8
    endloop
  endfacet
  facet normal 0 0 1
    outer loop
      vertex 3.5107422235428896 -1.4541970429873412 8
      vertex 3.636373275782393 -1.103081773566957 8
      vertex 3.5107422235428896 1.4541970429873412 8
    endloop
  endfacet
  facet normal 0 0 1
    outer loop
      vertex 3.636373275782393 -1.103081773566957 8
      vertex 3.7269840655322755 -0.7413432236612874 8
      vertex 3.636373275782393 1.103081773566957 8
    endloop
  endfacet
  facet normal 0.9987954562051725 -0.04906767432741771 4.155725933743325e-19
    outer loop
      vertex 3.781701961354348 -0.37246513325233027 8
      vertex 3.8 0 6.5
      vertex 3.8 0 8
    endloop
  endfacet
  facet normal 0 0 1
    outer loop
      vertex 3.7269840655322755 -0.7413432236612874 8
      vertex 3.781701961354348 -0.37246513325233027 8
      vertex 3.7269840655322755 0.7413432236612874 8
    endloop
  endfacet
  facet normal 0 0 1
    outer loop
      vertex 0.7413432236612874 3.7269840655322755 8
      vertex 0.5185364105085974 0.9701133907831906 8
      vertex 0.6111272563215624 0.9146165735327998 8
    endloop
  endfacet
  facet normal 0 0 1
    outer loop
      vertex 0.7413432236612874 3.7269840655322755 8
      vertex 0.6111272563215624 0.9146165735327998 8
      vertex 0.6978326125800101 0.8503114986990108 8
    endloop
  endfacet
  facet normal 0 0 1
    outer loop
      vertex 1.103081773566957 3.636373275782393 8
      vertex 0.6978326125800101 0.8503114986990108 8
      vertex 0.7778174593052024 0.7778174593052024 8
    endloop
  endfacet
  facet normal 0 0 1
    outer loop
      vertex 1.103081773566957 3.636373275782393 8
      vertex 0.7778174593052024 0.7778174593052024 8
      vertex 0.8503114986990108 0.6978326125800101 8
    endloop
  endfacet
  facet normal 0 0 1
    outer loop
      vertex 1.103081773566957 -1.4989007708865296 8
      vertex 1.4541970429873412 3.5107422235428896 8
      vertex 1.0947031993394167 -0.10781885436251668 8
    endloop
  endfacet
  facet normal 0 0 -1
    outer loop
      vertex 1.76384252869671 0.9427934736519953 6.5
      vertex 1.6629392246050905 1.1111404660392044 6.5
      vertex 1.7913075999387909 3.351300804523749 6.5
    endloop
  endfacet
  facet normal 0 0 -1
    outer loop
      vertex 1.76384252869671 0.9427934736519953 6.5
      vertex 1.7913075999387909 3.351300804523749 6.5
      vertex 1.8477590650225735 0.7653668647301796 6.5
    endloop
  endfacet
  facet normal 0 0 1
    outer loop
      vertex 1.4541970429873412 3.5107422235428896 8
      vertex 1.0162674857624154 0.4209517756015988 8
      vertex 1.0526343693054299 0.3193131449799086 8
    endloop
  endfacet
  facet normal 0 0 1
    outer loop
      vertex 1.4541970429873412 3.5107422235428896 8
      vertex 1.1 0 8
      vertex 1.0947031993394167 -0.10781885436251668 8
    endloop
  endfacet
  facet normal 0 0 1
    outer loop
      vertex 1.4541970429873412 3.5107422235428896 8
      vertex 1.0947031993394167 0.10781885436251668 8
      vertex 1.1 0 8
    endloop
  endfacet
  facet normal 0 0 1
    outer loop
      vertex 1.4541970429873412 3.5107422235428896 8
      vertex 1.0788638084435536 0.2145993542177411 8
      vertex 1.0947031993394167 0.10781885436251668 8
    endloop
  endfacet
  facet normal 0 0 1
    outer loop
      vertex 1.4541970429873412 3.5107422235428896 8
      vertex 1.0526343693054299 0.3193131449799086 8
      vertex 1.0788638084435536 0.2145993542177411 8
    endloop
  endfacet
  facet normal 0 0 1
    outer loop
      vertex 1.103081773566957 3.636373275782393 8
      vertex 0.9701133907831906 0.5185364105085974 8
      vertex 1.0162674857624154 0.4209517756015988 8
    endloop
  endfacet
  facet normal 0 0 1
    outer loop
      vertex 1.103081773566957 3.636373275782393 8
      vertex 0.9146165735327998 0.6111272563215624 8
      vertex 0.9701133907831906 0.5185364105085974 8
    endloop
  endfacet
  facet normal 0 0 1
    outer loop
      vertex 1.103081773566957 3.636373275782393 8
      vertex 0.8503114986990108 0.6978326125800101 8
      vertex 0.9146165735327998 0.6111272563215624 8
    endloop
  endfacet
  facet normal 0 0 1
    outer loop
      vertex 1.7913075999387909 -3.351300804523749 8
      vertex 1.7913075999387909 3.351300804523749 8
      vertex 1.4541970429873412 3.5107422235428896 8
    endloop
  endfacet
  facet normal 0 0 1
    outer loop
      vertex 1.7913075999387909 -3.351300804523749 8
      vertex 2.1111668854744883 3.1595845267496716 8
      vertex 1.7913075999387909 3.351300804523749 8
    endloop
  endfacet
  facet normal 0 0 -1
    outer loop
      vertex 0 2 6.5
      vertex 0.37246513325233027 3.781701961354348 6.5
      vertex 0.1960342806591212 1.9903694533443939 6.5
    endloop
  endfacet
  facet normal 0 0 -1
    outer loop
      vertex 0.1960342806591212 1.9903694533443939 6.5
      vertex 0.37246513325233027 3.781701961354348 6.5
      vertex 0.3901806440322565 1.9615705608064609 6.5
    endloop
  endfacet
  facet normal 0 0 -1
    outer loop
      vertex 0.3901806440322565 1.9615705608064609 6.5
      vertex 0.7413432236612874 3.7269840655322755 6.5
      vertex 0.5805693545089247 1.9138806714644176 6.5
    endloop
  endfacet
  facet normal 0 0 -1
    outer loop
      vertex 0.7653668647301796 1.8477590650225735 6.5
      vertex 0.5805693545089247 1.9138806714644176 6.5
      vertex 0.7413432236612874 3.7269840655322755 6.5
    endloop
  endfacet
  facet normal 0 0 -1
    outer loop
      vertex 0.7653668647301796 1.8477590650225735 6.5
      vertex 1.103081773566957 3.636373275782393 6.5
      vertex 0.9427934736519953 1.76384252869671 6.5
    endloop
  endfacet
  facet normal 0 0 1
    outer loop
      vertex 0 3.8 8
      vertex 0 1.1 8
      vertex 0.10781885436251668 1.0947031993394167 8
    endloop
  endfacet
  facet normal 0 0 1
    outer loop
      vertex 0 3.8 8
      vertex 0.10781885436251668 1.0947031993394167 8
      vertex 0.2145993542177411 1.0788638084435536 8
    endloop
  endfacet
  facet normal 0 0 1
    outer loop
      vertex 0.37246513325233027 3.781701961354348 8
      vertex 0.2145993542177411 1.0788638084435536 8
      vertex 0.3193131449799086 1.0526343693054299 8
    endloop
  endfacet
  facet normal 0 0 1
    outer loop
      vertex 0.37246513325233027 3.781701961354348 8
      vertex 0.3193131449799086 1.0526343693054299 8
      vertex 0.4209517756015988 1.0162674857624154 8
    endloop
  endfacet
  facet normal 0 0 1
    outer loop
      vertex 0.7413432236612874 3.7269840655322755 8
      vertex 0.4209517756015988 1.0162674857624154 8
      vertex 0.5185364105085974 0.9701133907831906 8
    endloop
  endfacet
  facet normal 0 0 1
    outer loop
      vertex 0.37246513325233027 3.781701961354348 8
      vertex 0.4209517756015988 1.0162674857624154 8
      vertex 0.7413432236612874 3.7269840655322755 8
    endloop
  endfacet
  facet normal 0 0 1
    outer loop
      vertex 0.7413432236612874 3.7269840655322755 8
      vertex 0.6978326125800101 0.8503114986990108 8
      vertex 1.103081773566957 3.636373275782393 8
    endloop
  endfacet
  facet normal 0 0 -1
    outer loop
      vertex 0 2 6.5
      vertex 0 3.8 6.5
      vertex 0.37246513325233027 3.781701961354348 6.5
    endloop
  endfacet
  facet normal 0 0 -1
    outer loop
      vertex 0.3901806440322565 1.9615705608064609 6.5
      vertex 0.37246513325233027 3.781701961354348 6.5
      vertex 0.7413432236612874 3.7269840655322755 6.5
    endloop
  endfacet
  facet normal 0 0 -1
    outer loop
      vertex 0.7653668647301796 1.8477590650225735 6.5
      vertex 0.7413432236612874 3.7269840655322755 6.5
      vertex 1.103081773566957 3.636373275782393 6.5
    endloop
  endfacet
  facet normal 0 0 1
    outer loop
      vertex 0 3.8 8
      vertex 0.2145993542177411 1.0788638084435536 8
      vertex 0.37246513325233027 3.781701961354348 8
    endloop
  endfacet
  facet normal 0.04906767432741771 0.9987954562051725 0
    outer loop
      vertex 0 3.8 6.5
      vertex 0 3.8 8
      vertex 0.37246513325233027 3.781701961354348 6.5
    endloop
  endfacet
  facet normal 0.04906767432741771 0.9987954562051725 0
    outer loop
      vertex 0.37246513325233027 3.781701961354348 6.5
      vertex 0 3.8 8
      vertex 0.37246513325233027 3.781701961354348 8
    endloop
  endfacet
  facet normal 0.14673047445536225 0.9891765099647809 0
    outer loop
      vertex 0.37246513325233027 3.781701961354348 6.5
      vertex 0.37246513325233027 3.781701961354348 8
      vertex 0.7413432236612874 3.7269840655322755 6.5
    endloop
  endfacet
  facet normal 0.24298017990326448 0.970031253194544 0
    outer loop
      vertex 0.7413432236612874 3.7269840655322755 6.5
      vertex 0.7413432236612874 3.7269840655322755 8
      vertex 1.103081773566957 3.636373275782393 6.5
    endloop
  endfacet
  facet normal 0.14673047445536225 0.9891765099647809 0
    outer loop
      vertex 0.7413432236612874 3.7269840655322755 6.5
      vertex 0.37246513325233027 3.781701961354348 8
      vertex 0.7413432236612874 3.7269840655322755 8
    endloop
  endfacet
  facet normal 0 0 -1
    outer loop
      vertex 0.9427934736519953 1.76384252869671 6.5
      vertex 1.103081773566957 3.636373275782393 6.5
      vertex 1.1111404660392044 1.6629392246050905 6.5
    endloop
  endfacet
  facet normal 0 0 -1
    outer loop
      vertex 1.1111404660392044 1.6629392246050905 6.5
      vertex 1.4541970429873412 3.5107422235428896 6.5
      vertex 1.268786568327291 1.546020906725474 6.5
    endloop
  endfacet
  facet normal 0 0 -1
    outer loop
      vertex 1.4142135623730951 1.4142135623730951 6.5
      vertex 1.268786568327291 1.546020906725474 6.5
      vertex 1.4541970429873412 3.5107422235428896 6.5
    endloop
  endfacet
  facet normal 0 0 -1
    outer loop
      vertex 1.4142135623730951 1.4142135623730951 6.5
      vertex 1.4541970429873412 3.5107422235428896 6.5
      vertex 1.546020906725474 1.268786568327291 6.5
    endloop
  endfacet
  facet normal 0 0 -1
    outer loop
      vertex 1.546020906725474 1.268786568327291 6.5
      vertex 1.7913075999387909 3.351300804523749 6.5
      vertex 1.6629392246050905 1.1111404660392044 6.5
    endloop
  endfacet
  facet normal 0 0 -1
    outer loop
      vertex 1.546020906725474 1.268786568327291 6.5
      vertex 1.4541970429873412 3.5107422235428896 6.5
      vertex 1.7913075999387909 3.351300804523749 6.5
    endloop
  endfacet
  facet normal 0 0 1
    outer loop
      vertex 1.103081773566957 3.636373275782393 8
      vertex 1.0162674857624154 0.4209517756015988 8
      vertex 1.4541970429873412 3.5107422235428896 8
    endloop
  endfacet
  facet normal 0 0 -1
    outer loop
      vertex 1.1111404660392044 1.6629392246050905 6.5
      vertex 1.103081773566957 3.636373275782393 6.5
      vertex 1.4541970429873412 3.5107422235428896 6.5
    endloop
  endfacet
  facet normal 0.3368898533922191 0.9415440651830211 0
    outer loop
      vertex 1.103081773566957 3.636373275782393 6.5
      vertex 1.103081773566957 3.636373275782393 8
      vertex 1.4541970429873412 3.5107422235428896 6.5
    endloop
  endfacet
  facet normal 0.24298017990326448 0.970031253194544 3.130230066032061e-18
    outer loop
      vertex 0.7413432236612874 3.7269840655322755 8
      vertex 1.103081773566957 3.636373275782393 8
      vertex 1.103081773566957 3.636373275782393 6.5
    endloop
  endfacet
  facet normal 0.3368898533922191 0.9415440651830211 0
    outer loop
      vertex 1.4541970429873412 3.5107422235428896 6.5
      vertex 1.103081773566957 3.636373275782393 8
      vertex 1.4541970429873412 3.5107422235428896 8
    endloop
  endfacet
  facet normal 0.5141027441932222 0.8577286100002717 0
    outer loop
      vertex 1.7913075999387909 3.351300804523749 6.5
      vertex 1.7913075999387909 3.351300804523749 8
      vertex 2.1111668854744883 3.1595845267496716 6.5
    endloop
  endfacet
  facet normal 0.4275550934302821 0.9039892931234432 0
    outer loop
      vertex 1.4541970429873412 3.5107422235428896 6.5
      vertex 1.4541970429873412 3.5107422235428896 8
      vertex 1.7913075999387909 3.351300804523749 6.5
    endloop
  endfacet
  facet normal 0.4275550934302821 0.9039892931234432 0
    outer loop
      vertex 1.7913075999387909 3.351300804523749 6.5
      vertex 1.4541970429873412 3.5107422235428896 8
      vertex 1.7913075999387909 3.351300804523749 8
    endloop
  endfacet
  facet normal 0 0 -1
    outer loop
      vertex 2.1111668854744883 -3.1595845267496716 6.5
      vertex 2 0 6.5
      vertex 2.1111668854744883 3.1595845267496716 6.5
    endloop
  endfacet
  facet normal 0 0 -1
    outer loop
      vertex 2.410694479821853 -2.9374397227784006 6.5
      vertex 2.410694479821853 2.9374397227784006 6.5
      vertex 2.6870057685088806 2.6870057685088806 6.5
    endloop
  endfacet
  facet normal 0 0 -1
    outer loop
      vertex 2.6870057685088806 -2.6870057685088806 6.5
      vertex 2.6870057685088806 2.6870057685088806 6.5
      vertex 2.9374397227784006 2.410694479821853 6.5
    endloop
  endfacet
  facet normal 0 0 -1
    outer loop
      vertex 2 0 6.5
      vertex 1.9903694533443939 0.1960342806591212 6.5
      vertex 2.1111668854744883 3.1595845267496716 6.5
    endloop
  endfacet
  facet normal 0 0 -1
    outer loop
      vertex 1.9615705608064609 0.3901806440322565 6.5
      vertex 1.9138806714644176 0.5805693545089247 6.5
      vertex 2.1111668854744883 3.1595845267496716 6.5
    endloop
  endfacet
  facet normal 0 0 -1
    outer loop
      vertex 1.9903694533443939 0.1960342806591212 6.5
      vertex 1.9615705608064609 0.3901806440322565 6.5
      vertex 2.1111668854744883 3.1595845267496716 6.5
    endloop
  endfacet
  facet normal 0 0 -1
    outer loop
      vertex 2.1111668854744883 -3.1595845267496716 6.5
      vertex 2.1111668854744883 3.1595845267496716 6.5
      vertex 2.410694479821853 2.9374397227784006 6.5
    endloop
  endfacet
  facet normal 0 0 -1
    outer loop
      vertex 1.8477590650225735 0.7653668647301796 6.5
      vertex 2.1111668854744883 3.1595845267496716 6.5
      vertex 1.9138806714644176 0.5805693545089247 6.5
    endloop
  endfacet
  facet normal 0 0 1
    outer loop
      vertex 2.410694479821853 -2.9374397227784006 8
      vertex 2.410694479821853 2.9374397227784006 8
      vertex 2.1111668854744883 3.1595845267496716 8
    endloop
  endfacet
  facet normal 0 0 1
    outer loop
      vertex 2.6870057685088806 -2.6870057685088806 8
      vertex 2.6870057685088806 2.6870057685088806 8
      vertex 2.410694479821853 2.9374397227784006 8
    endloop
  endfacet
  facet normal 0 0 -1
    outer loop
      vertex 2.9374397227784006 -2.410694479821853 6.5
      vertex 2.9374397227784006 2.410694479821853 6.5
      vertex 3.1595845267496716 2.1111668854744883 6.5
    endloop
  endfacet
  facet normal 0 0 -1
    outer loop
      vertex 3.1595845267496716 -2.1111668854744883 6.5
      vertex 3.1595845267496716 2.1111668854744883 6.5
      vertex 3.351300804523749 1.7913075999387909 6.5
    endloop
  endfacet
  facet normal 0 0 -1
    outer loop
      vertex 3.5107422235428896 -1.4541970429873412 6.5
      vertex 3.5107422235428896 1.4541970429873412 6.5
      vertex 3.636373275782393 1.103081773566957 6.5
    endloop
  endfacet
  facet normal 0 0 -1
    outer loop
      vertex 3.781701961354348 -0.37246513325233027 6.5
      vertex 3.781701961354348 0.37246513325233027 6.5
      vertex 3.8 0 6.5
    endloop
  endfacet
  facet normal 0 0 -1
    outer loop
      vertex 3.7269840655322755 -0.7413432236612874 6.5
      vertex 3.7269840655322755 0.7413432236612874 6.5
      vertex 3.781701961354348 0.37246513325233027 6.5
    endloop
  endfacet
  facet normal 0 0 -1
    outer loop
      vertex 3.636373275782393 -1.103081773566957 6.5
      vertex 3.636373275782393 1.103081773566957 6.5
      vertex 3.7269840655322755 0.7413432236612874 6.5
    endloop
  endfacet
  facet normal 0 0 -1
    outer loop
      vertex 3.351300804523749 -1.7913075999387909 6.5
      vertex 3.351300804523749 1.7913075999387909 6.5
      vertex 3.5107422235428896 1.4541970429873412 6.5
    endloop
  endfacet
  facet normal 0 0 1
    outer loop
      vertex 2.9374397227784006 -2.410694479821853 8
      vertex 2.9374397227784006 2.410694479821853 8
      vertex 2.6870057685088806 2.6870057685088806 8
    endloop
  endfacet
  facet normal 0 0 1
    outer loop
      vertex 3.1595845267496716 -2.1111668854744883 8
      vertex 3.1595845267496716 2.1111668854744883 8
      vertex 2.9374397227784006 2.410694479821853 8
    endloop
  endfacet
  facet normal 0 0 1
    outer loop
      vertex 3.351300804523749 -1.7913075999387909 8
      vertex 3.351300804523749 1.7913075999387909 8
      vertex 3.1595845267496716 2.1111668854744883 8
    endloop
  endfacet
  facet normal 0.9987954562051725 0.04906767432741771 0
    outer loop
      vertex 3.8 0 6.5
      vertex 3.781701961354348 0.37246513325233027 6.5
      vertex 3.8 0 8
    endloop
  endfacet
  facet normal 0 0 1
    outer loop
      vertex 3.781701961354348 -0.37246513325233027 8
      vertex 3.8 0 8
      vertex 3.781701961354348 0.37246513325233027 8
    endloop
  endfacet
  facet normal 0.9987954562051725 0.04906767432741771 0
    outer loop
      vertex 3.781701961354348 0.37246513325233027 6.5
      vertex 3.781701961354348 0.37246513325233027 8
      vertex 3.8 0 8
    endloop
  endfacet
  facet normal 0 0 1
    outer loop
      vertex 3.781701961354348 -0.37246513325233027 8
      vertex 3.781701961354348 0.37246513325233027 8
      vertex 3.7269840655322755 0.7413432236612874 8
    endloop
  endfacet
  facet normal 0 0 1
    outer loop
      vertex 3.7269840655322755 -0.7413432236612874 8
      vertex 3.7269840655322755 0.7413432236612874 8
      vertex 3.636373275782393 1.103081773566957 8
    endloop
  endfacet
  facet normal 0.9891765099647809 0.14673047445536225 0
    outer loop
      vertex 3.781701961354348 0.37246513325233027 6.5
      vertex 3.7269840655322755 0.7413432236612874 6.5
      vertex 3.781701961354348 0.37246513325233027 8
    endloop
  endfacet
  facet normal 0.970031253194544 0.24298017990326448 0
    outer loop
      vertex 3.7269840655322755 0.7413432236612874 6.5
      vertex 3.636373275782393 1.103081773566957 6.5
      vertex 3.7269840655322755 0.7413432236612874 8
    endloop
  endfacet
  facet normal 0 0 1
    outer loop
      vertex 3.5107422235428896 -1.4541970429873412 8
      vertex 3.5107422235428896 1.4541970429873412 8
      vertex 3.351300804523749 1.7913075999387909 8
    endloop
  endfacet
  facet normal 0.9891765099647809 0.14673047445536225 0
    outer loop
      vertex 3.7269840655322755 0.7413432236612874 6.5
      vertex 3.7269840655322755 0.7413432236612874 8
      vertex 3.781701961354348 0.37246513325233027 8
    endloop
  endfacet
  facet normal 0 0 1
    outer loop
      vertex 3.636373275782393 -1.103081773566957 8
      vertex 3.636373275782393 1.103081773566957 8
      vertex 3.5107422235428896 1.4541970429873412 8
    endloop
  endfacet
  facet normal 0.8577286100002717 0.5141027441932222 0
    outer loop
      vertex 3.351300804523749 1.7913075999387909 6.5
      vertex 3.1595845267496716 2.1111668854744883 6.5
      vertex 3.351300804523749 1.7913075999387909 8
    endloop
  endfacet
  facet normal 0.9415440651830211 0.3368898533922191 0
    outer loop
      vertex 3.636373275782393 1.103081773566957 6.5
      vertex 3.5107422235428896 1.4541970429873412 6.5
      vertex 3.636373275782393 1.103081773566957 8
    endloop
  endfacet
  facet normal 0.9415440651830211 0.3368898533922191 0
    outer loop
      vertex 3.5107422235428896 1.4541970429873412 6.5
      vertex 3.5107422235428896 1.4541970429873412 8
      vertex 3.636373275782393 1.103081773566957 8
    endloop
  endfacet
  facet normal 0.970031253194544 0.24298017990326448 3.130230066032061e-18
    outer loop
      vertex 3.7269840655322755 0.7413432236612874 8
      vertex 3.636373275782393 1.103081773566957 6.5
      vertex 3.636373275782393 1.103081773566957 8
    endloop
  endfacet
  facet normal 0.9039892931234432 0.4275550934302821 0
    outer loop
      vertex 3.5107422235428896 1.4541970429873412 6.5
      vertex 3.351300804523749 1.7913075999387909 6.5
      vertex 3.5107422235428896 1.4541970429873412 8
    endloop
  endfacet
  facet normal 0.9039892931234432 0.4275550934302821 0
    outer loop
      vertex 3.351300804523749 1.7913075999387909 6.5
      vertex 3.351300804523749 1.7913075999387909 8
      vertex 3.5107422235428896 1.4541970429873412 8
    endloop
  endfacet
  facet normal 0 0 -1
    outer loop
      vertex 1.8477590650225735 0.7653668647301796 6.5
      vertex 1.7913075999387909 3.351300804523749 6.5
      vertex 2.1111668854744883 3.1595845267496716 6.5
    endloop
  endfacet
  facet normal 0.6715589548470184 0.7409511253549591 0
    outer loop
      vertex 2.6870057685088806 2.6870057685088806 6.5
      vertex 2.410694479821853 2.9374397227784006 8
      vertex 2.6870057685088806 2.6870057685088806 8
    endloop
  endfacet
  facet normal 0.7409511253549591 0.6715589548470184 0
    outer loop
      vertex 2.6870057685088806 2.6870057685088806 6.5
      vertex 2.6870057685088806 2.6870057685088806 8
      vertex 2.9374397227784006 2.410694479821853 8
    endloop
  endfacet
  facet normal 0.5956993044924324 0.8032075314806455 0
    outer loop
      vertex 2.1111668854744883 3.1595845267496716 6.5
      vertex 2.1111668854744883 3.1595845267496716 8
      vertex 2.410694479821853 2.9374397227784006 6.5
    endloop
  endfacet
  facet normal 0.5141027441932222 0.8577286100002717 -9.152411228297698e-19
    outer loop
      vertex 1.7913075999387909 3.351300804523749 8
      vertex 2.1111668854744883 3.1595845267496716 8
      vertex 2.1111668854744883 3.1595845267496716 6.5
    endloop
  endfacet
  facet normal 0.5956993044924324 0.8032075314806455 0
    outer loop
      vertex 2.410694479821853 2.9374397227784006 6.5
      vertex 2.1111668854744883 3.1595845267496716 8
      vertex 2.410694479821853 2.9374397227784006 8
    endloop
  endfacet
  facet normal 0.6715589548470184 0.7409511253549591 -1.7873429984113053e-18
    outer loop
      vertex 2.6870057685088806 2.6870057685088806 6.5
      vertex 2.410694479821853 2.9374397227784006 6.5
      vertex 2.410694479821853 2.9374397227784006 8
    endloop
  endfacet
  facet normal 0.8032075314806455 0.5956993044924324 0
    outer loop
      vertex 3.1595845267496716 2.1111668854744883 6.5
      vertex 2.9374397227784006 2.410694479821853 6.5
      vertex 3.1595845267496716 2.1111668854744883 8
    endloop
  endfacet
  facet normal 0.8032075314806455 0.5956993044924324 0
    outer loop
      vertex 2.9374397227784006 2.410694479821853 6.5
      vertex 2.9374397227784006 2.410694479821853 8
      vertex 3.1595845267496716 2.1111668854744883 8
    endloop
  endfacet
  facet normal 0.8577286100002717 0.5141027441932222 -9.152411228297698e-19
    outer loop
      vertex 3.351300804523749 1.7913075999387909 8
      vertex 3.1595845267496716 2.1111668854744883 6.5
      vertex 3.1595845267496716 2.1111668854744883 8
    endloop
  endfacet
  facet normal 0.7409511253549591 0.6715589548470184 -1.7873429984113053e-18
    outer loop
      vertex 2.6870057685088806 2.6870057685088806 6.5
      vertex 2.9374397227784006 2.410694479821853 8
      vertex 2.9374397227784006 2.410694479821853 6.5
    endloop
  endfacet
  facet normal 0.8577286100002718 0.5141027441932222 -3.4324449735757233e-19
    outer loop
      vertex -0.9146165735327998 -0.6111272563215624 0
      vertex -0.9701133907831906 -0.5185364105085974 0
      vertex -0.9701133907831906 -0.5185364105085974 8
    endloop
  endfacet
  facet normal 0.9700312531945441 0.24298017990326357 0
    outer loop
      vertex -1.0788638084435536 -0.2145993542177411 8
      vertex -1.0526343693054299 -0.3193131449799086 0
      vertex -1.0788638084435536 -0.2145993542177411 0
    endloop
  endfacet
  facet normal 0.9039892931234434 0.42755509343028175 7.536561863941402e-20
    outer loop
      vertex -0.9701133907831906 -0.5185364105085974 0
      vertex -1.0162674857624154 -0.4209517756015988 0
      vertex -1.0162674857624154 -0.4209517756015988 8
    endloop
  endfacet
  facet normal 0.9415440651830205 0.3368898533922208 -9.957907466117193e-20
    outer loop
      vertex -1.0162674857624154 -0.4209517756015988 0
      vertex -1.0526343693054299 -0.3193131449799086 0
      vertex -1.0526343693054299 -0.3193131449799086 8
    endloop
  endfacet
  facet normal 0.9891765099647809 0.14673047445536258 0
    outer loop
      vertex -1.0947031993394167 -0.10781885436251668 8
      vertex -1.0788638084435536 -0.2145993542177411 0
      vertex -1.0947031993394167 -0.10781885436251668 0
    endloop
  endfacet
  facet normal 0.9987954562051724 0.04906767432741737 0
    outer loop
      vertex -1.1 0 8
      vertex -1.0947031993394167 -0.10781885436251668 0
      vertex -1.1 0 0
    endloop
  endfacet
  facet normal 0.42755509343028175 0.9039892931234434 0
    outer loop
      vertex -0.5185364105085974 -0.9701133907831906 0
      vertex -0.5185364105085974 -0.9701133907831906 8
      vertex -0.4209517756015988 -1.0162674857624154 0
    endloop
  endfacet
  facet normal 0.3368898533922208 0.9415440651830205 0
    outer loop
      vertex -0.4209517756015988 -1.0162674857624154 0
      vertex -0.4209517756015988 -1.0162674857624154 8
      vertex -0.3193131449799086 -1.0526343693054299 0
    endloop
  endfacet
  facet normal 0.24298017990326357 0.9700312531945441 0
    outer loop
      vertex -0.3193131449799086 -1.0526343693054299 0
      vertex -0.3193131449799086 -1.0526343693054299 8
      vertex -0.2145993542177411 -1.0788638084435536 0
    endloop
  endfacet
  facet normal 0.14673047445536258 0.9891765099647809 0
    outer loop
      vertex -0.2145993542177411 -1.0788638084435536 0
      vertex -0.2145993542177411 -1.0788638084435536 8
      vertex -0.10781885436251668 -1.0947031993394167 0
    endloop
  endfacet
  facet normal 0.04906767432741737 0.9987954562051724 0
    outer loop
      vertex -0.10781885436251668 -1.0947031993394167 0
      vertex -0.10781885436251668 -1.0947031993394167 8
      vertex 0 -1.1 0
    endloop
  endfacet
  facet normal 0.7409511253549595 0.6715589548470179 7.835913283608262e-20
    outer loop
      vertex -0.7778174593052024 -0.7778174593052024 0
      vertex -0.8503114986990108 -0.6978326125800101 0
      vertex -0.8503114986990108 -0.6978326125800101 8
    endloop
  endfacet
  facet normal 0.6715589548470179 0.7409511253549595 0
    outer loop
      vertex -0.7778174593052024 -0.7778174593052024 0
      vertex -0.7778174593052024 -0.7778174593052024 8
      vertex -0.6978326125800101 -0.8503114986990108 0
    endloop
  endfacet
  facet normal 0.8032075314806456 0.5956993044924325 1.4882442038424782e-19
    outer loop
      vertex -0.8503114986990108 -0.6978326125800101 0
      vertex -0.9146165735327998 -0.6111272563215624 0
      vertex -0.9146165735327998 -0.6111272563215624 8
    endloop
  endfacet
  facet normal 0.5956993044924325 0.8032075314806456 0
    outer loop
      vertex -0.6978326125800101 -0.8503114986990108 0
      vertex -0.6978326125800101 -0.8503114986990108 8
      vertex -0.6111272563215624 -0.9146165735327998 0
    endloop
  endfacet
  facet normal 0.5141027441932222 0.8577286100002718 0
    outer loop
      vertex -0.6111272563215624 -0.9146165735327998 0
      vertex -0.6111272563215624 -0.9146165735327998 8
      vertex -0.5185364105085974 -0.9701133907831906 0
    endloop
  endfacet
  facet normal 0.9039892931234434 0.42755509343028175 7.536561863941402e-20
    outer loop
      vertex -1.0162674857624154 -0.4209517756015988 8
      vertex -0.9701133907831906 -0.5185364105085974 8
      vertex -0.9701133907831906 -0.5185364105085974 0
    endloop
  endfacet
  facet normal 0.9415440651830205 0.3368898533922208 0
    outer loop
      vertex -1.0162674857624154 -0.4209517756015988 0
      vertex -1.0526343693054299 -0.3193131449799086 8
      vertex -1.0162674857624154 -0.4209517756015988 8
    endloop
  endfacet
  facet normal 0.9700312531945441 0.24298017990326357 -2.02390339431653e-19
    outer loop
      vertex -1.0788638084435536 -0.2145993542177411 8
      vertex -1.0526343693054299 -0.3193131449799086 8
      vertex -1.0526343693054299 -0.3193131449799086 0
    endloop
  endfacet
  facet normal 0.9891765099647809 0.14673047445536258 -5.123739305043192e-20
    outer loop
      vertex -1.0947031993394167 -0.10781885436251668 8
      vertex -1.0788638084435536 -0.2145993542177411 8
      vertex -1.0788638084435536 -0.2145993542177411 0
    endloop
  endfacet
  facet normal 0.9987954562051724 0.04906767432741737 3.2454212578269146e-20
    outer loop
      vertex -1.1 0 8
      vertex -1.0947031993394167 -0.10781885436251668 8
      vertex -1.0947031993394167 -0.10781885436251668 0
    endloop
  endfacet
  facet normal 0.5141027441932222 0.8577286100002718 0
    outer loop
      vertex -0.5185364105085974 -0.9701133907831906 0
      vertex -0.6111272563215624 -0.9146165735327998 8
      vertex -0.5185364105085974 -0.9701133907831906 8
    endloop
  endfacet
  facet normal 0.42755509343028175 0.9039892931234434 0
    outer loop
      vertex -0.4209517756015988 -1.0162674857624154 0
      vertex -0.5185364105085974 -0.9701133907831906 8
      vertex -0.4209517756015988 -1.0162674857624154 8
    endloop
  endfacet
  facet normal 0.24298017990326357 0.9700312531945441 0
    outer loop
      vertex -0.2145993542177411 -1.0788638084435536 0
      vertex -0.3193131449799086 -1.0526343693054299 8
      vertex -0.2145993542177411 -1.0788638084435536 8
    endloop
  endfacet
  facet normal 0.3368898533922208 0.9415440651830205 0
    outer loop
      vertex -0.3193131449799086 -1.0526343693054299 0
      vertex -0.4209517756015988 -1.0162674857624154 8
      vertex -0.3193131449799086 -1.0526343693054299 8
    endloop
  endfacet
  facet normal 0.14673047445536258 0.9891765099647809 0
    outer loop
      vertex -0.10781885436251668 -1.0947031993394167 0
      vertex -0.2145993542177411 -1.0788638084435536 8
      vertex -0.10781885436251668 -1.0947031993394167 8
    endloop
  endfacet
  facet normal 0.04906767432741737 0.9987954562051724 0
    outer loop
      vertex 0 -1.1 0
      vertex -0.10781885436251668 -1.0947031993394167 8
      vertex 0 -1.1 8
    endloop
  endfacet
  facet normal 0.7409511253549595 0.6715589548470179 0
    outer loop
      vertex -0.7778174593052024 -0.7778174593052024 0
      vertex -0.8503114986990108 -0.6978326125800101 8
      vertex -0.7778174593052024 -0.7778174593052024 8
    endloop
  endfacet
  facet normal 0.6715589548470179 0.7409511253549595 0
    outer loop
      vertex -0.6978326125800101 -0.8503114986990108 0
      vertex -0.7778174593052024 -0.7778174593052024 8
      vertex -0.6978326125800101 -0.8503114986990108 8
    endloop
  endfacet
  facet normal 0.8032075314806456 0.5956993044924325 1.4882442038424782e-19
    outer loop
      vertex -0.9146165735327998 -0.6111272563215624 8
      vertex -0.8503114986990108 -0.6978326125800101 8
      vertex -0.8503114986990108 -0.6978326125800101 0
    endloop
  endfacet
  facet normal 0.8577286100002718 0.5141027441932222 -3.4324449735757233e-19
    outer loop
      vertex -0.9701133907831906 -0.5185364105085974 8
      vertex -0.9146165735327998 -0.6111272563215624 8
      vertex -0.9146165735327998 -0.6111272563215624 0
    endloop
  endfacet
  facet normal 0.5956993044924325 0.8032075314806456 0
    outer loop
      vertex -0.6111272563215624 -0.9146165735327998 0
      vertex -0.6978326125800101 -0.8503114986990108 8
      vertex -0.6111272563215624 -0.9146165735327998 8
    endloop
  endfacet
  facet normal 0.9987954562051724 -0.04906767432741737 0
    outer loop
      vertex -1.0947031993394167 0.10781885436251668 8
      vertex -1.1 0 0
      vertex -1.0947031993394167 0.10781885436251668 0
    endloop
  endfacet
  facet normal 0.9891765099647809 -0.14673047445536258 0
    outer loop
      vertex -1.0788638084435536 0.2145993542177411 8
      vertex -1.0947031993394167 0.10781885436251668 0
      vertex -1.0788638084435536 0.2145993542177411 0
    endloop
  endfacet
  facet normal 0.9700312531945441 -0.24298017990326357 0
    outer loop
      vertex -1.0526343693054299 0.3193131449799086 8
      vertex -1.0788638084435536 0.2145993542177411 0
      vertex -1.0526343693054299 0.3193131449799086 0
    endloop
  endfacet
  facet normal 0.9415440651830205 -0.3368898533922208 0
    outer loop
      vertex -1.0162674857624154 0.4209517756015988 8
      vertex -1.0526343693054299 0.3193131449799086 0
      vertex -1.0162674857624154 0.4209517756015988 0
    endloop
  endfacet
  facet normal 0.9039892931234434 -0.42755509343028175 -7.536561863941402e-20
    outer loop
      vertex -1.0162674857624154 0.4209517756015988 0
      vertex -0.9701133907831906 0.5185364105085974 0
      vertex -0.9701133907831906 0.5185364105085974 8
    endloop
  endfacet
  facet normal 0.8577286100002718 -0.5141027441932222 3.4324449735757233e-19
    outer loop
      vertex -0.9701133907831906 0.5185364105085974 0
      vertex -0.9146165735327998 0.6111272563215624 0
      vertex -0.9146165735327998 0.6111272563215624 8
    endloop
  endfacet
  facet normal 0.8032075314806456 -0.5956993044924325 0
    outer loop
      vertex -0.8503114986990108 0.6978326125800101 8
      vertex -0.9146165735327998 0.6111272563215624 0
      vertex -0.8503114986990108 0.6978326125800101 0
    endloop
  endfacet
  facet normal 0.7409511253549595 -0.6715589548470179 -7.835913283608262e-20
    outer loop
      vertex -0.8503114986990108 0.6978326125800101 0
      vertex -0.7778174593052024 0.7778174593052024 0
      vertex -0.7778174593052024 0.7778174593052024 8
    endloop
  endfacet
  facet normal 0.6715589548470179 -0.7409511253549595 0
    outer loop
      vertex -0.6978326125800101 0.8503114986990108 8
      vertex -0.7778174593052024 0.7778174593052024 0
      vertex -0.6978326125800101 0.8503114986990108 0
    endloop
  endfacet
  facet normal 0.5956993044924325 -0.8032075314806456 0
    outer loop
      vertex -0.6111272563215624 0.9146165735327998 0
      vertex -0.6111272563215624 0.9146165735327998 8
      vertex -0.6978326125800101 0.8503114986990108 0
    endloop
  endfacet
  facet normal 0.5141027441932222 -0.8577286100002718 0
    outer loop
      vertex -0.5185364105085974 0.9701133907831906 0
      vertex -0.5185364105085974 0.9701133907831906 8
      vertex -0.6111272563215624 0.9146165735327998 0
    endloop
  endfacet
  facet normal 0.42755509343028175 -0.9039892931234434 0
    outer loop
      vertex -0.4209517756015988 1.0162674857624154 0
      vertex -0.4209517756015988 1.0162674857624154 8
      vertex -0.5185364105085974 0.9701133907831906 0
    endloop
  endfacet
  facet normal 0.3368898533922208 -0.9415440651830205 0
    outer loop
      vertex -0.3193131449799086 1.0526343693054299 8
      vertex -0.4209517756015988 1.0162674857624154 0
      vertex -0.3193131449799086 1.0526343693054299 0
    endloop
  endfacet
  facet normal 0.24298017990326357 -0.9700312531945441 0
    outer loop
      vertex -0.2145993542177411 1.0788638084435536 0
      vertex -0.2145993542177411 1.0788638084435536 8
      vertex -0.3193131449799086 1.0526343693054299 0
    endloop
  endfacet
  facet normal 0.14673047445536258 -0.9891765099647809 0
    outer loop
      vertex -0.10781885436251668 1.0947031993394167 8
      vertex -0.2145993542177411 1.0788638084435536 0
      vertex -0.10781885436251668 1.0947031993394167 0
    endloop
  endfacet
  facet normal 0.04906767432741737 -0.9987954562051724 -3.2454212578269146e-20
    outer loop
      vertex -0.10781885436251668 1.0947031993394167 0
      vertex 0 1.1 0
      vertex 0 1.1 8
    endloop
  endfacet
  facet normal 0.9987954562051724 -0.04906767432741737 -3.2454212578269146e-20
    outer loop
      vertex -1.0947031993394167 0.10781885436251668 8
      vertex -1.1 0 8
      vertex -1.1 0 0
    endloop
  endfacet
  facet normal 0.9891765099647809 -0.14673047445536258 5.123739305043192e-20
    outer loop
      vertex -1.0788638084435536 0.2145993542177411 8
      vertex -1.0947031993394167 0.10781885436251668 8
      vertex -1.0947031993394167 0.10781885436251668 0
    endloop
  endfacet
  facet normal 0.9700312531945441 -0.24298017990326357 2.02390339431653e-19
    outer loop
      vertex -1.0526343693054299 0.3193131449799086 8
      vertex -1.0788638084435536 0.2145993542177411 8
      vertex -1.0788638084435536 0.2145993542177411 0
    endloop
  endfacet
  facet normal 0.9415440651830205 -0.3368898533922208 9.957907466117193e-20
    outer loop
      vertex -1.0162674857624154 0.4209517756015988 8
      vertex -1.0526343693054299 0.3193131449799086 8
      vertex -1.0526343693054299 0.3193131449799086 0
    endloop
  endfacet
  facet normal 0.9039892931234434 -0.42755509343028175 -7.536561863941402e-20
    outer loop
      vertex -0.9701133907831906 0.5185364105085974 8
      vertex -1.0162674857624154 0.4209517756015988 8
      vertex -1.0162674857624154 0.4209517756015988 0
    endloop
  endfacet
  facet normal 0.857728610000272 -0.5141027441932218 2.613802732603591e-20
    outer loop
      vertex -0.9647170224040302 0.5275397072254245 8
      vertex -0.9701133907831906 0.5185364105085974 8
      vertex -0.9701133907831906 0.5185364105085974 0
    endloop
  endfacet
  facet normal 0.8577286100002716 -0.5141027441932227 1.372327463596786e-18
    outer loop
      vertex -0.9647170224040302 0.5275397072254245 8
      vertex -0.9701133907831906 0.5185364105085974 0
      vertex -0.9514425888965229 0.5496867615439208 8
    endloop
  endfacet
  facet normal 0.8577286100002718 -0.5141027441932221 -1.4771827102271108e-18
    outer loop
      vertex -0.9514425888965229 0.5496867615439208 8
      vertex -0.9701133907831906 0.5185364105085974 0
      vertex -0.9146165735327998 0.6111272563215624 8
    endloop
  endfacet
  facet normal 0.8032075314806456 -0.5956993044924325 -1.4882442038424782e-19
    outer loop
      vertex -0.8503114986990108 0.6978326125800101 8
      vertex -0.9146165735327998 0.6111272563215624 8
      vertex -0.9146165735327998 0.6111272563215624 0
    endloop
  endfacet
  facet normal 0.7409511253549595 -0.6715589548470179 -7.835913283608262e-20
    outer loop
      vertex -0.7778174593052024 0.7778174593052024 8
      vertex -0.8503114986990108 0.6978326125800101 8
      vertex -0.8503114986990108 0.6978326125800101 0
    endloop
  endfacet
  facet normal 0.6715589548470179 -0.7409511253549595 0
    outer loop
      vertex -0.7778174593052024 0.7778174593052024 0
      vertex -0.6978326125800101 0.8503114986990108 8
      vertex -0.7778174593052024 0.7778174593052024 8
    endloop
  endfacet
  facet normal 0.5956993044924318 -0.803207531480646 0
    outer loop
      vertex -0.6978326125800101 0.8503114986990108 8
      vertex -0.6978326125800101 0.8503114986990108 0
      vertex -0.6564186105546185 0.8810262159244535 8
    endloop
  endfacet
  facet normal 0.595699304492433 -0.8032075314806452 -1.0117980992869902e-17
    outer loop
      vertex -0.6564186105546185 0.8810262159244535 8
      vertex -0.6978326125800101 0.8503114986990108 0
      vertex -0.6111272563215624 0.9146165735327998 8
    endloop
  endfacet
  facet normal 0.5141027441932189 -0.8577286100002738 0
    outer loop
      vertex -0.6111272563215624 0.9146165735327998 0
      vertex -0.6034077724520247 0.9192434541041303 8
      vertex -0.6111272563215624 0.9146165735327998 8
    endloop
  endfacet
  facet normal 0.5141027441932225 -0.8577286100002717 -4.73166876175741e-18
    outer loop
      vertex -0.6034077724520247 0.9192434541041303 8
      vertex -0.6111272563215624 0.9146165735327998 0
      vertex -0.5185364105085974 0.9701133907831906 8
    endloop
  endfacet
  facet normal 0.42755509343028175 -0.9039892931234434 0
    outer loop
      vertex -0.5185364105085974 0.9701133907831906 0
      vertex -0.4209517756015988 1.0162674857624154 8
      vertex -0.5185364105085974 0.9701133907831906 8
    endloop
  endfacet
  facet normal 0.3368898533922208 -0.9415440651830205 0
    outer loop
      vertex -0.4209517756015988 1.0162674857624154 0
      vertex -0.3193131449799086 1.0526343693054299 8
      vertex -0.4209517756015988 1.0162674857624154 8
    endloop
  endfacet
  facet normal 0.24298017990326612 -0.9700312531945435 0
    outer loop
      vertex -0.3193131449799086 1.0526343693054299 8
      vertex -0.3193131449799086 1.0526343693054299 0
      vertex -0.3043513399359299 1.056382106369871 8
    endloop
  endfacet
  facet normal 0.24298017990326423 -0.970031253194544 3.719661491040326e-18
    outer loop
      vertex -0.3043513399359299 1.056382106369871 8
      vertex -0.3193131449799086 1.0526343693054299 0
      vertex -0.2393782888315458 1.0726570084353626 8
    endloop
  endfacet
  facet normal 0.2429801799032602 -0.9700312531945449 4.63594593397777e-17
    outer loop
      vertex -0.2393782888315458 1.0726570084353626 8
      vertex -0.3193131449799086 1.0526343693054299 0
      vertex -0.2145993542177411 1.0788638084435536 8
    endloop
  endfacet
  facet normal 0.14673047445536258 -0.9891765099647809 0
    outer loop
      vertex -0.2145993542177411 1.0788638084435536 0
      vertex -0.10781885436251668 1.0947031993394167 8
      vertex -0.2145993542177411 1.0788638084435536 8
    endloop
  endfacet
  facet normal 0.04906767432741737 -0.9987954562051724 -3.2454212578269146e-20
    outer loop
      vertex 0 1.1 8
      vertex -0.10781885436251668 1.0947031993394167 8
      vertex -0.10781885436251668 1.0947031993394167 0
    endloop
  endfacet
  facet normal -0.04906767432741737 0.9987954562051724 0
    outer loop
      vertex 0 -1.1 0
      vertex 0 -1.1 8
      vertex 0.10781885436251668 -1.0947031993394167 0
    endloop
  endfacet
  facet normal -0.14673047445536258 0.9891765099647809 0
    outer loop
      vertex 0.10781885436251668 -1.0947031993394167 0
      vertex 0.10781885436251668 -1.0947031993394167 8
      vertex 0.2145993542177411 -1.0788638084435536 0
    endloop
  endfacet
  facet normal -0.24298017990326357 0.9700312531945441 0
    outer loop
      vertex 0.2145993542177411 -1.0788638084435536 8
      vertex 0.3193131449799086 -1.0526343693054299 0
      vertex 0.2145993542177411 -1.0788638084435536 0
    endloop
  endfacet
  facet normal -0.3368898533922208 0.9415440651830205 0
    outer loop
      vertex 0.3193131449799086 -1.0526343693054299 0
      vertex 0.3193131449799086 -1.0526343693054299 8
      vertex 0.4209517756015988 -1.0162674857624154 0
    endloop
  endfacet
  facet normal -0.42755509343028175 0.9039892931234434 0
    outer loop
      vertex 0.4209517756015988 -1.0162674857624154 0
      vertex 0.4209517756015988 -1.0162674857624154 8
      vertex 0.5185364105085974 -0.9701133907831906 0
    endloop
  endfacet
  facet normal -0.5141027441932222 0.8577286100002718 0
    outer loop
      vertex 0.5185364105085974 -0.9701133907831906 0
      vertex 0.5185364105085974 -0.9701133907831906 8
      vertex 0.6111272563215624 -0.9146165735327998 0
    endloop
  endfacet
  facet normal -0.5956993044924325 0.8032075314806456 0
    outer loop
      vertex 0.6111272563215624 -0.9146165735327998 8
      vertex 0.6978326125800101 -0.8503114986990108 0
      vertex 0.6111272563215624 -0.9146165735327998 0
    endloop
  endfacet
  facet normal -0.6715589548470179 0.7409511253549595 0
    outer loop
      vertex 0.6978326125800101 -0.8503114986990108 0
      vertex 0.6978326125800101 -0.8503114986990108 8
      vertex 0.7778174593052024 -0.7778174593052024 0
    endloop
  endfacet
  facet normal -0.7409511253549595 0.6715589548470179 -7.835913283608262e-20
    outer loop
      vertex 0.8503114986990108 -0.6978326125800101 0
      vertex 0.7778174593052024 -0.7778174593052024 0
      vertex 0.7778174593052024 -0.7778174593052024 8
    endloop
  endfacet
  facet normal -0.8032075314806456 0.5956993044924325 -1.4882442038424782e-19
    outer loop
      vertex 0.9146165735327998 -0.6111272563215624 0
      vertex 0.8503114986990108 -0.6978326125800101 0
      vertex 0.8503114986990108 -0.6978326125800101 8
    endloop
  endfacet
  facet normal -0.8577286100002718 0.5141027441932222 3.4324449735757233e-19
    outer loop
      vertex 0.9701133907831906 -0.5185364105085974 0
      vertex 0.9146165735327998 -0.6111272563215624 0
      vertex 0.9146165735327998 -0.6111272563215624 8
    endloop
  endfacet
  facet normal -0.9039892931234434 0.42755509343028175 -7.536561863941402e-20
    outer loop
      vertex 1.0162674857624154 -0.4209517756015988 0
      vertex 0.9701133907831906 -0.5185364105085974 0
      vertex 0.9701133907831906 -0.5185364105085974 8
    endloop
  endfacet
  facet normal -0.9415440651830205 0.3368898533922208 9.957907466117193e-20
    outer loop
      vertex 1.0526343693054299 -0.3193131449799086 0
      vertex 1.0162674857624154 -0.4209517756015988 0
      vertex 1.0162674857624154 -0.4209517756015988 8
    endloop
  endfacet
  facet normal -0.9700312531945441 0.24298017990326357 2.02390339431653e-19
    outer loop
      vertex 1.0788638084435536 -0.2145993542177411 0
      vertex 1.0526343693054299 -0.3193131449799086 0
      vertex 1.0526343693054299 -0.3193131449799086 8
    endloop
  endfacet
  facet normal -0.9891765099647809 0.14673047445536258 5.123739305043192e-20
    outer loop
      vertex 1.0947031993394167 -0.10781885436251668 0
      vertex 1.0788638084435536 -0.2145993542177411 0
      vertex 1.0788638084435536 -0.2145993542177411 8
    endloop
  endfacet
  facet normal -0.9987954562051724 0.04906767432741737 0
    outer loop
      vertex 1.0947031993394167 -0.10781885436251668 0
      vertex 1.0947031993394167 -0.10781885436251668 8
      vertex 1.1 0 0
    endloop
  endfacet
  facet normal -0.04906767432741737 0.9987954562051724 0
    outer loop
      vertex 0.10781885436251668 -1.0947031993394167 0
      vertex 0 -1.1 8
      vertex 0.10781885436251668 -1.0947031993394167 8
    endloop
  endfacet
  facet normal -0.14673047445536258 0.9891765099647809 0
    outer loop
      vertex 0.2145993542177411 -1.0788638084435536 8
      vertex 0.2145993542177411 -1.0788638084435536 0
      vertex 0.10781885436251668 -1.0947031993394167 8
    endloop
  endfacet
  facet normal -0.2429801799032602 0.9700312531945449 4.63594593397777e-17
    outer loop
      vertex 0.2393782888315458 -1.0726570084353626 8
      vertex 0.3193131449799086 -1.0526343693054299 0
      vertex 0.2145993542177411 -1.0788638084435536 8
    endloop
  endfacet
  facet normal -0.24298017990326423 0.970031253194544 3.602677904144741e-18
    outer loop
      vertex 0.2393782888315458 -1.0726570084353626 8
      vertex 0.3043513399359299 -1.056382106369871 8
      vertex 0.3193131449799086 -1.0526343693054299 0
    endloop
  endfacet
  facet normal -0.24298017990326612 0.9700312531945435 0
    outer loop
      vertex 0.3193131449799086 -1.0526343693054299 0
      vertex 0.3043513399359299 -1.056382106369871 8
      vertex 0.3193131449799086 -1.0526343693054299 8
    endloop
  endfacet
  facet normal -0.3368898533922208 0.9415440651830205 0
    outer loop
      vertex 0.4209517756015988 -1.0162674857624154 0
      vertex 0.3193131449799086 -1.0526343693054299 8
      vertex 0.4209517756015988 -1.0162674857624154 8
    endloop
  endfacet
  facet normal -0.42755509343028175 0.9039892931234434 0
    outer loop
      vertex 0.5185364105085974 -0.9701133907831906 0
      vertex 0.4209517756015988 -1.0162674857624154 8
      vertex 0.5185364105085974 -0.9701133907831906 8
    endloop
  endfacet
  facet normal -0.5141027441932225 0.8577286100002717 -4.73166876175741e-18
    outer loop
      vertex 0.6034077724520247 -0.9192434541041303 8
      vertex 0.6111272563215624 -0.9146165735327998 0
      vertex 0.5185364105085974 -0.9701133907831906 8
    endloop
  endfacet
  facet normal -0.5141027441932189 0.8577286100002738 0
    outer loop
      vertex 0.6111272563215624 -0.9146165735327998 8
      vertex 0.6111272563215624 -0.9146165735327998 0
      vertex 0.6034077724520247 -0.9192434541041303 8
    endloop
  endfacet
  facet normal -0.595699304492433 0.8032075314806452 -1.0117980992869902e-17
    outer loop
      vertex 0.6564186105546185 -0.8810262159244535 8
      vertex 0.6978326125800101 -0.8503114986990108 0
      vertex 0.6111272563215624 -0.9146165735327998 8
    endloop
  endfacet
  facet normal -0.5956993044924318 0.803207531480646 0
    outer loop
      vertex 0.6978326125800101 -0.8503114986990108 0
      vertex 0.6564186105546185 -0.8810262159244535 8
      vertex 0.6978326125800101 -0.8503114986990108 8
    endloop
  endfacet
  facet normal -0.6715589548470179 0.7409511253549595 0
    outer loop
      vertex 0.7778174593052024 -0.7778174593052024 8
      vertex 0.7778174593052024 -0.7778174593052024 0
      vertex 0.6978326125800101 -0.8503114986990108 8
    endloop
  endfacet
  facet normal -0.7409511253549595 0.6715589548470179 0
    outer loop
      vertex 0.8503114986990108 -0.6978326125800101 0
      vertex 0.7778174593052024 -0.7778174593052024 8
      vertex 0.8503114986990108 -0.6978326125800101 8
    endloop
  endfacet
  facet normal -0.8032075314806456 0.5956993044924325 -1.4882442038424782e-19
    outer loop
      vertex 0.8503114986990108 -0.6978326125800101 8
      vertex 0.9146165735327998 -0.6111272563215624 8
      vertex 0.9146165735327998 -0.6111272563215624 0
    endloop
  endfacet
  facet normal -0.8577286100002718 0.5141027441932221 -1.4771827102271108e-18
    outer loop
      vertex 0.9514425888965229 -0.5496867615439208 8
      vertex 0.9701133907831906 -0.5185364105085974 0
      vertex 0.9146165735327998 -0.6111272563215624 8
    endloop
  endfacet
  facet normal -0.8577286100002716 0.5141027441932227 1.2961766934774235e-18
    outer loop
      vertex 0.9514425888965229 -0.5496867615439208 8
      vertex 0.9647170224040302 -0.5275397072254245 8
      vertex 0.9701133907831906 -0.5185364105085974 0
    endloop
  endfacet
  facet normal -0.857728610000272 0.5141027441932218 2.613802732603591e-20
    outer loop
      vertex 0.9647170224040302 -0.5275397072254245 8
      vertex 0.9701133907831906 -0.5185364105085974 8
      vertex 0.9701133907831906 -0.5185364105085974 0
    endloop
  endfacet
  facet normal -0.9039892931234434 0.42755509343028175 0
    outer loop
      vertex 1.0162674857624154 -0.4209517756015988 0
      vertex 0.9701133907831906 -0.5185364105085974 8
      vertex 1.0162674857624154 -0.4209517756015988 8
    endloop
  endfacet
  facet normal -0.9415440651830205 0.3368898533922208 0
    outer loop
      vertex 1.0526343693054299 -0.3193131449799086 0
      vertex 1.0162674857624154 -0.4209517756015988 8
      vertex 1.0526343693054299 -0.3193131449799086 8
    endloop
  endfacet
  facet normal -0.9700312531945441 0.24298017990326357 0
    outer loop
      vertex 1.0788638084435536 -0.2145993542177411 0
      vertex 1.0526343693054299 -0.3193131449799086 8
      vertex 1.0788638084435536 -0.2145993542177411 8
    endloop
  endfacet
  facet normal -0.9891765099647809 0.14673047445536258 0
    outer loop
      vertex 1.0947031993394167 -0.10781885436251668 0
      vertex 1.0788638084435536 -0.2145993542177411 8
      vertex 1.0947031993394167 -0.10781885436251668 8
    endloop
  endfacet
  facet normal -0.9987954562051724 0.04906767432741737 0
    outer loop
      vertex 1.1 0 0
      vertex 1.0947031993394167 -0.10781885436251668 8
      vertex 1.1 0 8
    endloop
  endfacet
  facet normal -0.5141027441932222 -0.8577286100002718 0
    outer loop
      vertex 0.6111272563215624 0.9146165735327998 0
      vertex 0.6111272563215624 0.9146165735327998 8
      vertex 0.5185364105085974 0.9701133907831906 0
    endloop
  endfacet
  facet normal -0.5956993044924325 -0.8032075314806456 0
    outer loop
      vertex 0.6978326125800101 0.8503114986990108 0
      vertex 0.6978326125800101 0.8503114986990108 8
      vertex 0.6111272563215624 0.9146165735327998 0
    endloop
  endfacet
  facet normal -0.8032075314806456 -0.5956993044924325 1.4882442038424782e-19
    outer loop
      vertex 0.8503114986990108 0.6978326125800101 0
      vertex 0.9146165735327998 0.6111272563215624 0
      vertex 0.9146165735327998 0.6111272563215624 8
    endloop
  endfacet
  facet normal -0.6715589548470179 -0.7409511253549595 7.835913283608262e-20
    outer loop
      vertex 0.6978326125800101 0.8503114986990108 0
      vertex 0.7778174593052024 0.7778174593052024 0
      vertex 0.7778174593052024 0.7778174593052024 8
    endloop
  endfacet
  facet normal -0.7409511253549595 -0.6715589548470179 7.835913283608262e-20
    outer loop
      vertex 0.7778174593052024 0.7778174593052024 0
      vertex 0.8503114986990108 0.6978326125800101 0
      vertex 0.8503114986990108 0.6978326125800101 8
    endloop
  endfacet
  facet normal -0.04906767432741737 -0.9987954562051724 0
    outer loop
      vertex 0.10781885436251668 1.0947031993394167 8
      vertex 0 1.1 0
      vertex 0.10781885436251668 1.0947031993394167 0
    endloop
  endfacet
  facet normal -0.14673047445536258 -0.9891765099647809 0
    outer loop
      vertex 0.2145993542177411 1.0788638084435536 0
      vertex 0.2145993542177411 1.0788638084435536 8
      vertex 0.10781885436251668 1.0947031993394167 0
    endloop
  endfacet
  facet normal -0.24298017990326357 -0.9700312531945441 0
    outer loop
      vertex 0.3193131449799086 1.0526343693054299 0
      vertex 0.3193131449799086 1.0526343693054299 8
      vertex 0.2145993542177411 1.0788638084435536 0
    endloop
  endfacet
  facet normal -0.3368898533922208 -0.9415440651830205 0
    outer loop
      vertex 0.4209517756015988 1.0162674857624154 0
      vertex 0.4209517756015988 1.0162674857624154 8
      vertex 0.3193131449799086 1.0526343693054299 0
    endloop
  endfacet
  facet normal -0.42755509343028175 -0.9039892931234434 0
    outer loop
      vertex 0.5185364105085974 0.9701133907831906 0
      vertex 0.5185364105085974 0.9701133907831906 8
      vertex 0.4209517756015988 1.0162674857624154 0
    endloop
  endfacet
  facet normal -0.9987954562051724 -0.04906767432741737 0
    outer loop
      vertex 1.1 0 0
      vertex 1.1 0 8
      vertex 1.0947031993394167 0.10781885436251668 0
    endloop
  endfacet
  facet normal -0.9891765099647809 -0.14673047445536258 -5.123739305043192e-20
    outer loop
      vertex 1.0788638084435536 0.2145993542177411 0
      vertex 1.0947031993394167 0.10781885436251668 0
      vertex 1.0947031993394167 0.10781885436251668 8
    endloop
  endfacet
  facet normal -0.9415440651830205 -0.3368898533922208 -9.957907466117193e-20
    outer loop
      vertex 1.0162674857624154 0.4209517756015988 0
      vertex 1.0526343693054299 0.3193131449799086 0
      vertex 1.0526343693054299 0.3193131449799086 8
    endloop
  endfacet
  facet normal -0.9039892931234434 -0.42755509343028175 7.536561863941402e-20
    outer loop
      vertex 0.9701133907831906 0.5185364105085974 0
      vertex 1.0162674857624154 0.4209517756015988 0
      vertex 1.0162674857624154 0.4209517756015988 8
    endloop
  endfacet
  facet normal -0.9700312531945441 -0.24298017990326357 -2.02390339431653e-19
    outer loop
      vertex 1.0526343693054299 0.3193131449799086 0
      vertex 1.0788638084435536 0.2145993542177411 0
      vertex 1.0788638084435536 0.2145993542177411 8
    endloop
  endfacet
  facet normal -0.8577286100002718 -0.5141027441932222 -3.4324449735757233e-19
    outer loop
      vertex 0.9146165735327998 0.6111272563215624 0
      vertex 0.9701133907831906 0.5185364105085974 0
      vertex 0.9701133907831906 0.5185364105085974 8
    endloop
  endfacet
  facet normal -0.5956993044924325 -0.8032075314806456 0
    outer loop
      vertex 0.6111272563215624 0.9146165735327998 0
      vertex 0.6978326125800101 0.8503114986990108 8
      vertex 0.6111272563215624 0.9146165735327998 8
    endloop
  endfacet
  facet normal -0.8577286100002718 -0.5141027441932222 0
    outer loop
      vertex 0.9146165735327998 0.6111272563215624 0
      vertex 0.9701133907831906 0.5185364105085974 8
      vertex 0.9146165735327998 0.6111272563215624 8
    endloop
  endfacet
  facet normal -0.8032075314806456 -0.5956993044924325 0
    outer loop
      vertex 0.8503114986990108 0.6978326125800101 0
      vertex 0.9146165735327998 0.6111272563215624 8
      vertex 0.8503114986990108 0.6978326125800101 8
    endloop
  endfacet
  facet normal -0.6715589548470179 -0.7409511253549595 0
    outer loop
      vertex 0.6978326125800101 0.8503114986990108 0
      vertex 0.7778174593052024 0.7778174593052024 8
      vertex 0.6978326125800101 0.8503114986990108 8
    endloop
  endfacet
  facet normal -0.7409511253549595 -0.6715589548470179 0
    outer loop
      vertex 0.7778174593052024 0.7778174593052024 0
      vertex 0.8503114986990108 0.6978326125800101 8
      vertex 0.7778174593052024 0.7778174593052024 8
    endloop
  endfacet
  facet normal -0.04906767432741737 -0.9987954562051724 0
    outer loop
      vertex 0 1.1 0
      vertex 0.10781885436251668 1.0947031993394167 8
      vertex 0 1.1 8
    endloop
  endfacet
  facet normal -0.14673047445536258 -0.9891765099647809 0
    outer loop
      vertex 0.10781885436251668 1.0947031993394167 8
      vertex 0.10781885436251668 1.0947031993394167 0
      vertex 0.2145993542177411 1.0788638084435536 8
    endloop
  endfacet
  facet normal -0.3368898533922208 -0.9415440651830205 0
    outer loop
      vertex 0.3193131449799086 1.0526343693054299 0
      vertex 0.4209517756015988 1.0162674857624154 8
      vertex 0.3193131449799086 1.0526343693054299 8
    endloop
  endfacet
  facet normal -0.24298017990326357 -0.9700312531945441 0
    outer loop
      vertex 0.2145993542177411 1.0788638084435536 0
      vertex 0.3193131449799086 1.0526343693054299 8
      vertex 0.2145993542177411 1.0788638084435536 8
    endloop
  endfacet
  facet normal -0.42755509343028175 -0.9039892931234434 0
    outer loop
      vertex 0.4209517756015988 1.0162674857624154 0
      vertex 0.5185364105085974 0.9701133907831906 8
      vertex 0.4209517756015988 1.0162674857624154 8
    endloop
  endfacet
  facet normal -0.5141027441932222 -0.8577286100002718 0
    outer loop
      vertex 0.5185364105085974 0.9701133907831906 0
      vertex 0.6111272563215624 0.9146165735327998 8
      vertex 0.5185364105085974 0.9701133907831906 8
    endloop
  endfacet
  facet normal -0.9987954562051724 -0.04906767432741737 0
    outer loop
      vertex 1.0947031993394167 0.10781885436251668 0
      vertex 1.1 0 8
      vertex 1.0947031993394167 0.10781885436251668 8
    endloop
  endfacet
  facet normal -0.9891765099647809 -0.14673047445536258 0
    outer loop
      vertex 1.0788638084435536 0.2145993542177411 0
      vertex 1.0947031993394167 0.10781885436251668 8
      vertex 1.0788638084435536 0.2145993542177411 8
    endloop
  endfacet
  facet normal -0.9700312531945441 -0.24298017990326357 0
    outer loop
      vertex 1.0526343693054299 0.3193131449799086 0
      vertex 1.0788638084435536 0.2145993542177411 8
      vertex 1.0526343693054299 0.3193131449799086 8
    endloop
  endfacet
  facet normal -0.9415440651830205 -0.3368898533922208 -9.957907466117193e-20
    outer loop
      vertex 1.0526343693054299 0.3193131449799086 8
      vertex 1.0162674857624154 0.4209517756015988 8
      vertex 1.0162674857624154 0.4209517756015988 0
    endloop
  endfacet
  facet normal -0.9039892931234434 -0.42755509343028175 7.536561863941402e-20
    outer loop
      vertex 1.0162674857624154 0.4209517756015988 8
      vertex 0.9701133907831906 0.5185364105085974 8
      vertex 0.9701133907831906 0.5185364105085974 0
    endloop
  endfacet
endsolid OpenSCAD_Model
