solid OpenSCAD_Model
  facet normal 0 0 -1
    outer loop
      vertex 0 0 -3
      vertex 0 65 -3
      vertex 2.4 2.4 -3
    endloop
  endfacet
  facet normal -1 0 0
    outer loop
      vertex 0 0 -3
      vertex 0 0 0
      vertex 0 65 0
    endloop
  endfacet
  facet normal 0 0 -1
    outer loop
      vertex 0 0 -3
      vertex 2.4 2.4 -3
      vertex 115.60000000000001 2.4 -3
    endloop
  endfacet
  facet normal 0 -1 0
    outer loop
      vertex 0 0 -3
      vertex 118 0 0
      vertex 0 0 0
    endloop
  endfacet
  facet normal 0 0 -1
    outer loop
      vertex 2.4 2.4 -3
      vertex 0 65 -3
      vertex 2.4 62.6 -3
    endloop
  endfacet
  facet normal -1 0 0
    outer loop
      vertex 0 0 -3
      vertex 0 65 0
      vertex 0 65 -3
    endloop
  endfacet
  facet normal 0 0 -1
    outer loop
      vertex 2.4 62.6 -3
      vertex 0 65 -3
      vertex 118 65 -3
    endloop
  endfacet
  facet normal 0 1 0
    outer loop
      vertex 0 65 -3
      vertex 0 65 0
      vertex 118 65 -3
    endloop
  endfacet
  facet normal 0 0 -1
    outer loop
      vertex 0 0 -3
      vertex 115.60000000000001 2.4 -3
      vertex 118 0 -3
    endloop
  endfacet
  facet normal 0 -1 0
    outer loop
      vertex 0 0 -3
      vertex 118 0 -3
      vertex 118 0 0
    endloop
  endfacet
  facet normal 0 0 -1
    outer loop
      vertex 118 0 -3
      vertex 115.60000000000001 2.4 -3
      vertex 115.60000000000001 62.6 -3
    endloop
  endfacet
  facet normal 1 0 0
    outer loop
      vertex 118 0 -3
      vertex 118 65 -3
      vertex 118 0 0
    endloop
  endfacet
  facet normal 0 0 -1
    outer loop
      vertex 2.4 62.6 -3
      vertex 118 65 -3
      vertex 115.60000000000001 62.6 -3
    endloop
  endfacet
  facet normal 0 1 0
    outer loop
      vertex 0 65 0
      vertex 118 65 0
      vertex 118 65 -3
    endloop
  endfacet
  facet normal 0 0 -1
    outer loop
      vertex 118 0 -3
      vertex 115.60000000000001 62.6 -3
      vertex 118 65 -3
    endloop
  endfacet
  facet normal 1 0 0
    outer loop
      vertex 118 0 0
      vertex 118 65 -3
      vertex 118 65 0
    endloop
  endfacet
  facet normal 1 0 0
    outer loop
      vertex 2.4 2.4 -3
      vertex 2.4 62.6 0
      vertex 2.4 2.4 0
    endloop
  endfacet
  facet normal 0 1 0
    outer loop
      vertex 2.4 2.4 -3
      vertex 2.4 2.4 0
      vertex 115.60000000000001 2.4 -3
    endloop
  endfacet
  facet normal 1 0 0
    outer loop
      vertex 2.4 2.4 -3
      vertex 2.4 62.6 -3
      vertex 2.4 62.6 0
    endloop
  endfacet
  facet normal 0 -1 0
    outer loop
      vertex 2.4 62.6 -3
      vertex 115.60000000000001 62.6 0
      vertex 2.4 62.6 0
    endloop
  endfacet
  facet normal 0 1 0
    outer loop
      vertex 2.4 2.4 0
      vertex 115.60000000000001 2.4 0
      vertex 115.60000000000001 2.4 -3
    endloop
  endfacet
  facet normal -1 0 0
    outer loop
      vertex 115.60000000000001 2.4 -3
      vertex 115.60000000000001 2.4 0
      vertex 115.60000000000001 62.6 -3
    endloop
  endfacet
  facet normal 0 -1 0
    outer loop
      vertex 2.4 62.6 -3
      vertex 115.60000000000001 62.6 -3
      vertex 115.60000000000001 62.6 0
    endloop
  endfacet
  facet normal -1 0 0
    outer loop
      vertex 115.60000000000001 2.4 0
      vertex 115.60000000000001 62.6 0
      vertex 115.60000000000001 62.6 -3
    endloop
  endfacet
  facet normal -1 0 0
    outer loop
      vertex 0 0 0
      vertex 0 0 2.4
      vertex 0 65 2.4
    endloop
  endfacet
  facet normal 0 0 -1
    outer loop
      vertex 2.4 2.4 0
      vertex 86.46913421348985 20.969134213489856 0
      vertex 86.6581893057494 20.797784665831763 0
    endloop
  endfacet
  facet normal 0 0 -1
    outer loop
      vertex 2.4 2.4 0
      vertex 87.08198032882729 20.514616557269157 0
      vertex 87.31263492042565 20.405525060045534 0
    endloop
  endfacet
  facet normal 0 0 -1
    outer loop
      vertex 2.4 2.4 0
      vertex 86.6581893057494 20.797784665831763 0
      vertex 86.86312923872391 20.645790852588263 0
    endloop
  endfacet
  facet normal 0 0 -1
    outer loop
      vertex 2.4 2.4 0
      vertex 86.86312923872391 20.645790852588263 0
      vertex 87.08198032882729 20.514616557269157 0
    endloop
  endfacet
  facet normal 0 0 -1
    outer loop
      vertex 2.4 2.4 0
      vertex 86.14579085258826 21.363129238723914 0
      vertex 86.29778466583176 21.1581893057494 0
    endloop
  endfacet
  facet normal 0 0 -1
    outer loop
      vertex 2.4 2.4 0
      vertex 86.29778466583176 21.1581893057494 0
      vertex 86.46913421348985 20.969134213489856 0
    endloop
  endfacet
  facet normal 0 0 -1
    outer loop
      vertex 2.4 2.4 0
      vertex 86.01461655726915 21.581980328827285 0
      vertex 86.14579085258826 21.363129238723914 0
    endloop
  endfacet
  facet normal 0 0 -1
    outer loop
      vertex 2.4 2.4 0
      vertex 85.81956697167114 22.052871683713278 0
      vertex 85.90552506004553 21.812634920425644 0
    endloop
  endfacet
  facet normal 0 0 -1
    outer loop
      vertex 2.4 2.4 0
      vertex 85.75757011552648 22.300377007332944 0
      vertex 85.81956697167114 22.052871683713278 0
    endloop
  endfacet
  facet normal 0 0 -1
    outer loop
      vertex 2.4 2.4 0
      vertex 85.72013155522717 22.552767279718022 0
      vertex 85.75757011552648 22.300377007332944 0
    endloop
  endfacet
  facet normal 0 0 -1
    outer loop
      vertex 2.4 2.4 0
      vertex 85.70761184457488 22.80761184457488 0
      vertex 85.72013155522717 22.552767279718022 0
    endloop
  endfacet
  facet normal 0 0 -1
    outer loop
      vertex 2.4 2.4 0
      vertex 85.90552506004553 21.812634920425644 0
      vertex 86.01461655726915 21.581980328827285 0
    endloop
  endfacet
  facet normal 0 -1 0
    outer loop
      vertex 0 0 0
      vertex 118 0 2.4
      vertex 0 0 2.4
    endloop
  endfacet
  facet normal 0 0 -1
    outer loop
      vertex 2.4 2.4 0
      vertex 82.09791321547065 31.005023075850765 0
      vertex 85.70761184457488 22.80761184457488 0
    endloop
  endfacet
  facet normal 0 0 -1
    outer loop
      vertex 2.4 2.4 0
      vertex 82.01195512709626 31.2452598391384 0
      vertex 82.09791321547065 31.005023075850765 0
    endloop
  endfacet
  facet normal 0 0 -1
    outer loop
      vertex 2.4 2.4 0
      vertex 81.9499582709516 31.492765162758065 0
      vertex 82.01195512709626 31.2452598391384 0
    endloop
  endfacet
  facet normal 0 0 -1
    outer loop
      vertex 2.4 2.4 0
      vertex 81.91251971065229 31.745155435143143 0
      vertex 81.9499582709516 31.492765162758065 0
    endloop
  endfacet
  facet normal 0 0 -1
    outer loop
      vertex 2.4 2.4 0
      vertex 81.9 32 0
      vertex 81.91251971065229 31.745155435143143 0
    endloop
  endfacet
  facet normal 0 0 -1
    outer loop
      vertex 2.4 2.4 0
      vertex 81.91251971065229 32.25484456485686 0
      vertex 81.9 32 0
    endloop
  endfacet
  facet normal 0 0 -1
    outer loop
      vertex 2.4 2.4 0
      vertex 81.9499582709516 32.50723483724193 0
      vertex 81.91251971065229 32.25484456485686 0
    endloop
  endfacet
  facet normal 0 0 -1
    outer loop
      vertex 2.4 2.4 0
      vertex 82.01195512709626 32.7547401608616 0
      vertex 81.9499582709516 32.50723483724193 0
    endloop
  endfacet
  facet normal 0 0 -1
    outer loop
      vertex 2.4 2.4 0
      vertex 82.09791321547065 32.994976924149235 0
      vertex 82.01195512709626 32.7547401608616 0
    endloop
  endfacet
  facet normal 0 0 -1
    outer loop
      vertex 2.4 2.4 0
      vertex 82.20700471269427 33.225631515747594 0
      vertex 82.09791321547065 32.994976924149235 0
    endloop
  endfacet
  facet normal 0 0 -1
    outer loop
      vertex 2.4 2.4 0
      vertex 82.33817900801338 33.444482605850965 0
      vertex 82.20700471269427 33.225631515747594 0
    endloop
  endfacet
  facet normal 0 0 -1
    outer loop
      vertex 2.4 2.4 0
      vertex 82.49017282125688 33.649422538825476 0
      vertex 82.33817900801338 33.444482605850965 0
    endloop
  endfacet
  facet normal 0 0 -1
    outer loop
      vertex 2.4 2.4 0
      vertex 82.66152236891497 33.83847763108503 0
      vertex 82.49017282125688 33.649422538825476 0
    endloop
  endfacet
  facet normal 0 0 -1
    outer loop
      vertex 2.4 2.4 0
      vertex 82.85057746117452 34.009827178743116 0
      vertex 82.66152236891497 33.83847763108503 0
    endloop
  endfacet
  facet normal 0 0 -1
    outer loop
      vertex 2.4 2.4 0
      vertex 88.30761184457488 38.59238815542512 0
      vertex 82.85057746117452 34.009827178743116 0
    endloop
  endfacet
  facet normal 0 0 -1
    outer loop
      vertex 2.4 2.4 0
      vertex 86.6581893057494 39.182560976682005 0
      vertex 86.86312923872391 39.030567163438505 0
    endloop
  endfacet
  facet normal 0 0 -1
    outer loop
      vertex 2.4 2.4 0
      vertex 86.86312923872391 39.030567163438505 0
      vertex 87.08198032882729 38.8993928681194 0
    endloop
  endfacet
  facet normal 0 0 -1
    outer loop
      vertex 2.4 2.4 0
      vertex 87.08198032882729 38.8993928681194 0
      vertex 87.31263492042565 38.790301370895776 0
    endloop
  endfacet
  facet normal 0 0 -1
    outer loop
      vertex 2.4 2.4 0
      vertex 86.46913421348985 39.353910524340094 0
      vertex 86.6581893057494 39.182560976682005 0
    endloop
  endfacet
  facet normal 0 0 -1
    outer loop
      vertex 2.4 2.4 0
      vertex 86.29778466583176 39.542965616599645 0
      vertex 86.46913421348985 39.353910524340094 0
    endloop
  endfacet
  facet normal 0 0 -1
    outer loop
      vertex 2.4 2.4 0
      vertex 86.14579085258826 39.747905549574156 0
      vertex 86.29778466583176 39.542965616599645 0
    endloop
  endfacet
  facet normal 0 0 -1
    outer loop
      vertex 2.4 2.4 0
      vertex 86.01461655726915 39.96675663967753 0
      vertex 86.14579085258826 39.747905549574156 0
    endloop
  endfacet
  facet normal 0 0 -1
    outer loop
      vertex 2.4 2.4 0
      vertex 85.81956697167114 40.43764799456352 0
      vertex 85.90552506004553 40.197411231275886 0
    endloop
  endfacet
  facet normal 0 0 -1
    outer loop
      vertex 2.4 2.4 0
      vertex 85.75757011552648 40.68515331818319 0
      vertex 85.81956697167114 40.43764799456352 0
    endloop
  endfacet
  facet normal 0 0 -1
    outer loop
      vertex 2.4 2.4 0
      vertex 85.72013155522717 40.93754359056826 0
      vertex 85.75757011552648 40.68515331818319 0
    endloop
  endfacet
  facet normal 0 0 -1
    outer loop
      vertex 2.4 2.4 0
      vertex 85.70761184457488 41.19238815542512 0
      vertex 85.72013155522717 40.93754359056826 0
    endloop
  endfacet
  facet normal 0 0 -1
    outer loop
      vertex 2.4 2.4 0
      vertex 85.72013155522717 41.44723272028198 0
      vertex 85.70761184457488 41.19238815542512 0
    endloop
  endfacet
  facet normal 0 0 -1
    outer loop
      vertex 2.4 2.4 0
      vertex 85.90552506004553 40.197411231275886 0
      vertex 86.01461655726915 39.96675663967753 0
    endloop
  endfacet
  facet normal 0 0 -1
    outer loop
      vertex 2.4 2.4 0
      vertex 85.75757011552648 41.69962299266705 0
      vertex 85.72013155522717 41.44723272028198 0
    endloop
  endfacet
  facet normal 0 0 -1
    outer loop
      vertex 2.4 2.4 0
      vertex 85.81956697167114 41.94712831628672 0
      vertex 85.75757011552648 41.69962299266705 0
    endloop
  endfacet
  facet normal 0 0 -1
    outer loop
      vertex 2.4 2.4 0
      vertex 85.90552506004553 42.187365079574356 0
      vertex 85.81956697167114 41.94712831628672 0
    endloop
  endfacet
  facet normal 0 0 -1
    outer loop
      vertex 2.4 2.4 0
      vertex 86.01461655726915 42.418019671172715 0
      vertex 85.90552506004553 42.187365079574356 0
    endloop
  endfacet
  facet normal 0 0 -1
    outer loop
      vertex 2.4 2.4 0
      vertex 86.14579085258826 42.636870761276086 0
      vertex 86.01461655726915 42.418019671172715 0
    endloop
  endfacet
  facet normal 0 0 -1
    outer loop
      vertex 2.4 2.4 0
      vertex 86.29778466583176 42.8418106942506 0
      vertex 86.14579085258826 42.636870761276086 0
    endloop
  endfacet
  facet normal 0 0 -1
    outer loop
      vertex 2.4 2.4 0
      vertex 86.46913421348985 43.03086578651015 0
      vertex 86.29778466583176 42.8418106942506 0
    endloop
  endfacet
  facet normal 0 0 -1
    outer loop
      vertex 2.4 2.4 0
      vertex 86.6581893057494 43.20221533416824 0
      vertex 86.46913421348985 43.03086578651015 0
    endloop
  endfacet
  facet normal 0 0 -1
    outer loop
      vertex 2.4 2.4 0
      vertex 86.86312923872391 43.35420914741174 0
      vertex 86.6581893057494 43.20221533416824 0
    endloop
  endfacet
  facet normal 0 0 1
    outer loop
      vertex 0 0 2.4
      vertex 118 0 2.4
      vertex 0 65 2.4
    endloop
  endfacet
  facet normal -1 0 0
    outer loop
      vertex 0 0 0
      vertex 0 65 2.4
      vertex 0 65 0
    endloop
  endfacet
  facet normal 0 0 -1
    outer loop
      vertex 2.4 2.4 0
      vertex 2.4 62.6 0
      vertex 115.60000000000001 62.6 0
    endloop
  endfacet
  facet normal 0 0 1
    outer loop
      vertex 0 65 2.4
      vertex 88.05530603866677 17.865016590856733 2.4
      vertex 86.71531416921803 18.858822292833473 2.4
    endloop
  endfacet
  facet normal 0 0 1
    outer loop
      vertex 0 65 2.4
      vertex 85.4791847198287 19.97918471982869 2.4
      vertex 84.35882229283347 21.215314169218026 2.4
    endloop
  endfacet
  facet normal 0 0 1
    outer loop
      vertex 0 65 2.4
      vertex 84.35882229283347 21.215314169218026 2.4
      vertex 83.36501659085673 22.555306038666764 2.4
    endloop
  endfacet
  facet normal 0 0 1
    outer loop
      vertex 0 65 2.4
      vertex 86.71531416921803 18.858822292833473 2.4
      vertex 85.4791847198287 19.97918471982869 2.4
    endloop
  endfacet
  facet normal 0 0 1
    outer loop
      vertex 0 65 2.4
      vertex 83.36501659085673 22.555306038666764 2.4
      vertex 82.50733850607796 23.98625547395804 2.4
    endloop
  endfacet
  facet normal 0 0 1
    outer loop
      vertex 0 65 2.4
      vertex 82.50733850607796 23.98625547395804 2.4
      vertex 81.79404794730813 25.494381649793475 2.4
    endloop
  endfacet
  facet normal 0 0 1
    outer loop
      vertex 0 65 2.4
      vertex 81.79404794730813 25.494381649793475 2.4
      vertex 81.23201429255245 27.06516048667414 2.4
    endloop
  endfacet
  facet normal 0 0 1
    outer loop
      vertex 0 65 2.4
      vertex 81.23201429255245 27.06516048667414 2.4
      vertex 80.82665023314507 28.68346452572582 2.4
    endloop
  endfacet
  facet normal 0 0 1
    outer loop
      vertex 0 65 2.4
      vertex 80.82665023314507 28.68346452572582 2.4
      vertex 80.58185964657265 30.33370861439747 2.4
    endloop
  endfacet
  facet normal 0 0 1
    outer loop
      vertex 0 65 2.4
      vertex 80.58185964657265 30.33370861439747 2.4
      vertex 80.5 32 2.4
    endloop
  endfacet
  facet normal 0 0 1
    outer loop
      vertex 0 65 2.4
      vertex 80.5 32 2.4
      vertex 80.58185964657265 33.66629138560253 2.4
    endloop
  endfacet
  facet normal 0 0 1
    outer loop
      vertex 0 65 2.4
      vertex 80.58185964657265 33.66629138560253 2.4
      vertex 80.82665023314507 35.31653547427418 2.4
    endloop
  endfacet
  facet normal 0 0 1
    outer loop
      vertex 0 65 2.4
      vertex 80.82665023314507 35.31653547427418 2.4
      vertex 81.23201429255245 36.93483951332586 2.4
    endloop
  endfacet
  facet normal 0 0 1
    outer loop
      vertex 0 65 2.4
      vertex 81.23201429255245 36.93483951332586 2.4
      vertex 81.79404794730813 38.505618350206525 2.4
    endloop
  endfacet
  facet normal 0 0 1
    outer loop
      vertex 0 65 2.4
      vertex 81.79404794730813 38.505618350206525 2.4
      vertex 82.50733850607796 40.01374452604196 2.4
    endloop
  endfacet
  facet normal 0 1 0
    outer loop
      vertex 0 65 0
      vertex 0 65 2.4
      vertex 118 65 0
    endloop
  endfacet
  facet normal 0 0 1
    outer loop
      vertex 0 65 2.4
      vertex 82.50733850607796 40.01374452604196 2.4
      vertex 83.36501659085673 41.444693961333236 2.4
    endloop
  endfacet
  facet normal 0 0 1
    outer loop
      vertex 0 65 2.4
      vertex 83.36501659085673 41.444693961333236 2.4
      vertex 84.35882229283347 42.784685830781974 2.4
    endloop
  endfacet
  facet normal 0 0 1
    outer loop
      vertex 0 65 2.4
      vertex 84.35882229283347 42.784685830781974 2.4
      vertex 85.4791847198287 44.020815280171306 2.4
    endloop
  endfacet
  facet normal 0 0 1
    outer loop
      vertex 0 65 2.4
      vertex 85.4791847198287 44.020815280171306 2.4
      vertex 86.71531416921803 45.14117770716653 2.4
    endloop
  endfacet
  facet normal 0 0 1
    outer loop
      vertex 0 65 2.4
      vertex 86.71531416921803 45.14117770716653 2.4
      vertex 88.05530603866677 46.13498340914327 2.4
    endloop
  endfacet
  facet normal 0 0 -1
    outer loop
      vertex 2.4 2.4 0
      vertex 87.31263492042565 20.405525060045534 0
      vertex 87.55287168371328 20.319566971671136 0
    endloop
  endfacet
  facet normal 0 0 -1
    outer loop
      vertex 2.4 2.4 0
      vertex 87.55287168371328 20.319566971671136 0
      vertex 115.60000000000001 2.4 0
    endloop
  endfacet
  facet normal 0 -1 0
    outer loop
      vertex 0 0 0
      vertex 118 0 0
      vertex 118 0 2.4
    endloop
  endfacet
  facet normal 0 0 -1
    outer loop
      vertex 2.4 2.4 0
      vertex 87.31263492042565 38.790301370895776 0
      vertex 87.55287168371328 38.70434328252138 0
    endloop
  endfacet
  facet normal 0 0 -1
    outer loop
      vertex 2.4 2.4 0
      vertex 87.55287168371328 38.70434328252138 0
      vertex 87.80037700733294 38.64234642637672 0
    endloop
  endfacet
  facet normal 0 0 -1
    outer loop
      vertex 2.4 2.4 0
      vertex 87.80037700733294 38.64234642637672 0
      vertex 88.05276727971803 38.60490786607741 0
    endloop
  endfacet
  facet normal 0 0 -1
    outer loop
      vertex 2.4 2.4 0
      vertex 88.05276727971803 38.60490786607741 0
      vertex 88.30761184457488 38.59238815542512 0
    endloop
  endfacet
  facet normal 0 0 -1
    outer loop
      vertex 85.70761184457488 22.80761184457488 0
      vertex 82.85057746117452 29.990172821256884 0
      vertex 85.72013155522717 23.062456409431736 0
    endloop
  endfacet
  facet normal 0 0 -1
    outer loop
      vertex 85.70761184457488 22.80761184457488 0
      vertex 82.66152236891497 30.161522368914977 0
      vertex 82.85057746117452 29.990172821256884 0
    endloop
  endfacet
  facet normal 0 0 -1
    outer loop
      vertex 85.72013155522717 23.062456409431736 0
      vertex 82.85057746117452 29.990172821256884 0
      vertex 83.05551739414904 29.838179008013384 0
    endloop
  endfacet
  facet normal 0 0 -1
    outer loop
      vertex 82.66152236891497 30.161522368914977 0
      vertex 85.70761184457488 22.80761184457488 0
      vertex 82.49017282125688 30.35057746117452 0
    endloop
  endfacet
  facet normal 0 0 -1
    outer loop
      vertex 82.49017282125688 30.35057746117452 0
      vertex 85.70761184457488 22.80761184457488 0
      vertex 82.33817900801338 30.555517394149035 0
    endloop
  endfacet
  facet normal 0 0 -1
    outer loop
      vertex 82.33817900801338 30.555517394149035 0
      vertex 85.70761184457488 22.80761184457488 0
      vertex 82.20700471269427 30.774368484252406 0
    endloop
  endfacet
  facet normal 0 0 -1
    outer loop
      vertex 82.20700471269427 30.774368484252406 0
      vertex 85.70761184457488 22.80761184457488 0
      vertex 82.09791321547065 31.005023075850765 0
    endloop
  endfacet
  facet normal 0 0 -1
    outer loop
      vertex 83.05551739414904 29.838179008013384 0
      vertex 83.2743684842524 29.70700471269428 0
      vertex 85.75757011552648 23.314846681816814 0
    endloop
  endfacet
  facet normal 0 0 -1
    outer loop
      vertex 83.2743684842524 29.70700471269428 0
      vertex 83.50502307585077 29.597913215470655 0
      vertex 85.81956697167114 23.56235200543648 0
    endloop
  endfacet
  facet normal 0 0 -1
    outer loop
      vertex 83.50502307585077 29.597913215470655 0
      vertex 83.7452598391384 29.511955127096257 0
      vertex 85.90552506004553 23.802588768724114 0
    endloop
  endfacet
  facet normal 0 0 -1
    outer loop
      vertex 86.01461655726915 24.033243360322473 0
      vertex 83.7452598391384 29.511955127096257 0
      vertex 83.99276516275806 29.4499582709516 0
    endloop
  endfacet
  facet normal 0 0 -1
    outer loop
      vertex 83.99276516275806 29.4499582709516 0
      vertex 84.24515543514315 29.412519710652287 0
      vertex 86.14579085258826 24.252094450425844 0
    endloop
  endfacet
  facet normal 0 0 -1
    outer loop
      vertex 85.72013155522717 23.062456409431736 0
      vertex 83.05551739414904 29.838179008013384 0
      vertex 85.75757011552648 23.314846681816814 0
    endloop
  endfacet
  facet normal 0 0 -1
    outer loop
      vertex 85.75757011552648 23.314846681816814 0
      vertex 83.2743684842524 29.70700471269428 0
      vertex 85.81956697167114 23.56235200543648 0
    endloop
  endfacet
  facet normal 0 0 -1
    outer loop
      vertex 85.81956697167114 23.56235200543648 0
      vertex 83.50502307585077 29.597913215470655 0
      vertex 85.90552506004553 23.802588768724114 0
    endloop
  endfacet
  facet normal 0 0 -1
    outer loop
      vertex 85.90552506004553 23.802588768724114 0
      vertex 83.7452598391384 29.511955127096257 0
      vertex 86.01461655726915 24.033243360322473 0
    endloop
  endfacet
  facet normal 0 0 -1
    outer loop
      vertex 86.01461655726915 24.033243360322473 0
      vertex 83.99276516275806 29.4499582709516 0
      vertex 86.14579085258826 24.252094450425844 0
    endloop
  endfacet
  facet normal 0 0 -1
    outer loop
      vertex 84.24515543514315 29.412519710652287 0
      vertex 86.29778466583176 24.45703438340036 0
      vertex 86.14579085258826 24.252094450425844 0
    endloop
  endfacet
  facet normal 0 0 -1
    outer loop
      vertex 86.29778466583176 24.45703438340036 0
      vertex 84.5 29.4 0
      vertex 86.46913421348985 24.646089475659902 0
    endloop
  endfacet
  facet normal 0 0 -1
    outer loop
      vertex 84.75484456485685 29.412519710652287 0
      vertex 86.6581893057494 24.817439023317995 0
      vertex 86.46913421348985 24.646089475659902 0
    endloop
  endfacet
  facet normal 0 0 -1
    outer loop
      vertex 85.00723483724194 29.4499582709516 0
      vertex 86.86312923872391 24.969432836561495 0
      vertex 86.6581893057494 24.817439023317995 0
    endloop
  endfacet
  facet normal 0 0 -1
    outer loop
      vertex 85.2547401608616 29.511955127096257 0
      vertex 87.08198032882729 25.1006071318806 0
      vertex 86.86312923872391 24.969432836561495 0
    endloop
  endfacet
  facet normal 0 0 -1
    outer loop
      vertex 85.49497692414923 29.597913215470655 0
      vertex 87.31263492042565 25.209698629104224 0
      vertex 87.08198032882729 25.1006071318806 0
    endloop
  endfacet
  facet normal 0 0 -1
    outer loop
      vertex 84.24515543514315 29.412519710652287 0
      vertex 84.5 29.4 0
      vertex 86.29778466583176 24.45703438340036 0
    endloop
  endfacet
  facet normal 0 0 -1
    outer loop
      vertex 84.5 29.4 0
      vertex 84.75484456485685 29.412519710652287 0
      vertex 86.46913421348985 24.646089475659902 0
    endloop
  endfacet
  facet normal 0 0 -1
    outer loop
      vertex 84.75484456485685 29.412519710652287 0
      vertex 85.00723483724194 29.4499582709516 0
      vertex 86.6581893057494 24.817439023317995 0
    endloop
  endfacet
  facet normal 0 0 -1
    outer loop
      vertex 85.00723483724194 29.4499582709516 0
      vertex 85.2547401608616 29.511955127096257 0
      vertex 86.86312923872391 24.969432836561495 0
    endloop
  endfacet
  facet normal 0 0 -1
    outer loop
      vertex 85.2547401608616 29.511955127096257 0
      vertex 85.49497692414923 29.597913215470655 0
      vertex 87.08198032882729 25.1006071318806 0
    endloop
  endfacet
  facet normal 0 0 -1
    outer loop
      vertex 85.49497692414923 29.597913215470655 0
      vertex 85.7256315157476 29.70700471269428 0
      vertex 87.31263492042565 25.209698629104224 0
    endloop
  endfacet
  facet normal 0 0 -1
    outer loop
      vertex 85.7256315157476 29.70700471269428 0
      vertex 85.94448260585096 29.838179008013384 0
      vertex 87.55287168371328 25.29565671747862 0
    endloop
  endfacet
  facet normal 0 0 -1
    outer loop
      vertex 87.80037700733294 25.357653573623278 0
      vertex 85.94448260585096 29.838179008013384 0
      vertex 86.14942253882548 29.990172821256884 0
    endloop
  endfacet
  facet normal 0 0 -1
    outer loop
      vertex 85.7256315157476 29.70700471269428 0
      vertex 87.55287168371328 25.29565671747862 0
      vertex 87.31263492042565 25.209698629104224 0
    endloop
  endfacet
  facet normal 0 0 -1
    outer loop
      vertex 87.80037700733294 25.357653573623278 0
      vertex 87.55287168371328 25.29565671747862 0
      vertex 85.94448260585096 29.838179008013384 0
    endloop
  endfacet
  facet normal 0 0 -1
    outer loop
      vertex 88.05276727971803 25.395092133922592 0
      vertex 87.80037700733294 25.357653573623278 0
      vertex 86.14942253882548 29.990172821256884 0
    endloop
  endfacet
  facet normal 0 0 -1
    outer loop
      vertex 88.30761184457488 25.40761184457488 0
      vertex 88.05276727971803 25.395092133922592 0
      vertex 86.33847763108503 30.161522368914977 0
    endloop
  endfacet
  facet normal 0 0 -1
    outer loop
      vertex 86.14942253882548 29.990172821256884 0
      vertex 86.33847763108503 30.161522368914977 0
      vertex 88.05276727971803 25.395092133922592 0
    endloop
  endfacet
  facet normal 0 0 -1
    outer loop
      vertex 88.30761184457488 25.40761184457488 0
      vertex 86.33847763108503 30.161522368914977 0
      vertex 86.50982717874312 30.35057746117452 0
    endloop
  endfacet
  facet normal 0 0 1
    outer loop
      vertex 0 65 2.4
      vertex 118 0 2.4
      vertex 89.48625547395804 17.007338506077964 2.4
    endloop
  endfacet
  facet normal 0 0 -1
    outer loop
      vertex 115.60000000000001 2.4 0
      vertex 96.05551739414904 16.838179008013384 0
      vertex 96.2743684842524 16.70700471269428 0
    endloop
  endfacet
  facet normal 0 0 -1
    outer loop
      vertex 115.60000000000001 2.4 0
      vertex 96.2743684842524 16.70700471269428 0
      vertex 96.50502307585077 16.597913215470655 0
    endloop
  endfacet
  facet normal 0 0 -1
    outer loop
      vertex 115.60000000000001 2.4 0
      vertex 96.50502307585077 16.597913215470655 0
      vertex 96.7452598391384 16.511955127096257 0
    endloop
  endfacet
  facet normal 0 0 -1
    outer loop
      vertex 115.60000000000001 2.4 0
      vertex 96.7452598391384 16.511955127096257 0
      vertex 96.99276516275806 16.4499582709516 0
    endloop
  endfacet
  facet normal 0 0 -1
    outer loop
      vertex 115.60000000000001 2.4 0
      vertex 87.55287168371328 20.319566971671136 0
      vertex 87.80037700733294 20.25757011552648 0
    endloop
  endfacet
  facet normal 0 0 -1
    outer loop
      vertex 115.60000000000001 2.4 0
      vertex 87.80037700733294 20.25757011552648 0
      vertex 96.05551739414904 16.838179008013384 0
    endloop
  endfacet
  facet normal 0 0 -1
    outer loop
      vertex 115.60000000000001 2.4 0
      vertex 96.99276516275806 16.4499582709516 0
      vertex 97.24515543514315 16.412519710652287 0
    endloop
  endfacet
  facet normal 0 0 -1
    outer loop
      vertex 115.60000000000001 2.4 0
      vertex 97.24515543514315 16.412519710652287 0
      vertex 97.5 16.4 0
    endloop
  endfacet
  facet normal 0 0 -1
    outer loop
      vertex 115.60000000000001 2.4 0
      vertex 97.5 16.4 0
      vertex 97.75484456485685 16.412519710652287 0
    endloop
  endfacet
  facet normal 0 0 -1
    outer loop
      vertex 115.60000000000001 2.4 0
      vertex 97.75484456485685 16.412519710652287 0
      vertex 98.00723483724194 16.4499582709516 0
    endloop
  endfacet
  facet normal 0 0 -1
    outer loop
      vertex 115.60000000000001 2.4 0
      vertex 98.00723483724194 16.4499582709516 0
      vertex 98.2547401608616 16.511955127096257 0
    endloop
  endfacet
  facet normal 0 0 -1
    outer loop
      vertex 115.60000000000001 2.4 0
      vertex 98.2547401608616 16.511955127096257 0
      vertex 98.49497692414923 16.597913215470655 0
    endloop
  endfacet
  facet normal 0 0 -1
    outer loop
      vertex 115.60000000000001 2.4 0
      vertex 98.49497692414923 16.597913215470655 0
      vertex 98.7256315157476 16.70700471269428 0
    endloop
  endfacet
  facet normal 0 0 -1
    outer loop
      vertex 115.60000000000001 2.4 0
      vertex 98.7256315157476 16.70700471269428 0
      vertex 98.94448260585096 16.838179008013384 0
    endloop
  endfacet
  facet normal 0 0 -1
    outer loop
      vertex 115.60000000000001 2.4 0
      vertex 98.94448260585096 16.838179008013384 0
      vertex 99.14942253882548 16.990172821256884 0
    endloop
  endfacet
  facet normal 0 0 -1
    outer loop
      vertex 115.60000000000001 2.4 0
      vertex 99.14942253882548 16.990172821256884 0
      vertex 106.94723272028197 20.220131555227166 0
    endloop
  endfacet
  facet normal 0 0 -1
    outer loop
      vertex 115.60000000000001 2.4 0
      vertex 106.94723272028197 20.220131555227166 0
      vertex 107.19962299266706 20.25757011552648 0
    endloop
  endfacet
  facet normal 0 0 -1
    outer loop
      vertex 115.60000000000001 2.4 0
      vertex 107.19962299266706 20.25757011552648 0
      vertex 107.44712831628672 20.319566971671136 0
    endloop
  endfacet
  facet normal 0 0 -1
    outer loop
      vertex 115.60000000000001 2.4 0
      vertex 107.44712831628672 20.319566971671136 0
      vertex 107.68736507957435 20.405525060045534 0
    endloop
  endfacet
  facet normal 0 0 -1
    outer loop
      vertex 115.60000000000001 2.4 0
      vertex 107.68736507957435 20.405525060045534 0
      vertex 107.91801967117271 20.514616557269157 0
    endloop
  endfacet
  facet normal 0 0 -1
    outer loop
      vertex 115.60000000000001 2.4 0
      vertex 107.91801967117271 20.514616557269157 0
      vertex 108.13687076127609 20.645790852588263 0
    endloop
  endfacet
  facet normal 0 0 -1
    outer loop
      vertex 115.60000000000001 2.4 0
      vertex 108.13687076127609 20.645790852588263 0
      vertex 108.3418106942506 20.797784665831763 0
    endloop
  endfacet
  facet normal 0 0 -1
    outer loop
      vertex 115.60000000000001 2.4 0
      vertex 108.3418106942506 20.797784665831763 0
      vertex 108.53086578651015 20.969134213489856 0
    endloop
  endfacet
  facet normal 0 0 -1
    outer loop
      vertex 115.60000000000001 2.4 0
      vertex 108.53086578651015 20.969134213489856 0
      vertex 108.70221533416824 21.1581893057494 0
    endloop
  endfacet
  facet normal 0 0 -1
    outer loop
      vertex 115.60000000000001 2.4 0
      vertex 108.70221533416824 21.1581893057494 0
      vertex 108.85420914741174 21.363129238723914 0
    endloop
  endfacet
  facet normal 0 0 -1
    outer loop
      vertex 115.60000000000001 2.4 0
      vertex 108.85420914741174 21.363129238723914 0
      vertex 108.98538344273085 21.581980328827285 0
    endloop
  endfacet
  facet normal 0 0 -1
    outer loop
      vertex 115.60000000000001 2.4 0
      vertex 108.98538344273085 21.581980328827285 0
      vertex 109.09447493995447 21.812634920425644 0
    endloop
  endfacet
  facet normal 0 0 -1
    outer loop
      vertex 115.60000000000001 2.4 0
      vertex 109.09447493995447 21.812634920425644 0
      vertex 109.18043302832886 22.052871683713278 0
    endloop
  endfacet
  facet normal 0 0 -1
    outer loop
      vertex 115.60000000000001 2.4 0
      vertex 109.18043302832886 22.052871683713278 0
      vertex 109.24242988447352 22.300377007332944 0
    endloop
  endfacet
  facet normal 0 0 -1
    outer loop
      vertex 115.60000000000001 2.4 0
      vertex 109.24242988447352 22.300377007332944 0
      vertex 109.27986844477283 22.552767279718022 0
    endloop
  endfacet
  facet normal 0 0 1
    outer loop
      vertex 118 0 2.4
      vertex 90.99438164979347 16.294047947308126 2.4
      vertex 89.48625547395804 17.007338506077964 2.4
    endloop
  endfacet
  facet normal 0 0 1
    outer loop
      vertex 95.83370861439747 15.081859646572653 2.4
      vertex 94.18346452572582 15.326650233145081 2.4
      vertex 118 0 2.4
    endloop
  endfacet
  facet normal 0 0 1
    outer loop
      vertex 92.56516048667415 15.73201429255245 2.4
      vertex 90.99438164979347 16.294047947308126 2.4
      vertex 118 0 2.4
    endloop
  endfacet
  facet normal 0 0 1
    outer loop
      vertex 92.56516048667415 15.73201429255245 2.4
      vertex 118 0 2.4
      vertex 94.18346452572582 15.326650233145081 2.4
    endloop
  endfacet
  facet normal 0 0 1
    outer loop
      vertex 95.83370861439747 15.081859646572653 2.4
      vertex 118 0 2.4
      vertex 97.5 15 2.4
    endloop
  endfacet
  facet normal 0 0 1
    outer loop
      vertex 97.5 15 2.4
      vertex 118 0 2.4
      vertex 99.16629138560253 15.081859646572653 2.4
    endloop
  endfacet
  facet normal 0 0 1
    outer loop
      vertex 99.16629138560253 15.081859646572653 2.4
      vertex 118 0 2.4
      vertex 100.81653547427418 15.326650233145081 2.4
    endloop
  endfacet
  facet normal 0 0 1
    outer loop
      vertex 100.81653547427418 15.326650233145081 2.4
      vertex 118 0 2.4
      vertex 102.43483951332585 15.73201429255245 2.4
    endloop
  endfacet
  facet normal 0 0 1
    outer loop
      vertex 102.43483951332585 15.73201429255245 2.4
      vertex 118 0 2.4
      vertex 104.00561835020653 16.294047947308126 2.4
    endloop
  endfacet
  facet normal 0 0 1
    outer loop
      vertex 118 0 2.4
      vertex 105.51374452604196 17.007338506077964 2.4
      vertex 104.00561835020653 16.294047947308126 2.4
    endloop
  endfacet
  facet normal 0 0 1
    outer loop
      vertex 118 0 2.4
      vertex 106.94469396133323 17.865016590856733 2.4
      vertex 105.51374452604196 17.007338506077964 2.4
    endloop
  endfacet
  facet normal 0 0 1
    outer loop
      vertex 118 0 2.4
      vertex 108.28468583078197 18.858822292833473 2.4
      vertex 106.94469396133323 17.865016590856733 2.4
    endloop
  endfacet
  facet normal 0 0 1
    outer loop
      vertex 118 0 2.4
      vertex 109.5208152801713 19.97918471982869 2.4
      vertex 108.28468583078197 18.858822292833473 2.4
    endloop
  endfacet
  facet normal 0 0 1
    outer loop
      vertex 118 0 2.4
      vertex 110.64117770716653 21.215314169218026 2.4
      vertex 109.5208152801713 19.97918471982869 2.4
    endloop
  endfacet
  facet normal 0 0 1
    outer loop
      vertex 118 0 2.4
      vertex 111.63498340914327 22.555306038666764 2.4
      vertex 110.64117770716653 21.215314169218026 2.4
    endloop
  endfacet
  facet normal 0 0 1
    outer loop
      vertex 118 0 2.4
      vertex 112.49266149392204 23.98625547395804 2.4
      vertex 111.63498340914327 22.555306038666764 2.4
    endloop
  endfacet
  facet normal 0 0 -1
    outer loop
      vertex 87.80037700733294 20.25757011552648 0
      vertex 88.05276727971803 20.220131555227166 0
      vertex 94.9 19 0
    endloop
  endfacet
  facet normal 0 0 -1
    outer loop
      vertex 88.05276727971803 20.220131555227166 0
      vertex 88.30761184457488 20.207611844574878 0
      vertex 94.9 19 0
    endloop
  endfacet
  facet normal 0 0 -1
    outer loop
      vertex 88.30761184457488 20.207611844574878 0
      vertex 88.56245640943173 20.220131555227166 0
      vertex 94.9 19 0
    endloop
  endfacet
  facet normal 0 0 -1
    outer loop
      vertex 88.56245640943173 20.220131555227166 0
      vertex 88.81484668181682 20.25757011552648 0
      vertex 94.9 19 0
    endloop
  endfacet
  facet normal 0 0 -1
    outer loop
      vertex 88.81484668181682 20.25757011552648 0
      vertex 89.06235200543648 20.319566971671136 0
      vertex 94.9 19 0
    endloop
  endfacet
  facet normal 0 0 -1
    outer loop
      vertex 89.06235200543648 20.319566971671136 0
      vertex 89.3025887687241 20.405525060045534 0
      vertex 94.9 19 0
    endloop
  endfacet
  facet normal 0 0 -1
    outer loop
      vertex 89.3025887687241 20.405525060045534 0
      vertex 89.53324336032247 20.514616557269157 0
      vertex 94.9 19 0
    endloop
  endfacet
  facet normal 0 0 -1
    outer loop
      vertex 89.53324336032247 20.514616557269157 0
      vertex 89.75209445042584 20.645790852588263 0
      vertex 94.9 19 0
    endloop
  endfacet
  facet normal 0 0 -1
    outer loop
      vertex 89.75209445042584 20.645790852588263 0
      vertex 89.95703438340036 20.797784665831763 0
      vertex 94.9 19 0
    endloop
  endfacet
  facet normal 0 0 -1
    outer loop
      vertex 89.95703438340036 20.797784665831763 0
      vertex 90.1460894756599 20.969134213489856 0
      vertex 94.9 19 0
    endloop
  endfacet
  facet normal 0 0 -1
    outer loop
      vertex 87.80037700733294 20.25757011552648 0
      vertex 95.66152236891497 17.161522368914977 0
      vertex 95.85057746117452 16.990172821256884 0
    endloop
  endfacet
  facet normal 0 0 -1
    outer loop
      vertex 87.80037700733294 20.25757011552648 0
      vertex 95.49017282125688 17.35057746117452 0
      vertex 95.66152236891497 17.161522368914977 0
    endloop
  endfacet
  facet normal 0 0 -1
    outer loop
      vertex 87.80037700733294 20.25757011552648 0
      vertex 95.85057746117452 16.990172821256884 0
      vertex 96.05551739414904 16.838179008013384 0
    endloop
  endfacet
  facet normal 0 0 -1
    outer loop
      vertex 87.80037700733294 20.25757011552648 0
      vertex 95.33817900801338 17.555517394149035 0
      vertex 95.49017282125688 17.35057746117452 0
    endloop
  endfacet
  facet normal 0 0 -1
    outer loop
      vertex 87.80037700733294 20.25757011552648 0
      vertex 95.20700471269427 17.774368484252406 0
      vertex 95.33817900801338 17.555517394149035 0
    endloop
  endfacet
  facet normal 0 0 -1
    outer loop
      vertex 87.80037700733294 20.25757011552648 0
      vertex 95.09791321547065 18.005023075850765 0
      vertex 95.20700471269427 17.774368484252406 0
    endloop
  endfacet
  facet normal 0 0 -1
    outer loop
      vertex 87.80037700733294 20.25757011552648 0
      vertex 95.01195512709626 18.2452598391384 0
      vertex 95.09791321547065 18.005023075850765 0
    endloop
  endfacet
  facet normal 0 0 -1
    outer loop
      vertex 87.80037700733294 20.25757011552648 0
      vertex 94.9499582709516 18.492765162758065 0
      vertex 95.01195512709626 18.2452598391384 0
    endloop
  endfacet
  facet normal 0 0 -1
    outer loop
      vertex 87.80037700733294 20.25757011552648 0
      vertex 94.91251971065229 18.745155435143143 0
      vertex 94.9499582709516 18.492765162758065 0
    endloop
  endfacet
  facet normal 0 0 -1
    outer loop
      vertex 87.80037700733294 20.25757011552648 0
      vertex 94.9 19 0
      vertex 94.91251971065229 18.745155435143143 0
    endloop
  endfacet
  facet normal 0 0 -1
    outer loop
      vertex 90.317439023318 21.1581893057494 0
      vertex 94.91251971065229 19.254844564856857 0
      vertex 94.9 19 0
    endloop
  endfacet
  facet normal 0 0 -1
    outer loop
      vertex 90.4694328365615 21.363129238723914 0
      vertex 94.9499582709516 19.507234837241935 0
      vertex 94.91251971065229 19.254844564856857 0
    endloop
  endfacet
  facet normal 0 0 -1
    outer loop
      vertex 90.60060713188061 21.581980328827285 0
      vertex 95.01195512709626 19.7547401608616 0
      vertex 94.9499582709516 19.507234837241935 0
    endloop
  endfacet
  facet normal 0 0 -1
    outer loop
      vertex 90.1460894756599 20.969134213489856 0
      vertex 90.317439023318 21.1581893057494 0
      vertex 94.9 19 0
    endloop
  endfacet
  facet normal 0 0 -1
    outer loop
      vertex 90.4694328365615 21.363129238723914 0
      vertex 94.91251971065229 19.254844564856857 0
      vertex 90.317439023318 21.1581893057494 0
    endloop
  endfacet
  facet normal 0 0 -1
    outer loop
      vertex 90.60060713188061 21.581980328827285 0
      vertex 94.9499582709516 19.507234837241935 0
      vertex 90.4694328365615 21.363129238723914 0
    endloop
  endfacet
  facet normal 0 0 -1
    outer loop
      vertex 90.70969862910422 21.812634920425644 0
      vertex 95.01195512709626 19.7547401608616 0
      vertex 90.60060713188061 21.581980328827285 0
    endloop
  endfacet
  facet normal 0 0 -1
    outer loop
      vertex 90.79565671747862 22.052871683713278 0
      vertex 95.09791321547065 19.994976924149235 0
      vertex 90.70969862910422 21.812634920425644 0
    endloop
  endfacet
  facet normal 0 0 -1
    outer loop
      vertex 90.70969862910422 21.812634920425644 0
      vertex 95.09791321547065 19.994976924149235 0
      vertex 95.01195512709626 19.7547401608616 0
    endloop
  endfacet
  facet normal 0 0 -1
    outer loop
      vertex 90.79565671747862 22.052871683713278 0
      vertex 95.20700471269427 20.225631515747594 0
      vertex 95.09791321547065 19.994976924149235 0
    endloop
  endfacet
  facet normal 0 0 -1
    outer loop
      vertex 90.85765357362328 22.300377007332944 0
      vertex 95.33817900801338 20.444482605850965 0
      vertex 95.20700471269427 20.225631515747594 0
    endloop
  endfacet
  facet normal 0 0 -1
    outer loop
      vertex 90.89509213392259 22.552767279718022 0
      vertex 95.49017282125688 20.64942253882548 0
      vertex 95.33817900801338 20.444482605850965 0
    endloop
  endfacet
  facet normal 0 0 -1
    outer loop
      vertex 90.85765357362328 22.300377007332944 0
      vertex 95.20700471269427 20.225631515747594 0
      vertex 90.79565671747862 22.052871683713278 0
    endloop
  endfacet
  facet normal 0 0 -1
    outer loop
      vertex 90.89509213392259 22.552767279718022 0
      vertex 95.33817900801338 20.444482605850965 0
      vertex 90.85765357362328 22.300377007332944 0
    endloop
  endfacet
  facet normal 0 0 -1
    outer loop
      vertex 90.90761184457487 22.80761184457488 0
      vertex 95.49017282125688 20.64942253882548 0
      vertex 90.89509213392259 22.552767279718022 0
    endloop
  endfacet
  facet normal 0 0 -1
    outer loop
      vertex 90.90761184457487 22.80761184457488 0
      vertex 95.66152236891497 20.838477631085023 0
      vertex 95.49017282125688 20.64942253882548 0
    endloop
  endfacet
  facet normal 0 0 -1
    outer loop
      vertex 95.85057746117452 21.009827178743116 0
      vertex 95.66152236891497 20.838477631085023 0
      vertex 90.90761184457487 22.80761184457488 0
    endloop
  endfacet
  facet normal 0 0 -1
    outer loop
      vertex 96.05551739414904 21.161820991986616 0
      vertex 95.85057746117452 21.009827178743116 0
      vertex 90.90761184457487 22.80761184457488 0
    endloop
  endfacet
  facet normal 0 0 -1
    outer loop
      vertex 96.2743684842524 21.29299528730572 0
      vertex 96.05551739414904 21.161820991986616 0
      vertex 90.90761184457487 22.80761184457488 0
    endloop
  endfacet
  facet normal 0 0 -1
    outer loop
      vertex 96.50502307585077 21.402086784529345 0
      vertex 96.2743684842524 21.29299528730572 0
      vertex 90.90761184457487 22.80761184457488 0
    endloop
  endfacet
  facet normal 0 0 -1
    outer loop
      vertex 96.7452598391384 21.488044872903743 0
      vertex 96.50502307585077 21.402086784529345 0
      vertex 90.90761184457487 22.80761184457488 0
    endloop
  endfacet
  facet normal 0 0 -1
    outer loop
      vertex 96.99276516275806 21.5500417290484 0
      vertex 96.7452598391384 21.488044872903743 0
      vertex 90.90761184457487 22.80761184457488 0
    endloop
  endfacet
  facet normal 0 0 -1
    outer loop
      vertex 99.14942253882548 16.990172821256884 0
      vertex 99.33847763108503 17.161522368914977 0
      vertex 106.94723272028197 20.220131555227166 0
    endloop
  endfacet
  facet normal 0 0 -1
    outer loop
      vertex 99.33847763108503 17.161522368914977 0
      vertex 99.50982717874312 17.35057746117452 0
      vertex 106.69238815542512 20.207611844574878 0
    endloop
  endfacet
  facet normal 0 0 -1
    outer loop
      vertex 99.66182099198662 17.555517394149035 0
      vertex 106.43754359056827 20.220131555227166 0
      vertex 99.50982717874312 17.35057746117452 0
    endloop
  endfacet
  facet normal 0 0 -1
    outer loop
      vertex 99.79299528730573 17.774368484252406 0
      vertex 106.18515331818318 20.25757011552648 0
      vertex 99.66182099198662 17.555517394149035 0
    endloop
  endfacet
  facet normal 0 0 -1
    outer loop
      vertex 99.90208678452935 18.005023075850765 0
      vertex 105.93764799456352 20.319566971671136 0
      vertex 99.79299528730573 17.774368484252406 0
    endloop
  endfacet
  facet normal 0 0 -1
    outer loop
      vertex 99.98804487290374 18.2452598391384 0
      vertex 105.6974112312759 20.405525060045534 0
      vertex 99.90208678452935 18.005023075850765 0
    endloop
  endfacet
  facet normal 0 0 -1
    outer loop
      vertex 100.0500417290484 18.492765162758065 0
      vertex 105.46675663967753 20.514616557269157 0
      vertex 99.98804487290374 18.2452598391384 0
    endloop
  endfacet
  facet normal 0 0 -1
    outer loop
      vertex 100.08748028934771 18.745155435143143 0
      vertex 105.24790554957416 20.645790852588263 0
      vertex 100.0500417290484 18.492765162758065 0
    endloop
  endfacet
  facet normal 0 0 -1
    outer loop
      vertex 100.1 19 0
      vertex 105.04296561659964 20.797784665831763 0
      vertex 100.08748028934771 18.745155435143143 0
    endloop
  endfacet
  facet normal 0 0 -1
    outer loop
      vertex 100.08748028934771 19.254844564856857 0
      vertex 104.8539105243401 20.969134213489856 0
      vertex 100.1 19 0
    endloop
  endfacet
  facet normal 0 0 -1
    outer loop
      vertex 100.0500417290484 19.507234837241935 0
      vertex 104.682560976682 21.1581893057494 0
      vertex 100.08748028934771 19.254844564856857 0
    endloop
  endfacet
  facet normal 0 0 -1
    outer loop
      vertex 99.98804487290374 19.7547401608616 0
      vertex 104.5305671634385 21.363129238723914 0
      vertex 100.0500417290484 19.507234837241935 0
    endloop
  endfacet
  facet normal 0 0 -1
    outer loop
      vertex 97.24515543514315 21.587480289347713 0
      vertex 96.99276516275806 21.5500417290484 0
      vertex 104.09238815542513 22.80761184457488 0
    endloop
  endfacet
  facet normal 0 0 -1
    outer loop
      vertex 96.99276516275806 21.5500417290484 0
      vertex 90.90761184457487 22.80761184457488 0
      vertex 104.09238815542513 22.80761184457488 0
    endloop
  endfacet
  facet normal 0 0 -1
    outer loop
      vertex 99.79299528730573 20.225631515747594 0
      vertex 104.29030137089578 21.812634920425644 0
      vertex 99.90208678452935 19.994976924149235 0
    endloop
  endfacet
  facet normal 0 0 -1
    outer loop
      vertex 99.66182099198662 20.444482605850965 0
      vertex 104.20434328252138 22.052871683713278 0
      vertex 99.79299528730573 20.225631515747594 0
    endloop
  endfacet
  facet normal 0 0 -1
    outer loop
      vertex 99.50982717874312 20.64942253882548 0
      vertex 104.14234642637672 22.300377007332944 0
      vertex 99.66182099198662 20.444482605850965 0
    endloop
  endfacet
  facet normal 0 0 -1
    outer loop
      vertex 98.7256315157476 21.29299528730572 0
      vertex 98.49497692414923 21.402086784529345 0
      vertex 104.09238815542513 22.80761184457488 0
    endloop
  endfacet
  facet normal 0 0 -1
    outer loop
      vertex 97.24515543514315 21.587480289347713 0
      vertex 104.09238815542513 22.80761184457488 0
      vertex 97.5 21.6 0
    endloop
  endfacet
  facet normal 0 0 -1
    outer loop
      vertex 97.75484456485685 21.587480289347713 0
      vertex 97.5 21.6 0
      vertex 104.09238815542513 22.80761184457488 0
    endloop
  endfacet
  facet normal 0 0 -1
    outer loop
      vertex 98.00723483724194 21.5500417290484 0
      vertex 97.75484456485685 21.587480289347713 0
      vertex 104.09238815542513 22.80761184457488 0
    endloop
  endfacet
  facet normal 0 0 -1
    outer loop
      vertex 98.2547401608616 21.488044872903743 0
      vertex 98.00723483724194 21.5500417290484 0
      vertex 104.09238815542513 22.80761184457488 0
    endloop
  endfacet
  facet normal 0 0 -1
    outer loop
      vertex 98.49497692414923 21.402086784529345 0
      vertex 98.2547401608616 21.488044872903743 0
      vertex 104.09238815542513 22.80761184457488 0
    endloop
  endfacet
  facet normal 0 0 -1
    outer loop
      vertex 99.33847763108503 20.838477631085023 0
      vertex 99.14942253882548 21.009827178743116 0
      vertex 104.09238815542513 22.80761184457488 0
    endloop
  endfacet
  facet normal 0 0 -1
    outer loop
      vertex 98.94448260585096 21.161820991986616 0
      vertex 98.7256315157476 21.29299528730572 0
      vertex 104.09238815542513 22.80761184457488 0
    endloop
  endfacet
  facet normal 0 0 -1
    outer loop
      vertex 99.14942253882548 21.009827178743116 0
      vertex 98.94448260585096 21.161820991986616 0
      vertex 104.09238815542513 22.80761184457488 0
    endloop
  endfacet
  facet normal 0 0 -1
    outer loop
      vertex 99.33847763108503 20.838477631085023 0
      vertex 104.10490786607741 22.552767279718022 0
      vertex 99.50982717874312 20.64942253882548 0
    endloop
  endfacet
  facet normal 0 0 -1
    outer loop
      vertex 99.90208678452935 19.994976924149235 0
      vertex 104.39939286811939 21.581980328827285 0
      vertex 99.98804487290374 19.7547401608616 0
    endloop
  endfacet
  facet normal 0 0 -1
    outer loop
      vertex 100.08748028934771 19.254844564856857 0
      vertex 104.682560976682 21.1581893057494 0
      vertex 104.8539105243401 20.969134213489856 0
    endloop
  endfacet
  facet normal 0 0 -1
    outer loop
      vertex 104.682560976682 21.1581893057494 0
      vertex 100.0500417290484 19.507234837241935 0
      vertex 104.5305671634385 21.363129238723914 0
    endloop
  endfacet
  facet normal 0 0 -1
    outer loop
      vertex 104.5305671634385 21.363129238723914 0
      vertex 99.98804487290374 19.7547401608616 0
      vertex 104.39939286811939 21.581980328827285 0
    endloop
  endfacet
  facet normal 0 0 -1
    outer loop
      vertex 104.39939286811939 21.581980328827285 0
      vertex 99.90208678452935 19.994976924149235 0
      vertex 104.29030137089578 21.812634920425644 0
    endloop
  endfacet
  facet normal 0 0 -1
    outer loop
      vertex 99.79299528730573 20.225631515747594 0
      vertex 104.20434328252138 22.052871683713278 0
      vertex 104.29030137089578 21.812634920425644 0
    endloop
  endfacet
  facet normal 0 0 -1
    outer loop
      vertex 99.66182099198662 20.444482605850965 0
      vertex 104.14234642637672 22.300377007332944 0
      vertex 104.20434328252138 22.052871683713278 0
    endloop
  endfacet
  facet normal 0 0 -1
    outer loop
      vertex 99.50982717874312 20.64942253882548 0
      vertex 104.10490786607741 22.552767279718022 0
      vertex 104.14234642637672 22.300377007332944 0
    endloop
  endfacet
  facet normal 0 0 -1
    outer loop
      vertex 99.33847763108503 20.838477631085023 0
      vertex 104.09238815542513 22.80761184457488 0
      vertex 104.10490786607741 22.552767279718022 0
    endloop
  endfacet
  facet normal 0 0 -1
    outer loop
      vertex 88.56245640943173 25.395092133922592 0
      vertex 88.30761184457488 25.40761184457488 0
      vertex 96.29791847198287 30.797918471982868 0
    endloop
  endfacet
  facet normal 0 0 -1
    outer loop
      vertex 88.81484668181682 25.357653573623278 0
      vertex 88.56245640943173 25.395092133922592 0
      vertex 96.29791847198287 30.797918471982868 0
    endloop
  endfacet
  facet normal 0 0 -1
    outer loop
      vertex 96.29791847198287 30.797918471982868 0
      vertex 90.1460894756599 24.646089475659902 0
      vertex 89.95703438340036 24.817439023317995 0
    endloop
  endfacet
  facet normal 0 0 -1
    outer loop
      vertex 96.29791847198287 30.797918471982868 0
      vertex 89.95703438340036 24.817439023317995 0
      vertex 89.75209445042584 24.969432836561495 0
    endloop
  endfacet
  facet normal 0 0 -1
    outer loop
      vertex 89.06235200543648 25.29565671747862 0
      vertex 88.81484668181682 25.357653573623278 0
      vertex 96.29791847198287 30.797918471982868 0
    endloop
  endfacet
  facet normal 0 0 -1
    outer loop
      vertex 89.53324336032247 25.1006071318806 0
      vertex 89.3025887687241 25.209698629104224 0
      vertex 96.29791847198287 30.797918471982868 0
    endloop
  endfacet
  facet normal 0 0 -1
    outer loop
      vertex 89.3025887687241 25.209698629104224 0
      vertex 89.06235200543648 25.29565671747862 0
      vertex 96.29791847198287 30.797918471982868 0
    endloop
  endfacet
  facet normal 0 0 -1
    outer loop
      vertex 96.29791847198287 30.797918471982868 0
      vertex 89.75209445042584 24.969432836561495 0
      vertex 89.53324336032247 25.1006071318806 0
    endloop
  endfacet
  facet normal 0 0 -1
    outer loop
      vertex 90.89509213392259 23.062456409431736 0
      vertex 97.5 30.3 0
      vertex 90.90761184457487 22.80761184457488 0
    endloop
  endfacet
  facet normal 0 0 -1
    outer loop
      vertex 90.85765357362328 23.314846681816814 0
      vertex 97.33337086143975 30.308185964657266 0
      vertex 90.89509213392259 23.062456409431736 0
    endloop
  endfacet
  facet normal 0 0 -1
    outer loop
      vertex 90.79565671747862 23.56235200543648 0
      vertex 97.16834645257258 30.332665023314508 0
      vertex 90.85765357362328 23.314846681816814 0
    endloop
  endfacet
  facet normal 0 0 -1
    outer loop
      vertex 90.4694328365615 24.252094450425844 0
      vertex 96.6986255473958 30.500733850607798 0
      vertex 90.60060713188061 24.033243360322473 0
    endloop
  endfacet
  facet normal 0 0 -1
    outer loop
      vertex 90.70969862910422 23.802588768724114 0
      vertex 97.00651604866741 30.373201429255246 0
      vertex 90.79565671747862 23.56235200543648 0
    endloop
  endfacet
  facet normal 0 0 -1
    outer loop
      vertex 90.60060713188061 24.033243360322473 0
      vertex 96.84943816497935 30.429404794730814 0
      vertex 90.70969862910422 23.802588768724114 0
    endloop
  endfacet
  facet normal 0 0 -1
    outer loop
      vertex 96.42153141692181 30.685882229283347 0
      vertex 90.317439023318 24.45703438340036 0
      vertex 90.1460894756599 24.646089475659902 0
    endloop
  endfacet
  facet normal 0 0 -1
    outer loop
      vertex 96.55553060386667 30.586501659085673 0
      vertex 90.4694328365615 24.252094450425844 0
      vertex 90.317439023318 24.45703438340036 0
    endloop
  endfacet
  facet normal 0 0 -1
    outer loop
      vertex 96.6986255473958 30.500733850607798 0
      vertex 96.84943816497935 30.429404794730814 0
      vertex 90.60060713188061 24.033243360322473 0
    endloop
  endfacet
  facet normal 0 0 -1
    outer loop
      vertex 96.84943816497935 30.429404794730814 0
      vertex 97.00651604866741 30.373201429255246 0
      vertex 90.70969862910422 23.802588768724114 0
    endloop
  endfacet
  facet normal 0 0 -1
    outer loop
      vertex 97.33337086143975 30.308185964657266 0
      vertex 97.5 30.3 0
      vertex 90.89509213392259 23.062456409431736 0
    endloop
  endfacet
  facet normal 0 0 -1
    outer loop
      vertex 97.16834645257258 30.332665023314508 0
      vertex 97.33337086143975 30.308185964657266 0
      vertex 90.85765357362328 23.314846681816814 0
    endloop
  endfacet
  facet normal 0 0 -1
    outer loop
      vertex 97.00651604866741 30.373201429255246 0
      vertex 97.16834645257258 30.332665023314508 0
      vertex 90.79565671747862 23.56235200543648 0
    endloop
  endfacet
  facet normal 0 0 -1
    outer loop
      vertex 96.29791847198287 30.797918471982868 0
      vertex 88.30761184457488 25.40761184457488 0
      vertex 86.50982717874312 30.35057746117452 0
    endloop
  endfacet
  facet normal 0 0 -1
    outer loop
      vertex 86.66182099198662 30.555517394149035 0
      vertex 96.18588222928335 30.921531416921802 0
      vertex 86.50982717874312 30.35057746117452 0
    endloop
  endfacet
  facet normal 0 0 -1
    outer loop
      vertex 86.79299528730573 30.774368484252406 0
      vertex 96.08650165908567 31.055530603866675 0
      vertex 86.66182099198662 30.555517394149035 0
    endloop
  endfacet
  facet normal 0 0 -1
    outer loop
      vertex 86.90208678452935 31.005023075850765 0
      vertex 96.0007338506078 31.198625547395803 0
      vertex 86.79299528730573 30.774368484252406 0
    endloop
  endfacet
  facet normal 0 0 -1
    outer loop
      vertex 86.98804487290374 31.2452598391384 0
      vertex 95.92940479473081 31.349438164979347 0
      vertex 86.90208678452935 31.005023075850765 0
    endloop
  endfacet
  facet normal 0 0 -1
    outer loop
      vertex 87.0500417290484 31.492765162758065 0
      vertex 95.87320142925525 31.506516048667415 0
      vertex 86.98804487290374 31.2452598391384 0
    endloop
  endfacet
  facet normal 0 0 -1
    outer loop
      vertex 87.08748028934771 31.745155435143143 0
      vertex 95.8326650233145 31.66834645257258 0
      vertex 87.0500417290484 31.492765162758065 0
    endloop
  endfacet
  facet normal 0 0 -1
    outer loop
      vertex 95.80818596465727 31.833370861439747 0
      vertex 87.08748028934771 31.745155435143143 0
      vertex 87.1 32 0
    endloop
  endfacet
  facet normal 0 0 -1
    outer loop
      vertex 87.1 32 0
      vertex 87.08748028934771 32.25484456485686 0
      vertex 95.8 32 0
    endloop
  endfacet
  facet normal 0 0 -1
    outer loop
      vertex 87.0500417290484 32.50723483724193 0
      vertex 95.80818596465727 32.16662913856025 0
      vertex 87.08748028934771 32.25484456485686 0
    endloop
  endfacet
  facet normal 0 0 -1
    outer loop
      vertex 96.42153141692181 30.685882229283347 0
      vertex 96.55553060386667 30.586501659085673 0
      vertex 90.317439023318 24.45703438340036 0
    endloop
  endfacet
  facet normal 0 0 -1
    outer loop
      vertex 96.29791847198287 30.797918471982868 0
      vertex 96.42153141692181 30.685882229283347 0
      vertex 90.1460894756599 24.646089475659902 0
    endloop
  endfacet
  facet normal 0 0 -1
    outer loop
      vertex 96.55553060386667 30.586501659085673 0
      vertex 96.6986255473958 30.500733850607798 0
      vertex 90.4694328365615 24.252094450425844 0
    endloop
  endfacet
  facet normal 0 0 -1
    outer loop
      vertex 96.18588222928335 30.921531416921802 0
      vertex 96.29791847198287 30.797918471982868 0
      vertex 86.50982717874312 30.35057746117452 0
    endloop
  endfacet
  facet normal 0 0 -1
    outer loop
      vertex 96.08650165908567 31.055530603866675 0
      vertex 96.18588222928335 30.921531416921802 0
      vertex 86.66182099198662 30.555517394149035 0
    endloop
  endfacet
  facet normal 0 0 -1
    outer loop
      vertex 96.0007338506078 31.198625547395803 0
      vertex 96.08650165908567 31.055530603866675 0
      vertex 86.79299528730573 30.774368484252406 0
    endloop
  endfacet
  facet normal 0 0 -1
    outer loop
      vertex 95.92940479473081 31.349438164979347 0
      vertex 96.0007338506078 31.198625547395803 0
      vertex 86.90208678452935 31.005023075850765 0
    endloop
  endfacet
  facet normal 0 0 -1
    outer loop
      vertex 95.87320142925525 31.506516048667415 0
      vertex 95.92940479473081 31.349438164979347 0
      vertex 86.98804487290374 31.2452598391384 0
    endloop
  endfacet
  facet normal 0 0 -1
    outer loop
      vertex 95.8326650233145 31.66834645257258 0
      vertex 95.87320142925525 31.506516048667415 0
      vertex 87.0500417290484 31.492765162758065 0
    endloop
  endfacet
  facet normal 0 0 -1
    outer loop
      vertex 95.80818596465727 31.833370861439747 0
      vertex 95.8326650233145 31.66834645257258 0
      vertex 87.08748028934771 31.745155435143143 0
    endloop
  endfacet
  facet normal 0 0 -1
    outer loop
      vertex 95.80818596465727 31.833370861439747 0
      vertex 87.1 32 0
      vertex 95.8 32 0
    endloop
  endfacet
  facet normal 0 0 -1
    outer loop
      vertex 87.08748028934771 32.25484456485686 0
      vertex 95.80818596465727 32.16662913856025 0
      vertex 95.8 32 0
    endloop
  endfacet
  facet normal 0 0 -1
    outer loop
      vertex 87.0500417290484 32.50723483724193 0
      vertex 95.8326650233145 32.331653547427415 0
      vertex 95.80818596465727 32.16662913856025 0
    endloop
  endfacet
  facet normal 0 0 -1
    outer loop
      vertex 95.87320142925525 32.493483951332585 0
      vertex 95.8326650233145 32.331653547427415 0
      vertex 87.0500417290484 32.50723483724193 0
    endloop
  endfacet
  facet normal 0 0 -1
    outer loop
      vertex 97.5 30.3 0
      vertex 104.09238815542513 22.80761184457488 0
      vertex 90.90761184457487 22.80761184457488 0
    endloop
  endfacet
  facet normal 0 0 -1
    outer loop
      vertex 97.5 30.3 0
      vertex 104.10490786607741 23.062456409431736 0
      vertex 104.09238815542513 22.80761184457488 0
    endloop
  endfacet
  facet normal 0 0 -1
    outer loop
      vertex 97.5 30.3 0
      vertex 104.14234642637672 23.314846681816814 0
      vertex 104.10490786607741 23.062456409431736 0
    endloop
  endfacet
  facet normal 0 0 -1
    outer loop
      vertex 104.14234642637672 23.314846681816814 0
      vertex 97.66662913856025 30.308185964657266 0
      vertex 104.20434328252138 23.56235200543648 0
    endloop
  endfacet
  facet normal 0 0 -1
    outer loop
      vertex 104.20434328252138 23.56235200543648 0
      vertex 97.83165354742742 30.332665023314508 0
      vertex 104.29030137089578 23.802588768724114 0
    endloop
  endfacet
  facet normal 0 0 -1
    outer loop
      vertex 104.29030137089578 23.802588768724114 0
      vertex 98.15056183502065 30.429404794730814 0
      vertex 104.39939286811939 24.033243360322473 0
    endloop
  endfacet
  facet normal 0 0 -1
    outer loop
      vertex 104.39939286811939 24.033243360322473 0
      vertex 98.3013744526042 30.500733850607798 0
      vertex 104.5305671634385 24.252094450425844 0
    endloop
  endfacet
  facet normal 0 0 -1
    outer loop
      vertex 97.5 30.3 0
      vertex 97.66662913856025 30.308185964657266 0
      vertex 104.14234642637672 23.314846681816814 0
    endloop
  endfacet
  facet normal 0 0 -1
    outer loop
      vertex 97.66662913856025 30.308185964657266 0
      vertex 97.83165354742742 30.332665023314508 0
      vertex 104.20434328252138 23.56235200543648 0
    endloop
  endfacet
  facet normal 0 0 -1
    outer loop
      vertex 97.83165354742742 30.332665023314508 0
      vertex 97.99348395133259 30.373201429255246 0
      vertex 104.29030137089578 23.802588768724114 0
    endloop
  endfacet
  facet normal 0 0 -1
    outer loop
      vertex 104.29030137089578 23.802588768724114 0
      vertex 97.99348395133259 30.373201429255246 0
      vertex 98.15056183502065 30.429404794730814 0
    endloop
  endfacet
  facet normal 0 0 -1
    outer loop
      vertex 98.15056183502065 30.429404794730814 0
      vertex 98.3013744526042 30.500733850607798 0
      vertex 104.39939286811939 24.033243360322473 0
    endloop
  endfacet
  facet normal 0 0 -1
    outer loop
      vertex 98.44446939613333 30.586501659085673 0
      vertex 104.682560976682 24.45703438340036 0
      vertex 104.5305671634385 24.252094450425844 0
    endloop
  endfacet
  facet normal 0 0 -1
    outer loop
      vertex 98.57846858307819 30.685882229283347 0
      vertex 104.8539105243401 24.646089475659902 0
      vertex 104.682560976682 24.45703438340036 0
    endloop
  endfacet
  facet normal 0 0 -1
    outer loop
      vertex 98.70208152801713 30.797918471982868 0
      vertex 105.04296561659964 24.817439023317995 0
      vertex 104.8539105243401 24.646089475659902 0
    endloop
  endfacet
  facet normal 0 0 -1
    outer loop
      vertex 98.70208152801713 30.797918471982868 0
      vertex 105.24790554957416 24.969432836561495 0
      vertex 105.04296561659964 24.817439023317995 0
    endloop
  endfacet
  facet normal 0 0 -1
    outer loop
      vertex 98.70208152801713 30.797918471982868 0
      vertex 105.46675663967753 25.1006071318806 0
      vertex 105.24790554957416 24.969432836561495 0
    endloop
  endfacet
  facet normal 0 0 -1
    outer loop
      vertex 98.3013744526042 30.500733850607798 0
      vertex 98.44446939613333 30.586501659085673 0
      vertex 104.5305671634385 24.252094450425844 0
    endloop
  endfacet
  facet normal 0 0 -1
    outer loop
      vertex 98.44446939613333 30.586501659085673 0
      vertex 98.57846858307819 30.685882229283347 0
      vertex 104.682560976682 24.45703438340036 0
    endloop
  endfacet
  facet normal 0 0 -1
    outer loop
      vertex 98.57846858307819 30.685882229283347 0
      vertex 98.70208152801713 30.797918471982868 0
      vertex 104.8539105243401 24.646089475659902 0
    endloop
  endfacet
  facet normal 0 0 -1
    outer loop
      vertex 98.70208152801713 30.797918471982868 0
      vertex 98.81411777071665 30.921531416921802 0
      vertex 108.49017282125688 30.35057746117452 0
    endloop
  endfacet
  facet normal 0 0 -1
    outer loop
      vertex 98.81411777071665 30.921531416921802 0
      vertex 98.91349834091433 31.055530603866675 0
      vertex 108.33817900801338 30.555517394149035 0
    endloop
  endfacet
  facet normal 0 0 -1
    outer loop
      vertex 98.91349834091433 31.055530603866675 0
      vertex 98.9992661493922 31.198625547395803 0
      vertex 108.20700471269427 30.774368484252406 0
    endloop
  endfacet
  facet normal 0 0 -1
    outer loop
      vertex 98.9992661493922 31.198625547395803 0
      vertex 99.07059520526919 31.349438164979347 0
      vertex 108.09791321547065 31.005023075850765 0
    endloop
  endfacet
  facet normal 0 0 -1
    outer loop
      vertex 99.07059520526919 31.349438164979347 0
      vertex 99.12679857074475 31.506516048667415 0
      vertex 108.01195512709626 31.2452598391384 0
    endloop
  endfacet
  facet normal 0 0 -1
    outer loop
      vertex 99.12679857074475 31.506516048667415 0
      vertex 99.1673349766855 31.66834645257258 0
      vertex 107.9499582709516 31.492765162758065 0
    endloop
  endfacet
  facet normal 0 0 -1
    outer loop
      vertex 99.1673349766855 31.66834645257258 0
      vertex 99.19181403534273 31.833370861439747 0
      vertex 107.9499582709516 31.492765162758065 0
    endloop
  endfacet
  facet normal 0 0 -1
    outer loop
      vertex 99.19181403534273 31.833370861439747 0
      vertex 99.2 32 0
      vertex 107.91251971065229 31.745155435143143 0
    endloop
  endfacet
  facet normal 0 0 -1
    outer loop
      vertex 99.2 32 0
      vertex 99.19181403534273 32.16662913856025 0
      vertex 107.9 32 0
    endloop
  endfacet
  facet normal 0 0 -1
    outer loop
      vertex 99.19181403534273 32.16662913856025 0
      vertex 99.1673349766855 32.331653547427415 0
      vertex 107.91251971065229 32.25484456485686 0
    endloop
  endfacet
  facet normal 0 0 -1
    outer loop
      vertex 99.1673349766855 32.331653547427415 0
      vertex 99.12679857074475 32.493483951332585 0
      vertex 107.9499582709516 32.50723483724193 0
    endloop
  endfacet
  facet normal 0 0 -1
    outer loop
      vertex 106.43754359056827 20.220131555227166 0
      vertex 106.69238815542512 20.207611844574878 0
      vertex 99.50982717874312 17.35057746117452 0
    endloop
  endfacet
  facet normal 0 0 -1
    outer loop
      vertex 99.33847763108503 17.161522368914977 0
      vertex 106.69238815542512 20.207611844574878 0
      vertex 106.94723272028197 20.220131555227166 0
    endloop
  endfacet
  facet normal 0 0 -1
    outer loop
      vertex 106.18515331818318 20.25757011552648 0
      vertex 106.43754359056827 20.220131555227166 0
      vertex 99.66182099198662 17.555517394149035 0
    endloop
  endfacet
  facet normal 0 0 -1
    outer loop
      vertex 99.79299528730573 17.774368484252406 0
      vertex 105.93764799456352 20.319566971671136 0
      vertex 106.18515331818318 20.25757011552648 0
    endloop
  endfacet
  facet normal 0 0 -1
    outer loop
      vertex 105.6974112312759 20.405525060045534 0
      vertex 105.93764799456352 20.319566971671136 0
      vertex 99.90208678452935 18.005023075850765 0
    endloop
  endfacet
  facet normal 0 0 -1
    outer loop
      vertex 105.46675663967753 20.514616557269157 0
      vertex 105.6974112312759 20.405525060045534 0
      vertex 99.98804487290374 18.2452598391384 0
    endloop
  endfacet
  facet normal 0 0 -1
    outer loop
      vertex 100.0500417290484 18.492765162758065 0
      vertex 105.24790554957416 20.645790852588263 0
      vertex 105.46675663967753 20.514616557269157 0
    endloop
  endfacet
  facet normal 0 0 -1
    outer loop
      vertex 100.08748028934771 18.745155435143143 0
      vertex 105.04296561659964 20.797784665831763 0
      vertex 105.24790554957416 20.645790852588263 0
    endloop
  endfacet
  facet normal 0 0 -1
    outer loop
      vertex 100.1 19 0
      vertex 104.8539105243401 20.969134213489856 0
      vertex 105.04296561659964 20.797784665831763 0
    endloop
  endfacet
  facet normal 0 0 -1
    outer loop
      vertex 115.60000000000001 2.4 0
      vertex 109.27986844477283 22.552767279718022 0
      vertex 112.50982717874312 30.35057746117452 0
    endloop
  endfacet
  facet normal 0 0 -1
    outer loop
      vertex 115.60000000000001 2.4 0
      vertex 112.50982717874312 30.35057746117452 0
      vertex 112.66182099198662 30.555517394149035 0
    endloop
  endfacet
  facet normal 0 0 -1
    outer loop
      vertex 115.60000000000001 2.4 0
      vertex 112.66182099198662 30.555517394149035 0
      vertex 112.79299528730573 30.774368484252406 0
    endloop
  endfacet
  facet normal 0 0 -1
    outer loop
      vertex 115.60000000000001 2.4 0
      vertex 112.79299528730573 30.774368484252406 0
      vertex 112.90208678452935 31.005023075850765 0
    endloop
  endfacet
  facet normal 0 0 -1
    outer loop
      vertex 115.60000000000001 2.4 0
      vertex 112.90208678452935 31.005023075850765 0
      vertex 112.98804487290374 31.2452598391384 0
    endloop
  endfacet
  facet normal 0 0 -1
    outer loop
      vertex 115.60000000000001 2.4 0
      vertex 112.98804487290374 31.2452598391384 0
      vertex 113.0500417290484 31.492765162758065 0
    endloop
  endfacet
  facet normal 0 0 -1
    outer loop
      vertex 115.60000000000001 2.4 0
      vertex 113.0500417290484 31.492765162758065 0
      vertex 113.08748028934771 31.745155435143143 0
    endloop
  endfacet
  facet normal 1 0 0
    outer loop
      vertex 118 0 0
      vertex 118 65 0
      vertex 118 0 2.4
    endloop
  endfacet
  facet normal 0 0 -1
    outer loop
      vertex 105.6974112312759 25.209698629104224 0
      vertex 105.46675663967753 25.1006071318806 0
      vertex 108.66152236891497 30.161522368914977 0
    endloop
  endfacet
  facet normal 0 0 -1
    outer loop
      vertex 105.93764799456352 25.29565671747862 0
      vertex 105.6974112312759 25.209698629104224 0
      vertex 108.66152236891497 30.161522368914977 0
    endloop
  endfacet
  facet normal 0 0 -1
    outer loop
      vertex 106.18515331818318 25.357653573623278 0
      vertex 105.93764799456352 25.29565671747862 0
      vertex 108.66152236891497 30.161522368914977 0
    endloop
  endfacet
  facet normal 0 0 -1
    outer loop
      vertex 109.29238815542512 22.80761184457488 0
      vertex 112.50982717874312 30.35057746117452 0
      vertex 109.27986844477283 22.552767279718022 0
    endloop
  endfacet
  facet normal 0 0 -1
    outer loop
      vertex 109.27986844477283 23.062456409431736 0
      vertex 112.33847763108503 30.161522368914977 0
      vertex 109.29238815542512 22.80761184457488 0
    endloop
  endfacet
  facet normal 0 0 -1
    outer loop
      vertex 108.3418106942506 24.817439023317995 0
      vertex 108.13687076127609 24.969432836561495 0
      vertex 110.24515543514315 29.412519710652287 0
    endloop
  endfacet
  facet normal 0 0 -1
    outer loop
      vertex 110.5 29.4 0
      vertex 108.53086578651015 24.646089475659902 0
      vertex 108.3418106942506 24.817439023317995 0
    endloop
  endfacet
  facet normal 0 0 -1
    outer loop
      vertex 108.85420914741174 24.252094450425844 0
      vertex 111.2547401608616 29.511955127096257 0
      vertex 108.98538344273085 24.033243360322473 0
    endloop
  endfacet
  facet normal 0 0 -1
    outer loop
      vertex 108.70221533416824 24.45703438340036 0
      vertex 111.00723483724194 29.4499582709516 0
      vertex 108.85420914741174 24.252094450425844 0
    endloop
  endfacet
  facet normal 0 0 -1
    outer loop
      vertex 108.53086578651015 24.646089475659902 0
      vertex 110.75484456485685 29.412519710652287 0
      vertex 108.70221533416824 24.45703438340036 0
    endloop
  endfacet
  facet normal 0 0 -1
    outer loop
      vertex 109.18043302832886 23.56235200543648 0
      vertex 111.94448260585096 29.838179008013384 0
      vertex 109.24242988447352 23.314846681816814 0
    endloop
  endfacet
  facet normal 0 0 -1
    outer loop
      vertex 108.98538344273085 24.033243360322473 0
      vertex 111.49497692414923 29.597913215470655 0
      vertex 109.09447493995447 23.802588768724114 0
    endloop
  endfacet
  facet normal 0 0 -1
    outer loop
      vertex 109.09447493995447 23.802588768724114 0
      vertex 111.7256315157476 29.70700471269428 0
      vertex 109.18043302832886 23.56235200543648 0
    endloop
  endfacet
  facet normal 0 0 -1
    outer loop
      vertex 109.24242988447352 23.314846681816814 0
      vertex 112.14942253882548 29.990172821256884 0
      vertex 109.27986844477283 23.062456409431736 0
    endloop
  endfacet
  facet normal 0 0 -1
    outer loop
      vertex 107.19962299266706 25.357653573623278 0
      vertex 106.94723272028197 25.395092133922592 0
      vertex 109.05551739414904 29.838179008013384 0
    endloop
  endfacet
  facet normal 0 0 -1
    outer loop
      vertex 106.43754359056827 25.395092133922592 0
      vertex 106.18515331818318 25.357653573623278 0
      vertex 108.66152236891497 30.161522368914977 0
    endloop
  endfacet
  facet normal 0 0 -1
    outer loop
      vertex 106.69238815542512 25.40761184457488 0
      vertex 106.43754359056827 25.395092133922592 0
      vertex 108.66152236891497 30.161522368914977 0
    endloop
  endfacet
  facet normal 0 0 -1
    outer loop
      vertex 106.94723272028197 25.395092133922592 0
      vertex 106.69238815542512 25.40761184457488 0
      vertex 108.85057746117452 29.990172821256884 0
    endloop
  endfacet
  facet normal 0 0 -1
    outer loop
      vertex 107.44712831628672 25.29565671747862 0
      vertex 107.19962299266706 25.357653573623278 0
      vertex 109.2743684842524 29.70700471269428 0
    endloop
  endfacet
  facet normal 0 0 -1
    outer loop
      vertex 107.68736507957435 25.209698629104224 0
      vertex 107.44712831628672 25.29565671747862 0
      vertex 109.50502307585077 29.597913215470655 0
    endloop
  endfacet
  facet normal 0 0 -1
    outer loop
      vertex 107.91801967117271 25.1006071318806 0
      vertex 107.68736507957435 25.209698629104224 0
      vertex 109.7452598391384 29.511955127096257 0
    endloop
  endfacet
  facet normal 0 0 -1
    outer loop
      vertex 108.13687076127609 24.969432836561495 0
      vertex 107.91801967117271 25.1006071318806 0
      vertex 109.99276516275806 29.4499582709516 0
    endloop
  endfacet
  facet normal 0 0 -1
    outer loop
      vertex 106.94723272028197 25.395092133922592 0
      vertex 108.85057746117452 29.990172821256884 0
      vertex 109.05551739414904 29.838179008013384 0
    endloop
  endfacet
  facet normal 0 0 -1
    outer loop
      vertex 107.19962299266706 25.357653573623278 0
      vertex 109.05551739414904 29.838179008013384 0
      vertex 109.2743684842524 29.70700471269428 0
    endloop
  endfacet
  facet normal 0 0 -1
    outer loop
      vertex 107.44712831628672 25.29565671747862 0
      vertex 109.2743684842524 29.70700471269428 0
      vertex 109.50502307585077 29.597913215470655 0
    endloop
  endfacet
  facet normal 0 0 -1
    outer loop
      vertex 110.24515543514315 29.412519710652287 0
      vertex 110.5 29.4 0
      vertex 108.3418106942506 24.817439023317995 0
    endloop
  endfacet
  facet normal 0 0 -1
    outer loop
      vertex 109.50502307585077 29.597913215470655 0
      vertex 109.7452598391384 29.511955127096257 0
      vertex 107.68736507957435 25.209698629104224 0
    endloop
  endfacet
  facet normal 0 0 -1
    outer loop
      vertex 109.7452598391384 29.511955127096257 0
      vertex 109.99276516275806 29.4499582709516 0
      vertex 107.91801967117271 25.1006071318806 0
    endloop
  endfacet
  facet normal 0 0 -1
    outer loop
      vertex 108.13687076127609 24.969432836561495 0
      vertex 109.99276516275806 29.4499582709516 0
      vertex 110.24515543514315 29.412519710652287 0
    endloop
  endfacet
  facet normal 0 0 -1
    outer loop
      vertex 108.53086578651015 24.646089475659902 0
      vertex 110.5 29.4 0
      vertex 110.75484456485685 29.412519710652287 0
    endloop
  endfacet
  facet normal 0 0 -1
    outer loop
      vertex 108.70221533416824 24.45703438340036 0
      vertex 110.75484456485685 29.412519710652287 0
      vertex 111.00723483724194 29.4499582709516 0
    endloop
  endfacet
  facet normal 0 0 -1
    outer loop
      vertex 111.00723483724194 29.4499582709516 0
      vertex 111.2547401608616 29.511955127096257 0
      vertex 108.85420914741174 24.252094450425844 0
    endloop
  endfacet
  facet normal 0 0 -1
    outer loop
      vertex 108.98538344273085 24.033243360322473 0
      vertex 111.2547401608616 29.511955127096257 0
      vertex 111.49497692414923 29.597913215470655 0
    endloop
  endfacet
  facet normal 0 0 -1
    outer loop
      vertex 98.70208152801713 30.797918471982868 0
      vertex 108.66152236891497 30.161522368914977 0
      vertex 105.46675663967753 25.1006071318806 0
    endloop
  endfacet
  facet normal 0 0 -1
    outer loop
      vertex 98.70208152801713 30.797918471982868 0
      vertex 108.49017282125688 30.35057746117452 0
      vertex 108.66152236891497 30.161522368914977 0
    endloop
  endfacet
  facet normal 0 0 -1
    outer loop
      vertex 99.07059520526919 31.349438164979347 0
      vertex 108.01195512709626 31.2452598391384 0
      vertex 108.09791321547065 31.005023075850765 0
    endloop
  endfacet
  facet normal 0 0 -1
    outer loop
      vertex 99.12679857074475 31.506516048667415 0
      vertex 107.9499582709516 31.492765162758065 0
      vertex 108.01195512709626 31.2452598391384 0
    endloop
  endfacet
  facet normal 0 0 -1
    outer loop
      vertex 99.19181403534273 31.833370861439747 0
      vertex 107.91251971065229 31.745155435143143 0
      vertex 107.9499582709516 31.492765162758065 0
    endloop
  endfacet
  facet normal 0 0 -1
    outer loop
      vertex 99.2 32 0
      vertex 107.9 32 0
      vertex 107.91251971065229 31.745155435143143 0
    endloop
  endfacet
  facet normal 0 0 -1
    outer loop
      vertex 99.19181403534273 32.16662913856025 0
      vertex 107.91251971065229 32.25484456485686 0
      vertex 107.9 32 0
    endloop
  endfacet
  facet normal 0 0 -1
    outer loop
      vertex 99.1673349766855 32.331653547427415 0
      vertex 107.9499582709516 32.50723483724193 0
      vertex 107.91251971065229 32.25484456485686 0
    endloop
  endfacet
  facet normal 0 0 -1
    outer loop
      vertex 98.81411777071665 30.921531416921802 0
      vertex 108.33817900801338 30.555517394149035 0
      vertex 108.49017282125688 30.35057746117452 0
    endloop
  endfacet
  facet normal 0 0 -1
    outer loop
      vertex 98.91349834091433 31.055530603866675 0
      vertex 108.20700471269427 30.774368484252406 0
      vertex 108.33817900801338 30.555517394149035 0
    endloop
  endfacet
  facet normal 0 0 -1
    outer loop
      vertex 98.9992661493922 31.198625547395803 0
      vertex 108.09791321547065 31.005023075850765 0
      vertex 108.20700471269427 30.774368484252406 0
    endloop
  endfacet
  facet normal 0 0 -1
    outer loop
      vertex 106.69238815542512 25.40761184457488 0
      vertex 108.66152236891497 30.161522368914977 0
      vertex 108.85057746117452 29.990172821256884 0
    endloop
  endfacet
  facet normal 0 0 -1
    outer loop
      vertex 109.09447493995447 23.802588768724114 0
      vertex 111.49497692414923 29.597913215470655 0
      vertex 111.7256315157476 29.70700471269428 0
    endloop
  endfacet
  facet normal 0 0 -1
    outer loop
      vertex 111.7256315157476 29.70700471269428 0
      vertex 111.94448260585096 29.838179008013384 0
      vertex 109.18043302832886 23.56235200543648 0
    endloop
  endfacet
  facet normal 0 0 -1
    outer loop
      vertex 111.94448260585096 29.838179008013384 0
      vertex 112.14942253882548 29.990172821256884 0
      vertex 109.24242988447352 23.314846681816814 0
    endloop
  endfacet
  facet normal 0 0 -1
    outer loop
      vertex 109.27986844477283 23.062456409431736 0
      vertex 112.14942253882548 29.990172821256884 0
      vertex 112.33847763108503 30.161522368914977 0
    endloop
  endfacet
  facet normal 0 0 -1
    outer loop
      vertex 112.33847763108503 30.161522368914977 0
      vertex 112.50982717874312 30.35057746117452 0
      vertex 109.29238815542512 22.80761184457488 0
    endloop
  endfacet
  facet normal 0 0 -1
    outer loop
      vertex 115.60000000000001 2.4 0
      vertex 113.08748028934771 31.745155435143143 0
      vertex 115.60000000000001 62.6 0
    endloop
  endfacet
  facet normal 0 0 1
    outer loop
      vertex 118 0 2.4
      vertex 113.20595205269187 25.494381649793475 2.4
      vertex 112.49266149392204 23.98625547395804 2.4
    endloop
  endfacet
  facet normal 0 0 1
    outer loop
      vertex 118 0 2.4
      vertex 113.76798570744755 27.06516048667414 2.4
      vertex 113.20595205269187 25.494381649793475 2.4
    endloop
  endfacet
  facet normal 0 0 1
    outer loop
      vertex 118 0 2.4
      vertex 114.17334976685493 28.68346452572582 2.4
      vertex 113.76798570744755 27.06516048667414 2.4
    endloop
  endfacet
  facet normal 0 0 1
    outer loop
      vertex 118 0 2.4
      vertex 114.41814035342735 30.33370861439747 2.4
      vertex 114.17334976685493 28.68346452572582 2.4
    endloop
  endfacet
  facet normal 0 0 1
    outer loop
      vertex 118 0 2.4
      vertex 114.5 32 2.4
      vertex 114.41814035342735 30.33370861439747 2.4
    endloop
  endfacet
  facet normal 0 0 1
    outer loop
      vertex 118 0 2.4
      vertex 118 65 2.4
      vertex 114.5 32 2.4
    endloop
  endfacet
  facet normal 0 0 -1
    outer loop
      vertex 2.4 2.4 0
      vertex 115.60000000000001 62.6 0
      vertex 86.86312923872391 43.35420914741174 0
    endloop
  endfacet
  facet normal 0 0 -1
    outer loop
      vertex 83.05551739414904 34.161820991986616 0
      vertex 82.85057746117452 34.009827178743116 0
      vertex 88.30761184457488 38.59238815542512 0
    endloop
  endfacet
  facet normal 0 0 -1
    outer loop
      vertex 83.2743684842524 34.29299528730572 0
      vertex 83.05551739414904 34.161820991986616 0
      vertex 88.30761184457488 38.59238815542512 0
    endloop
  endfacet
  facet normal 0 0 -1
    outer loop
      vertex 83.50502307585077 34.402086784529345 0
      vertex 83.2743684842524 34.29299528730572 0
      vertex 88.30761184457488 38.59238815542512 0
    endloop
  endfacet
  facet normal 0 0 -1
    outer loop
      vertex 83.7452598391384 34.48804487290374 0
      vertex 83.50502307585077 34.402086784529345 0
      vertex 88.30761184457488 38.59238815542512 0
    endloop
  endfacet
  facet normal 0 0 -1
    outer loop
      vertex 83.99276516275806 34.5500417290484 0
      vertex 83.7452598391384 34.48804487290374 0
      vertex 88.30761184457488 38.59238815542512 0
    endloop
  endfacet
  facet normal 0 0 -1
    outer loop
      vertex 84.24515543514315 34.58748028934771 0
      vertex 83.99276516275806 34.5500417290484 0
      vertex 88.30761184457488 38.59238815542512 0
    endloop
  endfacet
  facet normal 0 0 -1
    outer loop
      vertex 84.5 34.6 0
      vertex 84.24515543514315 34.58748028934771 0
      vertex 88.30761184457488 38.59238815542512 0
    endloop
  endfacet
  facet normal 0 0 -1
    outer loop
      vertex 84.75484456485685 34.58748028934771 0
      vertex 84.5 34.6 0
      vertex 88.30761184457488 38.59238815542512 0
    endloop
  endfacet
  facet normal 0 0 -1
    outer loop
      vertex 85.00723483724194 34.5500417290484 0
      vertex 84.75484456485685 34.58748028934771 0
      vertex 88.30761184457488 38.59238815542512 0
    endloop
  endfacet
  facet normal 0 0 -1
    outer loop
      vertex 85.2547401608616 34.48804487290374 0
      vertex 85.00723483724194 34.5500417290484 0
      vertex 88.30761184457488 38.59238815542512 0
    endloop
  endfacet
  facet normal 0 0 -1
    outer loop
      vertex 85.49497692414923 34.402086784529345 0
      vertex 85.2547401608616 34.48804487290374 0
      vertex 88.30761184457488 38.59238815542512 0
    endloop
  endfacet
  facet normal 0 0 1
    outer loop
      vertex 0 65 2.4
      vertex 89.48625547395804 17.007338506077964 2.4
      vertex 88.05530603866677 17.865016590856733 2.4
    endloop
  endfacet
  facet normal 0 0 1
    outer loop
      vertex 0 65 2.4
      vertex 88.05530603866677 46.13498340914327 2.4
      vertex 89.48625547395804 46.992661493922036 2.4
    endloop
  endfacet
  facet normal 0 0 1
    outer loop
      vertex 0 65 2.4
      vertex 89.48625547395804 46.992661493922036 2.4
      vertex 90.99438164979347 47.70595205269187 2.4
    endloop
  endfacet
  facet normal 0 0 1
    outer loop
      vertex 0 65 2.4
      vertex 90.99438164979347 47.70595205269187 2.4
      vertex 92.56516048667415 48.26798570744755 2.4
    endloop
  endfacet
  facet normal 0 0 1
    outer loop
      vertex 0 65 2.4
      vertex 92.56516048667415 48.26798570744755 2.4
      vertex 94.18346452572582 48.67334976685492 2.4
    endloop
  endfacet
  facet normal 0 0 1
    outer loop
      vertex 0 65 2.4
      vertex 94.18346452572582 48.67334976685492 2.4
      vertex 95.83370861439747 48.91814035342735 2.4
    endloop
  endfacet
  facet normal 0 0 1
    outer loop
      vertex 0 65 2.4
      vertex 95.83370861439747 48.91814035342735 2.4
      vertex 97.5 49 2.4
    endloop
  endfacet
  facet normal 0 0 1
    outer loop
      vertex 0 65 2.4
      vertex 97.5 49 2.4
      vertex 99.16629138560253 48.91814035342735 2.4
    endloop
  endfacet
  facet normal 0 0 1
    outer loop
      vertex 0 65 2.4
      vertex 99.16629138560253 48.91814035342735 2.4
      vertex 100.81653547427418 48.67334976685492 2.4
    endloop
  endfacet
  facet normal 0 0 1
    outer loop
      vertex 0 65 2.4
      vertex 100.81653547427418 48.67334976685492 2.4
      vertex 118 65 2.4
    endloop
  endfacet
  facet normal 0 1 0
    outer loop
      vertex 0 65 2.4
      vertex 118 65 2.4
      vertex 118 65 0
    endloop
  endfacet
  facet normal 0 0 -1
    outer loop
      vertex 86.98804487290374 32.7547401608616 0
      vertex 95.87320142925525 32.493483951332585 0
      vertex 87.0500417290484 32.50723483724193 0
    endloop
  endfacet
  facet normal 0 0 -1
    outer loop
      vertex 86.90208678452935 32.994976924149235 0
      vertex 95.92940479473081 32.65056183502065 0
      vertex 86.98804487290374 32.7547401608616 0
    endloop
  endfacet
  facet normal 0 0 -1
    outer loop
      vertex 86.79299528730573 33.225631515747594 0
      vertex 96.0007338506078 32.80137445260419 0
      vertex 86.90208678452935 32.994976924149235 0
    endloop
  endfacet
  facet normal 0 0 -1
    outer loop
      vertex 86.66182099198662 33.444482605850965 0
      vertex 96.08650165908567 32.94446939613332 0
      vertex 86.79299528730573 33.225631515747594 0
    endloop
  endfacet
  facet normal 0 0 -1
    outer loop
      vertex 86.50982717874312 33.649422538825476 0
      vertex 96.18588222928335 33.0784685830782 0
      vertex 86.66182099198662 33.444482605850965 0
    endloop
  endfacet
  facet normal 0 0 -1
    outer loop
      vertex 85.7256315157476 34.29299528730572 0
      vertex 85.49497692414923 34.402086784529345 0
      vertex 97.00651604866741 33.626798570744754 0
    endloop
  endfacet
  facet normal 0 0 -1
    outer loop
      vertex 96.42153141692181 33.314117770716656 0
      vertex 86.33847763108503 33.83847763108503 0
      vertex 86.14942253882548 34.009827178743116 0
    endloop
  endfacet
  facet normal 0 0 -1
    outer loop
      vertex 86.33847763108503 33.83847763108503 0
      vertex 96.29791847198287 33.20208152801713 0
      vertex 86.50982717874312 33.649422538825476 0
    endloop
  endfacet
  facet normal 0 0 -1
    outer loop
      vertex 86.14942253882548 34.009827178743116 0
      vertex 85.94448260585096 34.161820991986616 0
      vertex 96.55553060386667 33.41349834091433 0
    endloop
  endfacet
  facet normal 0 0 -1
    outer loop
      vertex 85.94448260585096 34.161820991986616 0
      vertex 85.7256315157476 34.29299528730572 0
      vertex 96.84943816497935 33.570595205269186 0
    endloop
  endfacet
  facet normal 0 0 -1
    outer loop
      vertex 85.49497692414923 34.402086784529345 0
      vertex 88.30761184457488 38.59238815542512 0
      vertex 97.00651604866741 33.626798570744754 0
    endloop
  endfacet
  facet normal 0 0 -1
    outer loop
      vertex 95.92940479473081 32.65056183502065 0
      vertex 95.87320142925525 32.493483951332585 0
      vertex 86.98804487290374 32.7547401608616 0
    endloop
  endfacet
  facet normal 0 0 -1
    outer loop
      vertex 96.0007338506078 32.80137445260419 0
      vertex 95.92940479473081 32.65056183502065 0
      vertex 86.90208678452935 32.994976924149235 0
    endloop
  endfacet
  facet normal 0 0 -1
    outer loop
      vertex 96.08650165908567 32.94446939613332 0
      vertex 96.0007338506078 32.80137445260419 0
      vertex 86.79299528730573 33.225631515747594 0
    endloop
  endfacet
  facet normal 0 0 -1
    outer loop
      vertex 96.18588222928335 33.0784685830782 0
      vertex 96.08650165908567 32.94446939613332 0
      vertex 86.66182099198662 33.444482605850965 0
    endloop
  endfacet
  facet normal 0 0 -1
    outer loop
      vertex 96.29791847198287 33.20208152801713 0
      vertex 96.18588222928335 33.0784685830782 0
      vertex 86.50982717874312 33.649422538825476 0
    endloop
  endfacet
  facet normal 0 0 -1
    outer loop
      vertex 86.33847763108503 33.83847763108503 0
      vertex 96.42153141692181 33.314117770716656 0
      vertex 96.29791847198287 33.20208152801713 0
    endloop
  endfacet
  facet normal 0 0 -1
    outer loop
      vertex 86.14942253882548 34.009827178743116 0
      vertex 96.55553060386667 33.41349834091433 0
      vertex 96.42153141692181 33.314117770716656 0
    endloop
  endfacet
  facet normal 0 0 -1
    outer loop
      vertex 85.94448260585096 34.161820991986616 0
      vertex 96.6986255473958 33.499266149392206 0
      vertex 96.55553060386667 33.41349834091433 0
    endloop
  endfacet
  facet normal 0 0 -1
    outer loop
      vertex 85.94448260585096 34.161820991986616 0
      vertex 96.84943816497935 33.570595205269186 0
      vertex 96.6986255473958 33.499266149392206 0
    endloop
  endfacet
  facet normal 0 0 -1
    outer loop
      vertex 85.7256315157476 34.29299528730572 0
      vertex 97.00651604866741 33.626798570744754 0
      vertex 96.84943816497935 33.570595205269186 0
    endloop
  endfacet
  facet normal 0 0 -1
    outer loop
      vertex 97.16834645257258 33.66733497668549 0
      vertex 97.00651604866741 33.626798570744754 0
      vertex 90.79565671747862 40.43764799456352 0
    endloop
  endfacet
  facet normal 0 0 -1
    outer loop
      vertex 97.33337086143975 33.69181403534274 0
      vertex 97.16834645257258 33.66733497668549 0
      vertex 90.85765357362328 40.68515331818319 0
    endloop
  endfacet
  facet normal 0 0 -1
    outer loop
      vertex 97.33337086143975 33.69181403534274 0
      vertex 90.89509213392259 40.93754359056826 0
      vertex 97.5 33.7 0
    endloop
  endfacet
  facet normal 0 0 -1
    outer loop
      vertex 90.90761184457487 41.19238815542512 0
      vertex 97.66662913856025 33.69181403534274 0
      vertex 97.5 33.7 0
    endloop
  endfacet
  facet normal 0 0 -1
    outer loop
      vertex 88.30761184457488 38.59238815542512 0
      vertex 88.56245640943173 38.60490786607741 0
      vertex 97.00651604866741 33.626798570744754 0
    endloop
  endfacet
  facet normal 0 0 -1
    outer loop
      vertex 88.56245640943173 38.60490786607741 0
      vertex 88.81484668181682 38.64234642637672 0
      vertex 97.00651604866741 33.626798570744754 0
    endloop
  endfacet
  facet normal 0 0 -1
    outer loop
      vertex 88.81484668181682 38.64234642637672 0
      vertex 89.06235200543648 38.70434328252138 0
      vertex 97.00651604866741 33.626798570744754 0
    endloop
  endfacet
  facet normal 0 0 -1
    outer loop
      vertex 89.06235200543648 38.70434328252138 0
      vertex 89.3025887687241 38.790301370895776 0
      vertex 97.00651604866741 33.626798570744754 0
    endloop
  endfacet
  facet normal 0 0 -1
    outer loop
      vertex 89.3025887687241 38.790301370895776 0
      vertex 89.53324336032247 38.8993928681194 0
      vertex 97.00651604866741 33.626798570744754 0
    endloop
  endfacet
  facet normal 0 0 -1
    outer loop
      vertex 89.53324336032247 38.8993928681194 0
      vertex 89.75209445042584 39.030567163438505 0
      vertex 97.00651604866741 33.626798570744754 0
    endloop
  endfacet
  facet normal 0 0 -1
    outer loop
      vertex 89.75209445042584 39.030567163438505 0
      vertex 89.95703438340036 39.182560976682005 0
      vertex 97.00651604866741 33.626798570744754 0
    endloop
  endfacet
  facet normal 0 0 -1
    outer loop
      vertex 97.00651604866741 33.626798570744754 0
      vertex 89.95703438340036 39.182560976682005 0
      vertex 90.1460894756599 39.353910524340094 0
    endloop
  endfacet
  facet normal 0 0 -1
    outer loop
      vertex 97.00651604866741 33.626798570744754 0
      vertex 90.1460894756599 39.353910524340094 0
      vertex 90.317439023318 39.542965616599645 0
    endloop
  endfacet
  facet normal 0 0 -1
    outer loop
      vertex 97.00651604866741 33.626798570744754 0
      vertex 90.317439023318 39.542965616599645 0
      vertex 90.4694328365615 39.747905549574156 0
    endloop
  endfacet
  facet normal 0 0 -1
    outer loop
      vertex 97.00651604866741 33.626798570744754 0
      vertex 90.4694328365615 39.747905549574156 0
      vertex 90.60060713188061 39.96675663967753 0
    endloop
  endfacet
  facet normal 0 0 -1
    outer loop
      vertex 97.00651604866741 33.626798570744754 0
      vertex 90.60060713188061 39.96675663967753 0
      vertex 90.70969862910422 40.197411231275886 0
    endloop
  endfacet
  facet normal 0 0 -1
    outer loop
      vertex 97.00651604866741 33.626798570744754 0
      vertex 90.70969862910422 40.197411231275886 0
      vertex 90.79565671747862 40.43764799456352 0
    endloop
  endfacet
  facet normal 0 0 -1
    outer loop
      vertex 97.16834645257258 33.66733497668549 0
      vertex 90.79565671747862 40.43764799456352 0
      vertex 90.85765357362328 40.68515331818319 0
    endloop
  endfacet
  facet normal 0 0 -1
    outer loop
      vertex 97.33337086143975 33.69181403534274 0
      vertex 90.85765357362328 40.68515331818319 0
      vertex 90.89509213392259 40.93754359056826 0
    endloop
  endfacet
  facet normal 0 0 -1
    outer loop
      vertex 90.90761184457487 41.19238815542512 0
      vertex 97.5 33.7 0
      vertex 90.89509213392259 40.93754359056826 0
    endloop
  endfacet
  facet normal 0 0 -1
    outer loop
      vertex 99.12679857074475 32.493483951332585 0
      vertex 99.07059520526919 32.65056183502065 0
      vertex 108.01195512709626 32.7547401608616 0
    endloop
  endfacet
  facet normal 0 0 -1
    outer loop
      vertex 99.07059520526919 32.65056183502065 0
      vertex 98.9992661493922 32.80137445260419 0
      vertex 108.09791321547065 32.994976924149235 0
    endloop
  endfacet
  facet normal 0 0 -1
    outer loop
      vertex 98.9992661493922 32.80137445260419 0
      vertex 98.91349834091433 32.94446939613332 0
      vertex 108.20700471269427 33.225631515747594 0
    endloop
  endfacet
  facet normal 0 0 -1
    outer loop
      vertex 98.91349834091433 32.94446939613332 0
      vertex 98.81411777071665 33.0784685830782 0
      vertex 108.33817900801338 33.444482605850965 0
    endloop
  endfacet
  facet normal 0 0 -1
    outer loop
      vertex 98.81411777071665 33.0784685830782 0
      vertex 98.70208152801713 33.20208152801713 0
      vertex 108.49017282125688 33.649422538825476 0
    endloop
  endfacet
  facet normal 0 0 -1
    outer loop
      vertex 98.70208152801713 33.20208152801713 0
      vertex 98.57846858307819 33.314117770716656 0
      vertex 108.66152236891497 33.83847763108503 0
    endloop
  endfacet
  facet normal 0 0 -1
    outer loop
      vertex 98.44446939613333 33.41349834091433 0
      vertex 98.3013744526042 33.499266149392206 0
      vertex 108.85057746117452 34.009827178743116 0
    endloop
  endfacet
  facet normal 0 0 -1
    outer loop
      vertex 98.3013744526042 33.499266149392206 0
      vertex 98.15056183502065 33.570595205269186 0
      vertex 109.05551739414904 34.161820991986616 0
    endloop
  endfacet
  facet normal 0 0 -1
    outer loop
      vertex 98.15056183502065 33.570595205269186 0
      vertex 97.99348395133259 33.626798570744754 0
      vertex 109.2743684842524 34.29299528730572 0
    endloop
  endfacet
  facet normal 0 0 -1
    outer loop
      vertex 98.57846858307819 33.314117770716656 0
      vertex 98.44446939613333 33.41349834091433 0
      vertex 108.66152236891497 33.83847763108503 0
    endloop
  endfacet
  facet normal 0 0 -1
    outer loop
      vertex 97.83165354742742 33.66733497668549 0
      vertex 97.66662913856025 33.69181403534274 0
      vertex 104.39939286811939 39.96675663967753 0
    endloop
  endfacet
  facet normal 0 0 -1
    outer loop
      vertex 97.99348395133259 33.626798570744754 0
      vertex 97.83165354742742 33.66733497668549 0
      vertex 104.682560976682 39.542965616599645 0
    endloop
  endfacet
  facet normal 0 0 -1
    outer loop
      vertex 90.90761184457487 41.19238815542512 0
      vertex 104.09238815542513 41.19238815542512 0
      vertex 97.66662913856025 33.69181403534274 0
    endloop
  endfacet
  facet normal 0 0 -1
    outer loop
      vertex 97.99348395133259 33.626798570744754 0
      vertex 105.04296561659964 39.182560976682005 0
      vertex 105.24790554957416 39.030567163438505 0
    endloop
  endfacet
  facet normal 0 0 -1
    outer loop
      vertex 97.99348395133259 33.626798570744754 0
      vertex 104.682560976682 39.542965616599645 0
      vertex 104.8539105243401 39.353910524340094 0
    endloop
  endfacet
  facet normal 0 0 -1
    outer loop
      vertex 97.99348395133259 33.626798570744754 0
      vertex 104.8539105243401 39.353910524340094 0
      vertex 105.04296561659964 39.182560976682005 0
    endloop
  endfacet
  facet normal 0 0 -1
    outer loop
      vertex 97.99348395133259 33.626798570744754 0
      vertex 105.24790554957416 39.030567163438505 0
      vertex 105.46675663967753 38.8993928681194 0
    endloop
  endfacet
  facet normal 0 0 -1
    outer loop
      vertex 97.99348395133259 33.626798570744754 0
      vertex 105.46675663967753 38.8993928681194 0
      vertex 105.6974112312759 38.790301370895776 0
    endloop
  endfacet
  facet normal 0 0 -1
    outer loop
      vertex 97.83165354742742 33.66733497668549 0
      vertex 104.39939286811939 39.96675663967753 0
      vertex 104.5305671634385 39.747905549574156 0
    endloop
  endfacet
  facet normal 0 0 -1
    outer loop
      vertex 97.66662913856025 33.69181403534274 0
      vertex 104.29030137089578 40.197411231275886 0
      vertex 104.39939286811939 39.96675663967753 0
    endloop
  endfacet
  facet normal 0 0 -1
    outer loop
      vertex 97.66662913856025 33.69181403534274 0
      vertex 104.20434328252138 40.43764799456352 0
      vertex 104.29030137089578 40.197411231275886 0
    endloop
  endfacet
  facet normal 0 0 -1
    outer loop
      vertex 97.66662913856025 33.69181403534274 0
      vertex 104.14234642637672 40.68515331818319 0
      vertex 104.20434328252138 40.43764799456352 0
    endloop
  endfacet
  facet normal 0 0 -1
    outer loop
      vertex 97.66662913856025 33.69181403534274 0
      vertex 104.10490786607741 40.93754359056826 0
      vertex 104.14234642637672 40.68515331818319 0
    endloop
  endfacet
  facet normal 0 0 -1
    outer loop
      vertex 97.83165354742742 33.66733497668549 0
      vertex 104.5305671634385 39.747905549574156 0
      vertex 104.682560976682 39.542965616599645 0
    endloop
  endfacet
  facet normal 0 0 -1
    outer loop
      vertex 97.66662913856025 33.69181403534274 0
      vertex 104.09238815542513 41.19238815542512 0
      vertex 104.10490786607741 40.93754359056826 0
    endloop
  endfacet
  facet normal 0 0 -1
    outer loop
      vertex 88.05276727971803 43.77986844477283 0
      vertex 87.80037700733294 43.74242988447352 0
      vertex 94.9 45 0
    endloop
  endfacet
  facet normal 0 0 -1
    outer loop
      vertex 90.60060713188061 42.418019671172715 0
      vertex 95.09791321547065 44.005023075850765 0
      vertex 90.70969862910422 42.187365079574356 0
    endloop
  endfacet
  facet normal 0 0 -1
    outer loop
      vertex 90.4694328365615 42.636870761276086 0
      vertex 95.01195512709626 44.2452598391384 0
      vertex 90.60060713188061 42.418019671172715 0
    endloop
  endfacet
  facet normal 0 0 -1
    outer loop
      vertex 90.317439023318 42.8418106942506 0
      vertex 94.9499582709516 44.49276516275807 0
      vertex 90.4694328365615 42.636870761276086 0
    endloop
  endfacet
  facet normal 0 0 -1
    outer loop
      vertex 90.1460894756599 43.03086578651015 0
      vertex 94.91251971065229 44.74515543514314 0
      vertex 90.317439023318 42.8418106942506 0
    endloop
  endfacet
  facet normal 0 0 -1
    outer loop
      vertex 88.81484668181682 43.74242988447352 0
      vertex 88.56245640943173 43.77986844477283 0
      vertex 94.9 45 0
    endloop
  endfacet
  facet normal 0 0 -1
    outer loop
      vertex 89.06235200543648 43.68043302832886 0
      vertex 88.81484668181682 43.74242988447352 0
      vertex 94.9 45 0
    endloop
  endfacet
  facet normal 0 0 -1
    outer loop
      vertex 89.53324336032247 43.48538344273084 0
      vertex 89.3025887687241 43.594474939954466 0
      vertex 94.9 45 0
    endloop
  endfacet
  facet normal 0 0 -1
    outer loop
      vertex 89.3025887687241 43.594474939954466 0
      vertex 89.06235200543648 43.68043302832886 0
      vertex 94.9 45 0
    endloop
  endfacet
  facet normal 0 0 -1
    outer loop
      vertex 88.30761184457488 43.79238815542512 0
      vertex 88.05276727971803 43.77986844477283 0
      vertex 94.9 45 0
    endloop
  endfacet
  facet normal 0 0 -1
    outer loop
      vertex 88.56245640943173 43.77986844477283 0
      vertex 88.30761184457488 43.79238815542512 0
      vertex 94.9 45 0
    endloop
  endfacet
  facet normal 0 0 -1
    outer loop
      vertex 89.95703438340036 43.20221533416824 0
      vertex 94.9 45 0
      vertex 90.1460894756599 43.03086578651015 0
    endloop
  endfacet
  facet normal 0 0 -1
    outer loop
      vertex 89.95703438340036 43.20221533416824 0
      vertex 89.75209445042584 43.35420914741174 0
      vertex 94.9 45 0
    endloop
  endfacet
  facet normal 0 0 -1
    outer loop
      vertex 89.75209445042584 43.35420914741174 0
      vertex 89.53324336032247 43.48538344273084 0
      vertex 94.9 45 0
    endloop
  endfacet
  facet normal 0 0 -1
    outer loop
      vertex 90.89509213392259 41.44723272028198 0
      vertex 95.66152236891497 43.16152236891497 0
      vertex 90.90761184457487 41.19238815542512 0
    endloop
  endfacet
  facet normal 0 0 -1
    outer loop
      vertex 90.85765357362328 41.69962299266705 0
      vertex 95.49017282125688 43.350577461174524 0
      vertex 90.89509213392259 41.44723272028198 0
    endloop
  endfacet
  facet normal 0 0 -1
    outer loop
      vertex 90.79565671747862 41.94712831628672 0
      vertex 95.33817900801338 43.555517394149035 0
      vertex 90.85765357362328 41.69962299266705 0
    endloop
  endfacet
  facet normal 0 0 -1
    outer loop
      vertex 90.70969862910422 42.187365079574356 0
      vertex 95.20700471269427 43.774368484252406 0
      vertex 90.79565671747862 41.94712831628672 0
    endloop
  endfacet
  facet normal 0 0 -1
    outer loop
      vertex 90.89509213392259 41.44723272028198 0
      vertex 95.49017282125688 43.350577461174524 0
      vertex 95.66152236891497 43.16152236891497 0
    endloop
  endfacet
  facet normal 0 0 -1
    outer loop
      vertex 96.50502307585077 42.597913215470655 0
      vertex 96.7452598391384 42.51195512709626 0
      vertex 90.90761184457487 41.19238815542512 0
    endloop
  endfacet
  facet normal 0 0 -1
    outer loop
      vertex 96.7452598391384 42.51195512709626 0
      vertex 96.99276516275806 42.4499582709516 0
      vertex 90.90761184457487 41.19238815542512 0
    endloop
  endfacet
  facet normal 0 0 -1
    outer loop
      vertex 96.05551739414904 42.838179008013384 0
      vertex 96.2743684842524 42.70700471269428 0
      vertex 90.90761184457487 41.19238815542512 0
    endloop
  endfacet
  facet normal 0 0 -1
    outer loop
      vertex 95.85057746117452 42.990172821256884 0
      vertex 96.05551739414904 42.838179008013384 0
      vertex 90.90761184457487 41.19238815542512 0
    endloop
  endfacet
  facet normal 0 0 -1
    outer loop
      vertex 90.90761184457487 41.19238815542512 0
      vertex 95.66152236891497 43.16152236891497 0
      vertex 95.85057746117452 42.990172821256884 0
    endloop
  endfacet
  facet normal 0 0 -1
    outer loop
      vertex 96.2743684842524 42.70700471269428 0
      vertex 96.50502307585077 42.597913215470655 0
      vertex 90.90761184457487 41.19238815542512 0
    endloop
  endfacet
  facet normal 0 0 -1
    outer loop
      vertex 95.49017282125688 43.350577461174524 0
      vertex 90.85765357362328 41.69962299266705 0
      vertex 95.33817900801338 43.555517394149035 0
    endloop
  endfacet
  facet normal 0 0 -1
    outer loop
      vertex 95.33817900801338 43.555517394149035 0
      vertex 90.79565671747862 41.94712831628672 0
      vertex 95.20700471269427 43.774368484252406 0
    endloop
  endfacet
  facet normal 0 0 -1
    outer loop
      vertex 90.60060713188061 42.418019671172715 0
      vertex 95.01195512709626 44.2452598391384 0
      vertex 95.09791321547065 44.005023075850765 0
    endloop
  endfacet
  facet normal 0 0 -1
    outer loop
      vertex 95.20700471269427 43.774368484252406 0
      vertex 90.70969862910422 42.187365079574356 0
      vertex 95.09791321547065 44.005023075850765 0
    endloop
  endfacet
  facet normal 0 0 -1
    outer loop
      vertex 87.80037700733294 43.74242988447352 0
      vertex 94.91251971065229 45.25484456485686 0
      vertex 94.9 45 0
    endloop
  endfacet
  facet normal 0 0 -1
    outer loop
      vertex 90.4694328365615 42.636870761276086 0
      vertex 94.9499582709516 44.49276516275807 0
      vertex 95.01195512709626 44.2452598391384 0
    endloop
  endfacet
  facet normal 0 0 -1
    outer loop
      vertex 90.317439023318 42.8418106942506 0
      vertex 94.91251971065229 44.74515543514314 0
      vertex 94.9499582709516 44.49276516275807 0
    endloop
  endfacet
  facet normal 0 0 -1
    outer loop
      vertex 90.1460894756599 43.03086578651015 0
      vertex 94.9 45 0
      vertex 94.91251971065229 44.74515543514314 0
    endloop
  endfacet
  facet normal 0 0 -1
    outer loop
      vertex 87.55287168371328 43.68043302832886 0
      vertex 87.31263492042565 43.594474939954466 0
      vertex 96.2743684842524 47.29299528730572 0
    endloop
  endfacet
  facet normal 0 0 -1
    outer loop
      vertex 87.80037700733294 43.74242988447352 0
      vertex 87.55287168371328 43.68043302832886 0
      vertex 96.05551739414904 47.161820991986616 0
    endloop
  endfacet
  facet normal 0 0 -1
    outer loop
      vertex 87.80037700733294 43.74242988447352 0
      vertex 94.9499582709516 45.50723483724193 0
      vertex 94.91251971065229 45.25484456485686 0
    endloop
  endfacet
  facet normal 0 0 -1
    outer loop
      vertex 87.80037700733294 43.74242988447352 0
      vertex 95.01195512709626 45.7547401608616 0
      vertex 94.9499582709516 45.50723483724193 0
    endloop
  endfacet
  facet normal 0 0 -1
    outer loop
      vertex 87.80037700733294 43.74242988447352 0
      vertex 95.09791321547065 45.994976924149235 0
      vertex 95.01195512709626 45.7547401608616 0
    endloop
  endfacet
  facet normal 0 0 -1
    outer loop
      vertex 87.80037700733294 43.74242988447352 0
      vertex 95.20700471269427 46.225631515747594 0
      vertex 95.09791321547065 45.994976924149235 0
    endloop
  endfacet
  facet normal 0 0 -1
    outer loop
      vertex 87.80037700733294 43.74242988447352 0
      vertex 95.33817900801338 46.444482605850965 0
      vertex 95.20700471269427 46.225631515747594 0
    endloop
  endfacet
  facet normal 0 0 -1
    outer loop
      vertex 87.80037700733294 43.74242988447352 0
      vertex 95.49017282125688 46.649422538825476 0
      vertex 95.33817900801338 46.444482605850965 0
    endloop
  endfacet
  facet normal 0 0 -1
    outer loop
      vertex 87.80037700733294 43.74242988447352 0
      vertex 95.66152236891497 46.83847763108503 0
      vertex 95.49017282125688 46.649422538825476 0
    endloop
  endfacet
  facet normal 0 0 -1
    outer loop
      vertex 87.80037700733294 43.74242988447352 0
      vertex 95.85057746117452 47.009827178743116 0
      vertex 95.66152236891497 46.83847763108503 0
    endloop
  endfacet
  facet normal 0 0 -1
    outer loop
      vertex 87.80037700733294 43.74242988447352 0
      vertex 96.05551739414904 47.161820991986616 0
      vertex 95.85057746117452 47.009827178743116 0
    endloop
  endfacet
  facet normal 0 0 -1
    outer loop
      vertex 87.55287168371328 43.68043302832886 0
      vertex 96.2743684842524 47.29299528730572 0
      vertex 96.05551739414904 47.161820991986616 0
    endloop
  endfacet
  facet normal 0 0 -1
    outer loop
      vertex 96.99276516275806 42.4499582709516 0
      vertex 104.09238815542513 41.19238815542512 0
      vertex 90.90761184457487 41.19238815542512 0
    endloop
  endfacet
  facet normal 0 0 -1
    outer loop
      vertex 96.99276516275806 42.4499582709516 0
      vertex 97.24515543514315 42.41251971065229 0
      vertex 104.09238815542513 41.19238815542512 0
    endloop
  endfacet
  facet normal 0 0 -1
    outer loop
      vertex 97.24515543514315 42.41251971065229 0
      vertex 97.5 42.4 0
      vertex 104.09238815542513 41.19238815542512 0
    endloop
  endfacet
  facet normal 0 0 -1
    outer loop
      vertex 97.5 42.4 0
      vertex 97.75484456485685 42.41251971065229 0
      vertex 104.09238815542513 41.19238815542512 0
    endloop
  endfacet
  facet normal 0 0 -1
    outer loop
      vertex 97.75484456485685 42.41251971065229 0
      vertex 98.00723483724194 42.4499582709516 0
      vertex 104.09238815542513 41.19238815542512 0
    endloop
  endfacet
  facet normal 0 0 -1
    outer loop
      vertex 98.00723483724194 42.4499582709516 0
      vertex 98.2547401608616 42.51195512709626 0
      vertex 104.09238815542513 41.19238815542512 0
    endloop
  endfacet
  facet normal 0 0 -1
    outer loop
      vertex 98.2547401608616 42.51195512709626 0
      vertex 98.49497692414923 42.597913215470655 0
      vertex 104.09238815542513 41.19238815542512 0
    endloop
  endfacet
  facet normal 0 0 -1
    outer loop
      vertex 98.49497692414923 42.597913215470655 0
      vertex 98.7256315157476 42.70700471269428 0
      vertex 104.09238815542513 41.19238815542512 0
    endloop
  endfacet
  facet normal 0 0 -1
    outer loop
      vertex 98.7256315157476 42.70700471269428 0
      vertex 98.94448260585096 42.838179008013384 0
      vertex 104.09238815542513 41.19238815542512 0
    endloop
  endfacet
  facet normal 0 0 -1
    outer loop
      vertex 98.94448260585096 42.838179008013384 0
      vertex 99.14942253882548 42.990172821256884 0
      vertex 104.09238815542513 41.19238815542512 0
    endloop
  endfacet
  facet normal 0 0 -1
    outer loop
      vertex 99.14942253882548 42.990172821256884 0
      vertex 99.33847763108503 43.16152236891497 0
      vertex 104.09238815542513 41.19238815542512 0
    endloop
  endfacet
  facet normal 0 0 -1
    outer loop
      vertex 99.33847763108503 43.16152236891497 0
      vertex 99.50982717874312 43.350577461174524 0
      vertex 104.09238815542513 41.19238815542512 0
    endloop
  endfacet
  facet normal 0 0 -1
    outer loop
      vertex 99.50982717874312 43.350577461174524 0
      vertex 104.10490786607741 41.44723272028198 0
      vertex 104.09238815542513 41.19238815542512 0
    endloop
  endfacet
  facet normal 0 0 -1
    outer loop
      vertex 99.66182099198662 43.555517394149035 0
      vertex 104.14234642637672 41.69962299266705 0
      vertex 104.10490786607741 41.44723272028198 0
    endloop
  endfacet
  facet normal 0 0 -1
    outer loop
      vertex 99.79299528730573 43.774368484252406 0
      vertex 104.20434328252138 41.94712831628672 0
      vertex 104.14234642637672 41.69962299266705 0
    endloop
  endfacet
  facet normal 0 0 -1
    outer loop
      vertex 99.66182099198662 43.555517394149035 0
      vertex 104.10490786607741 41.44723272028198 0
      vertex 99.50982717874312 43.350577461174524 0
    endloop
  endfacet
  facet normal 0 0 -1
    outer loop
      vertex 99.79299528730573 43.774368484252406 0
      vertex 104.14234642637672 41.69962299266705 0
      vertex 99.66182099198662 43.555517394149035 0
    endloop
  endfacet
  facet normal 0 0 -1
    outer loop
      vertex 99.90208678452935 44.005023075850765 0
      vertex 104.20434328252138 41.94712831628672 0
      vertex 99.79299528730573 43.774368484252406 0
    endloop
  endfacet
  facet normal 0 0 -1
    outer loop
      vertex 99.98804487290374 44.2452598391384 0
      vertex 104.29030137089578 42.187365079574356 0
      vertex 99.90208678452935 44.005023075850765 0
    endloop
  endfacet
  facet normal 0 0 -1
    outer loop
      vertex 99.90208678452935 44.005023075850765 0
      vertex 104.29030137089578 42.187365079574356 0
      vertex 104.20434328252138 41.94712831628672 0
    endloop
  endfacet
  facet normal 0 0 -1
    outer loop
      vertex 99.98804487290374 44.2452598391384 0
      vertex 104.39939286811939 42.418019671172715 0
      vertex 104.29030137089578 42.187365079574356 0
    endloop
  endfacet
  facet normal 0 0 -1
    outer loop
      vertex 100.0500417290484 44.49276516275807 0
      vertex 104.5305671634385 42.636870761276086 0
      vertex 104.39939286811939 42.418019671172715 0
    endloop
  endfacet
  facet normal 0 0 -1
    outer loop
      vertex 100.08748028934771 44.74515543514314 0
      vertex 104.682560976682 42.8418106942506 0
      vertex 104.5305671634385 42.636870761276086 0
    endloop
  endfacet
  facet normal 0 0 -1
    outer loop
      vertex 100.1 45 0
      vertex 104.8539105243401 43.03086578651015 0
      vertex 104.682560976682 42.8418106942506 0
    endloop
  endfacet
  facet normal 0 0 -1
    outer loop
      vertex 100.0500417290484 44.49276516275807 0
      vertex 104.39939286811939 42.418019671172715 0
      vertex 99.98804487290374 44.2452598391384 0
    endloop
  endfacet
  facet normal 0 0 -1
    outer loop
      vertex 100.08748028934771 44.74515543514314 0
      vertex 104.5305671634385 42.636870761276086 0
      vertex 100.0500417290484 44.49276516275807 0
    endloop
  endfacet
  facet normal 0 0 -1
    outer loop
      vertex 100.1 45 0
      vertex 104.682560976682 42.8418106942506 0
      vertex 100.08748028934771 44.74515543514314 0
    endloop
  endfacet
  facet normal 0 0 -1
    outer loop
      vertex 100.08748028934771 45.25484456485686 0
      vertex 104.8539105243401 43.03086578651015 0
      vertex 100.1 45 0
    endloop
  endfacet
  facet normal 0 0 -1
    outer loop
      vertex 100.0500417290484 45.50723483724193 0
      vertex 105.04296561659964 43.20221533416824 0
      vertex 100.08748028934771 45.25484456485686 0
    endloop
  endfacet
  facet normal 0 0 -1
    outer loop
      vertex 99.98804487290374 45.7547401608616 0
      vertex 105.24790554957416 43.35420914741174 0
      vertex 100.0500417290484 45.50723483724193 0
    endloop
  endfacet
  facet normal 0 0 -1
    outer loop
      vertex 99.90208678452935 45.994976924149235 0
      vertex 105.46675663967753 43.48538344273084 0
      vertex 99.98804487290374 45.7547401608616 0
    endloop
  endfacet
  facet normal 0 0 -1
    outer loop
      vertex 99.79299528730573 46.225631515747594 0
      vertex 105.6974112312759 43.594474939954466 0
      vertex 99.90208678452935 45.994976924149235 0
    endloop
  endfacet
  facet normal 0 0 -1
    outer loop
      vertex 99.66182099198662 46.444482605850965 0
      vertex 105.93764799456352 43.68043302832886 0
      vertex 99.79299528730573 46.225631515747594 0
    endloop
  endfacet
  facet normal 0 0 -1
    outer loop
      vertex 99.50982717874312 46.649422538825476 0
      vertex 106.18515331818318 43.74242988447352 0
      vertex 99.66182099198662 46.444482605850965 0
    endloop
  endfacet
  facet normal 0 0 -1
    outer loop
      vertex 99.33847763108503 46.83847763108503 0
      vertex 106.43754359056827 43.77986844477283 0
      vertex 99.50982717874312 46.649422538825476 0
    endloop
  endfacet
  facet normal 0 0 -1
    outer loop
      vertex 106.69238815542512 43.79238815542512 0
      vertex 99.33847763108503 46.83847763108503 0
      vertex 99.14942253882548 47.009827178743116 0
    endloop
  endfacet
  facet normal 0 0 -1
    outer loop
      vertex 99.14942253882548 47.009827178743116 0
      vertex 98.94448260585096 47.161820991986616 0
      vertex 106.94723272028197 43.77986844477283 0
    endloop
  endfacet
  facet normal 0 0 -1
    outer loop
      vertex 99.12679857074475 32.493483951332585 0
      vertex 108.01195512709626 32.7547401608616 0
      vertex 107.9499582709516 32.50723483724193 0
    endloop
  endfacet
  facet normal 0 0 -1
    outer loop
      vertex 99.07059520526919 32.65056183502065 0
      vertex 108.09791321547065 32.994976924149235 0
      vertex 108.01195512709626 32.7547401608616 0
    endloop
  endfacet
  facet normal 0 0 -1
    outer loop
      vertex 98.9992661493922 32.80137445260419 0
      vertex 108.20700471269427 33.225631515747594 0
      vertex 108.09791321547065 32.994976924149235 0
    endloop
  endfacet
  facet normal 0 0 -1
    outer loop
      vertex 98.91349834091433 32.94446939613332 0
      vertex 108.33817900801338 33.444482605850965 0
      vertex 108.20700471269427 33.225631515747594 0
    endloop
  endfacet
  facet normal 0 0 -1
    outer loop
      vertex 98.81411777071665 33.0784685830782 0
      vertex 108.49017282125688 33.649422538825476 0
      vertex 108.33817900801338 33.444482605850965 0
    endloop
  endfacet
  facet normal 0 0 -1
    outer loop
      vertex 98.70208152801713 33.20208152801713 0
      vertex 108.66152236891497 33.83847763108503 0
      vertex 108.49017282125688 33.649422538825476 0
    endloop
  endfacet
  facet normal 0 0 -1
    outer loop
      vertex 98.44446939613333 33.41349834091433 0
      vertex 108.85057746117452 34.009827178743116 0
      vertex 108.66152236891497 33.83847763108503 0
    endloop
  endfacet
  facet normal 0 0 -1
    outer loop
      vertex 98.3013744526042 33.499266149392206 0
      vertex 109.05551739414904 34.161820991986616 0
      vertex 108.85057746117452 34.009827178743116 0
    endloop
  endfacet
  facet normal 0 0 -1
    outer loop
      vertex 98.15056183502065 33.570595205269186 0
      vertex 109.2743684842524 34.29299528730572 0
      vertex 109.05551739414904 34.161820991986616 0
    endloop
  endfacet
  facet normal 0 0 -1
    outer loop
      vertex 97.99348395133259 33.626798570744754 0
      vertex 109.50502307585077 34.402086784529345 0
      vertex 109.2743684842524 34.29299528730572 0
    endloop
  endfacet
  facet normal 0 0 -1
    outer loop
      vertex 97.99348395133259 33.626798570744754 0
      vertex 105.6974112312759 38.790301370895776 0
      vertex 109.50502307585077 34.402086784529345 0
    endloop
  endfacet
  facet normal 0 0 -1
    outer loop
      vertex 107.91801967117271 38.8993928681194 0
      vertex 109.7452598391384 34.48804487290374 0
      vertex 109.50502307585077 34.402086784529345 0
    endloop
  endfacet
  facet normal 0 0 -1
    outer loop
      vertex 108.13687076127609 39.030567163438505 0
      vertex 109.99276516275806 34.5500417290484 0
      vertex 109.7452598391384 34.48804487290374 0
    endloop
  endfacet
  facet normal 0 0 -1
    outer loop
      vertex 108.3418106942506 39.182560976682005 0
      vertex 110.24515543514315 34.58748028934771 0
      vertex 109.99276516275806 34.5500417290484 0
    endloop
  endfacet
  facet normal 0 0 -1
    outer loop
      vertex 108.53086578651015 39.353910524340094 0
      vertex 110.5 34.6 0
      vertex 110.24515543514315 34.58748028934771 0
    endloop
  endfacet
  facet normal 0 0 -1
    outer loop
      vertex 110.75484456485685 34.58748028934771 0
      vertex 110.5 34.6 0
      vertex 108.70221533416824 39.542965616599645 0
    endloop
  endfacet
  facet normal 0 0 -1
    outer loop
      vertex 111.00723483724194 34.5500417290484 0
      vertex 110.75484456485685 34.58748028934771 0
      vertex 108.85420914741174 39.747905549574156 0
    endloop
  endfacet
  facet normal 0 0 -1
    outer loop
      vertex 111.2547401608616 34.48804487290374 0
      vertex 111.00723483724194 34.5500417290484 0
      vertex 108.98538344273085 39.96675663967753 0
    endloop
  endfacet
  facet normal 0 0 -1
    outer loop
      vertex 111.49497692414923 34.402086784529345 0
      vertex 111.2547401608616 34.48804487290374 0
      vertex 109.09447493995447 40.197411231275886 0
    endloop
  endfacet
  facet normal 0 0 -1
    outer loop
      vertex 105.6974112312759 38.790301370895776 0
      vertex 105.93764799456352 38.70434328252138 0
      vertex 109.50502307585077 34.402086784529345 0
    endloop
  endfacet
  facet normal 0 0 -1
    outer loop
      vertex 105.93764799456352 38.70434328252138 0
      vertex 106.18515331818318 38.64234642637672 0
      vertex 109.50502307585077 34.402086784529345 0
    endloop
  endfacet
  facet normal 0 0 -1
    outer loop
      vertex 106.18515331818318 38.64234642637672 0
      vertex 106.43754359056827 38.60490786607741 0
      vertex 109.50502307585077 34.402086784529345 0
    endloop
  endfacet
  facet normal 0 0 -1
    outer loop
      vertex 106.43754359056827 38.60490786607741 0
      vertex 106.69238815542512 38.59238815542512 0
      vertex 109.50502307585077 34.402086784529345 0
    endloop
  endfacet
  facet normal 0 0 -1
    outer loop
      vertex 106.69238815542512 38.59238815542512 0
      vertex 106.94723272028197 38.60490786607741 0
      vertex 109.50502307585077 34.402086784529345 0
    endloop
  endfacet
  facet normal 0 0 -1
    outer loop
      vertex 106.94723272028197 38.60490786607741 0
      vertex 107.19962299266706 38.64234642637672 0
      vertex 109.50502307585077 34.402086784529345 0
    endloop
  endfacet
  facet normal 0 0 -1
    outer loop
      vertex 107.19962299266706 38.64234642637672 0
      vertex 107.44712831628672 38.70434328252138 0
      vertex 109.50502307585077 34.402086784529345 0
    endloop
  endfacet
  facet normal 0 0 -1
    outer loop
      vertex 107.44712831628672 38.70434328252138 0
      vertex 107.68736507957435 38.790301370895776 0
      vertex 109.50502307585077 34.402086784529345 0
    endloop
  endfacet
  facet normal 0 0 -1
    outer loop
      vertex 107.68736507957435 38.790301370895776 0
      vertex 107.91801967117271 38.8993928681194 0
      vertex 109.50502307585077 34.402086784529345 0
    endloop
  endfacet
  facet normal 0 0 -1
    outer loop
      vertex 107.91801967117271 38.8993928681194 0
      vertex 108.13687076127609 39.030567163438505 0
      vertex 109.7452598391384 34.48804487290374 0
    endloop
  endfacet
  facet normal 0 0 -1
    outer loop
      vertex 108.13687076127609 39.030567163438505 0
      vertex 108.3418106942506 39.182560976682005 0
      vertex 109.99276516275806 34.5500417290484 0
    endloop
  endfacet
  facet normal 0 0 -1
    outer loop
      vertex 108.3418106942506 39.182560976682005 0
      vertex 108.53086578651015 39.353910524340094 0
      vertex 110.24515543514315 34.58748028934771 0
    endloop
  endfacet
  facet normal 0 0 -1
    outer loop
      vertex 108.53086578651015 39.353910524340094 0
      vertex 108.70221533416824 39.542965616599645 0
      vertex 110.5 34.6 0
    endloop
  endfacet
  facet normal 0 0 -1
    outer loop
      vertex 108.85420914741174 39.747905549574156 0
      vertex 110.75484456485685 34.58748028934771 0
      vertex 108.70221533416824 39.542965616599645 0
    endloop
  endfacet
  facet normal 0 0 -1
    outer loop
      vertex 111.00723483724194 34.5500417290484 0
      vertex 108.85420914741174 39.747905549574156 0
      vertex 108.98538344273085 39.96675663967753 0
    endloop
  endfacet
  facet normal 0 0 -1
    outer loop
      vertex 109.09447493995447 40.197411231275886 0
      vertex 111.2547401608616 34.48804487290374 0
      vertex 108.98538344273085 39.96675663967753 0
    endloop
  endfacet
  facet normal 0 0 -1
    outer loop
      vertex 109.18043302832886 40.43764799456352 0
      vertex 111.49497692414923 34.402086784529345 0
      vertex 109.09447493995447 40.197411231275886 0
    endloop
  endfacet
  facet normal 0 0 -1
    outer loop
      vertex 111.7256315157476 34.29299528730572 0
      vertex 109.18043302832886 40.43764799456352 0
      vertex 109.24242988447352 40.68515331818319 0
    endloop
  endfacet
  facet normal 0 0 -1
    outer loop
      vertex 111.94448260585096 34.161820991986616 0
      vertex 109.24242988447352 40.68515331818319 0
      vertex 109.27986844477283 40.93754359056826 0
    endloop
  endfacet
  facet normal 0 0 -1
    outer loop
      vertex 109.29238815542512 41.19238815542512 0
      vertex 112.14942253882548 34.009827178743116 0
      vertex 109.27986844477283 40.93754359056826 0
    endloop
  endfacet
  facet normal 0 0 -1
    outer loop
      vertex 112.33847763108503 33.83847763108503 0
      vertex 109.29238815542512 41.19238815542512 0
      vertex 109.27986844477283 41.44723272028198 0
    endloop
  endfacet
  facet normal 0 0 -1
    outer loop
      vertex 112.50982717874312 33.649422538825476 0
      vertex 109.27986844477283 41.44723272028198 0
      vertex 109.24242988447352 41.69962299266705 0
    endloop
  endfacet
  facet normal 0 0 -1
    outer loop
      vertex 111.7256315157476 34.29299528730572 0
      vertex 111.49497692414923 34.402086784529345 0
      vertex 109.18043302832886 40.43764799456352 0
    endloop
  endfacet
  facet normal 0 0 -1
    outer loop
      vertex 111.94448260585096 34.161820991986616 0
      vertex 111.7256315157476 34.29299528730572 0
      vertex 109.24242988447352 40.68515331818319 0
    endloop
  endfacet
  facet normal 0 0 -1
    outer loop
      vertex 112.50982717874312 33.649422538825476 0
      vertex 109.24242988447352 41.69962299266705 0
      vertex 112.66182099198662 33.444482605850965 0
    endloop
  endfacet
  facet normal 0 0 -1
    outer loop
      vertex 112.14942253882548 34.009827178743116 0
      vertex 111.94448260585096 34.161820991986616 0
      vertex 109.27986844477283 40.93754359056826 0
    endloop
  endfacet
  facet normal 0 0 -1
    outer loop
      vertex 112.14942253882548 34.009827178743116 0
      vertex 109.29238815542512 41.19238815542512 0
      vertex 112.33847763108503 33.83847763108503 0
    endloop
  endfacet
  facet normal 0 0 -1
    outer loop
      vertex 112.33847763108503 33.83847763108503 0
      vertex 109.27986844477283 41.44723272028198 0
      vertex 112.50982717874312 33.649422538825476 0
    endloop
  endfacet
  facet normal 0 0 -1
    outer loop
      vertex 100.08748028934771 45.25484456485686 0
      vertex 105.04296561659964 43.20221533416824 0
      vertex 104.8539105243401 43.03086578651015 0
    endloop
  endfacet
  facet normal 0 0 -1
    outer loop
      vertex 105.24790554957416 43.35420914741174 0
      vertex 105.04296561659964 43.20221533416824 0
      vertex 100.0500417290484 45.50723483724193 0
    endloop
  endfacet
  facet normal 0 0 -1
    outer loop
      vertex 105.46675663967753 43.48538344273084 0
      vertex 105.24790554957416 43.35420914741174 0
      vertex 99.98804487290374 45.7547401608616 0
    endloop
  endfacet
  facet normal 0 0 -1
    outer loop
      vertex 105.6974112312759 43.594474939954466 0
      vertex 105.46675663967753 43.48538344273084 0
      vertex 99.90208678452935 45.994976924149235 0
    endloop
  endfacet
  facet normal 0 0 -1
    outer loop
      vertex 105.93764799456352 43.68043302832886 0
      vertex 105.6974112312759 43.594474939954466 0
      vertex 99.79299528730573 46.225631515747594 0
    endloop
  endfacet
  facet normal 0 0 -1
    outer loop
      vertex 99.66182099198662 46.444482605850965 0
      vertex 106.18515331818318 43.74242988447352 0
      vertex 105.93764799456352 43.68043302832886 0
    endloop
  endfacet
  facet normal 0 0 -1
    outer loop
      vertex 99.50982717874312 46.649422538825476 0
      vertex 106.43754359056827 43.77986844477283 0
      vertex 106.18515331818318 43.74242988447352 0
    endloop
  endfacet
  facet normal 0 0 -1
    outer loop
      vertex 99.33847763108503 46.83847763108503 0
      vertex 106.69238815542512 43.79238815542512 0
      vertex 106.43754359056827 43.77986844477283 0
    endloop
  endfacet
  facet normal 0 0 -1
    outer loop
      vertex 99.14942253882548 47.009827178743116 0
      vertex 106.94723272028197 43.77986844477283 0
      vertex 106.69238815542512 43.79238815542512 0
    endloop
  endfacet
  facet normal 0 0 -1
    outer loop
      vertex 98.94448260585096 47.161820991986616 0
      vertex 107.19962299266706 43.74242988447352 0
      vertex 106.94723272028197 43.77986844477283 0
    endloop
  endfacet
  facet normal 0 0 -1
    outer loop
      vertex 115.60000000000001 62.6 0
      vertex 113.08748028934771 31.745155435143143 0
      vertex 113.1 32 0
    endloop
  endfacet
  facet normal 0 0 -1
    outer loop
      vertex 115.60000000000001 62.6 0
      vertex 113.1 32 0
      vertex 113.08748028934771 32.25484456485686 0
    endloop
  endfacet
  facet normal 0 0 -1
    outer loop
      vertex 115.60000000000001 62.6 0
      vertex 113.08748028934771 32.25484456485686 0
      vertex 113.0500417290484 32.50723483724193 0
    endloop
  endfacet
  facet normal 0 0 -1
    outer loop
      vertex 115.60000000000001 62.6 0
      vertex 113.0500417290484 32.50723483724193 0
      vertex 112.98804487290374 32.7547401608616 0
    endloop
  endfacet
  facet normal 0 0 -1
    outer loop
      vertex 115.60000000000001 62.6 0
      vertex 112.98804487290374 32.7547401608616 0
      vertex 112.90208678452935 32.994976924149235 0
    endloop
  endfacet
  facet normal 0 0 -1
    outer loop
      vertex 115.60000000000001 62.6 0
      vertex 112.90208678452935 32.994976924149235 0
      vertex 112.79299528730573 33.225631515747594 0
    endloop
  endfacet
  facet normal 0 0 -1
    outer loop
      vertex 115.60000000000001 62.6 0
      vertex 112.79299528730573 33.225631515747594 0
      vertex 112.66182099198662 33.444482605850965 0
    endloop
  endfacet
  facet normal 0 0 -1
    outer loop
      vertex 115.60000000000001 62.6 0
      vertex 112.66182099198662 33.444482605850965 0
      vertex 109.24242988447352 41.69962299266705 0
    endloop
  endfacet
  facet normal 0 0 -1
    outer loop
      vertex 115.60000000000001 62.6 0
      vertex 109.24242988447352 41.69962299266705 0
      vertex 109.18043302832886 41.94712831628672 0
    endloop
  endfacet
  facet normal 1 0 0
    outer loop
      vertex 118 0 2.4
      vertex 118 65 0
      vertex 118 65 2.4
    endloop
  endfacet
  facet normal 0 0 1
    outer loop
      vertex 114.5 32 2.4
      vertex 118 65 2.4
      vertex 114.41814035342735 33.66629138560253 2.4
    endloop
  endfacet
  facet normal 0 0 1
    outer loop
      vertex 114.17334976685493 35.31653547427418 2.4
      vertex 114.41814035342735 33.66629138560253 2.4
      vertex 118 65 2.4
    endloop
  endfacet
  facet normal 0 0 1
    outer loop
      vertex 114.17334976685493 35.31653547427418 2.4
      vertex 118 65 2.4
      vertex 113.76798570744755 36.93483951332586 2.4
    endloop
  endfacet
  facet normal 0 0 1
    outer loop
      vertex 113.76798570744755 36.93483951332586 2.4
      vertex 118 65 2.4
      vertex 113.20595205269187 38.505618350206525 2.4
    endloop
  endfacet
  facet normal 0 0 1
    outer loop
      vertex 113.20595205269187 38.505618350206525 2.4
      vertex 118 65 2.4
      vertex 112.49266149392204 40.01374452604196 2.4
    endloop
  endfacet
  facet normal 0 0 -1
    outer loop
      vertex 115.60000000000001 62.6 0
      vertex 87.08198032882729 43.48538344273084 0
      vertex 86.86312923872391 43.35420914741174 0
    endloop
  endfacet
  facet normal 0 0 -1
    outer loop
      vertex 115.60000000000001 62.6 0
      vertex 87.31263492042565 43.594474939954466 0
      vertex 87.08198032882729 43.48538344273084 0
    endloop
  endfacet
  facet normal 0 0 -1
    outer loop
      vertex 115.60000000000001 62.6 0
      vertex 96.2743684842524 47.29299528730572 0
      vertex 87.31263492042565 43.594474939954466 0
    endloop
  endfacet
  facet normal 0 0 -1
    outer loop
      vertex 115.60000000000001 62.6 0
      vertex 96.50502307585077 47.402086784529345 0
      vertex 96.2743684842524 47.29299528730572 0
    endloop
  endfacet
  facet normal 0 0 -1
    outer loop
      vertex 115.60000000000001 62.6 0
      vertex 96.7452598391384 47.48804487290374 0
      vertex 96.50502307585077 47.402086784529345 0
    endloop
  endfacet
  facet normal 0 0 -1
    outer loop
      vertex 115.60000000000001 62.6 0
      vertex 96.99276516275806 47.5500417290484 0
      vertex 96.7452598391384 47.48804487290374 0
    endloop
  endfacet
  facet normal 0 0 -1
    outer loop
      vertex 115.60000000000001 62.6 0
      vertex 97.24515543514315 47.58748028934771 0
      vertex 96.99276516275806 47.5500417290484 0
    endloop
  endfacet
  facet normal 0 0 -1
    outer loop
      vertex 115.60000000000001 62.6 0
      vertex 97.5 47.6 0
      vertex 97.24515543514315 47.58748028934771 0
    endloop
  endfacet
  facet normal 0 0 -1
    outer loop
      vertex 115.60000000000001 62.6 0
      vertex 97.75484456485685 47.58748028934771 0
      vertex 97.5 47.6 0
    endloop
  endfacet
  facet normal 0 0 -1
    outer loop
      vertex 115.60000000000001 62.6 0
      vertex 98.2547401608616 47.48804487290374 0
      vertex 98.00723483724194 47.5500417290484 0
    endloop
  endfacet
  facet normal 0 0 -1
    outer loop
      vertex 115.60000000000001 62.6 0
      vertex 98.49497692414923 47.402086784529345 0
      vertex 98.2547401608616 47.48804487290374 0
    endloop
  endfacet
  facet normal 0 0 -1
    outer loop
      vertex 115.60000000000001 62.6 0
      vertex 98.00723483724194 47.5500417290484 0
      vertex 97.75484456485685 47.58748028934771 0
    endloop
  endfacet
  facet normal 0 0 -1
    outer loop
      vertex 115.60000000000001 62.6 0
      vertex 98.7256315157476 47.29299528730572 0
      vertex 98.49497692414923 47.402086784529345 0
    endloop
  endfacet
  facet normal 0 0 -1
    outer loop
      vertex 115.60000000000001 62.6 0
      vertex 98.94448260585096 47.161820991986616 0
      vertex 98.7256315157476 47.29299528730572 0
    endloop
  endfacet
  facet normal 0 0 -1
    outer loop
      vertex 115.60000000000001 62.6 0
      vertex 107.44712831628672 43.68043302832886 0
      vertex 107.19962299266706 43.74242988447352 0
    endloop
  endfacet
  facet normal 0 0 -1
    outer loop
      vertex 115.60000000000001 62.6 0
      vertex 107.68736507957435 43.594474939954466 0
      vertex 107.44712831628672 43.68043302832886 0
    endloop
  endfacet
  facet normal 0 0 -1
    outer loop
      vertex 115.60000000000001 62.6 0
      vertex 108.13687076127609 43.35420914741174 0
      vertex 107.91801967117271 43.48538344273084 0
    endloop
  endfacet
  facet normal 0 0 -1
    outer loop
      vertex 115.60000000000001 62.6 0
      vertex 107.91801967117271 43.48538344273084 0
      vertex 107.68736507957435 43.594474939954466 0
    endloop
  endfacet
  facet normal 0 0 -1
    outer loop
      vertex 115.60000000000001 62.6 0
      vertex 107.19962299266706 43.74242988447352 0
      vertex 98.94448260585096 47.161820991986616 0
    endloop
  endfacet
  facet normal 0 0 -1
    outer loop
      vertex 115.60000000000001 62.6 0
      vertex 109.18043302832886 41.94712831628672 0
      vertex 109.09447493995447 42.187365079574356 0
    endloop
  endfacet
  facet normal 0 0 -1
    outer loop
      vertex 115.60000000000001 62.6 0
      vertex 109.09447493995447 42.187365079574356 0
      vertex 108.98538344273085 42.418019671172715 0
    endloop
  endfacet
  facet normal 0 0 -1
    outer loop
      vertex 115.60000000000001 62.6 0
      vertex 108.98538344273085 42.418019671172715 0
      vertex 108.85420914741174 42.636870761276086 0
    endloop
  endfacet
  facet normal 0 0 -1
    outer loop
      vertex 115.60000000000001 62.6 0
      vertex 108.85420914741174 42.636870761276086 0
      vertex 108.70221533416824 42.8418106942506 0
    endloop
  endfacet
  facet normal 0 0 -1
    outer loop
      vertex 115.60000000000001 62.6 0
      vertex 108.70221533416824 42.8418106942506 0
      vertex 108.53086578651015 43.03086578651015 0
    endloop
  endfacet
  facet normal 0 0 -1
    outer loop
      vertex 115.60000000000001 62.6 0
      vertex 108.53086578651015 43.03086578651015 0
      vertex 108.3418106942506 43.20221533416824 0
    endloop
  endfacet
  facet normal 0 0 -1
    outer loop
      vertex 115.60000000000001 62.6 0
      vertex 108.3418106942506 43.20221533416824 0
      vertex 108.13687076127609 43.35420914741174 0
    endloop
  endfacet
  facet normal 0 0 1
    outer loop
      vertex 105.51374452604196 46.992661493922036 2.4
      vertex 106.94469396133323 46.13498340914327 2.4
      vertex 118 65 2.4
    endloop
  endfacet
  facet normal 0 0 1
    outer loop
      vertex 102.43483951332585 48.26798570744755 2.4
      vertex 104.00561835020653 47.70595205269187 2.4
      vertex 118 65 2.4
    endloop
  endfacet
  facet normal 0 0 1
    outer loop
      vertex 100.81653547427418 48.67334976685492 2.4
      vertex 102.43483951332585 48.26798570744755 2.4
      vertex 118 65 2.4
    endloop
  endfacet
  facet normal 0 0 1
    outer loop
      vertex 104.00561835020653 47.70595205269187 2.4
      vertex 105.51374452604196 46.992661493922036 2.4
      vertex 118 65 2.4
    endloop
  endfacet
  facet normal 0 0 1
    outer loop
      vertex 112.49266149392204 40.01374452604196 2.4
      vertex 118 65 2.4
      vertex 111.63498340914327 41.444693961333236 2.4
    endloop
  endfacet
  facet normal 0 0 1
    outer loop
      vertex 111.63498340914327 41.444693961333236 2.4
      vertex 118 65 2.4
      vertex 110.64117770716653 42.784685830781974 2.4
    endloop
  endfacet
  facet normal 0 0 1
    outer loop
      vertex 109.5208152801713 44.020815280171306 2.4
      vertex 110.64117770716653 42.784685830781974 2.4
      vertex 118 65 2.4
    endloop
  endfacet
  facet normal 0 0 1
    outer loop
      vertex 109.5208152801713 44.020815280171306 2.4
      vertex 118 65 2.4
      vertex 108.28468583078197 45.14117770716653 2.4
    endloop
  endfacet
  facet normal 0 0 1
    outer loop
      vertex 108.28468583078197 45.14117770716653 2.4
      vertex 118 65 2.4
      vertex 106.94469396133323 46.13498340914327 2.4
    endloop
  endfacet
  facet normal -0.5956993044924322 -0.8032075314806456 0
    outer loop
      vertex 88.05530603866677 17.865016590856733 2.4
      vertex 88.05530603866677 17.865016590856733 12.4
      vertex 86.71531416921803 18.858822292833473 2.4
    endloop
  endfacet
  facet normal -0.6715589548470166 -0.7409511253549609 2.3627098533128853e-18
    outer loop
      vertex 85.4791847198287 19.97918471982869 2.4
      vertex 86.71531416921803 18.858822292833473 2.4
      vertex 86.71531416921803 18.858822292833473 12.4
    endloop
  endfacet
  facet normal -0.7409511253549568 -0.671558954847021 -3.0731373514494323e-18
    outer loop
      vertex 85.4791847198287 19.97918471982869 2.4
      vertex 84.35882229283347 21.215314169218026 12.4
      vertex 84.35882229283347 21.215314169218026 2.4
    endloop
  endfacet
  facet normal -0.8032075314806456 -0.5956993044924322 4.8037631323411175e-18
    outer loop
      vertex 84.35882229283347 21.215314169218026 2.4
      vertex 83.36501659085673 22.555306038666764 12.4
      vertex 83.36501659085673 22.555306038666764 2.4
    endloop
  endfacet
  facet normal -0.857728610000271 -0.5141027441932234 0
    outer loop
      vertex 82.50733850607796 23.98625547395804 2.4
      vertex 83.36501659085673 22.555306038666764 2.4
      vertex 82.50733850607796 23.98625547395804 12.4
    endloop
  endfacet
  facet normal -0.9700312531945429 -0.24298017990326878 0
    outer loop
      vertex 80.82665023314507 28.68346452572582 2.4
      vertex 81.23201429255245 27.06516048667414 2.4
      vertex 80.82665023314507 28.68346452572582 12.4
    endloop
  endfacet
  facet normal -0.9891765099647816 -0.14673047445535692 -6.879518844050619e-19
    outer loop
      vertex 80.82665023314507 28.68346452572582 2.4
      vertex 80.58185964657265 30.33370861439747 12.4
      vertex 80.58185964657265 30.33370861439747 2.4
    endloop
  endfacet
  facet normal -0.9987954562051724 -0.04906767432741797 6.437866176540906e-19
    outer loop
      vertex 80.58185964657265 30.33370861439747 2.4
      vertex 80.5 32 12.4
      vertex 80.5 32 2.4
    endloop
  endfacet
  facet normal -0.9039892931234462 -0.4275550934302758 -5.2365034391034514e-18
    outer loop
      vertex 82.50733850607796 23.98625547395804 2.4
      vertex 81.79404794730813 25.494381649793475 12.4
      vertex 81.79404794730813 25.494381649793475 2.4
    endloop
  endfacet
  facet normal -0.9415440651830199 -0.33688985339222227 -2.8148520782436745e-18
    outer loop
      vertex 81.79404794730813 25.494381649793475 2.4
      vertex 81.23201429255245 27.06516048667414 12.4
      vertex 81.23201429255245 27.06516048667414 2.4
    endloop
  endfacet
  facet normal -0.6715589548470166 -0.7409511253549609 0
    outer loop
      vertex 85.4791847198287 19.97918471982869 2.4
      vertex 86.71531416921803 18.858822292833473 12.4
      vertex 85.4791847198287 19.97918471982869 12.4
    endloop
  endfacet
  facet normal -0.5956993044924322 -0.8032075314806456 0
    outer loop
      vertex 86.71531416921803 18.858822292833473 2.4
      vertex 88.05530603866677 17.865016590856733 12.4
      vertex 86.71531416921803 18.858822292833473 12.4
    endloop
  endfacet
  facet normal -0.8032075314806456 -0.5956993044924322 0
    outer loop
      vertex 84.35882229283347 21.215314169218026 2.4
      vertex 84.35882229283347 21.215314169218026 12.4
      vertex 83.36501659085673 22.555306038666764 12.4
    endloop
  endfacet
  facet normal -0.857728610000271 -0.5141027441932234 0
    outer loop
      vertex 83.36501659085673 22.555306038666764 2.4
      vertex 83.36501659085673 22.555306038666764 12.4
      vertex 82.50733850607796 23.98625547395804 12.4
    endloop
  endfacet
  facet normal -0.7409511253549568 -0.671558954847021 0
    outer loop
      vertex 85.4791847198287 19.97918471982869 2.4
      vertex 85.4791847198287 19.97918471982869 12.4
      vertex 84.35882229283347 21.215314169218026 12.4
    endloop
  endfacet
  facet normal 0 0 1
    outer loop
      vertex 85.4791847198287 19.97918471982869 12.4
      vertex 86.71531416921803 18.858822292833473 12.4
      vertex 86.46913421348985 20.969134213489856 12.4
    endloop
  endfacet
  facet normal 0 0 1
    outer loop
      vertex 86.71531416921803 18.858822292833473 12.4
      vertex 86.6581893057494 20.797784665831763 12.4
      vertex 86.46913421348985 20.969134213489856 12.4
    endloop
  endfacet
  facet normal 0 0 1
    outer loop
      vertex 88.05530603866677 17.865016590856733 12.4
      vertex 87.31263492042565 20.405525060045534 12.4
      vertex 86.71531416921803 18.858822292833473 12.4
    endloop
  endfacet
  facet normal 0 0 1
    outer loop
      vertex 86.71531416921803 18.858822292833473 12.4
      vertex 87.31263492042565 20.405525060045534 12.4
      vertex 87.08198032882729 20.514616557269157 12.4
    endloop
  endfacet
  facet normal 0 0 1
    outer loop
      vertex 86.71531416921803 18.858822292833473 12.4
      vertex 87.08198032882729 20.514616557269157 12.4
      vertex 86.86312923872391 20.645790852588263 12.4
    endloop
  endfacet
  facet normal 0 0 1
    outer loop
      vertex 86.71531416921803 18.858822292833473 12.4
      vertex 86.86312923872391 20.645790852588263 12.4
      vertex 86.6581893057494 20.797784665831763 12.4
    endloop
  endfacet
  facet normal 0 0 1
    outer loop
      vertex 88.05530603866677 17.865016590856733 12.4
      vertex 87.55287168371328 20.319566971671136 12.4
      vertex 87.31263492042565 20.405525060045534 12.4
    endloop
  endfacet
  facet normal 0 0 1
    outer loop
      vertex 88.05530603866677 17.865016590856733 12.4
      vertex 87.80037700733294 20.25757011552648 12.4
      vertex 87.55287168371328 20.319566971671136 12.4
    endloop
  endfacet
  facet normal 0 0 1
    outer loop
      vertex 88.05530603866677 17.865016590856733 12.4
      vertex 88.05276727971803 20.220131555227166 12.4
      vertex 87.80037700733294 20.25757011552648 12.4
    endloop
  endfacet
  facet normal 0 0 1
    outer loop
      vertex 88.05530603866677 17.865016590856733 12.4
      vertex 88.30761184457488 20.207611844574878 12.4
      vertex 88.05276727971803 20.220131555227166 12.4
    endloop
  endfacet
  facet normal 0 0 1
    outer loop
      vertex 88.05530603866677 17.865016590856733 12.4
      vertex 88.56245640943173 20.220131555227166 12.4
      vertex 88.30761184457488 20.207611844574878 12.4
    endloop
  endfacet
  facet normal 0 0 1
    outer loop
      vertex 88.05530603866677 17.865016590856733 12.4
      vertex 88.81484668181682 20.25757011552648 12.4
      vertex 88.56245640943173 20.220131555227166 12.4
    endloop
  endfacet
  facet normal 0 0 1
    outer loop
      vertex 85.4791847198287 19.97918471982869 12.4
      vertex 86.46913421348985 20.969134213489856 12.4
      vertex 86.29778466583176 21.1581893057494 12.4
    endloop
  endfacet
  facet normal 0 0 1
    outer loop
      vertex 85.4791847198287 19.97918471982869 12.4
      vertex 86.14579085258826 21.363129238723914 12.4
      vertex 86.01461655726915 21.581980328827285 12.4
    endloop
  endfacet
  facet normal 0 0 1
    outer loop
      vertex 85.4791847198287 19.97918471982869 12.4
      vertex 86.29778466583176 21.1581893057494 12.4
      vertex 86.14579085258826 21.363129238723914 12.4
    endloop
  endfacet
  facet normal 0 0 1
    outer loop
      vertex 85.4791847198287 19.97918471982869 12.4
      vertex 86.01461655726915 21.581980328827285 12.4
      vertex 85.90552506004553 21.812634920425644 12.4
    endloop
  endfacet
  facet normal 0 0 1
    outer loop
      vertex 85.4791847198287 19.97918471982869 12.4
      vertex 85.90552506004553 21.812634920425644 12.4
      vertex 85.81956697167114 22.052871683713278 12.4
    endloop
  endfacet
  facet normal 0 0 1
    outer loop
      vertex 85.4791847198287 19.97918471982869 12.4
      vertex 85.81956697167114 22.052871683713278 12.4
      vertex 85.75757011552648 22.300377007332944 12.4
    endloop
  endfacet
  facet normal 0 0 1
    outer loop
      vertex 85.4791847198287 19.97918471982869 12.4
      vertex 85.75757011552648 22.300377007332944 12.4
      vertex 85.72013155522717 22.552767279718022 12.4
    endloop
  endfacet
  facet normal 0 0 1
    outer loop
      vertex 85.4791847198287 19.97918471982869 12.4
      vertex 85.72013155522717 22.552767279718022 12.4
      vertex 85.70761184457488 22.80761184457488 12.4
    endloop
  endfacet
  facet normal 0 0 1
    outer loop
      vertex 85.4791847198287 19.97918471982869 12.4
      vertex 85.70761184457488 22.80761184457488 12.4
      vertex 85.72013155522717 23.062456409431736 12.4
    endloop
  endfacet
  facet normal 0 0 1
    outer loop
      vertex 85.4791847198287 19.97918471982869 12.4
      vertex 85.00723483724194 29.4499582709516 12.4
      vertex 84.35882229283347 21.215314169218026 12.4
    endloop
  endfacet
  facet normal 0 0 1
    outer loop
      vertex 85.4791847198287 19.97918471982869 12.4
      vertex 85.72013155522717 23.062456409431736 12.4
      vertex 85.2547401608616 29.511955127096257 12.4
    endloop
  endfacet
  facet normal -0.9700312531945429 -0.24298017990326878 0
    outer loop
      vertex 81.23201429255245 27.06516048667414 2.4
      vertex 81.23201429255245 27.06516048667414 12.4
      vertex 80.82665023314507 28.68346452572582 12.4
    endloop
  endfacet
  facet normal -0.9891765099647816 -0.14673047445535692 0
    outer loop
      vertex 80.82665023314507 28.68346452572582 2.4
      vertex 80.82665023314507 28.68346452572582 12.4
      vertex 80.58185964657265 30.33370861439747 12.4
    endloop
  endfacet
  facet normal -0.9987954562051724 -0.04906767432741797 0
    outer loop
      vertex 80.58185964657265 30.33370861439747 2.4
      vertex 80.58185964657265 30.33370861439747 12.4
      vertex 80.5 32 12.4
    endloop
  endfacet
  facet normal -0.9039892931234462 -0.4275550934302758 0
    outer loop
      vertex 82.50733850607796 23.98625547395804 2.4
      vertex 82.50733850607796 23.98625547395804 12.4
      vertex 81.79404794730813 25.494381649793475 12.4
    endloop
  endfacet
  facet normal -0.9415440651830199 -0.33688985339222227 0
    outer loop
      vertex 81.79404794730813 25.494381649793475 2.4
      vertex 81.79404794730813 25.494381649793475 12.4
      vertex 81.23201429255245 27.06516048667414 12.4
    endloop
  endfacet
  facet normal 0 0 1
    outer loop
      vertex 80.82665023314507 28.68346452572582 12.4
      vertex 81.23201429255245 27.06516048667414 12.4
      vertex 80.82665023314507 35.31653547427418 12.4
    endloop
  endfacet
  facet normal 0 0 1
    outer loop
      vertex 80.82665023314507 28.68346452572582 12.4
      vertex 80.58185964657265 33.66629138560253 12.4
      vertex 80.58185964657265 30.33370861439747 12.4
    endloop
  endfacet
  facet normal 0 0 1
    outer loop
      vertex 80.58185964657265 30.33370861439747 12.4
      vertex 80.58185964657265 33.66629138560253 12.4
      vertex 80.5 32 12.4
    endloop
  endfacet
  facet normal 0 0 1
    outer loop
      vertex 82.50733850607796 23.98625547395804 12.4
      vertex 83.36501659085673 22.555306038666764 12.4
      vertex 82.85057746117452 29.990172821256884 12.4
    endloop
  endfacet
  facet normal 0 0 1
    outer loop
      vertex 84.35882229283347 21.215314169218026 12.4
      vertex 83.7452598391384 29.511955127096257 12.4
      vertex 83.36501659085673 22.555306038666764 12.4
    endloop
  endfacet
  facet normal 0 0 1
    outer loop
      vertex 82.50733850607796 23.98625547395804 12.4
      vertex 82.09791321547065 31.005023075850765 12.4
      vertex 81.79404794730813 25.494381649793475 12.4
    endloop
  endfacet
  facet normal 0 0 1
    outer loop
      vertex 82.50733850607796 23.98625547395804 12.4
      vertex 82.49017282125688 30.35057746117452 12.4
      vertex 82.33817900801338 30.555517394149035 12.4
    endloop
  endfacet
  facet normal 0 0 1
    outer loop
      vertex 82.50733850607796 23.98625547395804 12.4
      vertex 82.85057746117452 29.990172821256884 12.4
      vertex 82.66152236891497 30.161522368914977 12.4
    endloop
  endfacet
  facet normal 0 0 1
    outer loop
      vertex 82.50733850607796 23.98625547395804 12.4
      vertex 82.66152236891497 30.161522368914977 12.4
      vertex 82.49017282125688 30.35057746117452 12.4
    endloop
  endfacet
  facet normal 0 0 1
    outer loop
      vertex 83.36501659085673 22.555306038666764 12.4
      vertex 83.50502307585077 29.597913215470655 12.4
      vertex 83.2743684842524 29.70700471269428 12.4
    endloop
  endfacet
  facet normal 0 0 1
    outer loop
      vertex 83.36501659085673 22.555306038666764 12.4
      vertex 83.2743684842524 29.70700471269428 12.4
      vertex 83.05551739414904 29.838179008013384 12.4
    endloop
  endfacet
  facet normal 0 0 1
    outer loop
      vertex 83.36501659085673 22.555306038666764 12.4
      vertex 83.7452598391384 29.511955127096257 12.4
      vertex 83.50502307585077 29.597913215470655 12.4
    endloop
  endfacet
  facet normal 0 0 1
    outer loop
      vertex 84.35882229283347 21.215314169218026 12.4
      vertex 83.99276516275806 29.4499582709516 12.4
      vertex 83.7452598391384 29.511955127096257 12.4
    endloop
  endfacet
  facet normal 0 0 1
    outer loop
      vertex 84.35882229283347 21.215314169218026 12.4
      vertex 84.24515543514315 29.412519710652287 12.4
      vertex 83.99276516275806 29.4499582709516 12.4
    endloop
  endfacet
  facet normal 0 0 1
    outer loop
      vertex 84.35882229283347 21.215314169218026 12.4
      vertex 84.5 29.4 12.4
      vertex 84.24515543514315 29.412519710652287 12.4
    endloop
  endfacet
  facet normal 0 0 1
    outer loop
      vertex 84.35882229283347 21.215314169218026 12.4
      vertex 84.75484456485685 29.412519710652287 12.4
      vertex 84.5 29.4 12.4
    endloop
  endfacet
  facet normal 0 0 1
    outer loop
      vertex 84.35882229283347 21.215314169218026 12.4
      vertex 85.00723483724194 29.4499582709516 12.4
      vertex 84.75484456485685 29.412519710652287 12.4
    endloop
  endfacet
  facet normal 0 0 1
    outer loop
      vertex 83.36501659085673 22.555306038666764 12.4
      vertex 83.05551739414904 29.838179008013384 12.4
      vertex 82.85057746117452 29.990172821256884 12.4
    endloop
  endfacet
  facet normal 0 0 1
    outer loop
      vertex 85.2547401608616 29.511955127096257 12.4
      vertex 85.72013155522717 23.062456409431736 12.4
      vertex 85.75757011552648 23.314846681816814 12.4
    endloop
  endfacet
  facet normal 0 0 1
    outer loop
      vertex 85.2547401608616 29.511955127096257 12.4
      vertex 85.75757011552648 23.314846681816814 12.4
      vertex 85.81956697167114 23.56235200543648 12.4
    endloop
  endfacet
  facet normal 0 0 1
    outer loop
      vertex 85.2547401608616 29.511955127096257 12.4
      vertex 85.81956697167114 23.56235200543648 12.4
      vertex 85.90552506004553 23.802588768724114 12.4
    endloop
  endfacet
  facet normal 0 0 1
    outer loop
      vertex 85.2547401608616 29.511955127096257 12.4
      vertex 85.90552506004553 23.802588768724114 12.4
      vertex 86.01461655726915 24.033243360322473 12.4
    endloop
  endfacet
  facet normal 0 0 1
    outer loop
      vertex 85.4791847198287 19.97918471982869 12.4
      vertex 85.2547401608616 29.511955127096257 12.4
      vertex 85.00723483724194 29.4499582709516 12.4
    endloop
  endfacet
  facet normal 0 0 1
    outer loop
      vertex 85.2547401608616 29.511955127096257 12.4
      vertex 86.01461655726915 24.033243360322473 12.4
      vertex 86.14579085258826 24.252094450425844 12.4
    endloop
  endfacet
  facet normal 0 0 1
    outer loop
      vertex 85.2547401608616 29.511955127096257 12.4
      vertex 86.14579085258826 24.252094450425844 12.4
      vertex 86.29778466583176 24.45703438340036 12.4
    endloop
  endfacet
  facet normal 0 0 1
    outer loop
      vertex 86.46913421348985 24.646089475659902 12.4
      vertex 85.2547401608616 29.511955127096257 12.4
      vertex 86.29778466583176 24.45703438340036 12.4
    endloop
  endfacet
  facet normal 0 0 1
    outer loop
      vertex 86.14942253882548 29.990172821256884 12.4
      vertex 86.46913421348985 24.646089475659902 12.4
      vertex 86.6581893057494 24.817439023317995 12.4
    endloop
  endfacet
  facet normal 0 0 1
    outer loop
      vertex 86.14942253882548 29.990172821256884 12.4
      vertex 86.6581893057494 24.817439023317995 12.4
      vertex 86.86312923872391 24.969432836561495 12.4
    endloop
  endfacet
  facet normal 0 0 1
    outer loop
      vertex 86.46913421348985 24.646089475659902 12.4
      vertex 85.49497692414923 29.597913215470655 12.4
      vertex 85.2547401608616 29.511955127096257 12.4
    endloop
  endfacet
  facet normal 0 0 1
    outer loop
      vertex 86.46913421348985 24.646089475659902 12.4
      vertex 85.7256315157476 29.70700471269428 12.4
      vertex 85.49497692414923 29.597913215470655 12.4
    endloop
  endfacet
  facet normal 0 0 1
    outer loop
      vertex 86.46913421348985 24.646089475659902 12.4
      vertex 85.94448260585096 29.838179008013384 12.4
      vertex 85.7256315157476 29.70700471269428 12.4
    endloop
  endfacet
  facet normal 0 0 1
    outer loop
      vertex 86.46913421348985 24.646089475659902 12.4
      vertex 86.14942253882548 29.990172821256884 12.4
      vertex 85.94448260585096 29.838179008013384 12.4
    endloop
  endfacet
  facet normal 0 0 1
    outer loop
      vertex 86.86312923872391 24.969432836561495 12.4
      vertex 86.33847763108503 30.161522368914977 12.4
      vertex 86.14942253882548 29.990172821256884 12.4
    endloop
  endfacet
  facet normal 0 0 1
    outer loop
      vertex 86.66182099198662 30.555517394149035 12.4
      vertex 86.86312923872391 24.969432836561495 12.4
      vertex 87.08198032882729 25.1006071318806 12.4
    endloop
  endfacet
  facet normal 0 0 1
    outer loop
      vertex 86.66182099198662 30.555517394149035 12.4
      vertex 87.08198032882729 25.1006071318806 12.4
      vertex 87.31263492042565 25.209698629104224 12.4
    endloop
  endfacet
  facet normal 0 0 1
    outer loop
      vertex 86.66182099198662 30.555517394149035 12.4
      vertex 87.31263492042565 25.209698629104224 12.4
      vertex 87.55287168371328 25.29565671747862 12.4
    endloop
  endfacet
  facet normal 0 0 1
    outer loop
      vertex 86.66182099198662 30.555517394149035 12.4
      vertex 87.55287168371328 25.29565671747862 12.4
      vertex 87.80037700733294 25.357653573623278 12.4
    endloop
  endfacet
  facet normal 0 0 1
    outer loop
      vertex 81.79404794730813 25.494381649793475 12.4
      vertex 82.09791321547065 31.005023075850765 12.4
      vertex 82.01195512709626 31.2452598391384 12.4
    endloop
  endfacet
  facet normal 0 0 1
    outer loop
      vertex 81.79404794730813 25.494381649793475 12.4
      vertex 82.01195512709626 31.2452598391384 12.4
      vertex 81.9499582709516 31.492765162758065 12.4
    endloop
  endfacet
  facet normal 0 0 1
    outer loop
      vertex 82.50733850607796 23.98625547395804 12.4
      vertex 82.20700471269427 30.774368484252406 12.4
      vertex 82.09791321547065 31.005023075850765 12.4
    endloop
  endfacet
  facet normal 0 0 1
    outer loop
      vertex 82.50733850607796 23.98625547395804 12.4
      vertex 82.33817900801338 30.555517394149035 12.4
      vertex 82.20700471269427 30.774368484252406 12.4
    endloop
  endfacet
  facet normal 0 0 1
    outer loop
      vertex 81.79404794730813 25.494381649793475 12.4
      vertex 81.23201429255245 36.93483951332586 12.4
      vertex 81.23201429255245 27.06516048667414 12.4
    endloop
  endfacet
  facet normal 0 0 1
    outer loop
      vertex 81.79404794730813 25.494381649793475 12.4
      vertex 81.9499582709516 31.492765162758065 12.4
      vertex 81.91251971065229 31.745155435143143 12.4
    endloop
  endfacet
  facet normal 0 0 1
    outer loop
      vertex 81.79404794730813 25.494381649793475 12.4
      vertex 81.91251971065229 31.745155435143143 12.4
      vertex 81.9 32 12.4
    endloop
  endfacet
  facet normal 0 0 1
    outer loop
      vertex 81.79404794730813 25.494381649793475 12.4
      vertex 81.9 32 12.4
      vertex 81.79404794730813 38.505618350206525 12.4
    endloop
  endfacet
  facet normal 0 0 1
    outer loop
      vertex 86.86312923872391 24.969432836561495 12.4
      vertex 86.50982717874312 30.35057746117452 12.4
      vertex 86.33847763108503 30.161522368914977 12.4
    endloop
  endfacet
  facet normal 0 0 1
    outer loop
      vertex 86.86312923872391 24.969432836561495 12.4
      vertex 86.66182099198662 30.555517394149035 12.4
      vertex 86.50982717874312 30.35057746117452 12.4
    endloop
  endfacet
  facet normal 0 0 1
    outer loop
      vertex 87.80037700733294 25.357653573623278 12.4
      vertex 86.79299528730573 30.774368484252406 12.4
      vertex 86.66182099198662 30.555517394149035 12.4
    endloop
  endfacet
  facet normal 0 0 1
    outer loop
      vertex 87.80037700733294 25.357653573623278 12.4
      vertex 86.90208678452935 31.005023075850765 12.4
      vertex 86.79299528730573 30.774368484252406 12.4
    endloop
  endfacet
  facet normal 0 0 1
    outer loop
      vertex 87.80037700733294 25.357653573623278 12.4
      vertex 86.98804487290374 31.2452598391384 12.4
      vertex 86.90208678452935 31.005023075850765 12.4
    endloop
  endfacet
  facet normal 0 0 1
    outer loop
      vertex 87.80037700733294 25.357653573623278 12.4
      vertex 87.0500417290484 31.492765162758065 12.4
      vertex 86.98804487290374 31.2452598391384 12.4
    endloop
  endfacet
  facet normal 0 0 1
    outer loop
      vertex 87.80037700733294 25.357653573623278 12.4
      vertex 87.08748028934771 31.745155435143143 12.4
      vertex 87.0500417290484 31.492765162758065 12.4
    endloop
  endfacet
  facet normal 0 0 1
    outer loop
      vertex 87.80037700733294 25.357653573623278 12.4
      vertex 87.1 32 12.4
      vertex 87.08748028934771 31.745155435143143 12.4
    endloop
  endfacet
  facet normal 0 0 1
    outer loop
      vertex 87.80037700733294 25.357653573623278 12.4
      vertex 88.05276727971803 25.395092133922592 12.4
      vertex 87.80037700733294 38.64234642637672 12.4
    endloop
  endfacet
  facet normal 0 0 1
    outer loop
      vertex 88.05276727971803 25.395092133922592 12.4
      vertex 88.30761184457488 25.40761184457488 12.4
      vertex 88.05276727971803 38.60490786607741 12.4
    endloop
  endfacet
  facet normal 0 0 1
    outer loop
      vertex 88.30761184457488 25.40761184457488 12.4
      vertex 88.56245640943173 25.395092133922592 12.4
      vertex 88.30761184457488 38.59238815542512 12.4
    endloop
  endfacet
  facet normal 0 0 1
    outer loop
      vertex 87.80037700733294 25.357653573623278 12.4
      vertex 86.86312923872391 39.030567163438505 12.4
      vertex 87.1 32 12.4
    endloop
  endfacet
  facet normal -0.33688985339221833 -0.9415440651830214 0
    outer loop
      vertex 92.56516048667415 15.73201429255245 2.4
      vertex 92.56516048667415 15.73201429255245 12.4
      vertex 90.99438164979347 16.294047947308126 2.4
    endloop
  endfacet
  facet normal -0.24298017990326473 -0.9700312531945436 -6.1509691505877295e-19
    outer loop
      vertex 92.56516048667415 15.73201429255245 2.4
      vertex 94.18346452572582 15.326650233145081 2.4
      vertex 94.18346452572582 15.326650233145081 12.4
    endloop
  endfacet
  facet normal -0.1467304744553617 -0.9891765099647809 0
    outer loop
      vertex 95.83370861439747 15.081859646572653 2.4
      vertex 95.83370861439747 15.081859646572653 12.4
      vertex 94.18346452572582 15.326650233145081 2.4
    endloop
  endfacet
  facet normal -0.04906767432741787 -0.9987954562051724 -1.5152133598692436e-19
    outer loop
      vertex 95.83370861439747 15.081859646572653 2.4
      vertex 97.5 15 2.4
      vertex 97.5 15 12.4
    endloop
  endfacet
  facet normal 0.04906767432741787 -0.9987954562051724 1.5152133598692436e-19
    outer loop
      vertex 97.5 15 2.4
      vertex 99.16629138560253 15.081859646572653 2.4
      vertex 99.16629138560253 15.081859646572653 12.4
    endloop
  endfacet
  facet normal 0.1467304744553617 -0.9891765099647809 3.4871704478898334e-19
    outer loop
      vertex 99.16629138560253 15.081859646572653 2.4
      vertex 100.81653547427418 15.326650233145081 2.4
      vertex 100.81653547427418 15.326650233145081 12.4
    endloop
  endfacet
  facet normal 0.24298017990326473 -0.9700312531945436 6.1509691505877295e-19
    outer loop
      vertex 100.81653547427418 15.326650233145081 2.4
      vertex 102.43483951332585 15.73201429255245 2.4
      vertex 102.43483951332585 15.73201429255245 12.4
    endloop
  endfacet
  facet normal 0.33688985339221833 -0.9415440651830214 7.539103226541585e-19
    outer loop
      vertex 102.43483951332585 15.73201429255245 2.4
      vertex 104.00561835020653 16.294047947308126 2.4
      vertex 104.00561835020653 16.294047947308126 12.4
    endloop
  endfacet
  facet normal -0.33688985339221833 -0.9415440651830214 0
    outer loop
      vertex 90.99438164979347 16.294047947308126 2.4
      vertex 92.56516048667415 15.73201429255245 12.4
      vertex 90.99438164979347 16.294047947308126 12.4
    endloop
  endfacet
  facet normal -0.24298017990326473 -0.9700312531945436 0
    outer loop
      vertex 92.56516048667415 15.73201429255245 2.4
      vertex 94.18346452572582 15.326650233145081 12.4
      vertex 92.56516048667415 15.73201429255245 12.4
    endloop
  endfacet
  facet normal -0.1467304744553617 -0.9891765099647809 0
    outer loop
      vertex 94.18346452572582 15.326650233145081 2.4
      vertex 95.83370861439747 15.081859646572653 12.4
      vertex 94.18346452572582 15.326650233145081 12.4
    endloop
  endfacet
  facet normal -0.04906767432741787 -0.9987954562051724 0
    outer loop
      vertex 95.83370861439747 15.081859646572653 2.4
      vertex 97.5 15 12.4
      vertex 95.83370861439747 15.081859646572653 12.4
    endloop
  endfacet
  facet normal 0.04906767432741787 -0.9987954562051724 0
    outer loop
      vertex 97.5 15 2.4
      vertex 99.16629138560253 15.081859646572653 12.4
      vertex 97.5 15 12.4
    endloop
  endfacet
  facet normal 0.1467304744553617 -0.9891765099647809 0
    outer loop
      vertex 99.16629138560253 15.081859646572653 2.4
      vertex 100.81653547427418 15.326650233145081 12.4
      vertex 99.16629138560253 15.081859646572653 12.4
    endloop
  endfacet
  facet normal 0.24298017990326473 -0.9700312531945436 0
    outer loop
      vertex 100.81653547427418 15.326650233145081 2.4
      vertex 102.43483951332585 15.73201429255245 12.4
      vertex 100.81653547427418 15.326650233145081 12.4
    endloop
  endfacet
  facet normal 0.33688985339221833 -0.9415440651830214 0
    outer loop
      vertex 102.43483951332585 15.73201429255245 2.4
      vertex 104.00561835020653 16.294047947308126 12.4
      vertex 102.43483951332585 15.73201429255245 12.4
    endloop
  endfacet
  facet normal 0 0 1
    outer loop
      vertex 95.83370861439747 15.081859646572653 12.4
      vertex 95.66152236891497 17.161522368914977 12.4
      vertex 94.18346452572582 15.326650233145081 12.4
    endloop
  endfacet
  facet normal 0 0 1
    outer loop
      vertex 95.83370861439747 15.081859646572653 12.4
      vertex 97.5 15 12.4
      vertex 96.7452598391384 16.511955127096257 12.4
    endloop
  endfacet
  facet normal 0 0 1
    outer loop
      vertex 95.83370861439747 15.081859646572653 12.4
      vertex 96.2743684842524 16.70700471269428 12.4
      vertex 96.05551739414904 16.838179008013384 12.4
    endloop
  endfacet
  facet normal 0 0 1
    outer loop
      vertex 95.83370861439747 15.081859646572653 12.4
      vertex 96.50502307585077 16.597913215470655 12.4
      vertex 96.2743684842524 16.70700471269428 12.4
    endloop
  endfacet
  facet normal 0 0 1
    outer loop
      vertex 95.83370861439747 15.081859646572653 12.4
      vertex 96.7452598391384 16.511955127096257 12.4
      vertex 96.50502307585077 16.597913215470655 12.4
    endloop
  endfacet
  facet normal 0 0 1
    outer loop
      vertex 97.5 15 12.4
      vertex 96.99276516275806 16.4499582709516 12.4
      vertex 96.7452598391384 16.511955127096257 12.4
    endloop
  endfacet
  facet normal 0 0 1
    outer loop
      vertex 97.5 15 12.4
      vertex 97.24515543514315 16.412519710652287 12.4
      vertex 96.99276516275806 16.4499582709516 12.4
    endloop
  endfacet
  facet normal 0 0 1
    outer loop
      vertex 97.5 15 12.4
      vertex 97.5 16.4 12.4
      vertex 97.24515543514315 16.412519710652287 12.4
    endloop
  endfacet
  facet normal 0 0 1
    outer loop
      vertex 97.5 15 12.4
      vertex 97.75484456485685 16.412519710652287 12.4
      vertex 97.5 16.4 12.4
    endloop
  endfacet
  facet normal 0 0 1
    outer loop
      vertex 97.5 15 12.4
      vertex 99.16629138560253 15.081859646572653 12.4
      vertex 98.00723483724194 16.4499582709516 12.4
    endloop
  endfacet
  facet normal 0 0 1
    outer loop
      vertex 97.5 15 12.4
      vertex 98.00723483724194 16.4499582709516 12.4
      vertex 97.75484456485685 16.412519710652287 12.4
    endloop
  endfacet
  facet normal 0 0 1
    outer loop
      vertex 99.16629138560253 15.081859646572653 12.4
      vertex 98.2547401608616 16.511955127096257 12.4
      vertex 98.00723483724194 16.4499582709516 12.4
    endloop
  endfacet
  facet normal 0 0 1
    outer loop
      vertex 99.16629138560253 15.081859646572653 12.4
      vertex 98.49497692414923 16.597913215470655 12.4
      vertex 98.2547401608616 16.511955127096257 12.4
    endloop
  endfacet
  facet normal 0 0 1
    outer loop
      vertex 99.16629138560253 15.081859646572653 12.4
      vertex 98.7256315157476 16.70700471269428 12.4
      vertex 98.49497692414923 16.597913215470655 12.4
    endloop
  endfacet
  facet normal 0 0 1
    outer loop
      vertex 99.16629138560253 15.081859646572653 12.4
      vertex 98.94448260585096 16.838179008013384 12.4
      vertex 98.7256315157476 16.70700471269428 12.4
    endloop
  endfacet
  facet normal 0 0 1
    outer loop
      vertex 99.16629138560253 15.081859646572653 12.4
      vertex 100.81653547427418 15.326650233145081 12.4
      vertex 99.14942253882548 16.990172821256884 12.4
    endloop
  endfacet
  facet normal -0.5141027441932253 -0.8577286100002699 -2.494067624968576e-18
    outer loop
      vertex 88.05530603866677 17.865016590856733 2.4
      vertex 89.48625547395804 17.007338506077964 2.4
      vertex 89.48625547395804 17.007338506077964 12.4
    endloop
  endfacet
  facet normal -0.4275550934302827 -0.903989293123443 5.563971185003686e-19
    outer loop
      vertex 89.48625547395804 17.007338506077964 2.4
      vertex 90.99438164979347 16.294047947308126 2.4
      vertex 90.99438164979347 16.294047947308126 12.4
    endloop
  endfacet
  facet normal 0.4275550934302827 -0.903989293123443 -5.563971185003686e-19
    outer loop
      vertex 104.00561835020653 16.294047947308126 2.4
      vertex 105.51374452604196 17.007338506077964 2.4
      vertex 105.51374452604196 17.007338506077964 12.4
    endloop
  endfacet
  facet normal 0.5141027441932253 -0.8577286100002699 2.494067624968576e-18
    outer loop
      vertex 105.51374452604196 17.007338506077964 2.4
      vertex 106.94469396133323 17.865016590856733 2.4
      vertex 106.94469396133323 17.865016590856733 12.4
    endloop
  endfacet
  facet normal 0.5956993044924322 -0.8032075314806456 -4.8037631323411175e-18
    outer loop
      vertex 106.94469396133323 17.865016590856733 2.4
      vertex 108.28468583078197 18.858822292833473 2.4
      vertex 108.28468583078197 18.858822292833473 12.4
    endloop
  endfacet
  facet normal 0.6715589548470166 -0.7409511253549609 -2.3627098533128853e-18
    outer loop
      vertex 108.28468583078197 18.858822292833473 2.4
      vertex 109.5208152801713 19.97918471982869 2.4
      vertex 109.5208152801713 19.97918471982869 12.4
    endloop
  endfacet
  facet normal 0.7409511253549568 -0.671558954847021 0
    outer loop
      vertex 109.5208152801713 19.97918471982869 2.4
      vertex 110.64117770716653 21.215314169218026 2.4
      vertex 109.5208152801713 19.97918471982869 12.4
    endloop
  endfacet
  facet normal 0.8032075314806456 -0.5956993044924322 0
    outer loop
      vertex 110.64117770716653 21.215314169218026 2.4
      vertex 111.63498340914327 22.555306038666764 2.4
      vertex 110.64117770716653 21.215314169218026 12.4
    endloop
  endfacet
  facet normal 0.857728610000271 -0.5141027441932234 0
    outer loop
      vertex 111.63498340914327 22.555306038666764 2.4
      vertex 112.49266149392204 23.98625547395804 2.4
      vertex 111.63498340914327 22.555306038666764 12.4
    endloop
  endfacet
  facet normal 0.9039892931234462 -0.4275550934302758 0
    outer loop
      vertex 112.49266149392204 23.98625547395804 2.4
      vertex 113.20595205269187 25.494381649793475 2.4
      vertex 112.49266149392204 23.98625547395804 12.4
    endloop
  endfacet
  facet normal 0.9415440651830199 -0.33688985339222227 0
    outer loop
      vertex 113.20595205269187 25.494381649793475 2.4
      vertex 113.76798570744755 27.06516048667414 2.4
      vertex 113.20595205269187 25.494381649793475 12.4
    endloop
  endfacet
  facet normal 0.9700312531945429 -0.24298017990326878 0
    outer loop
      vertex 113.76798570744755 27.06516048667414 2.4
      vertex 114.17334976685493 28.68346452572582 2.4
      vertex 113.76798570744755 27.06516048667414 12.4
    endloop
  endfacet
  facet normal 0.9891765099647816 -0.14673047445535692 0
    outer loop
      vertex 114.17334976685493 28.68346452572582 2.4
      vertex 114.41814035342735 30.33370861439747 2.4
      vertex 114.17334976685493 28.68346452572582 12.4
    endloop
  endfacet
  facet normal 0.9987954562051724 -0.04906767432741797 0
    outer loop
      vertex 114.41814035342735 30.33370861439747 2.4
      vertex 114.5 32 2.4
      vertex 114.41814035342735 30.33370861439747 12.4
    endloop
  endfacet
  facet normal -0.4275550934302827 -0.903989293123443 0
    outer loop
      vertex 89.48625547395804 17.007338506077964 2.4
      vertex 90.99438164979347 16.294047947308126 12.4
      vertex 89.48625547395804 17.007338506077964 12.4
    endloop
  endfacet
  facet normal -0.5141027441932253 -0.8577286100002699 0
    outer loop
      vertex 88.05530603866677 17.865016590856733 2.4
      vertex 89.48625547395804 17.007338506077964 12.4
      vertex 88.05530603866677 17.865016590856733 12.4
    endloop
  endfacet
  facet normal 0 0 1
    outer loop
      vertex 89.48625547395804 17.007338506077964 12.4
      vertex 90.99438164979347 16.294047947308126 12.4
      vertex 89.3025887687241 20.405525060045534 12.4
    endloop
  endfacet
  facet normal 0 0 1
    outer loop
      vertex 88.05530603866677 17.865016590856733 12.4
      vertex 89.48625547395804 17.007338506077964 12.4
      vertex 88.81484668181682 20.25757011552648 12.4
    endloop
  endfacet
  facet normal 0 0 1
    outer loop
      vertex 89.48625547395804 17.007338506077964 12.4
      vertex 89.06235200543648 20.319566971671136 12.4
      vertex 88.81484668181682 20.25757011552648 12.4
    endloop
  endfacet
  facet normal 0 0 1
    outer loop
      vertex 89.48625547395804 17.007338506077964 12.4
      vertex 89.3025887687241 20.405525060045534 12.4
      vertex 89.06235200543648 20.319566971671136 12.4
    endloop
  endfacet
  facet normal 0 0 1
    outer loop
      vertex 90.99438164979347 16.294047947308126 12.4
      vertex 89.53324336032247 20.514616557269157 12.4
      vertex 89.3025887687241 20.405525060045534 12.4
    endloop
  endfacet
  facet normal 0 0 1
    outer loop
      vertex 90.99438164979347 16.294047947308126 12.4
      vertex 89.75209445042584 20.645790852588263 12.4
      vertex 89.53324336032247 20.514616557269157 12.4
    endloop
  endfacet
  facet normal 0 0 1
    outer loop
      vertex 90.99438164979347 16.294047947308126 12.4
      vertex 89.95703438340036 20.797784665831763 12.4
      vertex 89.75209445042584 20.645790852588263 12.4
    endloop
  endfacet
  facet normal 0 0 1
    outer loop
      vertex 90.99438164979347 16.294047947308126 12.4
      vertex 90.1460894756599 20.969134213489856 12.4
      vertex 89.95703438340036 20.797784665831763 12.4
    endloop
  endfacet
  facet normal 0 0 1
    outer loop
      vertex 90.99438164979347 16.294047947308126 12.4
      vertex 90.317439023318 21.1581893057494 12.4
      vertex 90.1460894756599 20.969134213489856 12.4
    endloop
  endfacet
  facet normal 0 0 1
    outer loop
      vertex 90.99438164979347 16.294047947308126 12.4
      vertex 90.4694328365615 21.363129238723914 12.4
      vertex 90.317439023318 21.1581893057494 12.4
    endloop
  endfacet
  facet normal 0 0 1
    outer loop
      vertex 90.99438164979347 16.294047947308126 12.4
      vertex 90.60060713188061 21.581980328827285 12.4
      vertex 90.4694328365615 21.363129238723914 12.4
    endloop
  endfacet
  facet normal 0 0 1
    outer loop
      vertex 90.99438164979347 16.294047947308126 12.4
      vertex 90.70969862910422 21.812634920425644 12.4
      vertex 90.60060713188061 21.581980328827285 12.4
    endloop
  endfacet
  facet normal 0 0 1
    outer loop
      vertex 90.99438164979347 16.294047947308126 12.4
      vertex 90.79565671747862 22.052871683713278 12.4
      vertex 90.70969862910422 21.812634920425644 12.4
    endloop
  endfacet
  facet normal 0 0 1
    outer loop
      vertex 90.99438164979347 16.294047947308126 12.4
      vertex 90.85765357362328 22.300377007332944 12.4
      vertex 90.79565671747862 22.052871683713278 12.4
    endloop
  endfacet
  facet normal 0 0 1
    outer loop
      vertex 94.18346452572582 15.326650233145081 12.4
      vertex 95.33817900801338 17.555517394149035 12.4
      vertex 95.20700471269427 17.774368484252406 12.4
    endloop
  endfacet
  facet normal 0 0 1
    outer loop
      vertex 94.18346452572582 15.326650233145081 12.4
      vertex 95.20700471269427 17.774368484252406 12.4
      vertex 95.09791321547065 18.005023075850765 12.4
    endloop
  endfacet
  facet normal 0 0 1
    outer loop
      vertex 94.18346452572582 15.326650233145081 12.4
      vertex 95.09791321547065 18.005023075850765 12.4
      vertex 95.01195512709626 18.2452598391384 12.4
    endloop
  endfacet
  facet normal 0 0 1
    outer loop
      vertex 94.18346452572582 15.326650233145081 12.4
      vertex 95.66152236891497 17.161522368914977 12.4
      vertex 95.49017282125688 17.35057746117452 12.4
    endloop
  endfacet
  facet normal 0 0 1
    outer loop
      vertex 94.18346452572582 15.326650233145081 12.4
      vertex 95.49017282125688 17.35057746117452 12.4
      vertex 95.33817900801338 17.555517394149035 12.4
    endloop
  endfacet
  facet normal 0 0 1
    outer loop
      vertex 95.83370861439747 15.081859646572653 12.4
      vertex 95.85057746117452 16.990172821256884 12.4
      vertex 95.66152236891497 17.161522368914977 12.4
    endloop
  endfacet
  facet normal 0 0 1
    outer loop
      vertex 94.18346452572582 15.326650233145081 12.4
      vertex 95.01195512709626 18.2452598391384 12.4
      vertex 94.9499582709516 18.492765162758065 12.4
    endloop
  endfacet
  facet normal 0 0 1
    outer loop
      vertex 94.18346452572582 15.326650233145081 12.4
      vertex 94.9499582709516 18.492765162758065 12.4
      vertex 94.91251971065229 18.745155435143143 12.4
    endloop
  endfacet
  facet normal 0 0 1
    outer loop
      vertex 94.18346452572582 15.326650233145081 12.4
      vertex 94.91251971065229 18.745155435143143 12.4
      vertex 94.9 19 12.4
    endloop
  endfacet
  facet normal 0 0 1
    outer loop
      vertex 94.18346452572582 15.326650233145081 12.4
      vertex 94.9 19 12.4
      vertex 94.91251971065229 19.254844564856857 12.4
    endloop
  endfacet
  facet normal 0 0 1
    outer loop
      vertex 90.99438164979347 16.294047947308126 12.4
      vertex 90.89509213392259 22.552767279718022 12.4
      vertex 90.85765357362328 22.300377007332944 12.4
    endloop
  endfacet
  facet normal 0 0 1
    outer loop
      vertex 90.99438164979347 16.294047947308126 12.4
      vertex 90.90761184457487 22.80761184457488 12.4
      vertex 90.89509213392259 22.552767279718022 12.4
    endloop
  endfacet
  facet normal 0 0 1
    outer loop
      vertex 94.18346452572582 15.326650233145081 12.4
      vertex 94.91251971065229 19.254844564856857 12.4
      vertex 94.31244783868951 31.365956453447584 12.4
    endloop
  endfacet
  facet normal 0 0 1
    outer loop
      vertex 94.9499582709516 19.507234837241935 12.4
      vertex 94.31244783868951 31.365956453447584 12.4
      vertex 94.91251971065229 19.254844564856857 12.4
    endloop
  endfacet
  facet normal 0 0 1
    outer loop
      vertex 95.01195512709626 19.7547401608616 12.4
      vertex 94.38994390887032 31.056574798923 12.4
      vertex 94.9499582709516 19.507234837241935 12.4
    endloop
  endfacet
  facet normal 0 0 1
    outer loop
      vertex 95.09791321547065 19.994976924149235 12.4
      vertex 94.49739151933832 30.75627884481346 12.4
      vertex 95.01195512709626 19.7547401608616 12.4
    endloop
  endfacet
  facet normal 0 0 1
    outer loop
      vertex 95.20700471269427 20.225631515747594 12.4
      vertex 94.63375589086785 30.467960605315508 12.4
      vertex 95.09791321547065 19.994976924149235 12.4
    endloop
  endfacet
  facet normal 0 0 1
    outer loop
      vertex 95.33817900801338 20.444482605850965 12.4
      vertex 94.79772376001672 30.194396742686294 12.4
      vertex 95.20700471269427 20.225631515747594 12.4
    endloop
  endfacet
  facet normal 0 0 1
    outer loop
      vertex 95.49017282125688 20.64942253882548 12.4
      vertex 94.9877160265711 29.93822182646815 12.4
      vertex 95.33817900801338 20.444482605850965 12.4
    endloop
  endfacet
  facet normal 0 0 1
    outer loop
      vertex 95.66152236891497 20.838477631085023 12.4
      vertex 94.9877160265711 29.93822182646815 12.4
      vertex 95.49017282125688 20.64942253882548 12.4
    endloop
  endfacet
  facet normal 0 0 1
    outer loop
      vertex 95.66152236891497 20.838477631085023 12.4
      vertex 95.85057746117452 21.009827178743116 12.4
      vertex 95.43822182646815 29.487716026571103 12.4
    endloop
  endfacet
  facet normal 0 0 1
    outer loop
      vertex 95.6943967426863 29.29772376001673 12.4
      vertex 95.85057746117452 21.009827178743116 12.4
      vertex 96.05551739414904 21.161820991986616 12.4
    endloop
  endfacet
  facet normal 0 0 1
    outer loop
      vertex 95.83370861439747 15.081859646572653 12.4
      vertex 96.05551739414904 16.838179008013384 12.4
      vertex 95.85057746117452 16.990172821256884 12.4
    endloop
  endfacet
  facet normal 0 0 1
    outer loop
      vertex 99.16629138560253 15.081859646572653 12.4
      vertex 99.14942253882548 16.990172821256884 12.4
      vertex 98.94448260585096 16.838179008013384 12.4
    endloop
  endfacet
  facet normal 0 0 1
    outer loop
      vertex 100.81653547427418 15.326650233145081 12.4
      vertex 99.33847763108503 17.161522368914977 12.4
      vertex 99.14942253882548 16.990172821256884 12.4
    endloop
  endfacet
  facet normal 0 0 1
    outer loop
      vertex 100.81653547427418 15.326650233145081 12.4
      vertex 99.50982717874312 17.35057746117452 12.4
      vertex 99.33847763108503 17.161522368914977 12.4
    endloop
  endfacet
  facet normal 0 0 1
    outer loop
      vertex 100.81653547427418 15.326650233145081 12.4
      vertex 99.66182099198662 17.555517394149035 12.4
      vertex 99.50982717874312 17.35057746117452 12.4
    endloop
  endfacet
  facet normal 0 0 1
    outer loop
      vertex 100.81653547427418 15.326650233145081 12.4
      vertex 99.79299528730573 17.774368484252406 12.4
      vertex 99.66182099198662 17.555517394149035 12.4
    endloop
  endfacet
  facet normal 0 0 1
    outer loop
      vertex 100.81653547427418 15.326650233145081 12.4
      vertex 99.90208678452935 18.005023075850765 12.4
      vertex 99.79299528730573 17.774368484252406 12.4
    endloop
  endfacet
  facet normal 0 0 1
    outer loop
      vertex 100.81653547427418 15.326650233145081 12.4
      vertex 99.98804487290374 18.2452598391384 12.4
      vertex 99.90208678452935 18.005023075850765 12.4
    endloop
  endfacet
  facet normal 0 0 1
    outer loop
      vertex 100.81653547427418 15.326650233145081 12.4
      vertex 100.0500417290484 18.492765162758065 12.4
      vertex 99.98804487290374 18.2452598391384 12.4
    endloop
  endfacet
  facet normal 0 0 1
    outer loop
      vertex 100.81653547427418 15.326650233145081 12.4
      vertex 100.08748028934771 18.745155435143143 12.4
      vertex 100.0500417290484 18.492765162758065 12.4
    endloop
  endfacet
  facet normal 0 0 1
    outer loop
      vertex 100.81653547427418 15.326650233145081 12.4
      vertex 100.1 19 12.4
      vertex 100.08748028934771 18.745155435143143 12.4
    endloop
  endfacet
  facet normal 0 0 1
    outer loop
      vertex 96.05551739414904 21.161820991986616 12.4
      vertex 96.2743684842524 21.29299528730572 12.4
      vertex 95.6943967426863 29.29772376001673 12.4
    endloop
  endfacet
  facet normal 0 0 1
    outer loop
      vertex 96.2743684842524 21.29299528730572 12.4
      vertex 96.50502307585077 21.402086784529345 12.4
      vertex 95.96796060531551 29.133755890867846 12.4
    endloop
  endfacet
  facet normal 0 0 1
    outer loop
      vertex 96.50502307585077 21.402086784529345 12.4
      vertex 96.7452598391384 21.488044872903743 12.4
      vertex 96.25627884481347 28.99739151933832 12.4
    endloop
  endfacet
  facet normal 0 0 1
    outer loop
      vertex 96.556574798923 28.889943908870322 12.4
      vertex 96.7452598391384 21.488044872903743 12.4
      vertex 96.99276516275806 21.5500417290484 12.4
    endloop
  endfacet
  facet normal 0 0 1
    outer loop
      vertex 96.556574798923 28.889943908870322 12.4
      vertex 96.99276516275806 21.5500417290484 12.4
      vertex 97.24515543514315 21.587480289347713 12.4
    endloop
  endfacet
  facet normal 0 0 1
    outer loop
      vertex 97.24515543514315 21.587480289347713 12.4
      vertex 97.5 21.6 12.4
      vertex 97.18144429392893 28.76564963831536 12.4
    endloop
  endfacet
  facet normal 0 0 1
    outer loop
      vertex 97.5 28.75 12.4
      vertex 97.5 21.6 12.4
      vertex 97.75484456485685 21.587480289347713 12.4
    endloop
  endfacet
  facet normal 0 0 1
    outer loop
      vertex 98.443425201077 28.889943908870322 12.4
      vertex 98.49497692414923 21.402086784529345 12.4
      vertex 98.7256315157476 21.29299528730572 12.4
    endloop
  endfacet
  facet normal 0 0 1
    outer loop
      vertex 97.75484456485685 21.587480289347713 12.4
      vertex 98.00723483724194 21.5500417290484 12.4
      vertex 97.81855570607107 28.76564963831536 12.4
    endloop
  endfacet
  facet normal 0 0 1
    outer loop
      vertex 98.00723483724194 21.5500417290484 12.4
      vertex 98.2547401608616 21.488044872903743 12.4
      vertex 97.81855570607107 28.76564963831536 12.4
    endloop
  endfacet
  facet normal 0 0 1
    outer loop
      vertex 98.2547401608616 21.488044872903743 12.4
      vertex 98.49497692414923 21.402086784529345 12.4
      vertex 98.13404354655242 28.8124478386895 12.4
    endloop
  endfacet
  facet normal 0 0 1
    outer loop
      vertex 98.443425201077 28.889943908870322 12.4
      vertex 98.94448260585096 21.161820991986616 12.4
      vertex 99.14942253882548 21.009827178743116 12.4
    endloop
  endfacet
  facet normal 0 0 1
    outer loop
      vertex 98.443425201077 28.889943908870322 12.4
      vertex 98.7256315157476 21.29299528730572 12.4
      vertex 98.94448260585096 21.161820991986616 12.4
    endloop
  endfacet
  facet normal 0 0 1
    outer loop
      vertex 99.14942253882548 21.009827178743116 12.4
      vertex 99.33847763108503 20.838477631085023 12.4
      vertex 99.03203939468449 29.133755890867846 12.4
    endloop
  endfacet
  facet normal 0 0 1
    outer loop
      vertex 99.50982717874312 20.64942253882548 12.4
      vertex 99.56177817353185 29.487716026571103 12.4
      vertex 99.33847763108503 20.838477631085023 12.4
    endloop
  endfacet
  facet normal 0 0 1
    outer loop
      vertex 100.81653547427418 15.326650233145081 12.4
      vertex 100.0122839734289 29.93822182646815 12.4
      vertex 100.1 19 12.4
    endloop
  endfacet
  facet normal 0 0 1
    outer loop
      vertex 100.0122839734289 29.93822182646815 12.4
      vertex 100.08748028934771 19.254844564856857 12.4
      vertex 100.1 19 12.4
    endloop
  endfacet
  facet normal 0 0 1
    outer loop
      vertex 100.0122839734289 29.93822182646815 12.4
      vertex 99.98804487290374 19.7547401608616 12.4
      vertex 100.0500417290484 19.507234837241935 12.4
    endloop
  endfacet
  facet normal 0 0 1
    outer loop
      vertex 100.0122839734289 29.93822182646815 12.4
      vertex 99.90208678452935 19.994976924149235 12.4
      vertex 99.98804487290374 19.7547401608616 12.4
    endloop
  endfacet
  facet normal 0 0 1
    outer loop
      vertex 100.0122839734289 29.93822182646815 12.4
      vertex 100.0500417290484 19.507234837241935 12.4
      vertex 100.08748028934771 19.254844564856857 12.4
    endloop
  endfacet
  facet normal 0 0 1
    outer loop
      vertex 100.0122839734289 29.93822182646815 12.4
      vertex 99.79299528730573 20.225631515747594 12.4
      vertex 99.90208678452935 19.994976924149235 12.4
    endloop
  endfacet
  facet normal 0 0 1
    outer loop
      vertex 100.0122839734289 29.93822182646815 12.4
      vertex 99.66182099198662 20.444482605850965 12.4
      vertex 99.79299528730573 20.225631515747594 12.4
    endloop
  endfacet
  facet normal 0 0 1
    outer loop
      vertex 99.66182099198662 20.444482605850965 12.4
      vertex 100.0122839734289 29.93822182646815 12.4
      vertex 99.50982717874312 20.64942253882548 12.4
    endloop
  endfacet
  facet normal 0 0 1
    outer loop
      vertex 92.56516048667415 15.73201429255245 12.4
      vertex 90.99438164979347 47.70595205269187 12.4
      vertex 90.99438164979347 16.294047947308126 12.4
    endloop
  endfacet
  facet normal 0 0 1
    outer loop
      vertex 94.18346452572582 15.326650233145081 12.4
      vertex 94.31244783868951 31.365956453447584 12.4
      vertex 94.26564963831537 31.681444293928926 12.4
    endloop
  endfacet
  facet normal 0 0 1
    outer loop
      vertex 94.18346452572582 15.326650233145081 12.4
      vertex 94.26564963831537 31.681444293928926 12.4
      vertex 94.25 32 12.4
    endloop
  endfacet
  facet normal 0 0 1
    outer loop
      vertex 92.56516048667415 15.73201429255245 12.4
      vertex 94.18346452572582 15.326650233145081 12.4
      vertex 92.56516048667415 48.26798570744755 12.4
    endloop
  endfacet
  facet normal 0 0 1
    outer loop
      vertex 95.20700471269427 20.225631515747594 12.4
      vertex 94.79772376001672 30.194396742686294 12.4
      vertex 94.63375589086785 30.467960605315508 12.4
    endloop
  endfacet
  facet normal 0 0 1
    outer loop
      vertex 95.09791321547065 19.994976924149235 12.4
      vertex 94.63375589086785 30.467960605315508 12.4
      vertex 94.49739151933832 30.75627884481346 12.4
    endloop
  endfacet
  facet normal 0 0 1
    outer loop
      vertex 95.01195512709626 19.7547401608616 12.4
      vertex 94.49739151933832 30.75627884481346 12.4
      vertex 94.38994390887032 31.056574798923 12.4
    endloop
  endfacet
  facet normal 0 0 1
    outer loop
      vertex 94.9499582709516 19.507234837241935 12.4
      vertex 94.38994390887032 31.056574798923 12.4
      vertex 94.31244783868951 31.365956453447584 12.4
    endloop
  endfacet
  facet normal 0 0 1
    outer loop
      vertex 95.33817900801338 20.444482605850965 12.4
      vertex 94.9877160265711 29.93822182646815 12.4
      vertex 94.79772376001672 30.194396742686294 12.4
    endloop
  endfacet
  facet normal 0 0 1
    outer loop
      vertex 95.66152236891497 20.838477631085023 12.4
      vertex 95.20190296114372 29.70190296114372 12.4
      vertex 94.9877160265711 29.93822182646815 12.4
    endloop
  endfacet
  facet normal 0 0 1
    outer loop
      vertex 95.85057746117452 21.009827178743116 12.4
      vertex 95.6943967426863 29.29772376001673 12.4
      vertex 95.43822182646815 29.487716026571103 12.4
    endloop
  endfacet
  facet normal 0 0 1
    outer loop
      vertex 95.66152236891497 20.838477631085023 12.4
      vertex 95.43822182646815 29.487716026571103 12.4
      vertex 95.20190296114372 29.70190296114372 12.4
    endloop
  endfacet
  facet normal 0 0 1
    outer loop
      vertex 89.75209445042584 39.030567163438505 12.4
      vertex 90.4694328365615 24.252094450425844 12.4
      vertex 90.60060713188061 24.033243360322473 12.4
    endloop
  endfacet
  facet normal 0 0 1
    outer loop
      vertex 89.75209445042584 39.030567163438505 12.4
      vertex 90.1460894756599 24.646089475659902 12.4
      vertex 90.317439023318 24.45703438340036 12.4
    endloop
  endfacet
  facet normal 0 0 1
    outer loop
      vertex 89.75209445042584 39.030567163438505 12.4
      vertex 90.317439023318 24.45703438340036 12.4
      vertex 90.4694328365615 24.252094450425844 12.4
    endloop
  endfacet
  facet normal 0 0 1
    outer loop
      vertex 88.30761184457488 38.59238815542512 12.4
      vertex 89.06235200543648 25.29565671747862 12.4
      vertex 89.3025887687241 25.209698629104224 12.4
    endloop
  endfacet
  facet normal 0 0 1
    outer loop
      vertex 88.30761184457488 38.59238815542512 12.4
      vertex 88.56245640943173 25.395092133922592 12.4
      vertex 88.81484668181682 25.357653573623278 12.4
    endloop
  endfacet
  facet normal 0 0 1
    outer loop
      vertex 88.30761184457488 38.59238815542512 12.4
      vertex 88.81484668181682 25.357653573623278 12.4
      vertex 89.06235200543648 25.29565671747862 12.4
    endloop
  endfacet
  facet normal 0 0 1
    outer loop
      vertex 89.3025887687241 25.209698629104224 12.4
      vertex 89.53324336032247 25.1006071318806 12.4
      vertex 89.06235200543648 38.70434328252138 12.4
    endloop
  endfacet
  facet normal 0 0 1
    outer loop
      vertex 89.53324336032247 25.1006071318806 12.4
      vertex 89.75209445042584 24.969432836561495 12.4
      vertex 89.53324336032247 38.8993928681194 12.4
    endloop
  endfacet
  facet normal 0 0 1
    outer loop
      vertex 89.75209445042584 24.969432836561495 12.4
      vertex 89.95703438340036 24.817439023317995 12.4
      vertex 89.75209445042584 39.030567163438505 12.4
    endloop
  endfacet
  facet normal 0 0 1
    outer loop
      vertex 89.75209445042584 39.030567163438505 12.4
      vertex 89.95703438340036 24.817439023317995 12.4
      vertex 90.1460894756599 24.646089475659902 12.4
    endloop
  endfacet
  facet normal 0 0 1
    outer loop
      vertex 90.99438164979347 16.294047947308126 12.4
      vertex 90.99438164979347 47.70595205269187 12.4
      vertex 90.90761184457487 22.80761184457488 12.4
    endloop
  endfacet
  facet normal 0 0 1
    outer loop
      vertex 90.70969862910422 23.802588768724114 12.4
      vertex 89.75209445042584 39.030567163438505 12.4
      vertex 90.60060713188061 24.033243360322473 12.4
    endloop
  endfacet
  facet normal 0 0 1
    outer loop
      vertex 90.79565671747862 23.56235200543648 12.4
      vertex 90.70969862910422 40.197411231275886 12.4
      vertex 90.70969862910422 23.802588768724114 12.4
    endloop
  endfacet
  facet normal 0 0 1
    outer loop
      vertex 90.89509213392259 23.062456409431736 12.4
      vertex 90.85765357362328 40.68515331818319 12.4
      vertex 90.85765357362328 23.314846681816814 12.4
    endloop
  endfacet
  facet normal 0 0 1
    outer loop
      vertex 90.85765357362328 23.314846681816814 12.4
      vertex 90.79565671747862 40.43764799456352 12.4
      vertex 90.79565671747862 23.56235200543648 12.4
    endloop
  endfacet
  facet normal 0 0 1
    outer loop
      vertex 90.99438164979347 47.70595205269187 12.4
      vertex 90.89509213392259 23.062456409431736 12.4
      vertex 90.90761184457487 22.80761184457488 12.4
    endloop
  endfacet
  facet normal 0 0 1
    outer loop
      vertex 94.18346452572582 15.326650233145081 12.4
      vertex 94.25 32 12.4
      vertex 94.18346452572582 48.67334976685492 12.4
    endloop
  endfacet
  facet normal 0 0 1
    outer loop
      vertex 97.24515543514315 21.587480289347713 12.4
      vertex 97.18144429392893 28.76564963831536 12.4
      vertex 96.86595645344758 28.8124478386895 12.4
    endloop
  endfacet
  facet normal 0 0 1
    outer loop
      vertex 97.5 21.6 12.4
      vertex 97.5 28.75 12.4
      vertex 97.18144429392893 28.76564963831536 12.4
    endloop
  endfacet
  facet normal 0 0 1
    outer loop
      vertex 97.75484456485685 21.587480289347713 12.4
      vertex 97.81855570607107 28.76564963831536 12.4
      vertex 97.5 28.75 12.4
    endloop
  endfacet
  facet normal 0 0 1
    outer loop
      vertex 98.2547401608616 21.488044872903743 12.4
      vertex 98.13404354655242 28.8124478386895 12.4
      vertex 97.81855570607107 28.76564963831536 12.4
    endloop
  endfacet
  facet normal 0 0 1
    outer loop
      vertex 98.49497692414923 21.402086784529345 12.4
      vertex 98.443425201077 28.889943908870322 12.4
      vertex 98.13404354655242 28.8124478386895 12.4
    endloop
  endfacet
  facet normal 0 0 1
    outer loop
      vertex 99.14942253882548 21.009827178743116 12.4
      vertex 98.74372115518653 28.99739151933832 12.4
      vertex 98.443425201077 28.889943908870322 12.4
    endloop
  endfacet
  facet normal 0 0 1
    outer loop
      vertex 99.14942253882548 21.009827178743116 12.4
      vertex 99.03203939468449 29.133755890867846 12.4
      vertex 98.74372115518653 28.99739151933832 12.4
    endloop
  endfacet
  facet normal 0 0 1
    outer loop
      vertex 96.2743684842524 21.29299528730572 12.4
      vertex 95.96796060531551 29.133755890867846 12.4
      vertex 95.6943967426863 29.29772376001673 12.4
    endloop
  endfacet
  facet normal 0 0 1
    outer loop
      vertex 96.50502307585077 21.402086784529345 12.4
      vertex 96.25627884481347 28.99739151933832 12.4
      vertex 95.96796060531551 29.133755890867846 12.4
    endloop
  endfacet
  facet normal 0 0 1
    outer loop
      vertex 96.7452598391384 21.488044872903743 12.4
      vertex 96.556574798923 28.889943908870322 12.4
      vertex 96.25627884481347 28.99739151933832 12.4
    endloop
  endfacet
  facet normal 0 0 1
    outer loop
      vertex 97.24515543514315 21.587480289347713 12.4
      vertex 96.86595645344758 28.8124478386895 12.4
      vertex 96.556574798923 28.889943908870322 12.4
    endloop
  endfacet
  facet normal 0 0 1
    outer loop
      vertex 99.33847763108503 20.838477631085023 12.4
      vertex 99.3056032573137 29.29772376001673 12.4
      vertex 99.03203939468449 29.133755890867846 12.4
    endloop
  endfacet
  facet normal 0 0 1
    outer loop
      vertex 99.33847763108503 20.838477631085023 12.4
      vertex 99.56177817353185 29.487716026571103 12.4
      vertex 99.3056032573137 29.29772376001673 12.4
    endloop
  endfacet
  facet normal 0 0 1
    outer loop
      vertex 100.81653547427418 15.326650233145081 12.4
      vertex 100.20227623998328 30.194396742686294 12.4
      vertex 100.0122839734289 29.93822182646815 12.4
    endloop
  endfacet
  facet normal 0 0 1
    outer loop
      vertex 100.81653547427418 15.326650233145081 12.4
      vertex 100.36624410913215 30.467960605315508 12.4
      vertex 100.20227623998328 30.194396742686294 12.4
    endloop
  endfacet
  facet normal 0 0 1
    outer loop
      vertex 100.81653547427418 15.326650233145081 12.4
      vertex 100.50260848066168 30.75627884481346 12.4
      vertex 100.36624410913215 30.467960605315508 12.4
    endloop
  endfacet
  facet normal 0 0 1
    outer loop
      vertex 100.81653547427418 15.326650233145081 12.4
      vertex 100.61005609112968 31.056574798923 12.4
      vertex 100.50260848066168 30.75627884481346 12.4
    endloop
  endfacet
  facet normal 0 0 1
    outer loop
      vertex 100.81653547427418 15.326650233145081 12.4
      vertex 100.68755216131049 31.365956453447584 12.4
      vertex 100.61005609112968 31.056574798923 12.4
    endloop
  endfacet
  facet normal 0 0 1
    outer loop
      vertex 100.81653547427418 15.326650233145081 12.4
      vertex 100.73435036168463 31.681444293928926 12.4
      vertex 100.68755216131049 31.365956453447584 12.4
    endloop
  endfacet
  facet normal 0 0 1
    outer loop
      vertex 100.81653547427418 15.326650233145081 12.4
      vertex 100.75 32 12.4
      vertex 100.73435036168463 31.681444293928926 12.4
    endloop
  endfacet
  facet normal 0 0 1
    outer loop
      vertex 99.50982717874312 20.64942253882548 12.4
      vertex 99.79809703885628 29.70190296114372 12.4
      vertex 99.56177817353185 29.487716026571103 12.4
    endloop
  endfacet
  facet normal 0 0 1
    outer loop
      vertex 99.50982717874312 20.64942253882548 12.4
      vertex 100.0122839734289 29.93822182646815 12.4
      vertex 99.79809703885628 29.70190296114372 12.4
    endloop
  endfacet
  facet normal 0 0 1
    outer loop
      vertex 100.81653547427418 15.326650233145081 12.4
      vertex 102.43483951332585 15.73201429255245 12.4
      vertex 100.81653547427418 48.67334976685492 12.4
    endloop
  endfacet
  facet normal 0 0 1
    outer loop
      vertex 102.43483951332585 15.73201429255245 12.4
      vertex 104.00561835020653 16.294047947308126 12.4
      vertex 102.43483951332585 48.26798570744755 12.4
    endloop
  endfacet
  facet normal 0 0 1
    outer loop
      vertex 100.81653547427418 15.326650233145081 12.4
      vertex 100.81653547427418 48.67334976685492 12.4
      vertex 100.75 32 12.4
    endloop
  endfacet
  facet normal 0.4275550934302827 -0.903989293123443 0
    outer loop
      vertex 104.00561835020653 16.294047947308126 2.4
      vertex 105.51374452604196 17.007338506077964 12.4
      vertex 104.00561835020653 16.294047947308126 12.4
    endloop
  endfacet
  facet normal 0.5141027441932253 -0.8577286100002699 0
    outer loop
      vertex 105.51374452604196 17.007338506077964 2.4
      vertex 106.94469396133323 17.865016590856733 12.4
      vertex 105.51374452604196 17.007338506077964 12.4
    endloop
  endfacet
  facet normal 0.5956993044924322 -0.8032075314806456 0
    outer loop
      vertex 106.94469396133323 17.865016590856733 2.4
      vertex 108.28468583078197 18.858822292833473 12.4
      vertex 106.94469396133323 17.865016590856733 12.4
    endloop
  endfacet
  facet normal 0.6715589548470166 -0.7409511253549609 0
    outer loop
      vertex 108.28468583078197 18.858822292833473 2.4
      vertex 109.5208152801713 19.97918471982869 12.4
      vertex 108.28468583078197 18.858822292833473 12.4
    endloop
  endfacet
  facet normal 0.7409511253549568 -0.671558954847021 0
    outer loop
      vertex 110.64117770716653 21.215314169218026 2.4
      vertex 110.64117770716653 21.215314169218026 12.4
      vertex 109.5208152801713 19.97918471982869 12.4
    endloop
  endfacet
  facet normal 0.8032075314806456 -0.5956993044924322 0
    outer loop
      vertex 111.63498340914327 22.555306038666764 2.4
      vertex 111.63498340914327 22.555306038666764 12.4
      vertex 110.64117770716653 21.215314169218026 12.4
    endloop
  endfacet
  facet normal 0.857728610000271 -0.5141027441932234 0
    outer loop
      vertex 112.49266149392204 23.98625547395804 2.4
      vertex 112.49266149392204 23.98625547395804 12.4
      vertex 111.63498340914327 22.555306038666764 12.4
    endloop
  endfacet
  facet normal 0 0 1
    outer loop
      vertex 104.00561835020653 16.294047947308126 12.4
      vertex 105.51374452604196 17.007338506077964 12.4
      vertex 105.24790554957416 20.645790852588263 12.4
    endloop
  endfacet
  facet normal 0 0 1
    outer loop
      vertex 104.00561835020653 16.294047947308126 12.4
      vertex 105.24790554957416 20.645790852588263 12.4
      vertex 105.04296561659964 20.797784665831763 12.4
    endloop
  endfacet
  facet normal 0 0 1
    outer loop
      vertex 104.00561835020653 16.294047947308126 12.4
      vertex 104.29030137089578 21.812634920425644 12.4
      vertex 104.20434328252138 22.052871683713278 12.4
    endloop
  endfacet
  facet normal 0 0 1
    outer loop
      vertex 104.00561835020653 16.294047947308126 12.4
      vertex 104.20434328252138 22.052871683713278 12.4
      vertex 104.14234642637672 22.300377007332944 12.4
    endloop
  endfacet
  facet normal 0 0 1
    outer loop
      vertex 104.00561835020653 16.294047947308126 12.4
      vertex 104.8539105243401 20.969134213489856 12.4
      vertex 104.682560976682 21.1581893057494 12.4
    endloop
  endfacet
  facet normal 0 0 1
    outer loop
      vertex 104.00561835020653 16.294047947308126 12.4
      vertex 104.5305671634385 21.363129238723914 12.4
      vertex 104.39939286811939 21.581980328827285 12.4
    endloop
  endfacet
  facet normal 0 0 1
    outer loop
      vertex 104.00561835020653 16.294047947308126 12.4
      vertex 104.682560976682 21.1581893057494 12.4
      vertex 104.5305671634385 21.363129238723914 12.4
    endloop
  endfacet
  facet normal 0 0 1
    outer loop
      vertex 104.00561835020653 16.294047947308126 12.4
      vertex 105.04296561659964 20.797784665831763 12.4
      vertex 104.8539105243401 20.969134213489856 12.4
    endloop
  endfacet
  facet normal 0 0 1
    outer loop
      vertex 104.00561835020653 16.294047947308126 12.4
      vertex 104.39939286811939 21.581980328827285 12.4
      vertex 104.29030137089578 21.812634920425644 12.4
    endloop
  endfacet
  facet normal 0 0 1
    outer loop
      vertex 105.51374452604196 17.007338506077964 12.4
      vertex 105.93764799456352 20.319566971671136 12.4
      vertex 105.6974112312759 20.405525060045534 12.4
    endloop
  endfacet
  facet normal 0 0 1
    outer loop
      vertex 105.51374452604196 17.007338506077964 12.4
      vertex 106.94469396133323 17.865016590856733 12.4
      vertex 105.93764799456352 20.319566971671136 12.4
    endloop
  endfacet
  facet normal 0 0 1
    outer loop
      vertex 105.51374452604196 17.007338506077964 12.4
      vertex 105.46675663967753 20.514616557269157 12.4
      vertex 105.24790554957416 20.645790852588263 12.4
    endloop
  endfacet
  facet normal 0 0 1
    outer loop
      vertex 105.51374452604196 17.007338506077964 12.4
      vertex 105.6974112312759 20.405525060045534 12.4
      vertex 105.46675663967753 20.514616557269157 12.4
    endloop
  endfacet
  facet normal 0 0 1
    outer loop
      vertex 106.94469396133323 17.865016590856733 12.4
      vertex 106.18515331818318 20.25757011552648 12.4
      vertex 105.93764799456352 20.319566971671136 12.4
    endloop
  endfacet
  facet normal 0 0 1
    outer loop
      vertex 106.94469396133323 17.865016590856733 12.4
      vertex 106.43754359056827 20.220131555227166 12.4
      vertex 106.18515331818318 20.25757011552648 12.4
    endloop
  endfacet
  facet normal 0 0 1
    outer loop
      vertex 106.94469396133323 17.865016590856733 12.4
      vertex 106.69238815542512 20.207611844574878 12.4
      vertex 106.43754359056827 20.220131555227166 12.4
    endloop
  endfacet
  facet normal 0 0 1
    outer loop
      vertex 106.94469396133323 17.865016590856733 12.4
      vertex 106.94723272028197 20.220131555227166 12.4
      vertex 106.69238815542512 20.207611844574878 12.4
    endloop
  endfacet
  facet normal 0 0 1
    outer loop
      vertex 106.94469396133323 17.865016590856733 12.4
      vertex 108.28468583078197 18.858822292833473 12.4
      vertex 106.94723272028197 20.220131555227166 12.4
    endloop
  endfacet
  facet normal 0 0 1
    outer loop
      vertex 108.28468583078197 18.858822292833473 12.4
      vertex 107.19962299266706 20.25757011552648 12.4
      vertex 106.94723272028197 20.220131555227166 12.4
    endloop
  endfacet
  facet normal 0 0 1
    outer loop
      vertex 108.28468583078197 18.858822292833473 12.4
      vertex 107.44712831628672 20.319566971671136 12.4
      vertex 107.19962299266706 20.25757011552648 12.4
    endloop
  endfacet
  facet normal 0 0 1
    outer loop
      vertex 108.28468583078197 18.858822292833473 12.4
      vertex 107.68736507957435 20.405525060045534 12.4
      vertex 107.44712831628672 20.319566971671136 12.4
    endloop
  endfacet
  facet normal 0 0 1
    outer loop
      vertex 108.28468583078197 18.858822292833473 12.4
      vertex 107.91801967117271 20.514616557269157 12.4
      vertex 107.68736507957435 20.405525060045534 12.4
    endloop
  endfacet
  facet normal 0 0 1
    outer loop
      vertex 108.28468583078197 18.858822292833473 12.4
      vertex 108.13687076127609 20.645790852588263 12.4
      vertex 107.91801967117271 20.514616557269157 12.4
    endloop
  endfacet
  facet normal 0 0 1
    outer loop
      vertex 108.28468583078197 18.858822292833473 12.4
      vertex 109.5208152801713 19.97918471982869 12.4
      vertex 108.13687076127609 20.645790852588263 12.4
    endloop
  endfacet
  facet normal 0 0 1
    outer loop
      vertex 104.00561835020653 16.294047947308126 12.4
      vertex 104.14234642637672 22.300377007332944 12.4
      vertex 104.10490786607741 22.552767279718022 12.4
    endloop
  endfacet
  facet normal 0 0 1
    outer loop
      vertex 104.00561835020653 16.294047947308126 12.4
      vertex 104.10490786607741 22.552767279718022 12.4
      vertex 104.09238815542513 22.80761184457488 12.4
    endloop
  endfacet
  facet normal 0 0 1
    outer loop
      vertex 109.5208152801713 19.97918471982869 12.4
      vertex 108.3418106942506 20.797784665831763 12.4
      vertex 108.13687076127609 20.645790852588263 12.4
    endloop
  endfacet
  facet normal 0 0 1
    outer loop
      vertex 109.5208152801713 19.97918471982869 12.4
      vertex 108.53086578651015 20.969134213489856 12.4
      vertex 108.3418106942506 20.797784665831763 12.4
    endloop
  endfacet
  facet normal 0 0 1
    outer loop
      vertex 109.5208152801713 19.97918471982869 12.4
      vertex 108.70221533416824 21.1581893057494 12.4
      vertex 108.53086578651015 20.969134213489856 12.4
    endloop
  endfacet
  facet normal 0 0 1
    outer loop
      vertex 109.5208152801713 19.97918471982869 12.4
      vertex 108.85420914741174 21.363129238723914 12.4
      vertex 108.70221533416824 21.1581893057494 12.4
    endloop
  endfacet
  facet normal 0 0 1
    outer loop
      vertex 109.5208152801713 19.97918471982869 12.4
      vertex 108.98538344273085 21.581980328827285 12.4
      vertex 108.85420914741174 21.363129238723914 12.4
    endloop
  endfacet
  facet normal 0 0 1
    outer loop
      vertex 109.5208152801713 19.97918471982869 12.4
      vertex 109.09447493995447 21.812634920425644 12.4
      vertex 108.98538344273085 21.581980328827285 12.4
    endloop
  endfacet
  facet normal 0 0 1
    outer loop
      vertex 109.5208152801713 19.97918471982869 12.4
      vertex 109.18043302832886 22.052871683713278 12.4
      vertex 109.09447493995447 21.812634920425644 12.4
    endloop
  endfacet
  facet normal 0 0 1
    outer loop
      vertex 109.5208152801713 19.97918471982869 12.4
      vertex 109.24242988447352 22.300377007332944 12.4
      vertex 109.18043302832886 22.052871683713278 12.4
    endloop
  endfacet
  facet normal 0 0 1
    outer loop
      vertex 109.5208152801713 19.97918471982869 12.4
      vertex 109.27986844477283 22.552767279718022 12.4
      vertex 109.24242988447352 22.300377007332944 12.4
    endloop
  endfacet
  facet normal 0 0 1
    outer loop
      vertex 109.5208152801713 19.97918471982869 12.4
      vertex 109.29238815542512 22.80761184457488 12.4
      vertex 109.27986844477283 22.552767279718022 12.4
    endloop
  endfacet
  facet normal 0 0 1
    outer loop
      vertex 109.5208152801713 19.97918471982869 12.4
      vertex 109.05551739414904 29.838179008013384 12.4
      vertex 109.29238815542512 22.80761184457488 12.4
    endloop
  endfacet
  facet normal 0 0 1
    outer loop
      vertex 109.5208152801713 19.97918471982869 12.4
      vertex 110.64117770716653 21.215314169218026 12.4
      vertex 109.50502307585077 29.597913215470655 12.4
    endloop
  endfacet
  facet normal 0.9039892931234462 -0.4275550934302758 0
    outer loop
      vertex 113.20595205269187 25.494381649793475 2.4
      vertex 113.20595205269187 25.494381649793475 12.4
      vertex 112.49266149392204 23.98625547395804 12.4
    endloop
  endfacet
  facet normal 0.9415440651830199 -0.33688985339222227 0
    outer loop
      vertex 113.76798570744755 27.06516048667414 2.4
      vertex 113.76798570744755 27.06516048667414 12.4
      vertex 113.20595205269187 25.494381649793475 12.4
    endloop
  endfacet
  facet normal 0.9700312531945429 -0.24298017990326878 0
    outer loop
      vertex 114.17334976685493 28.68346452572582 2.4
      vertex 114.17334976685493 28.68346452572582 12.4
      vertex 113.76798570744755 27.06516048667414 12.4
    endloop
  endfacet
  facet normal 0.9891765099647816 -0.14673047445535692 0
    outer loop
      vertex 114.41814035342735 30.33370861439747 2.4
      vertex 114.41814035342735 30.33370861439747 12.4
      vertex 114.17334976685493 28.68346452572582 12.4
    endloop
  endfacet
  facet normal 0.9987954562051724 -0.04906767432741797 0
    outer loop
      vertex 114.5 32 2.4
      vertex 114.5 32 12.4
      vertex 114.41814035342735 30.33370861439747 12.4
    endloop
  endfacet
  facet normal 0 0 1
    outer loop
      vertex 104.00561835020653 16.294047947308126 12.4
      vertex 104.09238815542513 22.80761184457488 12.4
      vertex 104.10490786607741 40.93754359056826 12.4
    endloop
  endfacet
  facet normal 0 0 1
    outer loop
      vertex 109.05551739414904 29.838179008013384 12.4
      vertex 108.53086578651015 24.646089475659902 12.4
      vertex 108.70221533416824 24.45703438340036 12.4
    endloop
  endfacet
  facet normal 0 0 1
    outer loop
      vertex 109.05551739414904 29.838179008013384 12.4
      vertex 109.27986844477283 23.062456409431736 12.4
      vertex 109.29238815542512 22.80761184457488 12.4
    endloop
  endfacet
  facet normal 0 0 1
    outer loop
      vertex 109.05551739414904 29.838179008013384 12.4
      vertex 109.24242988447352 23.314846681816814 12.4
      vertex 109.27986844477283 23.062456409431736 12.4
    endloop
  endfacet
  facet normal 0 0 1
    outer loop
      vertex 109.05551739414904 29.838179008013384 12.4
      vertex 109.18043302832886 23.56235200543648 12.4
      vertex 109.24242988447352 23.314846681816814 12.4
    endloop
  endfacet
  facet normal 0 0 1
    outer loop
      vertex 109.05551739414904 29.838179008013384 12.4
      vertex 109.09447493995447 23.802588768724114 12.4
      vertex 109.18043302832886 23.56235200543648 12.4
    endloop
  endfacet
  facet normal 0 0 1
    outer loop
      vertex 109.05551739414904 29.838179008013384 12.4
      vertex 108.98538344273085 24.033243360322473 12.4
      vertex 109.09447493995447 23.802588768724114 12.4
    endloop
  endfacet
  facet normal 0 0 1
    outer loop
      vertex 109.05551739414904 29.838179008013384 12.4
      vertex 108.85420914741174 24.252094450425844 12.4
      vertex 108.98538344273085 24.033243360322473 12.4
    endloop
  endfacet
  facet normal 0 0 1
    outer loop
      vertex 109.05551739414904 29.838179008013384 12.4
      vertex 108.70221533416824 24.45703438340036 12.4
      vertex 108.85420914741174 24.252094450425844 12.4
    endloop
  endfacet
  facet normal 0 0 1
    outer loop
      vertex 108.20700471269427 30.774368484252406 12.4
      vertex 108.13687076127609 24.969432836561495 12.4
      vertex 108.3418106942506 24.817439023317995 12.4
    endloop
  endfacet
  facet normal 0 0 1
    outer loop
      vertex 109.05551739414904 29.838179008013384 12.4
      vertex 108.3418106942506 24.817439023317995 12.4
      vertex 108.53086578651015 24.646089475659902 12.4
    endloop
  endfacet
  facet normal 0 0 1
    outer loop
      vertex 109.05551739414904 29.838179008013384 12.4
      vertex 108.85057746117452 29.990172821256884 12.4
      vertex 108.3418106942506 24.817439023317995 12.4
    endloop
  endfacet
  facet normal 0 0 1
    outer loop
      vertex 108.3418106942506 24.817439023317995 12.4
      vertex 108.85057746117452 29.990172821256884 12.4
      vertex 108.66152236891497 30.161522368914977 12.4
    endloop
  endfacet
  facet normal 0 0 1
    outer loop
      vertex 109.5208152801713 19.97918471982869 12.4
      vertex 109.2743684842524 29.70700471269428 12.4
      vertex 109.05551739414904 29.838179008013384 12.4
    endloop
  endfacet
  facet normal 0 0 1
    outer loop
      vertex 109.5208152801713 19.97918471982869 12.4
      vertex 109.50502307585077 29.597913215470655 12.4
      vertex 109.2743684842524 29.70700471269428 12.4
    endloop
  endfacet
  facet normal 0 0 1
    outer loop
      vertex 110.64117770716653 21.215314169218026 12.4
      vertex 109.7452598391384 29.511955127096257 12.4
      vertex 109.50502307585077 29.597913215470655 12.4
    endloop
  endfacet
  facet normal 0 0 1
    outer loop
      vertex 110.64117770716653 21.215314169218026 12.4
      vertex 109.99276516275806 29.4499582709516 12.4
      vertex 109.7452598391384 29.511955127096257 12.4
    endloop
  endfacet
  facet normal 0 0 1
    outer loop
      vertex 110.64117770716653 21.215314169218026 12.4
      vertex 110.24515543514315 29.412519710652287 12.4
      vertex 109.99276516275806 29.4499582709516 12.4
    endloop
  endfacet
  facet normal 0 0 1
    outer loop
      vertex 110.64117770716653 21.215314169218026 12.4
      vertex 110.5 29.4 12.4
      vertex 110.24515543514315 29.412519710652287 12.4
    endloop
  endfacet
  facet normal 0 0 1
    outer loop
      vertex 104.10490786607741 23.062456409431736 12.4
      vertex 104.10490786607741 40.93754359056826 12.4
      vertex 104.09238815542513 22.80761184457488 12.4
    endloop
  endfacet
  facet normal 0 0 1
    outer loop
      vertex 104.14234642637672 23.314846681816814 12.4
      vertex 104.10490786607741 40.93754359056826 12.4
      vertex 104.10490786607741 23.062456409431736 12.4
    endloop
  endfacet
  facet normal 0 0 1
    outer loop
      vertex 104.20434328252138 23.56235200543648 12.4
      vertex 104.14234642637672 40.68515331818319 12.4
      vertex 104.14234642637672 23.314846681816814 12.4
    endloop
  endfacet
  facet normal 0 0 1
    outer loop
      vertex 104.29030137089578 23.802588768724114 12.4
      vertex 104.20434328252138 40.43764799456352 12.4
      vertex 104.20434328252138 23.56235200543648 12.4
    endloop
  endfacet
  facet normal 0 0 1
    outer loop
      vertex 104.29030137089578 40.197411231275886 12.4
      vertex 104.29030137089578 23.802588768724114 12.4
      vertex 104.39939286811939 24.033243360322473 12.4
    endloop
  endfacet
  facet normal 0 0 1
    outer loop
      vertex 104.29030137089578 40.197411231275886 12.4
      vertex 104.39939286811939 24.033243360322473 12.4
      vertex 104.5305671634385 24.252094450425844 12.4
    endloop
  endfacet
  facet normal 0 0 1
    outer loop
      vertex 104.29030137089578 40.197411231275886 12.4
      vertex 104.5305671634385 24.252094450425844 12.4
      vertex 104.682560976682 24.45703438340036 12.4
    endloop
  endfacet
  facet normal 0 0 1
    outer loop
      vertex 104.29030137089578 40.197411231275886 12.4
      vertex 104.682560976682 24.45703438340036 12.4
      vertex 104.8539105243401 24.646089475659902 12.4
    endloop
  endfacet
  facet normal 0 0 1
    outer loop
      vertex 104.29030137089578 40.197411231275886 12.4
      vertex 104.8539105243401 24.646089475659902 12.4
      vertex 105.04296561659964 24.817439023317995 12.4
    endloop
  endfacet
  facet normal 0 0 1
    outer loop
      vertex 104.29030137089578 40.197411231275886 12.4
      vertex 105.04296561659964 24.817439023317995 12.4
      vertex 105.24790554957416 24.969432836561495 12.4
    endloop
  endfacet
  facet normal 0 0 1
    outer loop
      vertex 105.24790554957416 24.969432836561495 12.4
      vertex 105.46675663967753 25.1006071318806 12.4
      vertex 105.24790554957416 39.030567163438505 12.4
    endloop
  endfacet
  facet normal 0 0 1
    outer loop
      vertex 105.46675663967753 25.1006071318806 12.4
      vertex 105.6974112312759 25.209698629104224 12.4
      vertex 105.46675663967753 38.8993928681194 12.4
    endloop
  endfacet
  facet normal 0 0 1
    outer loop
      vertex 105.6974112312759 25.209698629104224 12.4
      vertex 105.93764799456352 25.29565671747862 12.4
      vertex 105.46675663967753 38.8993928681194 12.4
    endloop
  endfacet
  facet normal 0 0 1
    outer loop
      vertex 105.93764799456352 25.29565671747862 12.4
      vertex 106.18515331818318 25.357653573623278 12.4
      vertex 105.6974112312759 38.790301370895776 12.4
    endloop
  endfacet
  facet normal 0 0 1
    outer loop
      vertex 105.6974112312759 38.790301370895776 12.4
      vertex 106.18515331818318 25.357653573623278 12.4
      vertex 106.43754359056827 25.395092133922592 12.4
    endloop
  endfacet
  facet normal 0 0 1
    outer loop
      vertex 105.6974112312759 38.790301370895776 12.4
      vertex 106.43754359056827 25.395092133922592 12.4
      vertex 106.69238815542512 25.40761184457488 12.4
    endloop
  endfacet
  facet normal 0 0 1
    outer loop
      vertex 106.69238815542512 25.40761184457488 12.4
      vertex 106.94723272028197 25.395092133922592 12.4
      vertex 106.69238815542512 38.59238815542512 12.4
    endloop
  endfacet
  facet normal 0 0 1
    outer loop
      vertex 108.3418106942506 24.817439023317995 12.4
      vertex 108.33817900801338 30.555517394149035 12.4
      vertex 108.20700471269427 30.774368484252406 12.4
    endloop
  endfacet
  facet normal 0 0 1
    outer loop
      vertex 108.13687076127609 24.969432836561495 12.4
      vertex 108.20700471269427 30.774368484252406 12.4
      vertex 108.09791321547065 31.005023075850765 12.4
    endloop
  endfacet
  facet normal 0 0 1
    outer loop
      vertex 108.3418106942506 24.817439023317995 12.4
      vertex 108.66152236891497 30.161522368914977 12.4
      vertex 108.49017282125688 30.35057746117452 12.4
    endloop
  endfacet
  facet normal 0 0 1
    outer loop
      vertex 108.3418106942506 24.817439023317995 12.4
      vertex 108.49017282125688 30.35057746117452 12.4
      vertex 108.33817900801338 30.555517394149035 12.4
    endloop
  endfacet
  facet normal 0 0 1
    outer loop
      vertex 108.13687076127609 24.969432836561495 12.4
      vertex 108.09791321547065 31.005023075850765 12.4
      vertex 108.01195512709626 31.2452598391384 12.4
    endloop
  endfacet
  facet normal 0 0 1
    outer loop
      vertex 108.13687076127609 24.969432836561495 12.4
      vertex 108.01195512709626 31.2452598391384 12.4
      vertex 107.9499582709516 31.492765162758065 12.4
    endloop
  endfacet
  facet normal 0 0 1
    outer loop
      vertex 108.13687076127609 24.969432836561495 12.4
      vertex 107.9499582709516 31.492765162758065 12.4
      vertex 107.91251971065229 31.745155435143143 12.4
    endloop
  endfacet
  facet normal 0 0 1
    outer loop
      vertex 106.94723272028197 25.395092133922592 12.4
      vertex 107.19962299266706 25.357653573623278 12.4
      vertex 106.94723272028197 38.60490786607741 12.4
    endloop
  endfacet
  facet normal 0 0 1
    outer loop
      vertex 107.19962299266706 25.357653573623278 12.4
      vertex 107.44712831628672 25.29565671747862 12.4
      vertex 107.19962299266706 38.64234642637672 12.4
    endloop
  endfacet
  facet normal 0 0 1
    outer loop
      vertex 107.19962299266706 38.64234642637672 12.4
      vertex 107.68736507957435 25.209698629104224 12.4
      vertex 107.91801967117271 25.1006071318806 12.4
    endloop
  endfacet
  facet normal 0 0 1
    outer loop
      vertex 107.19962299266706 38.64234642637672 12.4
      vertex 107.91801967117271 25.1006071318806 12.4
      vertex 108.13687076127609 24.969432836561495 12.4
    endloop
  endfacet
  facet normal 0 0 1
    outer loop
      vertex 107.19962299266706 38.64234642637672 12.4
      vertex 107.44712831628672 25.29565671747862 12.4
      vertex 107.68736507957435 25.209698629104224 12.4
    endloop
  endfacet
  facet normal 0 0 1
    outer loop
      vertex 108.13687076127609 24.969432836561495 12.4
      vertex 107.91251971065229 31.745155435143143 12.4
      vertex 107.9 32 12.4
    endloop
  endfacet
  facet normal 0 0 1
    outer loop
      vertex 108.13687076127609 24.969432836561495 12.4
      vertex 107.9 32 12.4
      vertex 107.19962299266706 38.64234642637672 12.4
    endloop
  endfacet
  facet normal 0 0 1
    outer loop
      vertex 110.64117770716653 21.215314169218026 12.4
      vertex 111.63498340914327 22.555306038666764 12.4
      vertex 110.5 29.4 12.4
    endloop
  endfacet
  facet normal 0 0 1
    outer loop
      vertex 111.63498340914327 22.555306038666764 12.4
      vertex 112.49266149392204 23.98625547395804 12.4
      vertex 111.49497692414923 29.597913215470655 12.4
    endloop
  endfacet
  facet normal 0 0 1
    outer loop
      vertex 111.63498340914327 22.555306038666764 12.4
      vertex 110.75484456485685 29.412519710652287 12.4
      vertex 110.5 29.4 12.4
    endloop
  endfacet
  facet normal 0 0 1
    outer loop
      vertex 111.63498340914327 22.555306038666764 12.4
      vertex 111.00723483724194 29.4499582709516 12.4
      vertex 110.75484456485685 29.412519710652287 12.4
    endloop
  endfacet
  facet normal 0 0 1
    outer loop
      vertex 111.63498340914327 22.555306038666764 12.4
      vertex 111.2547401608616 29.511955127096257 12.4
      vertex 111.00723483724194 29.4499582709516 12.4
    endloop
  endfacet
  facet normal 0 0 1
    outer loop
      vertex 111.63498340914327 22.555306038666764 12.4
      vertex 111.49497692414923 29.597913215470655 12.4
      vertex 111.2547401608616 29.511955127096257 12.4
    endloop
  endfacet
  facet normal 0 0 1
    outer loop
      vertex 112.49266149392204 23.98625547395804 12.4
      vertex 111.7256315157476 29.70700471269428 12.4
      vertex 111.49497692414923 29.597913215470655 12.4
    endloop
  endfacet
  facet normal 0 0 1
    outer loop
      vertex 112.49266149392204 23.98625547395804 12.4
      vertex 111.94448260585096 29.838179008013384 12.4
      vertex 111.7256315157476 29.70700471269428 12.4
    endloop
  endfacet
  facet normal 0 0 1
    outer loop
      vertex 112.49266149392204 23.98625547395804 12.4
      vertex 112.14942253882548 29.990172821256884 12.4
      vertex 111.94448260585096 29.838179008013384 12.4
    endloop
  endfacet
  facet normal 0 0 1
    outer loop
      vertex 112.49266149392204 23.98625547395804 12.4
      vertex 112.33847763108503 30.161522368914977 12.4
      vertex 112.14942253882548 29.990172821256884 12.4
    endloop
  endfacet
  facet normal 0 0 1
    outer loop
      vertex 112.49266149392204 23.98625547395804 12.4
      vertex 113.20595205269187 25.494381649793475 12.4
      vertex 112.33847763108503 30.161522368914977 12.4
    endloop
  endfacet
  facet normal 0 0 1
    outer loop
      vertex 113.20595205269187 25.494381649793475 12.4
      vertex 112.50982717874312 30.35057746117452 12.4
      vertex 112.33847763108503 30.161522368914977 12.4
    endloop
  endfacet
  facet normal 0 0 1
    outer loop
      vertex 113.20595205269187 25.494381649793475 12.4
      vertex 112.66182099198662 30.555517394149035 12.4
      vertex 112.50982717874312 30.35057746117452 12.4
    endloop
  endfacet
  facet normal 0 0 1
    outer loop
      vertex 113.20595205269187 25.494381649793475 12.4
      vertex 112.79299528730573 30.774368484252406 12.4
      vertex 112.66182099198662 30.555517394149035 12.4
    endloop
  endfacet
  facet normal 0 0 1
    outer loop
      vertex 113.20595205269187 25.494381649793475 12.4
      vertex 112.90208678452935 31.005023075850765 12.4
      vertex 112.79299528730573 30.774368484252406 12.4
    endloop
  endfacet
  facet normal 0 0 1
    outer loop
      vertex 113.20595205269187 25.494381649793475 12.4
      vertex 112.98804487290374 31.2452598391384 12.4
      vertex 112.90208678452935 31.005023075850765 12.4
    endloop
  endfacet
  facet normal 0 0 1
    outer loop
      vertex 113.20595205269187 25.494381649793475 12.4
      vertex 113.0500417290484 31.492765162758065 12.4
      vertex 112.98804487290374 31.2452598391384 12.4
    endloop
  endfacet
  facet normal 0 0 1
    outer loop
      vertex 113.20595205269187 25.494381649793475 12.4
      vertex 113.08748028934771 31.745155435143143 12.4
      vertex 113.0500417290484 31.492765162758065 12.4
    endloop
  endfacet
  facet normal 0 0 1
    outer loop
      vertex 113.20595205269187 25.494381649793475 12.4
      vertex 113.1 32 12.4
      vertex 113.08748028934771 31.745155435143143 12.4
    endloop
  endfacet
  facet normal 0 0 1
    outer loop
      vertex 113.20595205269187 25.494381649793475 12.4
      vertex 113.76798570744755 27.06516048667414 12.4
      vertex 113.20595205269187 38.505618350206525 12.4
    endloop
  endfacet
  facet normal 0 0 1
    outer loop
      vertex 113.76798570744755 27.06516048667414 12.4
      vertex 114.17334976685493 28.68346452572582 12.4
      vertex 113.76798570744755 36.93483951332586 12.4
    endloop
  endfacet
  facet normal 0 0 1
    outer loop
      vertex 114.17334976685493 28.68346452572582 12.4
      vertex 114.41814035342735 30.33370861439747 12.4
      vertex 114.17334976685493 35.31653547427418 12.4
    endloop
  endfacet
  facet normal 0 0 1
    outer loop
      vertex 113.20595205269187 25.494381649793475 12.4
      vertex 113.20595205269187 38.505618350206525 12.4
      vertex 113.1 32 12.4
    endloop
  endfacet
  facet normal 0 0 1
    outer loop
      vertex 114.41814035342735 30.33370861439747 12.4
      vertex 114.5 32 12.4
      vertex 114.41814035342735 33.66629138560253 12.4
    endloop
  endfacet
  facet normal -0.9987954562051724 0.04906767432741808 2.24608611040253e-19
    outer loop
      vertex 80.5 32 2.4
      vertex 80.58185964657265 33.66629138560253 12.4
      vertex 80.58185964657265 33.66629138560253 2.4
    endloop
  endfacet
  facet normal -0.9891765099647817 0.14673047445535628 -1.5307790461712844e-18
    outer loop
      vertex 80.58185964657265 33.66629138560253 2.4
      vertex 80.82665023314507 35.31653547427418 12.4
      vertex 80.82665023314507 35.31653547427418 2.4
    endloop
  endfacet
  facet normal -0.9700312531945429 0.24298017990326878 -2.236766518800873e-18
    outer loop
      vertex 80.82665023314507 35.31653547427418 2.4
      vertex 81.23201429255245 36.93483951332586 12.4
      vertex 81.23201429255245 36.93483951332586 2.4
    endloop
  endfacet
  facet normal -0.9415440651830196 0.3368898533922229 2.9141621668250012e-18
    outer loop
      vertex 81.23201429255245 36.93483951332586 2.4
      vertex 81.79404794730813 38.505618350206525 12.4
      vertex 81.79404794730813 38.505618350206525 2.4
    endloop
  endfacet
  facet normal -0.9039892931234462 0.4275550934302758 5.2365034391034514e-18
    outer loop
      vertex 81.79404794730813 38.505618350206525 2.4
      vertex 82.50733850607796 40.01374452604196 12.4
      vertex 82.50733850607796 40.01374452604196 2.4
    endloop
  endfacet
  facet normal -0.857728610000271 0.5141027441932234 -4.8834748973240664e-18
    outer loop
      vertex 82.50733850607796 40.01374452604196 2.4
      vertex 83.36501659085673 41.444693961333236 12.4
      vertex 83.36501659085673 41.444693961333236 2.4
    endloop
  endfacet
  facet normal -0.8032075314806456 0.5956993044924322 -4.8037631323411175e-18
    outer loop
      vertex 83.36501659085673 41.444693961333236 2.4
      vertex 84.35882229283347 42.784685830781974 12.4
      vertex 84.35882229283347 42.784685830781974 2.4
    endloop
  endfacet
  facet normal -0.7409511253549557 0.671558954847022 4.060727107142331e-18
    outer loop
      vertex 84.35882229283347 42.784685830781974 2.4
      vertex 85.4791847198287 44.020815280171306 12.4
      vertex 85.4791847198287 44.020815280171306 2.4
    endloop
  endfacet
  facet normal -0.6715589548470177 0.7409511253549598 0
    outer loop
      vertex 85.4791847198287 44.020815280171306 2.4
      vertex 85.4791847198287 44.020815280171306 12.4
      vertex 86.71531416921803 45.14117770716653 2.4
    endloop
  endfacet
  facet normal -0.5956993044924322 0.8032075314806456 0
    outer loop
      vertex 86.71531416921803 45.14117770716653 2.4
      vertex 86.71531416921803 45.14117770716653 12.4
      vertex 88.05530603866677 46.13498340914327 2.4
    endloop
  endfacet
  facet normal -0.9987954562051724 0.04906767432741808 0
    outer loop
      vertex 80.5 32 2.4
      vertex 80.5 32 12.4
      vertex 80.58185964657265 33.66629138560253 12.4
    endloop
  endfacet
  facet normal -0.9891765099647817 0.14673047445535628 0
    outer loop
      vertex 80.58185964657265 33.66629138560253 2.4
      vertex 80.58185964657265 33.66629138560253 12.4
      vertex 80.82665023314507 35.31653547427418 12.4
    endloop
  endfacet
  facet normal -0.9700312531945429 0.24298017990326878 0
    outer loop
      vertex 80.82665023314507 35.31653547427418 2.4
      vertex 80.82665023314507 35.31653547427418 12.4
      vertex 81.23201429255245 36.93483951332586 12.4
    endloop
  endfacet
  facet normal -0.9415440651830196 0.3368898533922229 0
    outer loop
      vertex 81.23201429255245 36.93483951332586 2.4
      vertex 81.23201429255245 36.93483951332586 12.4
      vertex 81.79404794730813 38.505618350206525 12.4
    endloop
  endfacet
  facet normal -0.9039892931234462 0.4275550934302758 0
    outer loop
      vertex 81.79404794730813 38.505618350206525 2.4
      vertex 81.79404794730813 38.505618350206525 12.4
      vertex 82.50733850607796 40.01374452604196 12.4
    endloop
  endfacet
  facet normal -0.857728610000271 0.5141027441932234 0
    outer loop
      vertex 82.50733850607796 40.01374452604196 2.4
      vertex 82.50733850607796 40.01374452604196 12.4
      vertex 83.36501659085673 41.444693961333236 12.4
    endloop
  endfacet
  facet normal 0 0 1
    outer loop
      vertex 80.82665023314507 28.68346452572582 12.4
      vertex 80.82665023314507 35.31653547427418 12.4
      vertex 80.58185964657265 33.66629138560253 12.4
    endloop
  endfacet
  facet normal 0 0 1
    outer loop
      vertex 81.23201429255245 27.06516048667414 12.4
      vertex 81.23201429255245 36.93483951332586 12.4
      vertex 80.82665023314507 35.31653547427418 12.4
    endloop
  endfacet
  facet normal 0 0 1
    outer loop
      vertex 81.79404794730813 25.494381649793475 12.4
      vertex 81.79404794730813 38.505618350206525 12.4
      vertex 81.23201429255245 36.93483951332586 12.4
    endloop
  endfacet
  facet normal 0 0 1
    outer loop
      vertex 81.79404794730813 38.505618350206525 12.4
      vertex 81.9 32 12.4
      vertex 81.91251971065229 32.25484456485686 12.4
    endloop
  endfacet
  facet normal 0 0 1
    outer loop
      vertex 81.79404794730813 38.505618350206525 12.4
      vertex 81.91251971065229 32.25484456485686 12.4
      vertex 81.9499582709516 32.50723483724193 12.4
    endloop
  endfacet
  facet normal 0 0 1
    outer loop
      vertex 81.79404794730813 38.505618350206525 12.4
      vertex 81.9499582709516 32.50723483724193 12.4
      vertex 82.01195512709626 32.7547401608616 12.4
    endloop
  endfacet
  facet normal 0 0 1
    outer loop
      vertex 81.79404794730813 38.505618350206525 12.4
      vertex 82.01195512709626 32.7547401608616 12.4
      vertex 82.09791321547065 32.994976924149235 12.4
    endloop
  endfacet
  facet normal 0 0 1
    outer loop
      vertex 81.79404794730813 38.505618350206525 12.4
      vertex 82.09791321547065 32.994976924149235 12.4
      vertex 82.20700471269427 33.225631515747594 12.4
    endloop
  endfacet
  facet normal 0 0 1
    outer loop
      vertex 81.79404794730813 38.505618350206525 12.4
      vertex 82.20700471269427 33.225631515747594 12.4
      vertex 82.33817900801338 33.444482605850965 12.4
    endloop
  endfacet
  facet normal 0 0 1
    outer loop
      vertex 81.79404794730813 38.505618350206525 12.4
      vertex 82.33817900801338 33.444482605850965 12.4
      vertex 82.49017282125688 33.649422538825476 12.4
    endloop
  endfacet
  facet normal 0 0 1
    outer loop
      vertex 81.79404794730813 38.505618350206525 12.4
      vertex 82.49017282125688 33.649422538825476 12.4
      vertex 82.66152236891497 33.83847763108503 12.4
    endloop
  endfacet
  facet normal 0 0 1
    outer loop
      vertex 82.50733850607796 40.01374452604196 12.4
      vertex 82.66152236891497 33.83847763108503 12.4
      vertex 82.85057746117452 34.009827178743116 12.4
    endloop
  endfacet
  facet normal 0 0 1
    outer loop
      vertex 82.50733850607796 40.01374452604196 12.4
      vertex 82.85057746117452 34.009827178743116 12.4
      vertex 83.05551739414904 34.161820991986616 12.4
    endloop
  endfacet
  facet normal 0 0 1
    outer loop
      vertex 82.50733850607796 40.01374452604196 12.4
      vertex 83.05551739414904 34.161820991986616 12.4
      vertex 83.2743684842524 34.29299528730572 12.4
    endloop
  endfacet
  facet normal 0 0 1
    outer loop
      vertex 82.50733850607796 40.01374452604196 12.4
      vertex 83.2743684842524 34.29299528730572 12.4
      vertex 83.50502307585077 34.402086784529345 12.4
    endloop
  endfacet
  facet normal 0 0 1
    outer loop
      vertex 86.86312923872391 39.030567163438505 12.4
      vertex 87.08748028934771 32.25484456485686 12.4
      vertex 87.1 32 12.4
    endloop
  endfacet
  facet normal 0 0 1
    outer loop
      vertex 87.80037700733294 25.357653573623278 12.4
      vertex 87.08198032882729 38.8993928681194 12.4
      vertex 86.86312923872391 39.030567163438505 12.4
    endloop
  endfacet
  facet normal 0 0 1
    outer loop
      vertex 87.80037700733294 25.357653573623278 12.4
      vertex 87.31263492042565 38.790301370895776 12.4
      vertex 87.08198032882729 38.8993928681194 12.4
    endloop
  endfacet
  facet normal 0 0 1
    outer loop
      vertex 87.80037700733294 25.357653573623278 12.4
      vertex 87.55287168371328 38.70434328252138 12.4
      vertex 87.31263492042565 38.790301370895776 12.4
    endloop
  endfacet
  facet normal 0 0 1
    outer loop
      vertex 87.80037700733294 25.357653573623278 12.4
      vertex 87.80037700733294 38.64234642637672 12.4
      vertex 87.55287168371328 38.70434328252138 12.4
    endloop
  endfacet
  facet normal 0 0 1
    outer loop
      vertex 88.05276727971803 25.395092133922592 12.4
      vertex 88.05276727971803 38.60490786607741 12.4
      vertex 87.80037700733294 38.64234642637672 12.4
    endloop
  endfacet
  facet normal 0 0 1
    outer loop
      vertex 88.30761184457488 25.40761184457488 12.4
      vertex 88.30761184457488 38.59238815542512 12.4
      vertex 88.05276727971803 38.60490786607741 12.4
    endloop
  endfacet
  facet normal 0 0 1
    outer loop
      vertex 86.6581893057494 39.182560976682005 12.4
      vertex 86.50982717874312 33.649422538825476 12.4
      vertex 86.66182099198662 33.444482605850965 12.4
    endloop
  endfacet
  facet normal 0 0 1
    outer loop
      vertex 85.94448260585096 34.161820991986616 12.4
      vertex 86.14942253882548 34.009827178743116 12.4
      vertex 86.6581893057494 39.182560976682005 12.4
    endloop
  endfacet
  facet normal 0 0 1
    outer loop
      vertex 86.6581893057494 39.182560976682005 12.4
      vertex 86.14942253882548 34.009827178743116 12.4
      vertex 86.33847763108503 33.83847763108503 12.4
    endloop
  endfacet
  facet normal 0 0 1
    outer loop
      vertex 86.6581893057494 39.182560976682005 12.4
      vertex 86.33847763108503 33.83847763108503 12.4
      vertex 86.50982717874312 33.649422538825476 12.4
    endloop
  endfacet
  facet normal 0 0 1
    outer loop
      vertex 86.86312923872391 39.030567163438505 12.4
      vertex 87.0500417290484 32.50723483724193 12.4
      vertex 87.08748028934771 32.25484456485686 12.4
    endloop
  endfacet
  facet normal 0 0 1
    outer loop
      vertex 86.86312923872391 39.030567163438505 12.4
      vertex 86.98804487290374 32.7547401608616 12.4
      vertex 87.0500417290484 32.50723483724193 12.4
    endloop
  endfacet
  facet normal 0 0 1
    outer loop
      vertex 86.86312923872391 39.030567163438505 12.4
      vertex 86.90208678452935 32.994976924149235 12.4
      vertex 86.98804487290374 32.7547401608616 12.4
    endloop
  endfacet
  facet normal 0 0 1
    outer loop
      vertex 86.86312923872391 39.030567163438505 12.4
      vertex 86.79299528730573 33.225631515747594 12.4
      vertex 86.90208678452935 32.994976924149235 12.4
    endloop
  endfacet
  facet normal 0 0 1
    outer loop
      vertex 86.79299528730573 33.225631515747594 12.4
      vertex 86.6581893057494 39.182560976682005 12.4
      vertex 86.66182099198662 33.444482605850965 12.4
    endloop
  endfacet
  facet normal 0 0 1
    outer loop
      vertex 81.79404794730813 38.505618350206525 12.4
      vertex 82.66152236891497 33.83847763108503 12.4
      vertex 82.50733850607796 40.01374452604196 12.4
    endloop
  endfacet
  facet normal 0 0 1
    outer loop
      vertex 83.36501659085673 41.444693961333236 12.4
      vertex 83.50502307585077 34.402086784529345 12.4
      vertex 83.7452598391384 34.48804487290374 12.4
    endloop
  endfacet
  facet normal 0 0 1
    outer loop
      vertex 83.36501659085673 41.444693961333236 12.4
      vertex 83.7452598391384 34.48804487290374 12.4
      vertex 83.99276516275806 34.5500417290484 12.4
    endloop
  endfacet
  facet normal 0 0 1
    outer loop
      vertex 83.36501659085673 41.444693961333236 12.4
      vertex 83.99276516275806 34.5500417290484 12.4
      vertex 84.24515543514315 34.58748028934771 12.4
    endloop
  endfacet
  facet normal 0 0 1
    outer loop
      vertex 83.36501659085673 41.444693961333236 12.4
      vertex 84.24515543514315 34.58748028934771 12.4
      vertex 84.5 34.6 12.4
    endloop
  endfacet
  facet normal 0 0 1
    outer loop
      vertex 84.35882229283347 42.784685830781974 12.4
      vertex 84.5 34.6 12.4
      vertex 84.75484456485685 34.58748028934771 12.4
    endloop
  endfacet
  facet normal 0 0 1
    outer loop
      vertex 84.35882229283347 42.784685830781974 12.4
      vertex 84.75484456485685 34.58748028934771 12.4
      vertex 85.00723483724194 34.5500417290484 12.4
    endloop
  endfacet
  facet normal 0 0 1
    outer loop
      vertex 82.50733850607796 40.01374452604196 12.4
      vertex 83.50502307585077 34.402086784529345 12.4
      vertex 83.36501659085673 41.444693961333236 12.4
    endloop
  endfacet
  facet normal 0 0 1
    outer loop
      vertex 83.36501659085673 41.444693961333236 12.4
      vertex 84.5 34.6 12.4
      vertex 84.35882229283347 42.784685830781974 12.4
    endloop
  endfacet
  facet normal 0 0 1
    outer loop
      vertex 84.35882229283347 42.784685830781974 12.4
      vertex 85.00723483724194 34.5500417290484 12.4
      vertex 85.2547401608616 34.48804487290374 12.4
    endloop
  endfacet
  facet normal 0 0 1
    outer loop
      vertex 84.35882229283347 42.784685830781974 12.4
      vertex 85.2547401608616 34.48804487290374 12.4
      vertex 85.49497692414923 34.402086784529345 12.4
    endloop
  endfacet
  facet normal 0 0 1
    outer loop
      vertex 85.4791847198287 44.020815280171306 12.4
      vertex 85.49497692414923 34.402086784529345 12.4
      vertex 85.7256315157476 34.29299528730572 12.4
    endloop
  endfacet
  facet normal 0 0 1
    outer loop
      vertex 85.4791847198287 44.020815280171306 12.4
      vertex 85.7256315157476 34.29299528730572 12.4
      vertex 85.94448260585096 34.161820991986616 12.4
    endloop
  endfacet
  facet normal 0 0 1
    outer loop
      vertex 85.94448260585096 34.161820991986616 12.4
      vertex 86.6581893057494 39.182560976682005 12.4
      vertex 86.46913421348985 39.353910524340094 12.4
    endloop
  endfacet
  facet normal 0 0 1
    outer loop
      vertex 85.94448260585096 34.161820991986616 12.4
      vertex 86.29778466583176 39.542965616599645 12.4
      vertex 86.14579085258826 39.747905549574156 12.4
    endloop
  endfacet
  facet normal 0 0 1
    outer loop
      vertex 85.94448260585096 34.161820991986616 12.4
      vertex 86.14579085258826 39.747905549574156 12.4
      vertex 86.01461655726915 39.96675663967753 12.4
    endloop
  endfacet
  facet normal 0 0 1
    outer loop
      vertex 85.94448260585096 34.161820991986616 12.4
      vertex 86.46913421348985 39.353910524340094 12.4
      vertex 86.29778466583176 39.542965616599645 12.4
    endloop
  endfacet
  facet normal 0 0 1
    outer loop
      vertex 85.94448260585096 34.161820991986616 12.4
      vertex 86.01461655726915 39.96675663967753 12.4
      vertex 85.90552506004553 40.197411231275886 12.4
    endloop
  endfacet
  facet normal 0 0 1
    outer loop
      vertex 85.94448260585096 34.161820991986616 12.4
      vertex 85.90552506004553 40.197411231275886 12.4
      vertex 85.81956697167114 40.43764799456352 12.4
    endloop
  endfacet
  facet normal 0 0 1
    outer loop
      vertex 85.94448260585096 34.161820991986616 12.4
      vertex 85.81956697167114 40.43764799456352 12.4
      vertex 85.75757011552648 40.68515331818319 12.4
    endloop
  endfacet
  facet normal 0 0 1
    outer loop
      vertex 86.79299528730573 33.225631515747594 12.4
      vertex 86.86312923872391 39.030567163438505 12.4
      vertex 86.6581893057494 39.182560976682005 12.4
    endloop
  endfacet
  facet normal 0 0 1
    outer loop
      vertex 85.94448260585096 34.161820991986616 12.4
      vertex 85.75757011552648 40.68515331818319 12.4
      vertex 85.72013155522717 40.93754359056826 12.4
    endloop
  endfacet
  facet normal 0 0 1
    outer loop
      vertex 85.94448260585096 34.161820991986616 12.4
      vertex 85.72013155522717 40.93754359056826 12.4
      vertex 85.70761184457488 41.19238815542512 12.4
    endloop
  endfacet
  facet normal 0 0 1
    outer loop
      vertex 85.4791847198287 44.020815280171306 12.4
      vertex 85.94448260585096 34.161820991986616 12.4
      vertex 85.70761184457488 41.19238815542512 12.4
    endloop
  endfacet
  facet normal 0 0 1
    outer loop
      vertex 84.35882229283347 42.784685830781974 12.4
      vertex 85.49497692414923 34.402086784529345 12.4
      vertex 85.4791847198287 44.020815280171306 12.4
    endloop
  endfacet
  facet normal -0.8032075314806456 0.5956993044924322 0
    outer loop
      vertex 83.36501659085673 41.444693961333236 2.4
      vertex 83.36501659085673 41.444693961333236 12.4
      vertex 84.35882229283347 42.784685830781974 12.4
    endloop
  endfacet
  facet normal -0.7409511253549557 0.671558954847022 0
    outer loop
      vertex 84.35882229283347 42.784685830781974 2.4
      vertex 84.35882229283347 42.784685830781974 12.4
      vertex 85.4791847198287 44.020815280171306 12.4
    endloop
  endfacet
  facet normal -0.6715589548470177 0.7409511253549598 0
    outer loop
      vertex 86.71531416921803 45.14117770716653 2.4
      vertex 85.4791847198287 44.020815280171306 12.4
      vertex 86.71531416921803 45.14117770716653 12.4
    endloop
  endfacet
  facet normal -0.5956993044924322 0.8032075314806456 0
    outer loop
      vertex 88.05530603866677 46.13498340914327 2.4
      vertex 86.71531416921803 45.14117770716653 12.4
      vertex 88.05530603866677 46.13498340914327 12.4
    endloop
  endfacet
  facet normal 0 0 1
    outer loop
      vertex 85.4791847198287 44.020815280171306 12.4
      vertex 85.70761184457488 41.19238815542512 12.4
      vertex 85.72013155522717 41.44723272028198 12.4
    endloop
  endfacet
  facet normal 0 0 1
    outer loop
      vertex 85.4791847198287 44.020815280171306 12.4
      vertex 85.72013155522717 41.44723272028198 12.4
      vertex 85.75757011552648 41.69962299266705 12.4
    endloop
  endfacet
  facet normal 0 0 1
    outer loop
      vertex 85.4791847198287 44.020815280171306 12.4
      vertex 85.75757011552648 41.69962299266705 12.4
      vertex 85.81956697167114 41.94712831628672 12.4
    endloop
  endfacet
  facet normal 0 0 1
    outer loop
      vertex 85.4791847198287 44.020815280171306 12.4
      vertex 85.81956697167114 41.94712831628672 12.4
      vertex 85.90552506004553 42.187365079574356 12.4
    endloop
  endfacet
  facet normal 0 0 1
    outer loop
      vertex 85.4791847198287 44.020815280171306 12.4
      vertex 85.90552506004553 42.187365079574356 12.4
      vertex 86.01461655726915 42.418019671172715 12.4
    endloop
  endfacet
  facet normal 0 0 1
    outer loop
      vertex 85.4791847198287 44.020815280171306 12.4
      vertex 86.01461655726915 42.418019671172715 12.4
      vertex 86.14579085258826 42.636870761276086 12.4
    endloop
  endfacet
  facet normal 0 0 1
    outer loop
      vertex 85.4791847198287 44.020815280171306 12.4
      vertex 86.14579085258826 42.636870761276086 12.4
      vertex 86.29778466583176 42.8418106942506 12.4
    endloop
  endfacet
  facet normal 0 0 1
    outer loop
      vertex 85.4791847198287 44.020815280171306 12.4
      vertex 86.29778466583176 42.8418106942506 12.4
      vertex 86.46913421348985 43.03086578651015 12.4
    endloop
  endfacet
  facet normal 0 0 1
    outer loop
      vertex 85.4791847198287 44.020815280171306 12.4
      vertex 86.46913421348985 43.03086578651015 12.4
      vertex 86.6581893057494 43.20221533416824 12.4
    endloop
  endfacet
  facet normal 0 0 1
    outer loop
      vertex 85.4791847198287 44.020815280171306 12.4
      vertex 86.6581893057494 43.20221533416824 12.4
      vertex 86.86312923872391 43.35420914741174 12.4
    endloop
  endfacet
  facet normal 0 0 1
    outer loop
      vertex 85.4791847198287 44.020815280171306 12.4
      vertex 86.86312923872391 43.35420914741174 12.4
      vertex 86.71531416921803 45.14117770716653 12.4
    endloop
  endfacet
  facet normal 0 0 1
    outer loop
      vertex 86.71531416921803 45.14117770716653 12.4
      vertex 86.86312923872391 43.35420914741174 12.4
      vertex 87.08198032882729 43.48538344273084 12.4
    endloop
  endfacet
  facet normal 0 0 1
    outer loop
      vertex 86.71531416921803 45.14117770716653 12.4
      vertex 87.08198032882729 43.48538344273084 12.4
      vertex 87.31263492042565 43.594474939954466 12.4
    endloop
  endfacet
  facet normal 0 0 1
    outer loop
      vertex 86.71531416921803 45.14117770716653 12.4
      vertex 87.31263492042565 43.594474939954466 12.4
      vertex 87.55287168371328 43.68043302832886 12.4
    endloop
  endfacet
  facet normal 0 0 1
    outer loop
      vertex 86.71531416921803 45.14117770716653 12.4
      vertex 87.55287168371328 43.68043302832886 12.4
      vertex 87.80037700733294 43.74242988447352 12.4
    endloop
  endfacet
  facet normal 0 0 1
    outer loop
      vertex 86.71531416921803 45.14117770716653 12.4
      vertex 87.80037700733294 43.74242988447352 12.4
      vertex 88.05276727971803 43.77986844477283 12.4
    endloop
  endfacet
  facet normal 0 0 1
    outer loop
      vertex 88.05530603866677 46.13498340914327 12.4
      vertex 88.05276727971803 43.77986844477283 12.4
      vertex 88.30761184457488 43.79238815542512 12.4
    endloop
  endfacet
  facet normal 0 0 1
    outer loop
      vertex 88.05530603866677 46.13498340914327 12.4
      vertex 88.56245640943173 43.77986844477283 12.4
      vertex 88.81484668181682 43.74242988447352 12.4
    endloop
  endfacet
  facet normal 0 0 1
    outer loop
      vertex 88.05530603866677 46.13498340914327 12.4
      vertex 88.30761184457488 43.79238815542512 12.4
      vertex 88.56245640943173 43.77986844477283 12.4
    endloop
  endfacet
  facet normal 0 0 1
    outer loop
      vertex 86.71531416921803 45.14117770716653 12.4
      vertex 88.05276727971803 43.77986844477283 12.4
      vertex 88.05530603866677 46.13498340914327 12.4
    endloop
  endfacet
  facet normal -0.5141027441932253 0.8577286100002699 0
    outer loop
      vertex 88.05530603866677 46.13498340914327 2.4
      vertex 88.05530603866677 46.13498340914327 12.4
      vertex 89.48625547395804 46.992661493922036 2.4
    endloop
  endfacet
  facet normal -0.427555093430281 0.9039892931234439 0
    outer loop
      vertex 89.48625547395804 46.992661493922036 2.4
      vertex 89.48625547395804 46.992661493922036 12.4
      vertex 90.99438164979347 47.70595205269187 2.4
    endloop
  endfacet
  facet normal -0.3368898533922203 0.9415440651830207 0
    outer loop
      vertex 90.99438164979347 47.70595205269187 2.4
      vertex 90.99438164979347 47.70595205269187 12.4
      vertex 92.56516048667415 48.26798570744755 2.4
    endloop
  endfacet
  facet normal -0.24298017990326473 0.9700312531945436 0
    outer loop
      vertex 92.56516048667415 48.26798570744755 2.4
      vertex 92.56516048667415 48.26798570744755 12.4
      vertex 94.18346452572582 48.67334976685492 2.4
    endloop
  endfacet
  facet normal 0.24298017990326473 0.9700312531945436 0
    outer loop
      vertex 100.81653547427418 48.67334976685492 2.4
      vertex 100.81653547427418 48.67334976685492 12.4
      vertex 102.43483951332585 48.26798570744755 2.4
    endloop
  endfacet
  facet normal 0.3368898533922203 0.9415440651830207 0
    outer loop
      vertex 102.43483951332585 48.26798570744755 2.4
      vertex 102.43483951332585 48.26798570744755 12.4
      vertex 104.00561835020653 47.70595205269187 2.4
    endloop
  endfacet
  facet normal 0.9700312531945429 0.24298017990326878 0
    outer loop
      vertex 114.17334976685493 35.31653547427418 2.4
      vertex 113.76798570744755 36.93483951332586 2.4
      vertex 114.17334976685493 35.31653547427418 12.4
    endloop
  endfacet
  facet normal 0.9987954562051724 0.04906767432741808 0
    outer loop
      vertex 114.5 32 2.4
      vertex 114.41814035342735 33.66629138560253 2.4
      vertex 114.5 32 12.4
    endloop
  endfacet
  facet normal 0.9891765099647817 0.14673047445535628 1.5307790461712844e-18
    outer loop
      vertex 114.17334976685493 35.31653547427418 2.4
      vertex 114.41814035342735 33.66629138560253 12.4
      vertex 114.41814035342735 33.66629138560253 2.4
    endloop
  endfacet
  facet normal 0.9415440651830196 0.3368898533922229 0
    outer loop
      vertex 113.76798570744755 36.93483951332586 2.4
      vertex 113.20595205269187 38.505618350206525 2.4
      vertex 113.76798570744755 36.93483951332586 12.4
    endloop
  endfacet
  facet normal 0.857728610000271 0.5141027441932234 0
    outer loop
      vertex 112.49266149392204 40.01374452604196 2.4
      vertex 111.63498340914327 41.444693961333236 2.4
      vertex 112.49266149392204 40.01374452604196 12.4
    endloop
  endfacet
  facet normal 0.9039892931234462 0.4275550934302758 0
    outer loop
      vertex 113.20595205269187 38.505618350206525 2.4
      vertex 112.49266149392204 40.01374452604196 2.4
      vertex 113.20595205269187 38.505618350206525 12.4
    endloop
  endfacet
  facet normal 0.7409511253549557 0.671558954847022 -4.060727107142331e-18
    outer loop
      vertex 109.5208152801713 44.020815280171306 2.4
      vertex 110.64117770716653 42.784685830781974 12.4
      vertex 110.64117770716653 42.784685830781974 2.4
    endloop
  endfacet
  facet normal 0.5141027441932253 0.8577286100002699 0
    outer loop
      vertex 105.51374452604196 46.992661493922036 2.4
      vertex 105.51374452604196 46.992661493922036 12.4
      vertex 106.94469396133323 46.13498340914327 2.4
    endloop
  endfacet
  facet normal 0.427555093430281 0.9039892931234439 0
    outer loop
      vertex 104.00561835020653 47.70595205269187 2.4
      vertex 104.00561835020653 47.70595205269187 12.4
      vertex 105.51374452604196 46.992661493922036 2.4
    endloop
  endfacet
  facet normal 0.6715589548470177 0.7409511253549598 5.316499189850687e-18
    outer loop
      vertex 109.5208152801713 44.020815280171306 2.4
      vertex 108.28468583078197 45.14117770716653 2.4
      vertex 108.28468583078197 45.14117770716653 12.4
    endloop
  endfacet
  facet normal 0.5956993044924322 0.8032075314806456 4.8037631323411175e-18
    outer loop
      vertex 108.28468583078197 45.14117770716653 2.4
      vertex 106.94469396133323 46.13498340914327 2.4
      vertex 106.94469396133323 46.13498340914327 12.4
    endloop
  endfacet
  facet normal 0.8032075314806456 0.5956993044924322 0
    outer loop
      vertex 111.63498340914327 41.444693961333236 2.4
      vertex 110.64117770716653 42.784685830781974 2.4
      vertex 111.63498340914327 41.444693961333236 12.4
    endloop
  endfacet
  facet normal 0 0 1
    outer loop
      vertex 89.3025887687241 25.209698629104224 12.4
      vertex 88.56245640943173 38.60490786607741 12.4
      vertex 88.30761184457488 38.59238815542512 12.4
    endloop
  endfacet
  facet normal 0 0 1
    outer loop
      vertex 89.3025887687241 25.209698629104224 12.4
      vertex 88.81484668181682 38.64234642637672 12.4
      vertex 88.56245640943173 38.60490786607741 12.4
    endloop
  endfacet
  facet normal 0 0 1
    outer loop
      vertex 89.3025887687241 25.209698629104224 12.4
      vertex 89.06235200543648 38.70434328252138 12.4
      vertex 88.81484668181682 38.64234642637672 12.4
    endloop
  endfacet
  facet normal 0 0 1
    outer loop
      vertex 89.53324336032247 25.1006071318806 12.4
      vertex 89.3025887687241 38.790301370895776 12.4
      vertex 89.06235200543648 38.70434328252138 12.4
    endloop
  endfacet
  facet normal 0 0 1
    outer loop
      vertex 90.70969862910422 23.802588768724114 12.4
      vertex 89.95703438340036 39.182560976682005 12.4
      vertex 89.75209445042584 39.030567163438505 12.4
    endloop
  endfacet
  facet normal 0 0 1
    outer loop
      vertex 89.53324336032247 25.1006071318806 12.4
      vertex 89.53324336032247 38.8993928681194 12.4
      vertex 89.3025887687241 38.790301370895776 12.4
    endloop
  endfacet
  facet normal 0 0 1
    outer loop
      vertex 89.75209445042584 24.969432836561495 12.4
      vertex 89.75209445042584 39.030567163438505 12.4
      vertex 89.53324336032247 38.8993928681194 12.4
    endloop
  endfacet
  facet normal 0 0 1
    outer loop
      vertex 90.70969862910422 23.802588768724114 12.4
      vertex 90.1460894756599 39.353910524340094 12.4
      vertex 89.95703438340036 39.182560976682005 12.4
    endloop
  endfacet
  facet normal 0 0 1
    outer loop
      vertex 90.70969862910422 23.802588768724114 12.4
      vertex 90.317439023318 39.542965616599645 12.4
      vertex 90.1460894756599 39.353910524340094 12.4
    endloop
  endfacet
  facet normal 0 0 1
    outer loop
      vertex 90.70969862910422 23.802588768724114 12.4
      vertex 90.4694328365615 39.747905549574156 12.4
      vertex 90.317439023318 39.542965616599645 12.4
    endloop
  endfacet
  facet normal 0 0 1
    outer loop
      vertex 90.70969862910422 23.802588768724114 12.4
      vertex 90.60060713188061 39.96675663967753 12.4
      vertex 90.4694328365615 39.747905549574156 12.4
    endloop
  endfacet
  facet normal 0 0 1
    outer loop
      vertex 90.70969862910422 23.802588768724114 12.4
      vertex 90.70969862910422 40.197411231275886 12.4
      vertex 90.60060713188061 39.96675663967753 12.4
    endloop
  endfacet
  facet normal 0 0 1
    outer loop
      vertex 90.79565671747862 23.56235200543648 12.4
      vertex 90.79565671747862 40.43764799456352 12.4
      vertex 90.70969862910422 40.197411231275886 12.4
    endloop
  endfacet
  facet normal 0 0 1
    outer loop
      vertex 90.85765357362328 23.314846681816814 12.4
      vertex 90.85765357362328 40.68515331818319 12.4
      vertex 90.79565671747862 40.43764799456352 12.4
    endloop
  endfacet
  facet normal 0 0 1
    outer loop
      vertex 90.89509213392259 23.062456409431736 12.4
      vertex 90.89509213392259 40.93754359056826 12.4
      vertex 90.85765357362328 40.68515331818319 12.4
    endloop
  endfacet
  facet normal 0 0 1
    outer loop
      vertex 90.89509213392259 23.062456409431736 12.4
      vertex 90.90761184457487 41.19238815542512 12.4
      vertex 90.89509213392259 40.93754359056826 12.4
    endloop
  endfacet
  facet normal 0 0 1
    outer loop
      vertex 90.99438164979347 47.70595205269187 12.4
      vertex 90.90761184457487 41.19238815542512 12.4
      vertex 90.89509213392259 23.062456409431736 12.4
    endloop
  endfacet
  facet normal 0 0 1
    outer loop
      vertex 92.56516048667415 15.73201429255245 12.4
      vertex 92.56516048667415 48.26798570744755 12.4
      vertex 90.99438164979347 47.70595205269187 12.4
    endloop
  endfacet
  facet normal 0 0 1
    outer loop
      vertex 94.18346452572582 15.326650233145081 12.4
      vertex 94.18346452572582 48.67334976685492 12.4
      vertex 92.56516048667415 48.26798570744755 12.4
    endloop
  endfacet
  facet normal 0 0 1
    outer loop
      vertex 95.20190296114372 34.29809703885628 12.4
      vertex 95.49017282125688 43.350577461174524 12.4
      vertex 94.9877160265711 34.06177817353185 12.4
    endloop
  endfacet
  facet normal 0 0 1
    outer loop
      vertex 95.49017282125688 43.350577461174524 12.4
      vertex 95.20190296114372 34.29809703885628 12.4
      vertex 95.43822182646815 34.51228397342889 12.4
    endloop
  endfacet
  facet normal 0 0 1
    outer loop
      vertex 95.66152236891497 43.16152236891497 12.4
      vertex 95.43822182646815 34.51228397342889 12.4
      vertex 95.6943967426863 34.70227623998327 12.4
    endloop
  endfacet
  facet normal 0 0 1
    outer loop
      vertex 95.66152236891497 43.16152236891497 12.4
      vertex 95.6943967426863 34.70227623998327 12.4
      vertex 95.96796060531551 34.866244109132154 12.4
    endloop
  endfacet
  facet normal 0 0 1
    outer loop
      vertex 94.18346452572582 48.67334976685492 12.4
      vertex 94.25 32 12.4
      vertex 94.26564963831537 32.31855570607107 12.4
    endloop
  endfacet
  facet normal 0 0 1
    outer loop
      vertex 94.18346452572582 48.67334976685492 12.4
      vertex 94.26564963831537 32.31855570607107 12.4
      vertex 94.31244783868951 32.63404354655242 12.4
    endloop
  endfacet
  facet normal 0 0 1
    outer loop
      vertex 94.18346452572582 48.67334976685492 12.4
      vertex 94.31244783868951 32.63404354655242 12.4
      vertex 94.38994390887032 32.943425201077005 12.4
    endloop
  endfacet
  facet normal 0 0 1
    outer loop
      vertex 94.18346452572582 48.67334976685492 12.4
      vertex 94.38994390887032 32.943425201077005 12.4
      vertex 94.49739151933832 33.24372115518654 12.4
    endloop
  endfacet
  facet normal 0 0 1
    outer loop
      vertex 94.18346452572582 48.67334976685492 12.4
      vertex 94.49739151933832 33.24372115518654 12.4
      vertex 94.63375589086785 33.53203939468449 12.4
    endloop
  endfacet
  facet normal 0 0 1
    outer loop
      vertex 94.18346452572582 48.67334976685492 12.4
      vertex 94.63375589086785 33.53203939468449 12.4
      vertex 94.79772376001672 33.805603257313706 12.4
    endloop
  endfacet
  facet normal 0 0 1
    outer loop
      vertex 94.18346452572582 48.67334976685492 12.4
      vertex 94.79772376001672 33.805603257313706 12.4
      vertex 94.9877160265711 34.06177817353185 12.4
    endloop
  endfacet
  facet normal 0 0 1
    outer loop
      vertex 95.33817900801338 43.555517394149035 12.4
      vertex 94.9877160265711 34.06177817353185 12.4
      vertex 95.49017282125688 43.350577461174524 12.4
    endloop
  endfacet
  facet normal 0 0 1
    outer loop
      vertex 94.9877160265711 34.06177817353185 12.4
      vertex 95.33817900801338 43.555517394149035 12.4
      vertex 95.20700471269427 43.774368484252406 12.4
    endloop
  endfacet
  facet normal 0 0 1
    outer loop
      vertex 94.9877160265711 34.06177817353185 12.4
      vertex 95.20700471269427 43.774368484252406 12.4
      vertex 95.09791321547065 44.005023075850765 12.4
    endloop
  endfacet
  facet normal 0 0 1
    outer loop
      vertex 95.49017282125688 43.350577461174524 12.4
      vertex 95.43822182646815 34.51228397342889 12.4
      vertex 95.66152236891497 43.16152236891497 12.4
    endloop
  endfacet
  facet normal 0 0 1
    outer loop
      vertex 95.85057746117452 42.990172821256884 12.4
      vertex 95.66152236891497 43.16152236891497 12.4
      vertex 95.96796060531551 34.866244109132154 12.4
    endloop
  endfacet
  facet normal 0 0 1
    outer loop
      vertex 95.85057746117452 42.990172821256884 12.4
      vertex 95.96796060531551 34.866244109132154 12.4
      vertex 96.25627884481347 35.002608480661685 12.4
    endloop
  endfacet
  facet normal 0 0 1
    outer loop
      vertex 96.25627884481347 35.002608480661685 12.4
      vertex 96.556574798923 35.11005609112968 12.4
      vertex 95.85057746117452 42.990172821256884 12.4
    endloop
  endfacet
  facet normal 0 0 1
    outer loop
      vertex 96.556574798923 35.11005609112968 12.4
      vertex 96.86595645344758 35.1875521613105 12.4
      vertex 96.50502307585077 42.597913215470655 12.4
    endloop
  endfacet
  facet normal 0 0 1
    outer loop
      vertex 96.86595645344758 35.1875521613105 12.4
      vertex 97.18144429392893 35.23435036168464 12.4
      vertex 96.7452598391384 42.51195512709626 12.4
    endloop
  endfacet
  facet normal 0 0 1
    outer loop
      vertex 97.24515543514315 42.41251971065229 12.4
      vertex 97.18144429392893 35.23435036168464 12.4
      vertex 97.5 35.25 12.4
    endloop
  endfacet
  facet normal 0 0 1
    outer loop
      vertex 97.5 42.4 12.4
      vertex 97.5 35.25 12.4
      vertex 97.81855570607107 35.23435036168464 12.4
    endloop
  endfacet
  facet normal 0 0 1
    outer loop
      vertex 97.75484456485685 42.41251971065229 12.4
      vertex 98.13404354655242 35.1875521613105 12.4
      vertex 98.443425201077 35.11005609112968 12.4
    endloop
  endfacet
  facet normal 0 0 1
    outer loop
      vertex 98.2547401608616 42.51195512709626 12.4
      vertex 98.443425201077 35.11005609112968 12.4
      vertex 98.74372115518653 35.002608480661685 12.4
    endloop
  endfacet
  facet normal 0 0 1
    outer loop
      vertex 98.49497692414923 42.597913215470655 12.4
      vertex 98.74372115518653 35.002608480661685 12.4
      vertex 99.03203939468449 34.866244109132154 12.4
    endloop
  endfacet
  facet normal 0 0 1
    outer loop
      vertex 98.7256315157476 42.70700471269428 12.4
      vertex 99.03203939468449 34.866244109132154 12.4
      vertex 99.3056032573137 34.70227623998327 12.4
    endloop
  endfacet
  facet normal 0 0 1
    outer loop
      vertex 99.14942253882548 42.990172821256884 12.4
      vertex 99.3056032573137 34.70227623998327 12.4
      vertex 99.56177817353185 34.51228397342889 12.4
    endloop
  endfacet
  facet normal 0 0 1
    outer loop
      vertex 97.75484456485685 42.41251971065229 12.4
      vertex 97.81855570607107 35.23435036168464 12.4
      vertex 98.13404354655242 35.1875521613105 12.4
    endloop
  endfacet
  facet normal 0 0 1
    outer loop
      vertex 96.7452598391384 42.51195512709626 12.4
      vertex 96.50502307585077 42.597913215470655 12.4
      vertex 96.86595645344758 35.1875521613105 12.4
    endloop
  endfacet
  facet normal 0 0 1
    outer loop
      vertex 96.556574798923 35.11005609112968 12.4
      vertex 96.2743684842524 42.70700471269428 12.4
      vertex 96.05551739414904 42.838179008013384 12.4
    endloop
  endfacet
  facet normal 0 0 1
    outer loop
      vertex 96.556574798923 35.11005609112968 12.4
      vertex 96.05551739414904 42.838179008013384 12.4
      vertex 95.85057746117452 42.990172821256884 12.4
    endloop
  endfacet
  facet normal 0 0 1
    outer loop
      vertex 96.556574798923 35.11005609112968 12.4
      vertex 96.50502307585077 42.597913215470655 12.4
      vertex 96.2743684842524 42.70700471269428 12.4
    endloop
  endfacet
  facet normal 0 0 1
    outer loop
      vertex 96.99276516275806 42.4499582709516 12.4
      vertex 96.7452598391384 42.51195512709626 12.4
      vertex 97.18144429392893 35.23435036168464 12.4
    endloop
  endfacet
  facet normal 0 0 1
    outer loop
      vertex 97.24515543514315 42.41251971065229 12.4
      vertex 96.99276516275806 42.4499582709516 12.4
      vertex 97.18144429392893 35.23435036168464 12.4
    endloop
  endfacet
  facet normal 0 0 1
    outer loop
      vertex 97.5 35.25 12.4
      vertex 97.5 42.4 12.4
      vertex 97.24515543514315 42.41251971065229 12.4
    endloop
  endfacet
  facet normal 0 0 1
    outer loop
      vertex 97.75484456485685 42.41251971065229 12.4
      vertex 97.5 42.4 12.4
      vertex 97.81855570607107 35.23435036168464 12.4
    endloop
  endfacet
  facet normal 0 0 1
    outer loop
      vertex 98.443425201077 35.11005609112968 12.4
      vertex 98.00723483724194 42.4499582709516 12.4
      vertex 97.75484456485685 42.41251971065229 12.4
    endloop
  endfacet
  facet normal 0 0 1
    outer loop
      vertex 98.443425201077 35.11005609112968 12.4
      vertex 98.2547401608616 42.51195512709626 12.4
      vertex 98.00723483724194 42.4499582709516 12.4
    endloop
  endfacet
  facet normal 0 0 1
    outer loop
      vertex 98.49497692414923 42.597913215470655 12.4
      vertex 98.2547401608616 42.51195512709626 12.4
      vertex 98.74372115518653 35.002608480661685 12.4
    endloop
  endfacet
  facet normal 0 0 1
    outer loop
      vertex 98.7256315157476 42.70700471269428 12.4
      vertex 98.49497692414923 42.597913215470655 12.4
      vertex 99.03203939468449 34.866244109132154 12.4
    endloop
  endfacet
  facet normal 0 0 1
    outer loop
      vertex 98.94448260585096 42.838179008013384 12.4
      vertex 98.7256315157476 42.70700471269428 12.4
      vertex 99.3056032573137 34.70227623998327 12.4
    endloop
  endfacet
  facet normal 0 0 1
    outer loop
      vertex 99.3056032573137 34.70227623998327 12.4
      vertex 99.14942253882548 42.990172821256884 12.4
      vertex 98.94448260585096 42.838179008013384 12.4
    endloop
  endfacet
  facet normal 0 0 1
    outer loop
      vertex 99.33847763108503 43.16152236891497 12.4
      vertex 99.14942253882548 42.990172821256884 12.4
      vertex 99.56177817353185 34.51228397342889 12.4
    endloop
  endfacet
  facet normal 0 0 1
    outer loop
      vertex 100.61005609112968 32.943425201077005 12.4
      vertex 99.98804487290374 44.2452598391384 12.4
      vertex 100.50260848066168 33.24372115518654 12.4
    endloop
  endfacet
  facet normal 0 0 1
    outer loop
      vertex 100.68755216131049 32.63404354655242 12.4
      vertex 100.0500417290484 44.49276516275807 12.4
      vertex 100.61005609112968 32.943425201077005 12.4
    endloop
  endfacet
  facet normal 0 0 1
    outer loop
      vertex 100.36624410913215 33.53203939468449 12.4
      vertex 99.79299528730573 43.774368484252406 12.4
      vertex 100.20227623998328 33.805603257313706 12.4
    endloop
  endfacet
  facet normal 0 0 1
    outer loop
      vertex 100.50260848066168 33.24372115518654 12.4
      vertex 99.90208678452935 44.005023075850765 12.4
      vertex 100.36624410913215 33.53203939468449 12.4
    endloop
  endfacet
  facet normal 0 0 1
    outer loop
      vertex 100.0122839734289 34.06177817353185 12.4
      vertex 99.33847763108503 43.16152236891497 12.4
      vertex 99.79809703885628 34.29809703885628 12.4
    endloop
  endfacet
  facet normal 0 0 1
    outer loop
      vertex 99.33847763108503 43.16152236891497 12.4
      vertex 99.56177817353185 34.51228397342889 12.4
      vertex 99.79809703885628 34.29809703885628 12.4
    endloop
  endfacet
  facet normal 0 0 1
    outer loop
      vertex 100.20227623998328 33.805603257313706 12.4
      vertex 99.66182099198662 43.555517394149035 12.4
      vertex 100.0122839734289 34.06177817353185 12.4
    endloop
  endfacet
  facet normal 0 0 1
    outer loop
      vertex 100.81653547427418 48.67334976685492 12.4
      vertex 100.73435036168463 32.31855570607107 12.4
      vertex 100.75 32 12.4
    endloop
  endfacet
  facet normal 0 0 1
    outer loop
      vertex 100.81653547427418 48.67334976685492 12.4
      vertex 100.68755216131049 32.63404354655242 12.4
      vertex 100.73435036168463 32.31855570607107 12.4
    endloop
  endfacet
  facet normal 0 0 1
    outer loop
      vertex 102.43483951332585 15.73201429255245 12.4
      vertex 102.43483951332585 48.26798570744755 12.4
      vertex 100.81653547427418 48.67334976685492 12.4
    endloop
  endfacet
  facet normal 0 0 1
    outer loop
      vertex 100.0122839734289 34.06177817353185 12.4
      vertex 99.50982717874312 43.350577461174524 12.4
      vertex 99.33847763108503 43.16152236891497 12.4
    endloop
  endfacet
  facet normal 0 0 1
    outer loop
      vertex 99.50982717874312 43.350577461174524 12.4
      vertex 100.0122839734289 34.06177817353185 12.4
      vertex 99.66182099198662 43.555517394149035 12.4
    endloop
  endfacet
  facet normal 0 0 1
    outer loop
      vertex 99.66182099198662 43.555517394149035 12.4
      vertex 100.20227623998328 33.805603257313706 12.4
      vertex 99.79299528730573 43.774368484252406 12.4
    endloop
  endfacet
  facet normal 0 0 1
    outer loop
      vertex 99.79299528730573 43.774368484252406 12.4
      vertex 100.36624410913215 33.53203939468449 12.4
      vertex 99.90208678452935 44.005023075850765 12.4
    endloop
  endfacet
  facet normal 0 0 1
    outer loop
      vertex 99.90208678452935 44.005023075850765 12.4
      vertex 100.50260848066168 33.24372115518654 12.4
      vertex 99.98804487290374 44.2452598391384 12.4
    endloop
  endfacet
  facet normal 0 0 1
    outer loop
      vertex 99.98804487290374 44.2452598391384 12.4
      vertex 100.61005609112968 32.943425201077005 12.4
      vertex 100.0500417290484 44.49276516275807 12.4
    endloop
  endfacet
  facet normal 0 0 1
    outer loop
      vertex 100.0500417290484 44.49276516275807 12.4
      vertex 100.68755216131049 32.63404354655242 12.4
      vertex 100.08748028934771 44.74515543514314 12.4
    endloop
  endfacet
  facet normal -0.5141027441932253 0.8577286100002699 0
    outer loop
      vertex 89.48625547395804 46.992661493922036 2.4
      vertex 88.05530603866677 46.13498340914327 12.4
      vertex 89.48625547395804 46.992661493922036 12.4
    endloop
  endfacet
  facet normal -0.427555093430281 0.9039892931234439 0
    outer loop
      vertex 90.99438164979347 47.70595205269187 2.4
      vertex 89.48625547395804 46.992661493922036 12.4
      vertex 90.99438164979347 47.70595205269187 12.4
    endloop
  endfacet
  facet normal -0.3368898533922203 0.9415440651830207 0
    outer loop
      vertex 92.56516048667415 48.26798570744755 2.4
      vertex 90.99438164979347 47.70595205269187 12.4
      vertex 92.56516048667415 48.26798570744755 12.4
    endloop
  endfacet
  facet normal -0.24298017990326473 0.9700312531945436 0
    outer loop
      vertex 94.18346452572582 48.67334976685492 2.4
      vertex 92.56516048667415 48.26798570744755 12.4
      vertex 94.18346452572582 48.67334976685492 12.4
    endloop
  endfacet
  facet normal 0.24298017990326473 0.9700312531945436 0
    outer loop
      vertex 102.43483951332585 48.26798570744755 2.4
      vertex 100.81653547427418 48.67334976685492 12.4
      vertex 102.43483951332585 48.26798570744755 12.4
    endloop
  endfacet
  facet normal 0 0 1
    outer loop
      vertex 88.05530603866677 46.13498340914327 12.4
      vertex 88.81484668181682 43.74242988447352 12.4
      vertex 89.06235200543648 43.68043302832886 12.4
    endloop
  endfacet
  facet normal 0 0 1
    outer loop
      vertex 89.48625547395804 46.992661493922036 12.4
      vertex 89.53324336032247 43.48538344273084 12.4
      vertex 89.75209445042584 43.35420914741174 12.4
    endloop
  endfacet
  facet normal 0 0 1
    outer loop
      vertex 90.99438164979347 47.70595205269187 12.4
      vertex 90.89509213392259 41.44723272028198 12.4
      vertex 90.90761184457487 41.19238815542512 12.4
    endloop
  endfacet
  facet normal 0 0 1
    outer loop
      vertex 90.99438164979347 47.70595205269187 12.4
      vertex 90.85765357362328 41.69962299266705 12.4
      vertex 90.89509213392259 41.44723272028198 12.4
    endloop
  endfacet
  facet normal 0 0 1
    outer loop
      vertex 90.99438164979347 47.70595205269187 12.4
      vertex 90.60060713188061 42.418019671172715 12.4
      vertex 90.70969862910422 42.187365079574356 12.4
    endloop
  endfacet
  facet normal 0 0 1
    outer loop
      vertex 90.99438164979347 47.70595205269187 12.4
      vertex 90.79565671747862 41.94712831628672 12.4
      vertex 90.85765357362328 41.69962299266705 12.4
    endloop
  endfacet
  facet normal 0 0 1
    outer loop
      vertex 90.99438164979347 47.70595205269187 12.4
      vertex 90.70969862910422 42.187365079574356 12.4
      vertex 90.79565671747862 41.94712831628672 12.4
    endloop
  endfacet
  facet normal 0 0 1
    outer loop
      vertex 90.99438164979347 47.70595205269187 12.4
      vertex 90.4694328365615 42.636870761276086 12.4
      vertex 90.60060713188061 42.418019671172715 12.4
    endloop
  endfacet
  facet normal 0 0 1
    outer loop
      vertex 90.99438164979347 47.70595205269187 12.4
      vertex 90.317439023318 42.8418106942506 12.4
      vertex 90.4694328365615 42.636870761276086 12.4
    endloop
  endfacet
  facet normal 0 0 1
    outer loop
      vertex 90.99438164979347 47.70595205269187 12.4
      vertex 90.1460894756599 43.03086578651015 12.4
      vertex 90.317439023318 42.8418106942506 12.4
    endloop
  endfacet
  facet normal 0 0 1
    outer loop
      vertex 90.99438164979347 47.70595205269187 12.4
      vertex 89.95703438340036 43.20221533416824 12.4
      vertex 90.1460894756599 43.03086578651015 12.4
    endloop
  endfacet
  facet normal 0 0 1
    outer loop
      vertex 94.9877160265711 34.06177817353185 12.4
      vertex 94.9499582709516 44.49276516275807 12.4
      vertex 94.91251971065229 44.74515543514314 12.4
    endloop
  endfacet
  facet normal 0 0 1
    outer loop
      vertex 94.9877160265711 34.06177817353185 12.4
      vertex 94.91251971065229 44.74515543514314 12.4
      vertex 94.9 45 12.4
    endloop
  endfacet
  facet normal 0 0 1
    outer loop
      vertex 94.9877160265711 34.06177817353185 12.4
      vertex 95.09791321547065 44.005023075850765 12.4
      vertex 95.01195512709626 44.2452598391384 12.4
    endloop
  endfacet
  facet normal 0 0 1
    outer loop
      vertex 94.9877160265711 34.06177817353185 12.4
      vertex 95.01195512709626 44.2452598391384 12.4
      vertex 94.9499582709516 44.49276516275807 12.4
    endloop
  endfacet
  facet normal 0 0 1
    outer loop
      vertex 94.18346452572582 48.67334976685492 12.4
      vertex 94.9877160265711 34.06177817353185 12.4
      vertex 94.9 45 12.4
    endloop
  endfacet
  facet normal 0 0 1
    outer loop
      vertex 89.48625547395804 46.992661493922036 12.4
      vertex 89.06235200543648 43.68043302832886 12.4
      vertex 89.3025887687241 43.594474939954466 12.4
    endloop
  endfacet
  facet normal 0 0 1
    outer loop
      vertex 88.05530603866677 46.13498340914327 12.4
      vertex 89.06235200543648 43.68043302832886 12.4
      vertex 89.48625547395804 46.992661493922036 12.4
    endloop
  endfacet
  facet normal 0 0 1
    outer loop
      vertex 89.48625547395804 46.992661493922036 12.4
      vertex 89.3025887687241 43.594474939954466 12.4
      vertex 89.53324336032247 43.48538344273084 12.4
    endloop
  endfacet
  facet normal 0 0 1
    outer loop
      vertex 90.99438164979347 47.70595205269187 12.4
      vertex 89.75209445042584 43.35420914741174 12.4
      vertex 89.95703438340036 43.20221533416824 12.4
    endloop
  endfacet
  facet normal 0 0 1
    outer loop
      vertex 89.48625547395804 46.992661493922036 12.4
      vertex 89.75209445042584 43.35420914741174 12.4
      vertex 90.99438164979347 47.70595205269187 12.4
    endloop
  endfacet
  facet normal 0 0 1
    outer loop
      vertex 94.18346452572582 48.67334976685492 12.4
      vertex 94.9 45 12.4
      vertex 94.91251971065229 45.25484456485686 12.4
    endloop
  endfacet
  facet normal 0 0 1
    outer loop
      vertex 94.18346452572582 48.67334976685492 12.4
      vertex 94.91251971065229 45.25484456485686 12.4
      vertex 94.9499582709516 45.50723483724193 12.4
    endloop
  endfacet
  facet normal 0 0 1
    outer loop
      vertex 94.18346452572582 48.67334976685492 12.4
      vertex 94.9499582709516 45.50723483724193 12.4
      vertex 95.01195512709626 45.7547401608616 12.4
    endloop
  endfacet
  facet normal 0 0 1
    outer loop
      vertex 94.18346452572582 48.67334976685492 12.4
      vertex 95.01195512709626 45.7547401608616 12.4
      vertex 95.09791321547065 45.994976924149235 12.4
    endloop
  endfacet
  facet normal 0 0 1
    outer loop
      vertex 94.18346452572582 48.67334976685492 12.4
      vertex 95.09791321547065 45.994976924149235 12.4
      vertex 95.20700471269427 46.225631515747594 12.4
    endloop
  endfacet
  facet normal 0 0 1
    outer loop
      vertex 94.18346452572582 48.67334976685492 12.4
      vertex 95.20700471269427 46.225631515747594 12.4
      vertex 95.33817900801338 46.444482605850965 12.4
    endloop
  endfacet
  facet normal 0 0 1
    outer loop
      vertex 94.18346452572582 48.67334976685492 12.4
      vertex 95.33817900801338 46.444482605850965 12.4
      vertex 95.49017282125688 46.649422538825476 12.4
    endloop
  endfacet
  facet normal 0 0 1
    outer loop
      vertex 94.18346452572582 48.67334976685492 12.4
      vertex 95.49017282125688 46.649422538825476 12.4
      vertex 95.66152236891497 46.83847763108503 12.4
    endloop
  endfacet
  facet normal 0 0 1
    outer loop
      vertex 94.18346452572582 48.67334976685492 12.4
      vertex 95.66152236891497 46.83847763108503 12.4
      vertex 95.85057746117452 47.009827178743116 12.4
    endloop
  endfacet
  facet normal 0 0 1
    outer loop
      vertex 94.18346452572582 48.67334976685492 12.4
      vertex 95.85057746117452 47.009827178743116 12.4
      vertex 95.83370861439747 48.91814035342735 12.4
    endloop
  endfacet
  facet normal 0 0 1
    outer loop
      vertex 100.81653547427418 48.67334976685492 12.4
      vertex 100.08748028934771 44.74515543514314 12.4
      vertex 100.68755216131049 32.63404354655242 12.4
    endloop
  endfacet
  facet normal 0 0 1
    outer loop
      vertex 95.83370861439747 48.91814035342735 12.4
      vertex 95.85057746117452 47.009827178743116 12.4
      vertex 96.05551739414904 47.161820991986616 12.4
    endloop
  endfacet
  facet normal 0 0 1
    outer loop
      vertex 95.83370861439747 48.91814035342735 12.4
      vertex 96.05551739414904 47.161820991986616 12.4
      vertex 96.2743684842524 47.29299528730572 12.4
    endloop
  endfacet
  facet normal 0 0 1
    outer loop
      vertex 95.83370861439747 48.91814035342735 12.4
      vertex 96.2743684842524 47.29299528730572 12.4
      vertex 96.50502307585077 47.402086784529345 12.4
    endloop
  endfacet
  facet normal 0 0 1
    outer loop
      vertex 95.83370861439747 48.91814035342735 12.4
      vertex 96.50502307585077 47.402086784529345 12.4
      vertex 96.7452598391384 47.48804487290374 12.4
    endloop
  endfacet
  facet normal 0 0 1
    outer loop
      vertex 95.83370861439747 48.91814035342735 12.4
      vertex 96.7452598391384 47.48804487290374 12.4
      vertex 96.99276516275806 47.5500417290484 12.4
    endloop
  endfacet
  facet normal 0 0 1
    outer loop
      vertex 95.83370861439747 48.91814035342735 12.4
      vertex 96.99276516275806 47.5500417290484 12.4
      vertex 97.5 49 12.4
    endloop
  endfacet
  facet normal 0 0 1
    outer loop
      vertex 97.5 49 12.4
      vertex 96.99276516275806 47.5500417290484 12.4
      vertex 97.24515543514315 47.58748028934771 12.4
    endloop
  endfacet
  facet normal 0 0 1
    outer loop
      vertex 97.5 49 12.4
      vertex 97.24515543514315 47.58748028934771 12.4
      vertex 97.5 47.6 12.4
    endloop
  endfacet
  facet normal 0 0 1
    outer loop
      vertex 97.5 49 12.4
      vertex 97.5 47.6 12.4
      vertex 97.75484456485685 47.58748028934771 12.4
    endloop
  endfacet
  facet normal 0 0 1
    outer loop
      vertex 99.16629138560253 48.91814035342735 12.4
      vertex 98.94448260585096 47.161820991986616 12.4
      vertex 99.14942253882548 47.009827178743116 12.4
    endloop
  endfacet
  facet normal 0 0 1
    outer loop
      vertex 99.16629138560253 48.91814035342735 12.4
      vertex 99.14942253882548 47.009827178743116 12.4
      vertex 99.33847763108503 46.83847763108503 12.4
    endloop
  endfacet
  facet normal 0 0 1
    outer loop
      vertex 97.5 49 12.4
      vertex 97.75484456485685 47.58748028934771 12.4
      vertex 98.00723483724194 47.5500417290484 12.4
    endloop
  endfacet
  facet normal 0 0 1
    outer loop
      vertex 97.5 49 12.4
      vertex 98.00723483724194 47.5500417290484 12.4
      vertex 98.2547401608616 47.48804487290374 12.4
    endloop
  endfacet
  facet normal 0 0 1
    outer loop
      vertex 99.16629138560253 48.91814035342735 12.4
      vertex 98.2547401608616 47.48804487290374 12.4
      vertex 98.49497692414923 47.402086784529345 12.4
    endloop
  endfacet
  facet normal 0 0 1
    outer loop
      vertex 97.5 49 12.4
      vertex 98.2547401608616 47.48804487290374 12.4
      vertex 99.16629138560253 48.91814035342735 12.4
    endloop
  endfacet
  facet normal 0 0 1
    outer loop
      vertex 99.16629138560253 48.91814035342735 12.4
      vertex 98.49497692414923 47.402086784529345 12.4
      vertex 98.7256315157476 47.29299528730572 12.4
    endloop
  endfacet
  facet normal 0 0 1
    outer loop
      vertex 99.16629138560253 48.91814035342735 12.4
      vertex 98.7256315157476 47.29299528730572 12.4
      vertex 98.94448260585096 47.161820991986616 12.4
    endloop
  endfacet
  facet normal 0 0 1
    outer loop
      vertex 100.81653547427418 48.67334976685492 12.4
      vertex 100.1 45 12.4
      vertex 100.08748028934771 44.74515543514314 12.4
    endloop
  endfacet
  facet normal 0 0 1
    outer loop
      vertex 100.81653547427418 48.67334976685492 12.4
      vertex 100.08748028934771 45.25484456485686 12.4
      vertex 100.1 45 12.4
    endloop
  endfacet
  facet normal 0 0 1
    outer loop
      vertex 100.81653547427418 48.67334976685492 12.4
      vertex 100.0500417290484 45.50723483724193 12.4
      vertex 100.08748028934771 45.25484456485686 12.4
    endloop
  endfacet
  facet normal 0 0 1
    outer loop
      vertex 100.81653547427418 48.67334976685492 12.4
      vertex 99.98804487290374 45.7547401608616 12.4
      vertex 100.0500417290484 45.50723483724193 12.4
    endloop
  endfacet
  facet normal 0 0 1
    outer loop
      vertex 100.81653547427418 48.67334976685492 12.4
      vertex 99.90208678452935 45.994976924149235 12.4
      vertex 99.98804487290374 45.7547401608616 12.4
    endloop
  endfacet
  facet normal 0 0 1
    outer loop
      vertex 100.81653547427418 48.67334976685492 12.4
      vertex 99.79299528730573 46.225631515747594 12.4
      vertex 99.90208678452935 45.994976924149235 12.4
    endloop
  endfacet
  facet normal 0 0 1
    outer loop
      vertex 100.81653547427418 48.67334976685492 12.4
      vertex 99.66182099198662 46.444482605850965 12.4
      vertex 99.79299528730573 46.225631515747594 12.4
    endloop
  endfacet
  facet normal 0 0 1
    outer loop
      vertex 100.81653547427418 48.67334976685492 12.4
      vertex 99.50982717874312 46.649422538825476 12.4
      vertex 99.66182099198662 46.444482605850965 12.4
    endloop
  endfacet
  facet normal 0 0 1
    outer loop
      vertex 100.81653547427418 48.67334976685492 12.4
      vertex 99.33847763108503 46.83847763108503 12.4
      vertex 99.50982717874312 46.649422538825476 12.4
    endloop
  endfacet
  facet normal 0 0 1
    outer loop
      vertex 100.81653547427418 48.67334976685492 12.4
      vertex 99.16629138560253 48.91814035342735 12.4
      vertex 99.33847763108503 46.83847763108503 12.4
    endloop
  endfacet
  facet normal 0.9891765099647817 0.14673047445535628 0
    outer loop
      vertex 114.17334976685493 35.31653547427418 2.4
      vertex 114.17334976685493 35.31653547427418 12.4
      vertex 114.41814035342735 33.66629138560253 12.4
    endloop
  endfacet
  facet normal 0.9700312531945429 0.24298017990326878 0
    outer loop
      vertex 113.76798570744755 36.93483951332586 2.4
      vertex 113.76798570744755 36.93483951332586 12.4
      vertex 114.17334976685493 35.31653547427418 12.4
    endloop
  endfacet
  facet normal 0.9987954562051724 0.04906767432741808 -2.24608611040253e-19
    outer loop
      vertex 114.5 32 12.4
      vertex 114.41814035342735 33.66629138560253 2.4
      vertex 114.41814035342735 33.66629138560253 12.4
    endloop
  endfacet
  facet normal 0.9415440651830196 0.3368898533922229 0
    outer loop
      vertex 113.20595205269187 38.505618350206525 2.4
      vertex 113.20595205269187 38.505618350206525 12.4
      vertex 113.76798570744755 36.93483951332586 12.4
    endloop
  endfacet
  facet normal 0.9039892931234462 0.4275550934302758 0
    outer loop
      vertex 112.49266149392204 40.01374452604196 2.4
      vertex 112.49266149392204 40.01374452604196 12.4
      vertex 113.20595205269187 38.505618350206525 12.4
    endloop
  endfacet
  facet normal 0 0 1
    outer loop
      vertex 104.00561835020653 16.294047947308126 12.4
      vertex 104.10490786607741 40.93754359056826 12.4
      vertex 104.09238815542513 41.19238815542512 12.4
    endloop
  endfacet
  facet normal 0 0 1
    outer loop
      vertex 105.24790554957416 24.969432836561495 12.4
      vertex 105.04296561659964 39.182560976682005 12.4
      vertex 104.8539105243401 39.353910524340094 12.4
    endloop
  endfacet
  facet normal 0 0 1
    outer loop
      vertex 105.24790554957416 24.969432836561495 12.4
      vertex 105.24790554957416 39.030567163438505 12.4
      vertex 105.04296561659964 39.182560976682005 12.4
    endloop
  endfacet
  facet normal 0 0 1
    outer loop
      vertex 105.46675663967753 25.1006071318806 12.4
      vertex 105.46675663967753 38.8993928681194 12.4
      vertex 105.24790554957416 39.030567163438505 12.4
    endloop
  endfacet
  facet normal 0 0 1
    outer loop
      vertex 105.93764799456352 25.29565671747862 12.4
      vertex 105.6974112312759 38.790301370895776 12.4
      vertex 105.46675663967753 38.8993928681194 12.4
    endloop
  endfacet
  facet normal 0 0 1
    outer loop
      vertex 106.69238815542512 25.40761184457488 12.4
      vertex 106.18515331818318 38.64234642637672 12.4
      vertex 105.93764799456352 38.70434328252138 12.4
    endloop
  endfacet
  facet normal 0 0 1
    outer loop
      vertex 106.69238815542512 25.40761184457488 12.4
      vertex 106.43754359056827 38.60490786607741 12.4
      vertex 106.18515331818318 38.64234642637672 12.4
    endloop
  endfacet
  facet normal 0 0 1
    outer loop
      vertex 106.69238815542512 25.40761184457488 12.4
      vertex 105.93764799456352 38.70434328252138 12.4
      vertex 105.6974112312759 38.790301370895776 12.4
    endloop
  endfacet
  facet normal 0 0 1
    outer loop
      vertex 106.69238815542512 25.40761184457488 12.4
      vertex 106.69238815542512 38.59238815542512 12.4
      vertex 106.43754359056827 38.60490786607741 12.4
    endloop
  endfacet
  facet normal 0 0 1
    outer loop
      vertex 106.94723272028197 25.395092133922592 12.4
      vertex 106.94723272028197 38.60490786607741 12.4
      vertex 106.69238815542512 38.59238815542512 12.4
    endloop
  endfacet
  facet normal 0 0 1
    outer loop
      vertex 104.14234642637672 23.314846681816814 12.4
      vertex 104.14234642637672 40.68515331818319 12.4
      vertex 104.10490786607741 40.93754359056826 12.4
    endloop
  endfacet
  facet normal 0 0 1
    outer loop
      vertex 104.00561835020653 16.294047947308126 12.4
      vertex 104.09238815542513 41.19238815542512 12.4
      vertex 104.00561835020653 47.70595205269187 12.4
    endloop
  endfacet
  facet normal 0 0 1
    outer loop
      vertex 104.29030137089578 23.802588768724114 12.4
      vertex 104.29030137089578 40.197411231275886 12.4
      vertex 104.20434328252138 40.43764799456352 12.4
    endloop
  endfacet
  facet normal 0 0 1
    outer loop
      vertex 104.20434328252138 23.56235200543648 12.4
      vertex 104.20434328252138 40.43764799456352 12.4
      vertex 104.14234642637672 40.68515331818319 12.4
    endloop
  endfacet
  facet normal 0 0 1
    outer loop
      vertex 105.24790554957416 24.969432836561495 12.4
      vertex 104.682560976682 39.542965616599645 12.4
      vertex 104.5305671634385 39.747905549574156 12.4
    endloop
  endfacet
  facet normal 0 0 1
    outer loop
      vertex 105.24790554957416 24.969432836561495 12.4
      vertex 104.8539105243401 39.353910524340094 12.4
      vertex 104.682560976682 39.542965616599645 12.4
    endloop
  endfacet
  facet normal 0 0 1
    outer loop
      vertex 105.24790554957416 24.969432836561495 12.4
      vertex 104.5305671634385 39.747905549574156 12.4
      vertex 104.39939286811939 39.96675663967753 12.4
    endloop
  endfacet
  facet normal 0 0 1
    outer loop
      vertex 105.24790554957416 24.969432836561495 12.4
      vertex 104.39939286811939 39.96675663967753 12.4
      vertex 104.29030137089578 40.197411231275886 12.4
    endloop
  endfacet
  facet normal 0 0 1
    outer loop
      vertex 107.19962299266706 25.357653573623278 12.4
      vertex 107.19962299266706 38.64234642637672 12.4
      vertex 106.94723272028197 38.60490786607741 12.4
    endloop
  endfacet
  facet normal 0 0 1
    outer loop
      vertex 107.19962299266706 38.64234642637672 12.4
      vertex 107.9 32 12.4
      vertex 107.91251971065229 32.25484456485686 12.4
    endloop
  endfacet
  facet normal 0 0 1
    outer loop
      vertex 107.19962299266706 38.64234642637672 12.4
      vertex 107.91251971065229 32.25484456485686 12.4
      vertex 107.9499582709516 32.50723483724193 12.4
    endloop
  endfacet
  facet normal 0 0 1
    outer loop
      vertex 107.19962299266706 38.64234642637672 12.4
      vertex 107.9499582709516 32.50723483724193 12.4
      vertex 108.01195512709626 32.7547401608616 12.4
    endloop
  endfacet
  facet normal 0 0 1
    outer loop
      vertex 107.19962299266706 38.64234642637672 12.4
      vertex 108.01195512709626 32.7547401608616 12.4
      vertex 108.09791321547065 32.994976924149235 12.4
    endloop
  endfacet
  facet normal 0 0 1
    outer loop
      vertex 107.19962299266706 38.64234642637672 12.4
      vertex 108.09791321547065 32.994976924149235 12.4
      vertex 108.20700471269427 33.225631515747594 12.4
    endloop
  endfacet
  facet normal 0 0 1
    outer loop
      vertex 107.19962299266706 38.64234642637672 12.4
      vertex 108.20700471269427 33.225631515747594 12.4
      vertex 108.33817900801338 33.444482605850965 12.4
    endloop
  endfacet
  facet normal 0 0 1
    outer loop
      vertex 108.13687076127609 39.030567163438505 12.4
      vertex 108.33817900801338 33.444482605850965 12.4
      vertex 108.49017282125688 33.649422538825476 12.4
    endloop
  endfacet
  facet normal 0 0 1
    outer loop
      vertex 108.13687076127609 39.030567163438505 12.4
      vertex 108.49017282125688 33.649422538825476 12.4
      vertex 108.66152236891497 33.83847763108503 12.4
    endloop
  endfacet
  facet normal 0 0 1
    outer loop
      vertex 108.13687076127609 39.030567163438505 12.4
      vertex 108.66152236891497 33.83847763108503 12.4
      vertex 108.85057746117452 34.009827178743116 12.4
    endloop
  endfacet
  facet normal 0 0 1
    outer loop
      vertex 108.53086578651015 39.353910524340094 12.4
      vertex 108.85057746117452 34.009827178743116 12.4
      vertex 109.05551739414904 34.161820991986616 12.4
    endloop
  endfacet
  facet normal 0 0 1
    outer loop
      vertex 108.53086578651015 39.353910524340094 12.4
      vertex 109.05551739414904 34.161820991986616 12.4
      vertex 109.2743684842524 34.29299528730572 12.4
    endloop
  endfacet
  facet normal 0 0 1
    outer loop
      vertex 108.53086578651015 39.353910524340094 12.4
      vertex 109.2743684842524 34.29299528730572 12.4
      vertex 109.50502307585077 34.402086784529345 12.4
    endloop
  endfacet
  facet normal 0 0 1
    outer loop
      vertex 108.53086578651015 39.353910524340094 12.4
      vertex 109.50502307585077 34.402086784529345 12.4
      vertex 109.7452598391384 34.48804487290374 12.4
    endloop
  endfacet
  facet normal 0 0 1
    outer loop
      vertex 104.00561835020653 16.294047947308126 12.4
      vertex 104.00561835020653 47.70595205269187 12.4
      vertex 102.43483951332585 48.26798570744755 12.4
    endloop
  endfacet
  facet normal 0 0 1
    outer loop
      vertex 108.33817900801338 33.444482605850965 12.4
      vertex 107.44712831628672 38.70434328252138 12.4
      vertex 107.19962299266706 38.64234642637672 12.4
    endloop
  endfacet
  facet normal 0 0 1
    outer loop
      vertex 108.33817900801338 33.444482605850965 12.4
      vertex 107.68736507957435 38.790301370895776 12.4
      vertex 107.44712831628672 38.70434328252138 12.4
    endloop
  endfacet
  facet normal 0 0 1
    outer loop
      vertex 108.33817900801338 33.444482605850965 12.4
      vertex 107.91801967117271 38.8993928681194 12.4
      vertex 107.68736507957435 38.790301370895776 12.4
    endloop
  endfacet
  facet normal 0 0 1
    outer loop
      vertex 108.33817900801338 33.444482605850965 12.4
      vertex 108.13687076127609 39.030567163438505 12.4
      vertex 107.91801967117271 38.8993928681194 12.4
    endloop
  endfacet
  facet normal 0 0 1
    outer loop
      vertex 108.85057746117452 34.009827178743116 12.4
      vertex 108.3418106942506 39.182560976682005 12.4
      vertex 108.13687076127609 39.030567163438505 12.4
    endloop
  endfacet
  facet normal 0 0 1
    outer loop
      vertex 108.85057746117452 34.009827178743116 12.4
      vertex 108.53086578651015 39.353910524340094 12.4
      vertex 108.3418106942506 39.182560976682005 12.4
    endloop
  endfacet
  facet normal 0 0 1
    outer loop
      vertex 110.64117770716653 42.784685830781974 12.4
      vertex 109.99276516275806 34.5500417290484 12.4
      vertex 110.24515543514315 34.58748028934771 12.4
    endloop
  endfacet
  facet normal 0 0 1
    outer loop
      vertex 110.64117770716653 42.784685830781974 12.4
      vertex 110.24515543514315 34.58748028934771 12.4
      vertex 110.5 34.6 12.4
    endloop
  endfacet
  facet normal 0 0 1
    outer loop
      vertex 108.53086578651015 39.353910524340094 12.4
      vertex 109.7452598391384 34.48804487290374 12.4
      vertex 108.70221533416824 39.542965616599645 12.4
    endloop
  endfacet
  facet normal 0 0 1
    outer loop
      vertex 109.7452598391384 34.48804487290374 12.4
      vertex 108.85420914741174 39.747905549574156 12.4
      vertex 108.70221533416824 39.542965616599645 12.4
    endloop
  endfacet
  facet normal 0 0 1
    outer loop
      vertex 109.7452598391384 34.48804487290374 12.4
      vertex 108.98538344273085 39.96675663967753 12.4
      vertex 108.85420914741174 39.747905549574156 12.4
    endloop
  endfacet
  facet normal 0 0 1
    outer loop
      vertex 109.7452598391384 34.48804487290374 12.4
      vertex 109.09447493995447 40.197411231275886 12.4
      vertex 108.98538344273085 39.96675663967753 12.4
    endloop
  endfacet
  facet normal 0 0 1
    outer loop
      vertex 109.7452598391384 34.48804487290374 12.4
      vertex 109.18043302832886 40.43764799456352 12.4
      vertex 109.09447493995447 40.197411231275886 12.4
    endloop
  endfacet
  facet normal 0 0 1
    outer loop
      vertex 109.7452598391384 34.48804487290374 12.4
      vertex 109.24242988447352 40.68515331818319 12.4
      vertex 109.18043302832886 40.43764799456352 12.4
    endloop
  endfacet
  facet normal 0 0 1
    outer loop
      vertex 109.5208152801713 44.020815280171306 12.4
      vertex 109.7452598391384 34.48804487290374 12.4
      vertex 109.99276516275806 34.5500417290484 12.4
    endloop
  endfacet
  facet normal 0 0 1
    outer loop
      vertex 109.7452598391384 34.48804487290374 12.4
      vertex 109.27986844477283 40.93754359056826 12.4
      vertex 109.24242988447352 40.68515331818319 12.4
    endloop
  endfacet
  facet normal 0 0 1
    outer loop
      vertex 109.5208152801713 44.020815280171306 12.4
      vertex 109.27986844477283 40.93754359056826 12.4
      vertex 109.7452598391384 34.48804487290374 12.4
    endloop
  endfacet
  facet normal 0 0 1
    outer loop
      vertex 109.5208152801713 44.020815280171306 12.4
      vertex 109.99276516275806 34.5500417290484 12.4
      vertex 110.64117770716653 42.784685830781974 12.4
    endloop
  endfacet
  facet normal 0 0 1
    outer loop
      vertex 113.20595205269187 38.505618350206525 12.4
      vertex 113.08748028934771 32.25484456485686 12.4
      vertex 113.1 32 12.4
    endloop
  endfacet
  facet normal 0 0 1
    outer loop
      vertex 113.20595205269187 38.505618350206525 12.4
      vertex 113.0500417290484 32.50723483724193 12.4
      vertex 113.08748028934771 32.25484456485686 12.4
    endloop
  endfacet
  facet normal 0 0 1
    outer loop
      vertex 114.17334976685493 28.68346452572582 12.4
      vertex 114.17334976685493 35.31653547427418 12.4
      vertex 113.76798570744755 36.93483951332586 12.4
    endloop
  endfacet
  facet normal 0 0 1
    outer loop
      vertex 113.76798570744755 27.06516048667414 12.4
      vertex 113.76798570744755 36.93483951332586 12.4
      vertex 113.20595205269187 38.505618350206525 12.4
    endloop
  endfacet
  facet normal 0 0 1
    outer loop
      vertex 112.49266149392204 40.01374452604196 12.4
      vertex 112.33847763108503 33.83847763108503 12.4
      vertex 112.50982717874312 33.649422538825476 12.4
    endloop
  endfacet
  facet normal 0 0 1
    outer loop
      vertex 112.49266149392204 40.01374452604196 12.4
      vertex 112.14942253882548 34.009827178743116 12.4
      vertex 112.33847763108503 33.83847763108503 12.4
    endloop
  endfacet
  facet normal 0 0 1
    outer loop
      vertex 111.63498340914327 41.444693961333236 12.4
      vertex 111.94448260585096 34.161820991986616 12.4
      vertex 112.14942253882548 34.009827178743116 12.4
    endloop
  endfacet
  facet normal 0 0 1
    outer loop
      vertex 113.20595205269187 38.505618350206525 12.4
      vertex 112.98804487290374 32.7547401608616 12.4
      vertex 113.0500417290484 32.50723483724193 12.4
    endloop
  endfacet
  facet normal 0 0 1
    outer loop
      vertex 113.20595205269187 38.505618350206525 12.4
      vertex 112.90208678452935 32.994976924149235 12.4
      vertex 112.98804487290374 32.7547401608616 12.4
    endloop
  endfacet
  facet normal 0 0 1
    outer loop
      vertex 112.49266149392204 40.01374452604196 12.4
      vertex 112.79299528730573 33.225631515747594 12.4
      vertex 112.90208678452935 32.994976924149235 12.4
    endloop
  endfacet
  facet normal 0 0 1
    outer loop
      vertex 112.49266149392204 40.01374452604196 12.4
      vertex 112.66182099198662 33.444482605850965 12.4
      vertex 112.79299528730573 33.225631515747594 12.4
    endloop
  endfacet
  facet normal 0 0 1
    outer loop
      vertex 112.49266149392204 40.01374452604196 12.4
      vertex 112.50982717874312 33.649422538825476 12.4
      vertex 112.66182099198662 33.444482605850965 12.4
    endloop
  endfacet
  facet normal 0 0 1
    outer loop
      vertex 114.41814035342735 30.33370861439747 12.4
      vertex 114.41814035342735 33.66629138560253 12.4
      vertex 114.17334976685493 35.31653547427418 12.4
    endloop
  endfacet
  facet normal 0 0 1
    outer loop
      vertex 111.63498340914327 41.444693961333236 12.4
      vertex 111.2547401608616 34.48804487290374 12.4
      vertex 111.49497692414923 34.402086784529345 12.4
    endloop
  endfacet
  facet normal 0 0 1
    outer loop
      vertex 110.64117770716653 42.784685830781974 12.4
      vertex 110.5 34.6 12.4
      vertex 110.75484456485685 34.58748028934771 12.4
    endloop
  endfacet
  facet normal 0 0 1
    outer loop
      vertex 110.64117770716653 42.784685830781974 12.4
      vertex 110.75484456485685 34.58748028934771 12.4
      vertex 111.00723483724194 34.5500417290484 12.4
    endloop
  endfacet
  facet normal 0 0 1
    outer loop
      vertex 110.64117770716653 42.784685830781974 12.4
      vertex 111.00723483724194 34.5500417290484 12.4
      vertex 111.2547401608616 34.48804487290374 12.4
    endloop
  endfacet
  facet normal 0 0 1
    outer loop
      vertex 111.63498340914327 41.444693961333236 12.4
      vertex 111.7256315157476 34.29299528730572 12.4
      vertex 111.94448260585096 34.161820991986616 12.4
    endloop
  endfacet
  facet normal 0 0 1
    outer loop
      vertex 111.63498340914327 41.444693961333236 12.4
      vertex 111.49497692414923 34.402086784529345 12.4
      vertex 111.7256315157476 34.29299528730572 12.4
    endloop
  endfacet
  facet normal 0 0 1
    outer loop
      vertex 112.49266149392204 40.01374452604196 12.4
      vertex 111.63498340914327 41.444693961333236 12.4
      vertex 112.14942253882548 34.009827178743116 12.4
    endloop
  endfacet
  facet normal 0 0 1
    outer loop
      vertex 113.20595205269187 38.505618350206525 12.4
      vertex 112.49266149392204 40.01374452604196 12.4
      vertex 112.90208678452935 32.994976924149235 12.4
    endloop
  endfacet
  facet normal 0 0 1
    outer loop
      vertex 111.63498340914327 41.444693961333236 12.4
      vertex 110.64117770716653 42.784685830781974 12.4
      vertex 111.2547401608616 34.48804487290374 12.4
    endloop
  endfacet
  facet normal 0.7409511253549557 0.671558954847022 0
    outer loop
      vertex 109.5208152801713 44.020815280171306 2.4
      vertex 109.5208152801713 44.020815280171306 12.4
      vertex 110.64117770716653 42.784685830781974 12.4
    endloop
  endfacet
  facet normal 0.6715589548470177 0.7409511253549598 0
    outer loop
      vertex 109.5208152801713 44.020815280171306 2.4
      vertex 108.28468583078197 45.14117770716653 12.4
      vertex 109.5208152801713 44.020815280171306 12.4
    endloop
  endfacet
  facet normal 0.5141027441932253 0.8577286100002699 0
    outer loop
      vertex 106.94469396133323 46.13498340914327 2.4
      vertex 105.51374452604196 46.992661493922036 12.4
      vertex 106.94469396133323 46.13498340914327 12.4
    endloop
  endfacet
  facet normal 0.427555093430281 0.9039892931234439 0
    outer loop
      vertex 105.51374452604196 46.992661493922036 2.4
      vertex 104.00561835020653 47.70595205269187 12.4
      vertex 105.51374452604196 46.992661493922036 12.4
    endloop
  endfacet
  facet normal 0.3368898533922203 0.9415440651830207 0
    outer loop
      vertex 104.00561835020653 47.70595205269187 2.4
      vertex 102.43483951332585 48.26798570744755 12.4
      vertex 104.00561835020653 47.70595205269187 12.4
    endloop
  endfacet
  facet normal 0.5956993044924322 0.8032075314806456 0
    outer loop
      vertex 108.28468583078197 45.14117770716653 2.4
      vertex 106.94469396133323 46.13498340914327 12.4
      vertex 108.28468583078197 45.14117770716653 12.4
    endloop
  endfacet
  facet normal 0.857728610000271 0.5141027441932234 0
    outer loop
      vertex 111.63498340914327 41.444693961333236 2.4
      vertex 111.63498340914327 41.444693961333236 12.4
      vertex 112.49266149392204 40.01374452604196 12.4
    endloop
  endfacet
  facet normal 0.8032075314806456 0.5956993044924322 0
    outer loop
      vertex 110.64117770716653 42.784685830781974 2.4
      vertex 110.64117770716653 42.784685830781974 12.4
      vertex 111.63498340914327 41.444693961333236 12.4
    endloop
  endfacet
  facet normal 0 0 1
    outer loop
      vertex 104.00561835020653 47.70595205269187 12.4
      vertex 104.09238815542513 41.19238815542512 12.4
      vertex 104.10490786607741 41.44723272028198 12.4
    endloop
  endfacet
  facet normal 0 0 1
    outer loop
      vertex 104.00561835020653 47.70595205269187 12.4
      vertex 104.10490786607741 41.44723272028198 12.4
      vertex 104.14234642637672 41.69962299266705 12.4
    endloop
  endfacet
  facet normal 0 0 1
    outer loop
      vertex 104.00561835020653 47.70595205269187 12.4
      vertex 104.14234642637672 41.69962299266705 12.4
      vertex 104.20434328252138 41.94712831628672 12.4
    endloop
  endfacet
  facet normal 0 0 1
    outer loop
      vertex 104.00561835020653 47.70595205269187 12.4
      vertex 104.20434328252138 41.94712831628672 12.4
      vertex 104.29030137089578 42.187365079574356 12.4
    endloop
  endfacet
  facet normal 0 0 1
    outer loop
      vertex 104.00561835020653 47.70595205269187 12.4
      vertex 104.29030137089578 42.187365079574356 12.4
      vertex 104.39939286811939 42.418019671172715 12.4
    endloop
  endfacet
  facet normal 0 0 1
    outer loop
      vertex 104.00561835020653 47.70595205269187 12.4
      vertex 104.39939286811939 42.418019671172715 12.4
      vertex 104.5305671634385 42.636870761276086 12.4
    endloop
  endfacet
  facet normal 0 0 1
    outer loop
      vertex 104.00561835020653 47.70595205269187 12.4
      vertex 104.5305671634385 42.636870761276086 12.4
      vertex 104.682560976682 42.8418106942506 12.4
    endloop
  endfacet
  facet normal 0 0 1
    outer loop
      vertex 104.00561835020653 47.70595205269187 12.4
      vertex 104.682560976682 42.8418106942506 12.4
      vertex 104.8539105243401 43.03086578651015 12.4
    endloop
  endfacet
  facet normal 0 0 1
    outer loop
      vertex 104.00561835020653 47.70595205269187 12.4
      vertex 104.8539105243401 43.03086578651015 12.4
      vertex 105.04296561659964 43.20221533416824 12.4
    endloop
  endfacet
  facet normal 0 0 1
    outer loop
      vertex 106.94469396133323 46.13498340914327 12.4
      vertex 106.18515331818318 43.74242988447352 12.4
      vertex 106.43754359056827 43.77986844477283 12.4
    endloop
  endfacet
  facet normal 0 0 1
    outer loop
      vertex 106.94469396133323 46.13498340914327 12.4
      vertex 106.43754359056827 43.77986844477283 12.4
      vertex 106.69238815542512 43.79238815542512 12.4
    endloop
  endfacet
  facet normal 0 0 1
    outer loop
      vertex 106.94469396133323 46.13498340914327 12.4
      vertex 106.69238815542512 43.79238815542512 12.4
      vertex 106.94723272028197 43.77986844477283 12.4
    endloop
  endfacet
  facet normal 0 0 1
    outer loop
      vertex 109.5208152801713 44.020815280171306 12.4
      vertex 109.29238815542512 41.19238815542512 12.4
      vertex 109.27986844477283 40.93754359056826 12.4
    endloop
  endfacet
  facet normal 0 0 1
    outer loop
      vertex 109.5208152801713 44.020815280171306 12.4
      vertex 109.27986844477283 41.44723272028198 12.4
      vertex 109.29238815542512 41.19238815542512 12.4
    endloop
  endfacet
  facet normal 0 0 1
    outer loop
      vertex 109.5208152801713 44.020815280171306 12.4
      vertex 109.24242988447352 41.69962299266705 12.4
      vertex 109.27986844477283 41.44723272028198 12.4
    endloop
  endfacet
  facet normal 0 0 1
    outer loop
      vertex 109.5208152801713 44.020815280171306 12.4
      vertex 109.18043302832886 41.94712831628672 12.4
      vertex 109.24242988447352 41.69962299266705 12.4
    endloop
  endfacet
  facet normal 0 0 1
    outer loop
      vertex 106.94469396133323 46.13498340914327 12.4
      vertex 106.94723272028197 43.77986844477283 12.4
      vertex 107.19962299266706 43.74242988447352 12.4
    endloop
  endfacet
  facet normal 0 0 1
    outer loop
      vertex 106.94469396133323 46.13498340914327 12.4
      vertex 107.19962299266706 43.74242988447352 12.4
      vertex 107.44712831628672 43.68043302832886 12.4
    endloop
  endfacet
  facet normal 0 0 1
    outer loop
      vertex 106.94469396133323 46.13498340914327 12.4
      vertex 107.44712831628672 43.68043302832886 12.4
      vertex 107.68736507957435 43.594474939954466 12.4
    endloop
  endfacet
  facet normal 0 0 1
    outer loop
      vertex 108.28468583078197 45.14117770716653 12.4
      vertex 108.13687076127609 43.35420914741174 12.4
      vertex 108.3418106942506 43.20221533416824 12.4
    endloop
  endfacet
  facet normal 0 0 1
    outer loop
      vertex 108.28468583078197 45.14117770716653 12.4
      vertex 107.68736507957435 43.594474939954466 12.4
      vertex 107.91801967117271 43.48538344273084 12.4
    endloop
  endfacet
  facet normal 0 0 1
    outer loop
      vertex 108.28468583078197 45.14117770716653 12.4
      vertex 107.91801967117271 43.48538344273084 12.4
      vertex 108.13687076127609 43.35420914741174 12.4
    endloop
  endfacet
  facet normal 0 0 1
    outer loop
      vertex 108.28468583078197 45.14117770716653 12.4
      vertex 108.3418106942506 43.20221533416824 12.4
      vertex 108.53086578651015 43.03086578651015 12.4
    endloop
  endfacet
  facet normal 0 0 1
    outer loop
      vertex 109.5208152801713 44.020815280171306 12.4
      vertex 108.28468583078197 45.14117770716653 12.4
      vertex 108.53086578651015 43.03086578651015 12.4
    endloop
  endfacet
  facet normal 0 0 1
    outer loop
      vertex 109.5208152801713 44.020815280171306 12.4
      vertex 108.98538344273085 42.418019671172715 12.4
      vertex 109.09447493995447 42.187365079574356 12.4
    endloop
  endfacet
  facet normal 0 0 1
    outer loop
      vertex 109.5208152801713 44.020815280171306 12.4
      vertex 108.85420914741174 42.636870761276086 12.4
      vertex 108.98538344273085 42.418019671172715 12.4
    endloop
  endfacet
  facet normal 0 0 1
    outer loop
      vertex 109.5208152801713 44.020815280171306 12.4
      vertex 109.09447493995447 42.187365079574356 12.4
      vertex 109.18043302832886 41.94712831628672 12.4
    endloop
  endfacet
  facet normal 0 0 1
    outer loop
      vertex 109.5208152801713 44.020815280171306 12.4
      vertex 108.53086578651015 43.03086578651015 12.4
      vertex 108.70221533416824 42.8418106942506 12.4
    endloop
  endfacet
  facet normal 0 0 1
    outer loop
      vertex 109.5208152801713 44.020815280171306 12.4
      vertex 108.70221533416824 42.8418106942506 12.4
      vertex 108.85420914741174 42.636870761276086 12.4
    endloop
  endfacet
  facet normal 0 0 1
    outer loop
      vertex 104.00561835020653 47.70595205269187 12.4
      vertex 105.04296561659964 43.20221533416824 12.4
      vertex 105.24790554957416 43.35420914741174 12.4
    endloop
  endfacet
  facet normal 0 0 1
    outer loop
      vertex 104.00561835020653 47.70595205269187 12.4
      vertex 105.24790554957416 43.35420914741174 12.4
      vertex 105.46675663967753 43.48538344273084 12.4
    endloop
  endfacet
  facet normal 0 0 1
    outer loop
      vertex 104.00561835020653 47.70595205269187 12.4
      vertex 105.46675663967753 43.48538344273084 12.4
      vertex 105.6974112312759 43.594474939954466 12.4
    endloop
  endfacet
  facet normal 0 0 1
    outer loop
      vertex 104.00561835020653 47.70595205269187 12.4
      vertex 105.6974112312759 43.594474939954466 12.4
      vertex 105.51374452604196 46.992661493922036 12.4
    endloop
  endfacet
  facet normal 0 0 1
    outer loop
      vertex 105.51374452604196 46.992661493922036 12.4
      vertex 105.6974112312759 43.594474939954466 12.4
      vertex 105.93764799456352 43.68043302832886 12.4
    endloop
  endfacet
  facet normal 0 0 1
    outer loop
      vertex 105.51374452604196 46.992661493922036 12.4
      vertex 105.93764799456352 43.68043302832886 12.4
      vertex 106.18515331818318 43.74242988447352 12.4
    endloop
  endfacet
  facet normal 0 0 1
    outer loop
      vertex 105.51374452604196 46.992661493922036 12.4
      vertex 106.18515331818318 43.74242988447352 12.4
      vertex 106.94469396133323 46.13498340914327 12.4
    endloop
  endfacet
  facet normal 0 0 1
    outer loop
      vertex 108.28468583078197 45.14117770716653 12.4
      vertex 106.94469396133323 46.13498340914327 12.4
      vertex 107.68736507957435 43.594474939954466 12.4
    endloop
  endfacet
  facet normal -0.1467304744553617 0.9891765099647809 0
    outer loop
      vertex 94.18346452572582 48.67334976685492 2.4
      vertex 94.18346452572582 48.67334976685492 12.4
      vertex 95.83370861439747 48.91814035342735 2.4
    endloop
  endfacet
  facet normal -0.04906767432741787 0.9987954562051724 0
    outer loop
      vertex 95.83370861439747 48.91814035342735 2.4
      vertex 95.83370861439747 48.91814035342735 12.4
      vertex 97.5 49 2.4
    endloop
  endfacet
  facet normal 0.04906767432741787 0.9987954562051724 0
    outer loop
      vertex 97.5 49 2.4
      vertex 97.5 49 12.4
      vertex 99.16629138560253 48.91814035342735 2.4
    endloop
  endfacet
  facet normal 0.1467304744553617 0.9891765099647809 -3.4871704478898334e-19
    outer loop
      vertex 100.81653547427418 48.67334976685492 2.4
      vertex 99.16629138560253 48.91814035342735 2.4
      vertex 99.16629138560253 48.91814035342735 12.4
    endloop
  endfacet
  facet normal -0.1467304744553617 0.9891765099647809 0
    outer loop
      vertex 95.83370861439747 48.91814035342735 2.4
      vertex 94.18346452572582 48.67334976685492 12.4
      vertex 95.83370861439747 48.91814035342735 12.4
    endloop
  endfacet
  facet normal -0.04906767432741787 0.9987954562051724 0
    outer loop
      vertex 97.5 49 2.4
      vertex 95.83370861439747 48.91814035342735 12.4
      vertex 97.5 49 12.4
    endloop
  endfacet
  facet normal 0.04906767432741787 0.9987954562051724 0
    outer loop
      vertex 99.16629138560253 48.91814035342735 2.4
      vertex 97.5 49 12.4
      vertex 99.16629138560253 48.91814035342735 12.4
    endloop
  endfacet
  facet normal 0.1467304744553617 0.9891765099647809 0
    outer loop
      vertex 100.81653547427418 48.67334976685492 2.4
      vertex 99.16629138560253 48.91814035342735 12.4
      vertex 100.81653547427418 48.67334976685492 12.4
    endloop
  endfacet
  facet normal 0.6715589548470072 0.7409511253549692 0
    outer loop
      vertex 108.66152236891497 30.161522368914977 0
      vertex 108.66152236891497 30.161522368914977 12.4
      vertex 108.85057746117452 29.990172821256884 0
    endloop
  endfacet
  facet normal 0.7409511253549497 0.6715589548470288 8.377248492364249e-20
    outer loop
      vertex 108.66152236891497 30.161522368914977 0
      vertex 108.49017282125688 30.35057746117452 0
      vertex 108.49017282125688 30.35057746117452 12.4
    endloop
  endfacet
  facet normal 0.14673047445536266 0.9891765099647808 0
    outer loop
      vertex 109.99276516275806 29.4499582709516 0
      vertex 109.99276516275806 29.4499582709516 12.4
      vertex 110.24515543514315 29.412519710652287 0
    endloop
  endfacet
  facet normal 0.04906767432741966 0.9987954562051724 0
    outer loop
      vertex 110.24515543514315 29.412519710652287 0
      vertex 110.24515543514315 29.412519710652287 12.4
      vertex 110.5 29.4 0
    endloop
  endfacet
  facet normal -0.04906767432741966 0.9987954562051724 0
    outer loop
      vertex 110.5 29.4 0
      vertex 110.5 29.4 12.4
      vertex 110.75484456485685 29.412519710652287 0
    endloop
  endfacet
  facet normal 0.5956993044924319 0.803207531480646 0
    outer loop
      vertex 108.85057746117452 29.990172821256884 0
      vertex 108.85057746117452 29.990172821256884 12.4
      vertex 109.05551739414904 29.838179008013384 0
    endloop
  endfacet
  facet normal 0.5141027441932243 0.8577286100002706 0
    outer loop
      vertex 109.05551739414904 29.838179008013384 0
      vertex 109.05551739414904 29.838179008013384 12.4
      vertex 109.2743684842524 29.70700471269428 0
    endloop
  endfacet
  facet normal 0.4275550934302764 0.903989293123446 0
    outer loop
      vertex 109.2743684842524 29.70700471269428 0
      vertex 109.2743684842524 29.70700471269428 12.4
      vertex 109.50502307585077 29.597913215470655 0
    endloop
  endfacet
  facet normal 0.33688985339222566 0.9415440651830187 0
    outer loop
      vertex 109.50502307585077 29.597913215470655 0
      vertex 109.50502307585077 29.597913215470655 12.4
      vertex 109.7452598391384 29.511955127096257 0
    endloop
  endfacet
  facet normal 0.24298017990326956 0.9700312531945425 0
    outer loop
      vertex 109.7452598391384 29.511955127096257 0
      vertex 109.7452598391384 29.511955127096257 12.4
      vertex 109.99276516275806 29.4499582709516 0
    endloop
  endfacet
  facet normal 0.8577286100002582 0.5141027441932448 3.015884367668543e-19
    outer loop
      vertex 108.33817900801338 30.555517394149035 0
      vertex 108.20700471269427 30.774368484252406 0
      vertex 108.20700471269427 30.774368484252406 12.4
    endloop
  endfacet
  facet normal 0.9039892931234517 0.42755509343026443 -2.86581659745067e-19
    outer loop
      vertex 108.20700471269427 30.774368484252406 0
      vertex 108.09791321547065 31.005023075850765 0
      vertex 108.09791321547065 31.005023075850765 12.4
    endloop
  endfacet
  facet normal 0.8032075314806643 0.5956993044924074 4.470904372888561e-20
    outer loop
      vertex 108.49017282125688 30.35057746117452 0
      vertex 108.33817900801338 30.555517394149035 0
      vertex 108.33817900801338 30.555517394149035 12.4
    endloop
  endfacet
  facet normal 0.9415440651830218 0.33688985339221683 -3.143464086819166e-19
    outer loop
      vertex 108.09791321547065 31.005023075850765 0
      vertex 108.01195512709626 31.2452598391384 0
      vertex 108.01195512709626 31.2452598391384 12.4
    endloop
  endfacet
  facet normal 0.9700312531945401 0.2429801799032794 1.4022131822182643e-19
    outer loop
      vertex 108.01195512709626 31.2452598391384 0
      vertex 107.9499582709516 31.492765162758065 0
      vertex 107.9499582709516 31.492765162758065 12.4
    endloop
  endfacet
  facet normal 0.9891765099647842 0.14673047445533946 7.21287488992192e-20
    outer loop
      vertex 107.9499582709516 31.492765162758065 0
      vertex 107.91251971065229 31.745155435143143 0
      vertex 107.91251971065229 31.745155435143143 12.4
    endloop
  endfacet
  facet normal 0.9987954562051731 0.049067674327405074 -2.1500908976681746e-20
    outer loop
      vertex 107.91251971065229 31.745155435143143 0
      vertex 107.9 32 0
      vertex 107.9 32 12.4
    endloop
  endfacet
  facet normal 0.9987954562051731 -0.04906767432740439 -3.860946138082204e-20
    outer loop
      vertex 107.9 32 0
      vertex 107.91251971065229 32.25484456485686 0
      vertex 107.91251971065229 32.25484456485686 12.4
    endloop
  endfacet
  facet normal 0.9891765099647837 -0.1467304744553435 -2.6312147305653597e-19
    outer loop
      vertex 107.91251971065229 32.25484456485686 0
      vertex 107.9499582709516 32.50723483724193 0
      vertex 107.9499582709516 32.50723483724193 12.4
    endloop
  endfacet
  facet normal -0.14673047445536266 0.9891765099647808 0
    outer loop
      vertex 110.75484456485685 29.412519710652287 0
      vertex 110.75484456485685 29.412519710652287 12.4
      vertex 111.00723483724194 29.4499582709516 0
    endloop
  endfacet
  facet normal -0.24298017990326956 0.9700312531945425 0
    outer loop
      vertex 111.00723483724194 29.4499582709516 0
      vertex 111.00723483724194 29.4499582709516 12.4
      vertex 111.2547401608616 29.511955127096257 0
    endloop
  endfacet
  facet normal -0.33688985339222566 0.9415440651830187 0
    outer loop
      vertex 111.2547401608616 29.511955127096257 0
      vertex 111.2547401608616 29.511955127096257 12.4
      vertex 111.49497692414923 29.597913215470655 0
    endloop
  endfacet
  facet normal -0.4275550934302764 0.903989293123446 0
    outer loop
      vertex 111.49497692414923 29.597913215470655 0
      vertex 111.49497692414923 29.597913215470655 12.4
      vertex 111.7256315157476 29.70700471269428 0
    endloop
  endfacet
  facet normal -0.5141027441932243 0.8577286100002706 0
    outer loop
      vertex 111.7256315157476 29.70700471269428 0
      vertex 111.7256315157476 29.70700471269428 12.4
      vertex 111.94448260585096 29.838179008013384 0
    endloop
  endfacet
  facet normal -0.5956993044924319 0.803207531480646 0
    outer loop
      vertex 111.94448260585096 29.838179008013384 0
      vertex 111.94448260585096 29.838179008013384 12.4
      vertex 112.14942253882548 29.990172821256884 0
    endloop
  endfacet
  facet normal -0.6715589548470072 0.7409511253549692 0
    outer loop
      vertex 112.14942253882548 29.990172821256884 0
      vertex 112.14942253882548 29.990172821256884 12.4
      vertex 112.33847763108503 30.161522368914977 0
    endloop
  endfacet
  facet normal -0.7409511253549497 0.6715589548470288 0
    outer loop
      vertex 112.33847763108503 30.161522368914977 0
      vertex 112.33847763108503 30.161522368914977 12.4
      vertex 112.50982717874312 30.35057746117452 0
    endloop
  endfacet
  facet normal -0.8032075314806643 0.5956993044924074 -4.470904372888561e-20
    outer loop
      vertex 112.66182099198662 30.555517394149035 0
      vertex 112.50982717874312 30.35057746117452 0
      vertex 112.50982717874312 30.35057746117452 12.4
    endloop
  endfacet
  facet normal -0.8577286100002582 0.5141027441932448 -3.015884367668543e-19
    outer loop
      vertex 112.79299528730573 30.774368484252406 0
      vertex 112.66182099198662 30.555517394149035 0
      vertex 112.66182099198662 30.555517394149035 12.4
    endloop
  endfacet
  facet normal -0.9039892931234517 0.42755509343026443 2.86581659745067e-19
    outer loop
      vertex 112.90208678452935 31.005023075850765 0
      vertex 112.79299528730573 30.774368484252406 0
      vertex 112.79299528730573 30.774368484252406 12.4
    endloop
  endfacet
  facet normal -0.9415440651830218 0.33688985339221683 3.143464086819166e-19
    outer loop
      vertex 112.98804487290374 31.2452598391384 0
      vertex 112.90208678452935 31.005023075850765 0
      vertex 112.90208678452935 31.005023075850765 12.4
    endloop
  endfacet
  facet normal -0.9700312531945401 0.2429801799032794 -1.4022131822182643e-19
    outer loop
      vertex 113.0500417290484 31.492765162758065 0
      vertex 112.98804487290374 31.2452598391384 0
      vertex 112.98804487290374 31.2452598391384 12.4
    endloop
  endfacet
  facet normal -0.9891765099647842 0.14673047445533946 -7.21287488992192e-20
    outer loop
      vertex 113.08748028934771 31.745155435143143 0
      vertex 113.0500417290484 31.492765162758065 0
      vertex 113.0500417290484 31.492765162758065 12.4
    endloop
  endfacet
  facet normal -0.9987954562051731 0.049067674327405074 0
    outer loop
      vertex 113.08748028934771 31.745155435143143 0
      vertex 113.08748028934771 31.745155435143143 12.4
      vertex 113.1 32 0
    endloop
  endfacet
  facet normal -0.9987954562051731 -0.04906767432740439 0
    outer loop
      vertex 113.1 32 0
      vertex 113.1 32 12.4
      vertex 113.08748028934771 32.25484456485686 0
    endloop
  endfacet
  facet normal -0.9891765099647837 -0.1467304744553435 2.6312147305653597e-19
    outer loop
      vertex 113.0500417290484 32.50723483724193 0
      vertex 113.08748028934771 32.25484456485686 0
      vertex 113.08748028934771 32.25484456485686 12.4
    endloop
  endfacet
  facet normal 0.8032075314806643 0.5956993044924074 0
    outer loop
      vertex 108.49017282125688 30.35057746117452 0
      vertex 108.33817900801338 30.555517394149035 12.4
      vertex 108.49017282125688 30.35057746117452 12.4
    endloop
  endfacet
  facet normal 0.7409511253549497 0.6715589548470288 0
    outer loop
      vertex 108.66152236891497 30.161522368914977 0
      vertex 108.49017282125688 30.35057746117452 12.4
      vertex 108.66152236891497 30.161522368914977 12.4
    endloop
  endfacet
  facet normal 0.14673047445536266 0.9891765099647808 0
    outer loop
      vertex 110.24515543514315 29.412519710652287 0
      vertex 109.99276516275806 29.4499582709516 12.4
      vertex 110.24515543514315 29.412519710652287 12.4
    endloop
  endfacet
  facet normal 0.04906767432741966 0.9987954562051724 0
    outer loop
      vertex 110.5 29.4 0
      vertex 110.24515543514315 29.412519710652287 12.4
      vertex 110.5 29.4 12.4
    endloop
  endfacet
  facet normal 0.5956993044924319 0.803207531480646 0
    outer loop
      vertex 109.05551739414904 29.838179008013384 12.4
      vertex 109.05551739414904 29.838179008013384 0
      vertex 108.85057746117452 29.990172821256884 12.4
    endloop
  endfacet
  facet normal 0.5141027441932243 0.8577286100002706 0
    outer loop
      vertex 109.2743684842524 29.70700471269428 0
      vertex 109.05551739414904 29.838179008013384 12.4
      vertex 109.2743684842524 29.70700471269428 12.4
    endloop
  endfacet
  facet normal 0.4275550934302764 0.903989293123446 0
    outer loop
      vertex 109.50502307585077 29.597913215470655 0
      vertex 109.2743684842524 29.70700471269428 12.4
      vertex 109.50502307585077 29.597913215470655 12.4
    endloop
  endfacet
  facet normal 0.33688985339222566 0.9415440651830187 0
    outer loop
      vertex 109.7452598391384 29.511955127096257 0
      vertex 109.50502307585077 29.597913215470655 12.4
      vertex 109.7452598391384 29.511955127096257 12.4
    endloop
  endfacet
  facet normal 0.6715589548470072 0.7409511253549692 0
    outer loop
      vertex 108.85057746117452 29.990172821256884 0
      vertex 108.66152236891497 30.161522368914977 12.4
      vertex 108.85057746117452 29.990172821256884 12.4
    endloop
  endfacet
  facet normal 0.24298017990326956 0.9700312531945425 0
    outer loop
      vertex 109.99276516275806 29.4499582709516 0
      vertex 109.7452598391384 29.511955127096257 12.4
      vertex 109.99276516275806 29.4499582709516 12.4
    endloop
  endfacet
  facet normal 0.8577286100002582 0.5141027441932448 3.015884367668543e-19
    outer loop
      vertex 108.20700471269427 30.774368484252406 12.4
      vertex 108.33817900801338 30.555517394149035 12.4
      vertex 108.33817900801338 30.555517394149035 0
    endloop
  endfacet
  facet normal 0.9039892931234517 0.42755509343026443 0
    outer loop
      vertex 108.20700471269427 30.774368484252406 0
      vertex 108.09791321547065 31.005023075850765 12.4
      vertex 108.20700471269427 30.774368484252406 12.4
    endloop
  endfacet
  facet normal 0.9415440651830218 0.33688985339221683 0
    outer loop
      vertex 108.09791321547065 31.005023075850765 0
      vertex 108.01195512709626 31.2452598391384 12.4
      vertex 108.09791321547065 31.005023075850765 12.4
    endloop
  endfacet
  facet normal 0.9700312531945401 0.2429801799032794 0
    outer loop
      vertex 108.01195512709626 31.2452598391384 0
      vertex 107.9499582709516 31.492765162758065 12.4
      vertex 108.01195512709626 31.2452598391384 12.4
    endloop
  endfacet
  facet normal 0.9891765099647842 0.14673047445533946 0
    outer loop
      vertex 107.9499582709516 31.492765162758065 0
      vertex 107.91251971065229 31.745155435143143 12.4
      vertex 107.9499582709516 31.492765162758065 12.4
    endloop
  endfacet
  facet normal 0.9987954562051731 0.049067674327405074 0
    outer loop
      vertex 107.91251971065229 31.745155435143143 0
      vertex 107.9 32 12.4
      vertex 107.91251971065229 31.745155435143143 12.4
    endloop
  endfacet
  facet normal 0.9987954562051731 -0.04906767432740439 0
    outer loop
      vertex 107.9 32 0
      vertex 107.91251971065229 32.25484456485686 12.4
      vertex 107.9 32 12.4
    endloop
  endfacet
  facet normal 0.9891765099647837 -0.1467304744553435 0
    outer loop
      vertex 107.91251971065229 32.25484456485686 0
      vertex 107.9499582709516 32.50723483724193 12.4
      vertex 107.91251971065229 32.25484456485686 12.4
    endloop
  endfacet
  facet normal -0.04906767432741966 0.9987954562051724 0
    outer loop
      vertex 110.75484456485685 29.412519710652287 0
      vertex 110.5 29.4 12.4
      vertex 110.75484456485685 29.412519710652287 12.4
    endloop
  endfacet
  facet normal -0.14673047445536266 0.9891765099647808 0
    outer loop
      vertex 111.00723483724194 29.4499582709516 0
      vertex 110.75484456485685 29.412519710652287 12.4
      vertex 111.00723483724194 29.4499582709516 12.4
    endloop
  endfacet
  facet normal -0.24298017990326956 0.9700312531945425 0
    outer loop
      vertex 111.2547401608616 29.511955127096257 0
      vertex 111.00723483724194 29.4499582709516 12.4
      vertex 111.2547401608616 29.511955127096257 12.4
    endloop
  endfacet
  facet normal -0.33688985339222566 0.9415440651830187 0
    outer loop
      vertex 111.49497692414923 29.597913215470655 0
      vertex 111.2547401608616 29.511955127096257 12.4
      vertex 111.49497692414923 29.597913215470655 12.4
    endloop
  endfacet
  facet normal -0.4275550934302764 0.903989293123446 0
    outer loop
      vertex 111.7256315157476 29.70700471269428 0
      vertex 111.49497692414923 29.597913215470655 12.4
      vertex 111.7256315157476 29.70700471269428 12.4
    endloop
  endfacet
  facet normal -0.5141027441932243 0.8577286100002706 0
    outer loop
      vertex 111.94448260585096 29.838179008013384 0
      vertex 111.7256315157476 29.70700471269428 12.4
      vertex 111.94448260585096 29.838179008013384 12.4
    endloop
  endfacet
  facet normal -0.5956993044924319 0.803207531480646 0
    outer loop
      vertex 112.14942253882548 29.990172821256884 0
      vertex 111.94448260585096 29.838179008013384 12.4
      vertex 112.14942253882548 29.990172821256884 12.4
    endloop
  endfacet
  facet normal -0.6715589548470072 0.7409511253549692 0
    outer loop
      vertex 112.33847763108503 30.161522368914977 0
      vertex 112.14942253882548 29.990172821256884 12.4
      vertex 112.33847763108503 30.161522368914977 12.4
    endloop
  endfacet
  facet normal -0.7409511253549497 0.6715589548470288 -8.377248492364249e-20
    outer loop
      vertex 112.33847763108503 30.161522368914977 12.4
      vertex 112.50982717874312 30.35057746117452 12.4
      vertex 112.50982717874312 30.35057746117452 0
    endloop
  endfacet
  facet normal -0.8032075314806643 0.5956993044924074 0
    outer loop
      vertex 112.66182099198662 30.555517394149035 0
      vertex 112.50982717874312 30.35057746117452 12.4
      vertex 112.66182099198662 30.555517394149035 12.4
    endloop
  endfacet
  facet normal -0.8577286100002582 0.5141027441932448 0
    outer loop
      vertex 112.79299528730573 30.774368484252406 0
      vertex 112.66182099198662 30.555517394149035 12.4
      vertex 112.79299528730573 30.774368484252406 12.4
    endloop
  endfacet
  facet normal -0.9039892931234517 0.42755509343026443 0
    outer loop
      vertex 112.90208678452935 31.005023075850765 0
      vertex 112.79299528730573 30.774368484252406 12.4
      vertex 112.90208678452935 31.005023075850765 12.4
    endloop
  endfacet
  facet normal -0.9415440651830218 0.33688985339221683 3.143464086819166e-19
    outer loop
      vertex 112.90208678452935 31.005023075850765 12.4
      vertex 112.98804487290374 31.2452598391384 12.4
      vertex 112.98804487290374 31.2452598391384 0
    endloop
  endfacet
  facet normal -0.9700312531945401 0.2429801799032794 0
    outer loop
      vertex 113.0500417290484 31.492765162758065 0
      vertex 112.98804487290374 31.2452598391384 12.4
      vertex 113.0500417290484 31.492765162758065 12.4
    endloop
  endfacet
  facet normal -0.9891765099647842 0.14673047445533946 0
    outer loop
      vertex 113.08748028934771 31.745155435143143 0
      vertex 113.0500417290484 31.492765162758065 12.4
      vertex 113.08748028934771 31.745155435143143 12.4
    endloop
  endfacet
  facet normal -0.9987954562051731 0.049067674327405074 0
    outer loop
      vertex 113.1 32 0
      vertex 113.08748028934771 31.745155435143143 12.4
      vertex 113.1 32 12.4
    endloop
  endfacet
  facet normal -0.9987954562051731 -0.04906767432740439 0
    outer loop
      vertex 113.08748028934771 32.25484456485686 0
      vertex 113.1 32 12.4
      vertex 113.08748028934771 32.25484456485686 12.4
    endloop
  endfacet
  facet normal -0.9891765099647837 -0.1467304744553435 0
    outer loop
      vertex 113.0500417290484 32.50723483724193 0
      vertex 113.08748028934771 32.25484456485686 12.4
      vertex 113.0500417290484 32.50723483724193 12.4
    endloop
  endfacet
  facet normal 0.970031253194541 -0.2429801799032761 -1.5691048485764001e-19
    outer loop
      vertex 107.9499582709516 32.50723483724193 0
      vertex 108.01195512709626 32.7547401608616 0
      vertex 108.01195512709626 32.7547401608616 12.4
    endloop
  endfacet
  facet normal 0.9415440651830218 -0.33688985339221683 3.143464086819166e-19
    outer loop
      vertex 108.01195512709626 32.7547401608616 0
      vertex 108.09791321547065 32.994976924149235 0
      vertex 108.09791321547065 32.994976924149235 12.4
    endloop
  endfacet
  facet normal 0.9039892931234517 -0.42755509343026443 2.86581659745067e-19
    outer loop
      vertex 108.09791321547065 32.994976924149235 0
      vertex 108.20700471269427 33.225631515747594 0
      vertex 108.20700471269427 33.225631515747594 12.4
    endloop
  endfacet
  facet normal 0.8577286100002582 -0.5141027441932448 -3.015884367668543e-19
    outer loop
      vertex 108.20700471269427 33.225631515747594 0
      vertex 108.33817900801338 33.444482605850965 0
      vertex 108.33817900801338 33.444482605850965 12.4
    endloop
  endfacet
  facet normal 0.8032075314806593 -0.5956993044924139 3.4823369461691846e-19
    outer loop
      vertex 108.33817900801338 33.444482605850965 0
      vertex 108.49017282125688 33.649422538825476 0
      vertex 108.49017282125688 33.649422538825476 12.4
    endloop
  endfacet
  facet normal 0.7409511253549623 -0.6715589548470149 9.293274968400557e-19
    outer loop
      vertex 108.49017282125688 33.649422538825476 0
      vertex 108.66152236891497 33.83847763108503 0
      vertex 108.66152236891497 33.83847763108503 12.4
    endloop
  endfacet
  facet normal 0.6715589548469997 -0.7409511253549762 0
    outer loop
      vertex 108.85057746117452 34.009827178743116 0
      vertex 108.85057746117452 34.009827178743116 12.4
      vertex 108.66152236891497 33.83847763108503 0
    endloop
  endfacet
  facet normal 0.5956993044924319 -0.803207531480646 0
    outer loop
      vertex 109.05551739414904 34.161820991986616 0
      vertex 109.05551739414904 34.161820991986616 12.4
      vertex 108.85057746117452 34.009827178743116 0
    endloop
  endfacet
  facet normal 0.5141027441932243 -0.8577286100002706 0
    outer loop
      vertex 109.2743684842524 34.29299528730572 0
      vertex 109.2743684842524 34.29299528730572 12.4
      vertex 109.05551739414904 34.161820991986616 0
    endloop
  endfacet
  facet normal 0.4275550934302764 -0.903989293123446 0
    outer loop
      vertex 109.50502307585077 34.402086784529345 0
      vertex 109.50502307585077 34.402086784529345 12.4
      vertex 109.2743684842524 34.29299528730572 0
    endloop
  endfacet
  facet normal 0.33688985339222566 -0.9415440651830187 0
    outer loop
      vertex 109.7452598391384 34.48804487290374 0
      vertex 109.7452598391384 34.48804487290374 12.4
      vertex 109.50502307585077 34.402086784529345 0
    endloop
  endfacet
  facet normal 0.24298017990328266 -0.9700312531945393 0
    outer loop
      vertex 109.99276516275806 34.5500417290484 0
      vertex 109.99276516275806 34.5500417290484 12.4
      vertex 109.7452598391384 34.48804487290374 0
    endloop
  endfacet
  facet normal 0.1467304744553354 -0.9891765099647849 0
    outer loop
      vertex 110.24515543514315 34.58748028934771 0
      vertex 110.24515543514315 34.58748028934771 12.4
      vertex 109.99276516275806 34.5500417290484 0
    endloop
  endfacet
  facet normal 0.049067674327433544 -0.9987954562051717 0
    outer loop
      vertex 110.5 34.6 0
      vertex 110.5 34.6 12.4
      vertex 110.24515543514315 34.58748028934771 0
    endloop
  endfacet
  facet normal -0.24298017990328266 -0.9700312531945393 0
    outer loop
      vertex 111.2547401608616 34.48804487290374 0
      vertex 111.2547401608616 34.48804487290374 12.4
      vertex 111.00723483724194 34.5500417290484 0
    endloop
  endfacet
  facet normal -0.33688985339222566 -0.9415440651830187 0
    outer loop
      vertex 111.49497692414923 34.402086784529345 0
      vertex 111.49497692414923 34.402086784529345 12.4
      vertex 111.2547401608616 34.48804487290374 0
    endloop
  endfacet
  facet normal -0.7409511253549623 -0.6715589548470149 -9.293274968400557e-19
    outer loop
      vertex 112.33847763108503 33.83847763108503 0
      vertex 112.50982717874312 33.649422538825476 0
      vertex 112.50982717874312 33.649422538825476 12.4
    endloop
  endfacet
  facet normal -0.6715589548469997 -0.7409511253549762 3.699305188175354e-19
    outer loop
      vertex 112.14942253882548 34.009827178743116 0
      vertex 112.33847763108503 33.83847763108503 0
      vertex 112.33847763108503 33.83847763108503 12.4
    endloop
  endfacet
  facet normal -0.5141027441932243 -0.8577286100002706 0
    outer loop
      vertex 111.94448260585096 34.161820991986616 0
      vertex 111.94448260585096 34.161820991986616 12.4
      vertex 111.7256315157476 34.29299528730572 0
    endloop
  endfacet
  facet normal -0.4275550934302764 -0.903989293123446 0
    outer loop
      vertex 111.7256315157476 34.29299528730572 0
      vertex 111.7256315157476 34.29299528730572 12.4
      vertex 111.49497692414923 34.402086784529345 0
    endloop
  endfacet
  facet normal -0.5956993044924319 -0.803207531480646 0
    outer loop
      vertex 112.14942253882548 34.009827178743116 0
      vertex 112.14942253882548 34.009827178743116 12.4
      vertex 111.94448260585096 34.161820991986616 0
    endloop
  endfacet
  facet normal -0.970031253194541 -0.2429801799032761 1.5691048485764001e-19
    outer loop
      vertex 112.98804487290374 32.7547401608616 0
      vertex 113.0500417290484 32.50723483724193 0
      vertex 113.0500417290484 32.50723483724193 12.4
    endloop
  endfacet
  facet normal -0.9415440651830218 -0.33688985339221683 -3.143464086819166e-19
    outer loop
      vertex 112.90208678452935 32.994976924149235 0
      vertex 112.98804487290374 32.7547401608616 0
      vertex 112.98804487290374 32.7547401608616 12.4
    endloop
  endfacet
  facet normal -0.9039892931234517 -0.42755509343026443 -2.86581659745067e-19
    outer loop
      vertex 112.79299528730573 33.225631515747594 0
      vertex 112.90208678452935 32.994976924149235 0
      vertex 112.90208678452935 32.994976924149235 12.4
    endloop
  endfacet
  facet normal -0.8032075314806593 -0.5956993044924139 -3.4823369461691846e-19
    outer loop
      vertex 112.50982717874312 33.649422538825476 0
      vertex 112.66182099198662 33.444482605850965 0
      vertex 112.66182099198662 33.444482605850965 12.4
    endloop
  endfacet
  facet normal -0.8577286100002582 -0.5141027441932448 3.015884367668543e-19
    outer loop
      vertex 112.66182099198662 33.444482605850965 0
      vertex 112.79299528730573 33.225631515747594 0
      vertex 112.79299528730573 33.225631515747594 12.4
    endloop
  endfacet
  facet normal -0.049067674327433544 -0.9987954562051717 0
    outer loop
      vertex 110.75484456485685 34.58748028934771 0
      vertex 110.75484456485685 34.58748028934771 12.4
      vertex 110.5 34.6 0
    endloop
  endfacet
  facet normal -0.1467304744553354 -0.9891765099647849 0
    outer loop
      vertex 111.00723483724194 34.5500417290484 0
      vertex 111.00723483724194 34.5500417290484 12.4
      vertex 110.75484456485685 34.58748028934771 0
    endloop
  endfacet
  facet normal 0.970031253194541 -0.2429801799032761 0
    outer loop
      vertex 107.9499582709516 32.50723483724193 0
      vertex 108.01195512709626 32.7547401608616 12.4
      vertex 107.9499582709516 32.50723483724193 12.4
    endloop
  endfacet
  facet normal 0.9415440651830218 -0.33688985339221683 0
    outer loop
      vertex 108.01195512709626 32.7547401608616 0
      vertex 108.09791321547065 32.994976924149235 12.4
      vertex 108.01195512709626 32.7547401608616 12.4
    endloop
  endfacet
  facet normal 0.9039892931234517 -0.42755509343026443 0
    outer loop
      vertex 108.09791321547065 32.994976924149235 0
      vertex 108.20700471269427 33.225631515747594 12.4
      vertex 108.09791321547065 32.994976924149235 12.4
    endloop
  endfacet
  facet normal 0.8577286100002582 -0.5141027441932448 -3.015884367668543e-19
    outer loop
      vertex 108.33817900801338 33.444482605850965 12.4
      vertex 108.20700471269427 33.225631515747594 12.4
      vertex 108.20700471269427 33.225631515747594 0
    endloop
  endfacet
  facet normal 0.8032075314806593 -0.5956993044924139 0
    outer loop
      vertex 108.33817900801338 33.444482605850965 0
      vertex 108.49017282125688 33.649422538825476 12.4
      vertex 108.33817900801338 33.444482605850965 12.4
    endloop
  endfacet
  facet normal 0.7409511253549623 -0.6715589548470149 0
    outer loop
      vertex 108.49017282125688 33.649422538825476 0
      vertex 108.66152236891497 33.83847763108503 12.4
      vertex 108.49017282125688 33.649422538825476 12.4
    endloop
  endfacet
  facet normal 0.6715589548469997 -0.7409511253549762 0
    outer loop
      vertex 108.66152236891497 33.83847763108503 0
      vertex 108.85057746117452 34.009827178743116 12.4
      vertex 108.66152236891497 33.83847763108503 12.4
    endloop
  endfacet
  facet normal 0.5956993044924319 -0.803207531480646 0
    outer loop
      vertex 108.85057746117452 34.009827178743116 0
      vertex 109.05551739414904 34.161820991986616 12.4
      vertex 108.85057746117452 34.009827178743116 12.4
    endloop
  endfacet
  facet normal 0.5141027441932243 -0.8577286100002706 0
    outer loop
      vertex 109.05551739414904 34.161820991986616 0
      vertex 109.2743684842524 34.29299528730572 12.4
      vertex 109.05551739414904 34.161820991986616 12.4
    endloop
  endfacet
  facet normal 0.4275550934302764 -0.903989293123446 0
    outer loop
      vertex 109.2743684842524 34.29299528730572 0
      vertex 109.50502307585077 34.402086784529345 12.4
      vertex 109.2743684842524 34.29299528730572 12.4
    endloop
  endfacet
  facet normal 0.33688985339222566 -0.9415440651830187 0
    outer loop
      vertex 109.50502307585077 34.402086784529345 0
      vertex 109.7452598391384 34.48804487290374 12.4
      vertex 109.50502307585077 34.402086784529345 12.4
    endloop
  endfacet
  facet normal 0.24298017990328266 -0.9700312531945393 0
    outer loop
      vertex 109.7452598391384 34.48804487290374 0
      vertex 109.99276516275806 34.5500417290484 12.4
      vertex 109.7452598391384 34.48804487290374 12.4
    endloop
  endfacet
  facet normal 0.1467304744553354 -0.9891765099647849 0
    outer loop
      vertex 109.99276516275806 34.5500417290484 0
      vertex 110.24515543514315 34.58748028934771 12.4
      vertex 109.99276516275806 34.5500417290484 12.4
    endloop
  endfacet
  facet normal 0.049067674327433544 -0.9987954562051717 0
    outer loop
      vertex 110.24515543514315 34.58748028934771 0
      vertex 110.5 34.6 12.4
      vertex 110.24515543514315 34.58748028934771 12.4
    endloop
  endfacet
  facet normal -0.049067674327433544 -0.9987954562051717 0
    outer loop
      vertex 110.5 34.6 0
      vertex 110.75484456485685 34.58748028934771 12.4
      vertex 110.5 34.6 12.4
    endloop
  endfacet
  facet normal -0.24298017990328266 -0.9700312531945393 0
    outer loop
      vertex 111.00723483724194 34.5500417290484 0
      vertex 111.2547401608616 34.48804487290374 12.4
      vertex 111.00723483724194 34.5500417290484 12.4
    endloop
  endfacet
  facet normal -0.33688985339222566 -0.9415440651830187 0
    outer loop
      vertex 111.2547401608616 34.48804487290374 0
      vertex 111.49497692414923 34.402086784529345 12.4
      vertex 111.2547401608616 34.48804487290374 12.4
    endloop
  endfacet
  facet normal -0.6715589548469997 -0.7409511253549762 0
    outer loop
      vertex 112.14942253882548 34.009827178743116 0
      vertex 112.33847763108503 33.83847763108503 12.4
      vertex 112.14942253882548 34.009827178743116 12.4
    endloop
  endfacet
  facet normal -0.7409511253549623 -0.6715589548470149 -9.293274968400557e-19
    outer loop
      vertex 112.50982717874312 33.649422538825476 12.4
      vertex 112.33847763108503 33.83847763108503 12.4
      vertex 112.33847763108503 33.83847763108503 0
    endloop
  endfacet
  facet normal -0.5141027441932243 -0.8577286100002706 0
    outer loop
      vertex 111.7256315157476 34.29299528730572 0
      vertex 111.94448260585096 34.161820991986616 12.4
      vertex 111.7256315157476 34.29299528730572 12.4
    endloop
  endfacet
  facet normal -0.4275550934302764 -0.903989293123446 0
    outer loop
      vertex 111.49497692414923 34.402086784529345 0
      vertex 111.7256315157476 34.29299528730572 12.4
      vertex 111.49497692414923 34.402086784529345 12.4
    endloop
  endfacet
  facet normal -0.5956993044924319 -0.803207531480646 0
    outer loop
      vertex 111.94448260585096 34.161820991986616 0
      vertex 112.14942253882548 34.009827178743116 12.4
      vertex 111.94448260585096 34.161820991986616 12.4
    endloop
  endfacet
  facet normal -0.970031253194541 -0.2429801799032761 0
    outer loop
      vertex 112.98804487290374 32.7547401608616 0
      vertex 113.0500417290484 32.50723483724193 12.4
      vertex 112.98804487290374 32.7547401608616 12.4
    endloop
  endfacet
  facet normal -0.9415440651830218 -0.33688985339221683 0
    outer loop
      vertex 112.90208678452935 32.994976924149235 0
      vertex 112.98804487290374 32.7547401608616 12.4
      vertex 112.90208678452935 32.994976924149235 12.4
    endloop
  endfacet
  facet normal -0.9039892931234517 -0.42755509343026443 -2.86581659745067e-19
    outer loop
      vertex 112.90208678452935 32.994976924149235 12.4
      vertex 112.79299528730573 33.225631515747594 12.4
      vertex 112.79299528730573 33.225631515747594 0
    endloop
  endfacet
  facet normal -0.8577286100002582 -0.5141027441932448 0
    outer loop
      vertex 112.66182099198662 33.444482605850965 0
      vertex 112.79299528730573 33.225631515747594 12.4
      vertex 112.66182099198662 33.444482605850965 12.4
    endloop
  endfacet
  facet normal -0.8032075314806593 -0.5956993044924139 0
    outer loop
      vertex 112.50982717874312 33.649422538825476 0
      vertex 112.66182099198662 33.444482605850965 12.4
      vertex 112.50982717874312 33.649422538825476 12.4
    endloop
  endfacet
  facet normal -0.1467304744553354 -0.9891765099647849 0
    outer loop
      vertex 110.75484456485685 34.58748028934771 0
      vertex 111.00723483724194 34.5500417290484 12.4
      vertex 110.75484456485685 34.58748028934771 12.4
    endloop
  endfacet
  facet normal 0.6715589548469997 0.7409511253549762 0
    outer loop
      vertex 104.8539105243401 39.353910524340094 0
      vertex 104.8539105243401 39.353910524340094 12.4
      vertex 105.04296561659964 39.182560976682005 0
    endloop
  endfacet
  facet normal 0.7409511253549623 0.6715589548470149 -9.293274968400557e-19
    outer loop
      vertex 104.8539105243401 39.353910524340094 0
      vertex 104.682560976682 39.542965616599645 0
      vertex 104.682560976682 39.542965616599645 12.4
    endloop
  endfacet
  facet normal 0.970031253194541 0.2429801799032761 1.5691048485764001e-19
    outer loop
      vertex 104.20434328252138 40.43764799456352 0
      vertex 104.14234642637672 40.68515331818319 0
      vertex 104.14234642637672 40.68515331818319 12.4
    endloop
  endfacet
  facet normal 0.8032075314806593 0.5956993044924139 -3.4823369461691846e-19
    outer loop
      vertex 104.682560976682 39.542965616599645 0
      vertex 104.5305671634385 39.747905549574156 0
      vertex 104.5305671634385 39.747905549574156 12.4
    endloop
  endfacet
  facet normal 0.8577286100002582 0.5141027441932448 3.015884367668543e-19
    outer loop
      vertex 104.5305671634385 39.747905549574156 0
      vertex 104.39939286811939 39.96675663967753 0
      vertex 104.39939286811939 39.96675663967753 12.4
    endloop
  endfacet
  facet normal 0.9039892931234517 0.42755509343026443 -2.86581659745067e-19
    outer loop
      vertex 104.39939286811939 39.96675663967753 0
      vertex 104.29030137089578 40.197411231275886 0
      vertex 104.29030137089578 40.197411231275886 12.4
    endloop
  endfacet
  facet normal 0.9415440651830218 0.33688985339221683 -3.143464086819166e-19
    outer loop
      vertex 104.29030137089578 40.197411231275886 0
      vertex 104.20434328252138 40.43764799456352 0
      vertex 104.20434328252138 40.43764799456352 12.4
    endloop
  endfacet
  facet normal 0.5141027441932243 0.8577286100002706 0
    outer loop
      vertex 105.24790554957416 39.030567163438505 0
      vertex 105.24790554957416 39.030567163438505 12.4
      vertex 105.46675663967753 38.8993928681194 0
    endloop
  endfacet
  facet normal 0.4275550934302764 0.903989293123446 0
    outer loop
      vertex 105.46675663967753 38.8993928681194 0
      vertex 105.46675663967753 38.8993928681194 12.4
      vertex 105.6974112312759 38.790301370895776 0
    endloop
  endfacet
  facet normal 0.33688985339222566 0.9415440651830187 0
    outer loop
      vertex 105.6974112312759 38.790301370895776 0
      vertex 105.6974112312759 38.790301370895776 12.4
      vertex 105.93764799456352 38.70434328252138 0
    endloop
  endfacet
  facet normal 0.5956993044924319 0.803207531480646 0
    outer loop
      vertex 105.04296561659964 39.182560976682005 0
      vertex 105.04296561659964 39.182560976682005 12.4
      vertex 105.24790554957416 39.030567163438505 0
    endloop
  endfacet
  facet normal 0.24298017990328266 0.9700312531945393 0
    outer loop
      vertex 105.93764799456352 38.70434328252138 0
      vertex 105.93764799456352 38.70434328252138 12.4
      vertex 106.18515331818318 38.64234642637672 0
    endloop
  endfacet
  facet normal 0.1467304744553354 0.9891765099647849 0
    outer loop
      vertex 106.18515331818318 38.64234642637672 0
      vertex 106.18515331818318 38.64234642637672 12.4
      vertex 106.43754359056827 38.60490786607741 0
    endloop
  endfacet
  facet normal 0.049067674327433544 0.9987954562051717 0
    outer loop
      vertex 106.43754359056827 38.60490786607741 0
      vertex 106.43754359056827 38.60490786607741 12.4
      vertex 106.69238815542512 38.59238815542512 0
    endloop
  endfacet
  facet normal -0.049067674327433544 0.9987954562051717 0
    outer loop
      vertex 106.69238815542512 38.59238815542512 0
      vertex 106.69238815542512 38.59238815542512 12.4
      vertex 106.94723272028197 38.60490786607741 0
    endloop
  endfacet
  facet normal -0.1467304744553354 0.9891765099647849 0
    outer loop
      vertex 106.94723272028197 38.60490786607741 0
      vertex 106.94723272028197 38.60490786607741 12.4
      vertex 107.19962299266706 38.64234642637672 0
    endloop
  endfacet
  facet normal -0.24298017990328266 0.9700312531945393 0
    outer loop
      vertex 107.19962299266706 38.64234642637672 0
      vertex 107.19962299266706 38.64234642637672 12.4
      vertex 107.44712831628672 38.70434328252138 0
    endloop
  endfacet
  facet normal -0.33688985339222566 0.9415440651830187 0
    outer loop
      vertex 107.44712831628672 38.70434328252138 0
      vertex 107.44712831628672 38.70434328252138 12.4
      vertex 107.68736507957435 38.790301370895776 0
    endloop
  endfacet
  facet normal -0.4275550934302764 0.903989293123446 0
    outer loop
      vertex 107.68736507957435 38.790301370895776 0
      vertex 107.68736507957435 38.790301370895776 12.4
      vertex 107.91801967117271 38.8993928681194 0
    endloop
  endfacet
  facet normal -0.5141027441932243 0.8577286100002706 0
    outer loop
      vertex 107.91801967117271 38.8993928681194 0
      vertex 107.91801967117271 38.8993928681194 12.4
      vertex 108.13687076127609 39.030567163438505 0
    endloop
  endfacet
  facet normal -0.5956993044924319 0.803207531480646 0
    outer loop
      vertex 108.13687076127609 39.030567163438505 0
      vertex 108.13687076127609 39.030567163438505 12.4
      vertex 108.3418106942506 39.182560976682005 0
    endloop
  endfacet
  facet normal -0.6715589548469997 0.7409511253549762 0
    outer loop
      vertex 108.3418106942506 39.182560976682005 0
      vertex 108.3418106942506 39.182560976682005 12.4
      vertex 108.53086578651015 39.353910524340094 0
    endloop
  endfacet
  facet normal -0.7409511253549623 0.6715589548470149 0
    outer loop
      vertex 108.53086578651015 39.353910524340094 0
      vertex 108.53086578651015 39.353910524340094 12.4
      vertex 108.70221533416824 39.542965616599645 0
    endloop
  endfacet
  facet normal -0.8032075314806593 0.5956993044924139 3.4823369461691846e-19
    outer loop
      vertex 108.85420914741174 39.747905549574156 0
      vertex 108.70221533416824 39.542965616599645 0
      vertex 108.70221533416824 39.542965616599645 12.4
    endloop
  endfacet
  facet normal -0.8577286100002582 0.5141027441932448 -3.015884367668543e-19
    outer loop
      vertex 108.98538344273085 39.96675663967753 0
      vertex 108.85420914741174 39.747905549574156 0
      vertex 108.85420914741174 39.747905549574156 12.4
    endloop
  endfacet
  facet normal -0.9039892931234517 0.42755509343026443 2.86581659745067e-19
    outer loop
      vertex 109.09447493995447 40.197411231275886 0
      vertex 108.98538344273085 39.96675663967753 0
      vertex 108.98538344273085 39.96675663967753 12.4
    endloop
  endfacet
  facet normal -0.9415440651830218 0.33688985339221683 3.143464086819166e-19
    outer loop
      vertex 109.18043302832886 40.43764799456352 0
      vertex 109.09447493995447 40.197411231275886 0
      vertex 109.09447493995447 40.197411231275886 12.4
    endloop
  endfacet
  facet normal -0.970031253194541 0.2429801799032761 -1.5691048485764001e-19
    outer loop
      vertex 109.24242988447352 40.68515331818319 0
      vertex 109.18043302832886 40.43764799456352 0
      vertex 109.18043302832886 40.43764799456352 12.4
    endloop
  endfacet
  facet normal 0.9891765099647837 0.1467304744553435 2.6312147305653597e-19
    outer loop
      vertex 104.14234642637672 40.68515331818319 0
      vertex 104.10490786607741 40.93754359056826 0
      vertex 104.10490786607741 40.93754359056826 12.4
    endloop
  endfacet
  facet normal 0.9987954562051731 0.04906767432740439 3.860946138082204e-20
    outer loop
      vertex 104.10490786607741 40.93754359056826 0
      vertex 104.09238815542513 41.19238815542512 0
      vertex 104.09238815542513 41.19238815542512 12.4
    endloop
  endfacet
  facet normal 0.9987954562051731 -0.04906767432740439 -3.860946138082204e-20
    outer loop
      vertex 104.09238815542513 41.19238815542512 0
      vertex 104.10490786607741 41.44723272028198 0
      vertex 104.10490786607741 41.44723272028198 12.4
    endloop
  endfacet
  facet normal 0.9891765099647837 -0.1467304744553435 -2.6312147305653597e-19
    outer loop
      vertex 104.10490786607741 41.44723272028198 0
      vertex 104.14234642637672 41.69962299266705 0
      vertex 104.14234642637672 41.69962299266705 12.4
    endloop
  endfacet
  facet normal 0.970031253194541 -0.2429801799032761 -1.5691048485764001e-19
    outer loop
      vertex 104.14234642637672 41.69962299266705 0
      vertex 104.20434328252138 41.94712831628672 0
      vertex 104.20434328252138 41.94712831628672 12.4
    endloop
  endfacet
  facet normal 0.9415440651830218 -0.33688985339221683 3.143464086819166e-19
    outer loop
      vertex 104.20434328252138 41.94712831628672 0
      vertex 104.29030137089578 42.187365079574356 0
      vertex 104.29030137089578 42.187365079574356 12.4
    endloop
  endfacet
  facet normal 0.9039892931234517 -0.42755509343026443 2.86581659745067e-19
    outer loop
      vertex 104.29030137089578 42.187365079574356 0
      vertex 104.39939286811939 42.418019671172715 0
      vertex 104.39939286811939 42.418019671172715 12.4
    endloop
  endfacet
  facet normal 0.8577286100002582 -0.5141027441932448 -3.015884367668543e-19
    outer loop
      vertex 104.39939286811939 42.418019671172715 0
      vertex 104.5305671634385 42.636870761276086 0
      vertex 104.5305671634385 42.636870761276086 12.4
    endloop
  endfacet
  facet normal 0.8032075314806593 -0.5956993044924139 3.4823369461691846e-19
    outer loop
      vertex 104.5305671634385 42.636870761276086 0
      vertex 104.682560976682 42.8418106942506 0
      vertex 104.682560976682 42.8418106942506 12.4
    endloop
  endfacet
  facet normal 0.7409511253549623 -0.6715589548470149 9.293274968400557e-19
    outer loop
      vertex 104.682560976682 42.8418106942506 0
      vertex 104.8539105243401 43.03086578651015 0
      vertex 104.8539105243401 43.03086578651015 12.4
    endloop
  endfacet
  facet normal 0.6715589548469997 -0.7409511253549762 0
    outer loop
      vertex 105.04296561659964 43.20221533416824 0
      vertex 105.04296561659964 43.20221533416824 12.4
      vertex 104.8539105243401 43.03086578651015 0
    endloop
  endfacet
  facet normal 0.5956993044924319 -0.803207531480646 0
    outer loop
      vertex 105.24790554957416 43.35420914741174 0
      vertex 105.24790554957416 43.35420914741174 12.4
      vertex 105.04296561659964 43.20221533416824 0
    endloop
  endfacet
  facet normal 0.5141027441932243 -0.8577286100002706 0
    outer loop
      vertex 105.46675663967753 43.48538344273084 0
      vertex 105.46675663967753 43.48538344273084 12.4
      vertex 105.24790554957416 43.35420914741174 0
    endloop
  endfacet
  facet normal 0.4275550934302764 -0.903989293123446 0
    outer loop
      vertex 105.6974112312759 43.594474939954466 0
      vertex 105.6974112312759 43.594474939954466 12.4
      vertex 105.46675663967753 43.48538344273084 0
    endloop
  endfacet
  facet normal 0.33688985339222566 -0.9415440651830187 0
    outer loop
      vertex 105.93764799456352 43.68043302832886 0
      vertex 105.93764799456352 43.68043302832886 12.4
      vertex 105.6974112312759 43.594474939954466 0
    endloop
  endfacet
  facet normal 0.24298017990328266 -0.9700312531945393 0
    outer loop
      vertex 106.18515331818318 43.74242988447352 0
      vertex 106.18515331818318 43.74242988447352 12.4
      vertex 105.93764799456352 43.68043302832886 0
    endloop
  endfacet
  facet normal 0.1467304744553354 -0.9891765099647849 0
    outer loop
      vertex 106.43754359056827 43.77986844477283 0
      vertex 106.43754359056827 43.77986844477283 12.4
      vertex 106.18515331818318 43.74242988447352 0
    endloop
  endfacet
  facet normal 0.049067674327433544 -0.9987954562051717 0
    outer loop
      vertex 106.69238815542512 43.79238815542512 0
      vertex 106.69238815542512 43.79238815542512 12.4
      vertex 106.43754359056827 43.77986844477283 0
    endloop
  endfacet
  facet normal -0.049067674327433544 -0.9987954562051717 0
    outer loop
      vertex 106.94723272028197 43.77986844477283 0
      vertex 106.94723272028197 43.77986844477283 12.4
      vertex 106.69238815542512 43.79238815542512 0
    endloop
  endfacet
  facet normal -0.9891765099647837 0.1467304744553435 -2.6312147305653597e-19
    outer loop
      vertex 109.27986844477283 40.93754359056826 0
      vertex 109.24242988447352 40.68515331818319 0
      vertex 109.24242988447352 40.68515331818319 12.4
    endloop
  endfacet
  facet normal -0.9987954562051731 0.04906767432740439 -3.860946138082204e-20
    outer loop
      vertex 109.29238815542512 41.19238815542512 0
      vertex 109.27986844477283 40.93754359056826 0
      vertex 109.27986844477283 40.93754359056826 12.4
    endloop
  endfacet
  facet normal -0.9987954562051731 -0.04906767432740439 3.860946138082204e-20
    outer loop
      vertex 109.27986844477283 41.44723272028198 0
      vertex 109.29238815542512 41.19238815542512 0
      vertex 109.29238815542512 41.19238815542512 12.4
    endloop
  endfacet
  facet normal -0.9891765099647837 -0.1467304744553435 2.6312147305653597e-19
    outer loop
      vertex 109.24242988447352 41.69962299266705 0
      vertex 109.27986844477283 41.44723272028198 0
      vertex 109.27986844477283 41.44723272028198 12.4
    endloop
  endfacet
  facet normal -0.970031253194541 -0.2429801799032761 1.5691048485764001e-19
    outer loop
      vertex 109.18043302832886 41.94712831628672 0
      vertex 109.24242988447352 41.69962299266705 0
      vertex 109.24242988447352 41.69962299266705 12.4
    endloop
  endfacet
  facet normal -0.9415440651830218 -0.33688985339221683 -3.143464086819166e-19
    outer loop
      vertex 109.09447493995447 42.187365079574356 0
      vertex 109.18043302832886 41.94712831628672 0
      vertex 109.18043302832886 41.94712831628672 12.4
    endloop
  endfacet
  facet normal -0.9039892931234517 -0.42755509343026443 -2.86581659745067e-19
    outer loop
      vertex 108.98538344273085 42.418019671172715 0
      vertex 109.09447493995447 42.187365079574356 0
      vertex 109.09447493995447 42.187365079574356 12.4
    endloop
  endfacet
  facet normal -0.8577286100002582 -0.5141027441932448 3.015884367668543e-19
    outer loop
      vertex 108.85420914741174 42.636870761276086 0
      vertex 108.98538344273085 42.418019671172715 0
      vertex 108.98538344273085 42.418019671172715 12.4
    endloop
  endfacet
  facet normal -0.33688985339222566 -0.9415440651830187 0
    outer loop
      vertex 107.68736507957435 43.594474939954466 0
      vertex 107.68736507957435 43.594474939954466 12.4
      vertex 107.44712831628672 43.68043302832886 0
    endloop
  endfacet
  facet normal -0.4275550934302764 -0.903989293123446 0
    outer loop
      vertex 107.91801967117271 43.48538344273084 0
      vertex 107.91801967117271 43.48538344273084 12.4
      vertex 107.68736507957435 43.594474939954466 0
    endloop
  endfacet
  facet normal -0.7409511253549623 -0.6715589548470149 -9.293274968400557e-19
    outer loop
      vertex 108.53086578651015 43.03086578651015 0
      vertex 108.70221533416824 42.8418106942506 0
      vertex 108.70221533416824 42.8418106942506 12.4
    endloop
  endfacet
  facet normal -0.6715589548469997 -0.7409511253549762 3.699305188175354e-19
    outer loop
      vertex 108.3418106942506 43.20221533416824 0
      vertex 108.53086578651015 43.03086578651015 0
      vertex 108.53086578651015 43.03086578651015 12.4
    endloop
  endfacet
  facet normal -0.5141027441932243 -0.8577286100002706 0
    outer loop
      vertex 108.13687076127609 43.35420914741174 0
      vertex 108.13687076127609 43.35420914741174 12.4
      vertex 107.91801967117271 43.48538344273084 0
    endloop
  endfacet
  facet normal -0.5956993044924319 -0.803207531480646 0
    outer loop
      vertex 108.3418106942506 43.20221533416824 0
      vertex 108.3418106942506 43.20221533416824 12.4
      vertex 108.13687076127609 43.35420914741174 0
    endloop
  endfacet
  facet normal -0.1467304744553354 -0.9891765099647849 0
    outer loop
      vertex 107.19962299266706 43.74242988447352 0
      vertex 107.19962299266706 43.74242988447352 12.4
      vertex 106.94723272028197 43.77986844477283 0
    endloop
  endfacet
  facet normal -0.24298017990328266 -0.9700312531945393 0
    outer loop
      vertex 107.44712831628672 43.68043302832886 0
      vertex 107.44712831628672 43.68043302832886 12.4
      vertex 107.19962299266706 43.74242988447352 0
    endloop
  endfacet
  facet normal -0.8032075314806593 -0.5956993044924139 -3.4823369461691846e-19
    outer loop
      vertex 108.70221533416824 42.8418106942506 0
      vertex 108.85420914741174 42.636870761276086 0
      vertex 108.85420914741174 42.636870761276086 12.4
    endloop
  endfacet
  facet normal 0.6715589548469997 0.7409511253549762 0
    outer loop
      vertex 105.04296561659964 39.182560976682005 0
      vertex 104.8539105243401 39.353910524340094 12.4
      vertex 105.04296561659964 39.182560976682005 12.4
    endloop
  endfacet
  facet normal 0.7409511253549623 0.6715589548470149 0
    outer loop
      vertex 104.8539105243401 39.353910524340094 0
      vertex 104.682560976682 39.542965616599645 12.4
      vertex 104.8539105243401 39.353910524340094 12.4
    endloop
  endfacet
  facet normal 0.8032075314806593 0.5956993044924139 0
    outer loop
      vertex 104.682560976682 39.542965616599645 0
      vertex 104.5305671634385 39.747905549574156 12.4
      vertex 104.682560976682 39.542965616599645 12.4
    endloop
  endfacet
  facet normal 0.8577286100002582 0.5141027441932448 0
    outer loop
      vertex 104.5305671634385 39.747905549574156 0
      vertex 104.39939286811939 39.96675663967753 12.4
      vertex 104.5305671634385 39.747905549574156 12.4
    endloop
  endfacet
  facet normal 0.9039892931234517 0.42755509343026443 -2.86581659745067e-19
    outer loop
      vertex 104.29030137089578 40.197411231275886 12.4
      vertex 104.39939286811939 39.96675663967753 12.4
      vertex 104.39939286811939 39.96675663967753 0
    endloop
  endfacet
  facet normal 0.9415440651830218 0.33688985339221683 0
    outer loop
      vertex 104.29030137089578 40.197411231275886 0
      vertex 104.20434328252138 40.43764799456352 12.4
      vertex 104.29030137089578 40.197411231275886 12.4
    endloop
  endfacet
  facet normal 0.970031253194541 0.2429801799032761 0
    outer loop
      vertex 104.20434328252138 40.43764799456352 0
      vertex 104.14234642637672 40.68515331818319 12.4
      vertex 104.20434328252138 40.43764799456352 12.4
    endloop
  endfacet
  facet normal 0.5956993044924319 0.803207531480646 0
    outer loop
      vertex 105.24790554957416 39.030567163438505 0
      vertex 105.04296561659964 39.182560976682005 12.4
      vertex 105.24790554957416 39.030567163438505 12.4
    endloop
  endfacet
  facet normal 0.5141027441932243 0.8577286100002706 0
    outer loop
      vertex 105.46675663967753 38.8993928681194 0
      vertex 105.24790554957416 39.030567163438505 12.4
      vertex 105.46675663967753 38.8993928681194 12.4
    endloop
  endfacet
  facet normal 0.4275550934302764 0.903989293123446 0
    outer loop
      vertex 105.6974112312759 38.790301370895776 0
      vertex 105.46675663967753 38.8993928681194 12.4
      vertex 105.6974112312759 38.790301370895776 12.4
    endloop
  endfacet
  facet normal 0.33688985339222566 0.9415440651830187 0
    outer loop
      vertex 105.93764799456352 38.70434328252138 0
      vertex 105.6974112312759 38.790301370895776 12.4
      vertex 105.93764799456352 38.70434328252138 12.4
    endloop
  endfacet
  facet normal 0.24298017990328266 0.9700312531945393 0
    outer loop
      vertex 106.18515331818318 38.64234642637672 0
      vertex 105.93764799456352 38.70434328252138 12.4
      vertex 106.18515331818318 38.64234642637672 12.4
    endloop
  endfacet
  facet normal 0.1467304744553354 0.9891765099647849 0
    outer loop
      vertex 106.43754359056827 38.60490786607741 0
      vertex 106.18515331818318 38.64234642637672 12.4
      vertex 106.43754359056827 38.60490786607741 12.4
    endloop
  endfacet
  facet normal 0.049067674327433544 0.9987954562051717 0
    outer loop
      vertex 106.69238815542512 38.59238815542512 0
      vertex 106.43754359056827 38.60490786607741 12.4
      vertex 106.69238815542512 38.59238815542512 12.4
    endloop
  endfacet
  facet normal -0.049067674327433544 0.9987954562051717 0
    outer loop
      vertex 106.94723272028197 38.60490786607741 0
      vertex 106.69238815542512 38.59238815542512 12.4
      vertex 106.94723272028197 38.60490786607741 12.4
    endloop
  endfacet
  facet normal -0.1467304744553354 0.9891765099647849 0
    outer loop
      vertex 107.19962299266706 38.64234642637672 0
      vertex 106.94723272028197 38.60490786607741 12.4
      vertex 107.19962299266706 38.64234642637672 12.4
    endloop
  endfacet
  facet normal -0.24298017990328266 0.9700312531945393 0
    outer loop
      vertex 107.44712831628672 38.70434328252138 0
      vertex 107.19962299266706 38.64234642637672 12.4
      vertex 107.44712831628672 38.70434328252138 12.4
    endloop
  endfacet
  facet normal -0.33688985339222566 0.9415440651830187 0
    outer loop
      vertex 107.68736507957435 38.790301370895776 0
      vertex 107.44712831628672 38.70434328252138 12.4
      vertex 107.68736507957435 38.790301370895776 12.4
    endloop
  endfacet
  facet normal -0.4275550934302764 0.903989293123446 0
    outer loop
      vertex 107.91801967117271 38.8993928681194 0
      vertex 107.68736507957435 38.790301370895776 12.4
      vertex 107.91801967117271 38.8993928681194 12.4
    endloop
  endfacet
  facet normal -0.5141027441932243 0.8577286100002706 0
    outer loop
      vertex 108.13687076127609 39.030567163438505 0
      vertex 107.91801967117271 38.8993928681194 12.4
      vertex 108.13687076127609 39.030567163438505 12.4
    endloop
  endfacet
  facet normal -0.5956993044924319 0.803207531480646 0
    outer loop
      vertex 108.3418106942506 39.182560976682005 0
      vertex 108.13687076127609 39.030567163438505 12.4
      vertex 108.3418106942506 39.182560976682005 12.4
    endloop
  endfacet
  facet normal -0.6715589548469997 0.7409511253549762 0
    outer loop
      vertex 108.53086578651015 39.353910524340094 0
      vertex 108.3418106942506 39.182560976682005 12.4
      vertex 108.53086578651015 39.353910524340094 12.4
    endloop
  endfacet
  facet normal -0.7409511253549623 0.6715589548470149 9.293274968400557e-19
    outer loop
      vertex 108.53086578651015 39.353910524340094 12.4
      vertex 108.70221533416824 39.542965616599645 12.4
      vertex 108.70221533416824 39.542965616599645 0
    endloop
  endfacet
  facet normal -0.8032075314806593 0.5956993044924139 0
    outer loop
      vertex 108.85420914741174 39.747905549574156 0
      vertex 108.70221533416824 39.542965616599645 12.4
      vertex 108.85420914741174 39.747905549574156 12.4
    endloop
  endfacet
  facet normal -0.8577286100002582 0.5141027441932448 0
    outer loop
      vertex 108.98538344273085 39.96675663967753 0
      vertex 108.85420914741174 39.747905549574156 12.4
      vertex 108.98538344273085 39.96675663967753 12.4
    endloop
  endfacet
  facet normal -0.9039892931234517 0.42755509343026443 0
    outer loop
      vertex 109.09447493995447 40.197411231275886 0
      vertex 108.98538344273085 39.96675663967753 12.4
      vertex 109.09447493995447 40.197411231275886 12.4
    endloop
  endfacet
  facet normal -0.9415440651830218 0.33688985339221683 0
    outer loop
      vertex 109.18043302832886 40.43764799456352 0
      vertex 109.09447493995447 40.197411231275886 12.4
      vertex 109.18043302832886 40.43764799456352 12.4
    endloop
  endfacet
  facet normal -0.970031253194541 0.2429801799032761 0
    outer loop
      vertex 109.24242988447352 40.68515331818319 0
      vertex 109.18043302832886 40.43764799456352 12.4
      vertex 109.24242988447352 40.68515331818319 12.4
    endloop
  endfacet
  facet normal 0.9891765099647837 0.1467304744553435 0
    outer loop
      vertex 104.14234642637672 40.68515331818319 0
      vertex 104.10490786607741 40.93754359056826 12.4
      vertex 104.14234642637672 40.68515331818319 12.4
    endloop
  endfacet
  facet normal 0.9987954562051731 0.04906767432740439 0
    outer loop
      vertex 104.10490786607741 40.93754359056826 0
      vertex 104.09238815542513 41.19238815542512 12.4
      vertex 104.10490786607741 40.93754359056826 12.4
    endloop
  endfacet
  facet normal 0.9987954562051731 -0.04906767432740439 0
    outer loop
      vertex 104.09238815542513 41.19238815542512 0
      vertex 104.10490786607741 41.44723272028198 12.4
      vertex 104.09238815542513 41.19238815542512 12.4
    endloop
  endfacet
  facet normal 0.9891765099647837 -0.1467304744553435 0
    outer loop
      vertex 104.10490786607741 41.44723272028198 0
      vertex 104.14234642637672 41.69962299266705 12.4
      vertex 104.10490786607741 41.44723272028198 12.4
    endloop
  endfacet
  facet normal 0.970031253194541 -0.2429801799032761 0
    outer loop
      vertex 104.14234642637672 41.69962299266705 0
      vertex 104.20434328252138 41.94712831628672 12.4
      vertex 104.14234642637672 41.69962299266705 12.4
    endloop
  endfacet
  facet normal 0.9415440651830218 -0.33688985339221683 3.143464086819166e-19
    outer loop
      vertex 104.29030137089578 42.187365079574356 12.4
      vertex 104.20434328252138 41.94712831628672 12.4
      vertex 104.20434328252138 41.94712831628672 0
    endloop
  endfacet
  facet normal 0.9039892931234517 -0.42755509343026443 0
    outer loop
      vertex 104.29030137089578 42.187365079574356 0
      vertex 104.39939286811939 42.418019671172715 12.4
      vertex 104.29030137089578 42.187365079574356 12.4
    endloop
  endfacet
  facet normal 0.8577286100002582 -0.5141027441932448 0
    outer loop
      vertex 104.39939286811939 42.418019671172715 0
      vertex 104.5305671634385 42.636870761276086 12.4
      vertex 104.39939286811939 42.418019671172715 12.4
    endloop
  endfacet
  facet normal 0.8032075314806593 -0.5956993044924139 0
    outer loop
      vertex 104.5305671634385 42.636870761276086 0
      vertex 104.682560976682 42.8418106942506 12.4
      vertex 104.5305671634385 42.636870761276086 12.4
    endloop
  endfacet
  facet normal 0.7409511253549623 -0.6715589548470149 0
    outer loop
      vertex 104.682560976682 42.8418106942506 0
      vertex 104.8539105243401 43.03086578651015 12.4
      vertex 104.682560976682 42.8418106942506 12.4
    endloop
  endfacet
  facet normal 0.6715589548469997 -0.7409511253549762 0
    outer loop
      vertex 104.8539105243401 43.03086578651015 0
      vertex 105.04296561659964 43.20221533416824 12.4
      vertex 104.8539105243401 43.03086578651015 12.4
    endloop
  endfacet
  facet normal 0.5956993044924319 -0.803207531480646 0
    outer loop
      vertex 105.04296561659964 43.20221533416824 0
      vertex 105.24790554957416 43.35420914741174 12.4
      vertex 105.04296561659964 43.20221533416824 12.4
    endloop
  endfacet
  facet normal 0.5141027441932243 -0.8577286100002706 0
    outer loop
      vertex 105.24790554957416 43.35420914741174 0
      vertex 105.46675663967753 43.48538344273084 12.4
      vertex 105.24790554957416 43.35420914741174 12.4
    endloop
  endfacet
  facet normal 0.4275550934302764 -0.903989293123446 0
    outer loop
      vertex 105.46675663967753 43.48538344273084 0
      vertex 105.6974112312759 43.594474939954466 12.4
      vertex 105.46675663967753 43.48538344273084 12.4
    endloop
  endfacet
  facet normal 0.33688985339222566 -0.9415440651830187 0
    outer loop
      vertex 105.6974112312759 43.594474939954466 0
      vertex 105.93764799456352 43.68043302832886 12.4
      vertex 105.6974112312759 43.594474939954466 12.4
    endloop
  endfacet
  facet normal 0.24298017990328266 -0.9700312531945393 0
    outer loop
      vertex 105.93764799456352 43.68043302832886 0
      vertex 106.18515331818318 43.74242988447352 12.4
      vertex 105.93764799456352 43.68043302832886 12.4
    endloop
  endfacet
  facet normal 0.1467304744553354 -0.9891765099647849 0
    outer loop
      vertex 106.18515331818318 43.74242988447352 0
      vertex 106.43754359056827 43.77986844477283 12.4
      vertex 106.18515331818318 43.74242988447352 12.4
    endloop
  endfacet
  facet normal 0.049067674327433544 -0.9987954562051717 0
    outer loop
      vertex 106.43754359056827 43.77986844477283 0
      vertex 106.69238815542512 43.79238815542512 12.4
      vertex 106.43754359056827 43.77986844477283 12.4
    endloop
  endfacet
  facet normal -0.049067674327433544 -0.9987954562051717 0
    outer loop
      vertex 106.69238815542512 43.79238815542512 0
      vertex 106.94723272028197 43.77986844477283 12.4
      vertex 106.69238815542512 43.79238815542512 12.4
    endloop
  endfacet
  facet normal -0.9891765099647837 0.1467304744553435 0
    outer loop
      vertex 109.27986844477283 40.93754359056826 0
      vertex 109.24242988447352 40.68515331818319 12.4
      vertex 109.27986844477283 40.93754359056826 12.4
    endloop
  endfacet
  facet normal -0.9987954562051731 0.04906767432740439 0
    outer loop
      vertex 109.29238815542512 41.19238815542512 0
      vertex 109.27986844477283 40.93754359056826 12.4
      vertex 109.29238815542512 41.19238815542512 12.4
    endloop
  endfacet
  facet normal -0.9987954562051731 -0.04906767432740439 0
    outer loop
      vertex 109.27986844477283 41.44723272028198 0
      vertex 109.29238815542512 41.19238815542512 12.4
      vertex 109.27986844477283 41.44723272028198 12.4
    endloop
  endfacet
  facet normal -0.9891765099647837 -0.1467304744553435 0
    outer loop
      vertex 109.24242988447352 41.69962299266705 0
      vertex 109.27986844477283 41.44723272028198 12.4
      vertex 109.24242988447352 41.69962299266705 12.4
    endloop
  endfacet
  facet normal -0.970031253194541 -0.2429801799032761 0
    outer loop
      vertex 109.18043302832886 41.94712831628672 0
      vertex 109.24242988447352 41.69962299266705 12.4
      vertex 109.18043302832886 41.94712831628672 12.4
    endloop
  endfacet
  facet normal -0.9415440651830218 -0.33688985339221683 0
    outer loop
      vertex 109.09447493995447 42.187365079574356 0
      vertex 109.18043302832886 41.94712831628672 12.4
      vertex 109.09447493995447 42.187365079574356 12.4
    endloop
  endfacet
  facet normal -0.9039892931234517 -0.42755509343026443 0
    outer loop
      vertex 108.98538344273085 42.418019671172715 0
      vertex 109.09447493995447 42.187365079574356 12.4
      vertex 108.98538344273085 42.418019671172715 12.4
    endloop
  endfacet
  facet normal -0.8577286100002582 -0.5141027441932448 0
    outer loop
      vertex 108.85420914741174 42.636870761276086 0
      vertex 108.98538344273085 42.418019671172715 12.4
      vertex 108.85420914741174 42.636870761276086 12.4
    endloop
  endfacet
  facet normal -0.33688985339222566 -0.9415440651830187 0
    outer loop
      vertex 107.44712831628672 43.68043302832886 0
      vertex 107.68736507957435 43.594474939954466 12.4
      vertex 107.44712831628672 43.68043302832886 12.4
    endloop
  endfacet
  facet normal -0.4275550934302764 -0.903989293123446 0
    outer loop
      vertex 107.68736507957435 43.594474939954466 0
      vertex 107.91801967117271 43.48538344273084 12.4
      vertex 107.68736507957435 43.594474939954466 12.4
    endloop
  endfacet
  facet normal -0.8032075314806593 -0.5956993044924139 0
    outer loop
      vertex 108.70221533416824 42.8418106942506 0
      vertex 108.85420914741174 42.636870761276086 12.4
      vertex 108.70221533416824 42.8418106942506 12.4
    endloop
  endfacet
  facet normal -0.6715589548469997 -0.7409511253549762 0
    outer loop
      vertex 108.3418106942506 43.20221533416824 0
      vertex 108.53086578651015 43.03086578651015 12.4
      vertex 108.3418106942506 43.20221533416824 12.4
    endloop
  endfacet
  facet normal -0.7409511253549623 -0.6715589548470149 0
    outer loop
      vertex 108.53086578651015 43.03086578651015 0
      vertex 108.70221533416824 42.8418106942506 12.4
      vertex 108.53086578651015 43.03086578651015 12.4
    endloop
  endfacet
  facet normal -0.5956993044924319 -0.803207531480646 0
    outer loop
      vertex 108.13687076127609 43.35420914741174 0
      vertex 108.3418106942506 43.20221533416824 12.4
      vertex 108.13687076127609 43.35420914741174 12.4
    endloop
  endfacet
  facet normal -0.5141027441932243 -0.8577286100002706 0
    outer loop
      vertex 107.91801967117271 43.48538344273084 0
      vertex 108.13687076127609 43.35420914741174 12.4
      vertex 107.91801967117271 43.48538344273084 12.4
    endloop
  endfacet
  facet normal -0.1467304744553354 -0.9891765099647849 0
    outer loop
      vertex 106.94723272028197 43.77986844477283 0
      vertex 107.19962299266706 43.74242988447352 12.4
      vertex 106.94723272028197 43.77986844477283 12.4
    endloop
  endfacet
  facet normal -0.24298017990328266 -0.9700312531945393 0
    outer loop
      vertex 107.19962299266706 43.74242988447352 0
      vertex 107.44712831628672 43.68043302832886 12.4
      vertex 107.19962299266706 43.74242988447352 12.4
    endloop
  endfacet
  facet normal 0.6715589548469997 0.7409511253549762 3.699305188175354e-19
    outer loop
      vertex 95.85057746117452 42.990172821256884 0
      vertex 95.66152236891497 43.16152236891497 0
      vertex 95.66152236891497 43.16152236891497 12.4
    endloop
  endfacet
  facet normal 0.8032075314806593 0.5956993044924139 -3.4823369461691846e-19
    outer loop
      vertex 95.49017282125688 43.350577461174524 0
      vertex 95.33817900801338 43.555517394149035 0
      vertex 95.33817900801338 43.555517394149035 12.4
    endloop
  endfacet
  facet normal 0.7409511253549623 0.6715589548470149 -9.293274968400557e-19
    outer loop
      vertex 95.66152236891497 43.16152236891497 0
      vertex 95.49017282125688 43.350577461174524 0
      vertex 95.49017282125688 43.350577461174524 12.4
    endloop
  endfacet
  facet normal 0.9891765099647837 0.1467304744553435 2.6312147305653597e-19
    outer loop
      vertex 94.9499582709516 44.49276516275807 0
      vertex 94.91251971065229 44.74515543514314 0
      vertex 94.91251971065229 44.74515543514314 12.4
    endloop
  endfacet
  facet normal 0.8577286100002582 0.5141027441932448 3.015884367668543e-19
    outer loop
      vertex 95.33817900801338 43.555517394149035 0
      vertex 95.20700471269427 43.774368484252406 0
      vertex 95.20700471269427 43.774368484252406 12.4
    endloop
  endfacet
  facet normal 0.9039892931234517 0.42755509343026443 -2.86581659745067e-19
    outer loop
      vertex 95.20700471269427 43.774368484252406 0
      vertex 95.09791321547065 44.005023075850765 0
      vertex 95.09791321547065 44.005023075850765 12.4
    endloop
  endfacet
  facet normal 0.9415440651830218 0.33688985339221683 -3.143464086819166e-19
    outer loop
      vertex 95.09791321547065 44.005023075850765 0
      vertex 95.01195512709626 44.2452598391384 0
      vertex 95.01195512709626 44.2452598391384 12.4
    endloop
  endfacet
  facet normal 0.970031253194541 0.2429801799032761 1.5691048485764001e-19
    outer loop
      vertex 95.01195512709626 44.2452598391384 0
      vertex 94.9499582709516 44.49276516275807 0
      vertex 94.9499582709516 44.49276516275807 12.4
    endloop
  endfacet
  facet normal 0.9987954562051731 0.04906767432740439 3.860946138082204e-20
    outer loop
      vertex 94.91251971065229 44.74515543514314 0
      vertex 94.9 45 0
      vertex 94.9 45 12.4
    endloop
  endfacet
  facet normal 0.9987954562051731 -0.04906767432740439 -3.860946138082204e-20
    outer loop
      vertex 94.9 45 0
      vertex 94.91251971065229 45.25484456485686 0
      vertex 94.91251971065229 45.25484456485686 12.4
    endloop
  endfacet
  facet normal 0.9891765099647837 -0.1467304744553435 -2.6312147305653597e-19
    outer loop
      vertex 94.91251971065229 45.25484456485686 0
      vertex 94.9499582709516 45.50723483724193 0
      vertex 94.9499582709516 45.50723483724193 12.4
    endloop
  endfacet
  facet normal 0.970031253194541 -0.2429801799032761 -1.5691048485764001e-19
    outer loop
      vertex 94.9499582709516 45.50723483724193 0
      vertex 95.01195512709626 45.7547401608616 0
      vertex 95.01195512709626 45.7547401608616 12.4
    endloop
  endfacet
  facet normal 0.9415440651830218 -0.33688985339221683 3.143464086819166e-19
    outer loop
      vertex 95.01195512709626 45.7547401608616 0
      vertex 95.09791321547065 45.994976924149235 0
      vertex 95.09791321547065 45.994976924149235 12.4
    endloop
  endfacet
  facet normal 0.9039892931234517 -0.42755509343026443 2.86581659745067e-19
    outer loop
      vertex 95.09791321547065 45.994976924149235 0
      vertex 95.20700471269427 46.225631515747594 0
      vertex 95.20700471269427 46.225631515747594 12.4
    endloop
  endfacet
  facet normal 0.8577286100002582 -0.5141027441932448 -3.015884367668543e-19
    outer loop
      vertex 95.20700471269427 46.225631515747594 0
      vertex 95.33817900801338 46.444482605850965 0
      vertex 95.33817900801338 46.444482605850965 12.4
    endloop
  endfacet
  facet normal 0.8032075314806593 -0.5956993044924139 3.4823369461691846e-19
    outer loop
      vertex 95.33817900801338 46.444482605850965 0
      vertex 95.49017282125688 46.649422538825476 0
      vertex 95.49017282125688 46.649422538825476 12.4
    endloop
  endfacet
  facet normal 0.7409511253549623 -0.6715589548470149 9.293274968400557e-19
    outer loop
      vertex 95.49017282125688 46.649422538825476 0
      vertex 95.66152236891497 46.83847763108503 0
      vertex 95.66152236891497 46.83847763108503 12.4
    endloop
  endfacet
  facet normal 0.6715589548469997 -0.7409511253549762 0
    outer loop
      vertex 95.85057746117452 47.009827178743116 0
      vertex 95.85057746117452 47.009827178743116 12.4
      vertex 95.66152236891497 46.83847763108503 0
    endloop
  endfacet
  facet normal 0.33688985339222566 0.9415440651830187 0
    outer loop
      vertex 96.50502307585077 42.597913215470655 0
      vertex 96.50502307585077 42.597913215470655 12.4
      vertex 96.7452598391384 42.51195512709626 0
    endloop
  endfacet
  facet normal 0.24298017990328266 0.9700312531945393 0
    outer loop
      vertex 96.7452598391384 42.51195512709626 0
      vertex 96.7452598391384 42.51195512709626 12.4
      vertex 96.99276516275806 42.4499582709516 0
    endloop
  endfacet
  facet normal 0.1467304744553354 0.9891765099647849 0
    outer loop
      vertex 96.99276516275806 42.4499582709516 0
      vertex 96.99276516275806 42.4499582709516 12.4
      vertex 97.24515543514315 42.41251971065229 0
    endloop
  endfacet
  facet normal 0.049067674327433544 0.9987954562051717 0
    outer loop
      vertex 97.24515543514315 42.41251971065229 0
      vertex 97.24515543514315 42.41251971065229 12.4
      vertex 97.5 42.4 0
    endloop
  endfacet
  facet normal -0.049067674327433544 0.9987954562051717 0
    outer loop
      vertex 97.5 42.4 12.4
      vertex 97.75484456485685 42.41251971065229 0
      vertex 97.5 42.4 0
    endloop
  endfacet
  facet normal -0.1467304744553354 0.9891765099647849 0
    outer loop
      vertex 97.75484456485685 42.41251971065229 0
      vertex 97.75484456485685 42.41251971065229 12.4
      vertex 98.00723483724194 42.4499582709516 0
    endloop
  endfacet
  facet normal -0.24298017990328266 0.9700312531945393 0
    outer loop
      vertex 98.00723483724194 42.4499582709516 0
      vertex 98.00723483724194 42.4499582709516 12.4
      vertex 98.2547401608616 42.51195512709626 0
    endloop
  endfacet
  facet normal -0.33688985339222566 0.9415440651830187 0
    outer loop
      vertex 98.2547401608616 42.51195512709626 0
      vertex 98.2547401608616 42.51195512709626 12.4
      vertex 98.49497692414923 42.597913215470655 0
    endloop
  endfacet
  facet normal -0.4275550934302764 0.903989293123446 0
    outer loop
      vertex 98.49497692414923 42.597913215470655 0
      vertex 98.49497692414923 42.597913215470655 12.4
      vertex 98.7256315157476 42.70700471269428 0
    endloop
  endfacet
  facet normal 0.5141027441932243 0.8577286100002706 0
    outer loop
      vertex 96.05551739414904 42.838179008013384 0
      vertex 96.05551739414904 42.838179008013384 12.4
      vertex 96.2743684842524 42.70700471269428 0
    endloop
  endfacet
  facet normal 0.5956993044924319 0.803207531480646 0
    outer loop
      vertex 95.85057746117452 42.990172821256884 0
      vertex 95.85057746117452 42.990172821256884 12.4
      vertex 96.05551739414904 42.838179008013384 0
    endloop
  endfacet
  facet normal 0.4275550934302764 0.903989293123446 0
    outer loop
      vertex 96.2743684842524 42.70700471269428 0
      vertex 96.2743684842524 42.70700471269428 12.4
      vertex 96.50502307585077 42.597913215470655 0
    endloop
  endfacet
  facet normal -0.5141027441932243 0.8577286100002706 0
    outer loop
      vertex 98.7256315157476 42.70700471269428 0
      vertex 98.7256315157476 42.70700471269428 12.4
      vertex 98.94448260585096 42.838179008013384 0
    endloop
  endfacet
  facet normal -0.5956993044924319 0.803207531480646 0
    outer loop
      vertex 98.94448260585096 42.838179008013384 0
      vertex 98.94448260585096 42.838179008013384 12.4
      vertex 99.14942253882548 42.990172821256884 0
    endloop
  endfacet
  facet normal -0.6715589548469997 0.7409511253549762 0
    outer loop
      vertex 99.14942253882548 42.990172821256884 0
      vertex 99.14942253882548 42.990172821256884 12.4
      vertex 99.33847763108503 43.16152236891497 0
    endloop
  endfacet
  facet normal -0.7409511253549623 0.6715589548470149 0
    outer loop
      vertex 99.33847763108503 43.16152236891497 0
      vertex 99.33847763108503 43.16152236891497 12.4
      vertex 99.50982717874312 43.350577461174524 0
    endloop
  endfacet
  facet normal -0.8032075314806593 0.5956993044924139 3.4823369461691846e-19
    outer loop
      vertex 99.66182099198662 43.555517394149035 0
      vertex 99.50982717874312 43.350577461174524 0
      vertex 99.50982717874312 43.350577461174524 12.4
    endloop
  endfacet
  facet normal -0.8577286100002582 0.5141027441932448 -3.015884367668543e-19
    outer loop
      vertex 99.79299528730573 43.774368484252406 0
      vertex 99.66182099198662 43.555517394149035 0
      vertex 99.66182099198662 43.555517394149035 12.4
    endloop
  endfacet
  facet normal -0.9039892931234517 0.42755509343026443 2.86581659745067e-19
    outer loop
      vertex 99.90208678452935 44.005023075850765 0
      vertex 99.79299528730573 43.774368484252406 0
      vertex 99.79299528730573 43.774368484252406 12.4
    endloop
  endfacet
  facet normal -0.9415440651830218 0.33688985339221683 3.143464086819166e-19
    outer loop
      vertex 99.98804487290374 44.2452598391384 0
      vertex 99.90208678452935 44.005023075850765 0
      vertex 99.90208678452935 44.005023075850765 12.4
    endloop
  endfacet
  facet normal -0.970031253194541 0.2429801799032761 -1.5691048485764001e-19
    outer loop
      vertex 100.0500417290484 44.49276516275807 0
      vertex 99.98804487290374 44.2452598391384 0
      vertex 99.98804487290374 44.2452598391384 12.4
    endloop
  endfacet
  facet normal -0.9891765099647837 0.1467304744553435 -2.6312147305653597e-19
    outer loop
      vertex 100.08748028934771 44.74515543514314 0
      vertex 100.0500417290484 44.49276516275807 0
      vertex 100.0500417290484 44.49276516275807 12.4
    endloop
  endfacet
  facet normal -0.7409511253549623 -0.6715589548470149 -9.293274968400557e-19
    outer loop
      vertex 99.33847763108503 46.83847763108503 0
      vertex 99.50982717874312 46.649422538825476 0
      vertex 99.50982717874312 46.649422538825476 12.4
    endloop
  endfacet
  facet normal 0.5956993044924319 -0.803207531480646 0
    outer loop
      vertex 96.05551739414904 47.161820991986616 0
      vertex 96.05551739414904 47.161820991986616 12.4
      vertex 95.85057746117452 47.009827178743116 0
    endloop
  endfacet
  facet normal 0.5141027441932243 -0.8577286100002706 0
    outer loop
      vertex 96.2743684842524 47.29299528730572 0
      vertex 96.2743684842524 47.29299528730572 12.4
      vertex 96.05551739414904 47.161820991986616 0
    endloop
  endfacet
  facet normal 0.4275550934302764 -0.903989293123446 0
    outer loop
      vertex 96.50502307585077 47.402086784529345 0
      vertex 96.50502307585077 47.402086784529345 12.4
      vertex 96.2743684842524 47.29299528730572 0
    endloop
  endfacet
  facet normal 0.33688985339222566 -0.9415440651830187 0
    outer loop
      vertex 96.7452598391384 47.48804487290374 0
      vertex 96.7452598391384 47.48804487290374 12.4
      vertex 96.50502307585077 47.402086784529345 0
    endloop
  endfacet
  facet normal 0.24298017990328266 -0.9700312531945393 0
    outer loop
      vertex 96.99276516275806 47.5500417290484 0
      vertex 96.99276516275806 47.5500417290484 12.4
      vertex 96.7452598391384 47.48804487290374 0
    endloop
  endfacet
  facet normal 0.1467304744553354 -0.9891765099647849 0
    outer loop
      vertex 97.24515543514315 47.58748028934771 0
      vertex 97.24515543514315 47.58748028934771 12.4
      vertex 96.99276516275806 47.5500417290484 0
    endloop
  endfacet
  facet normal 0.049067674327433544 -0.9987954562051717 0
    outer loop
      vertex 97.5 47.6 12.4
      vertex 97.24515543514315 47.58748028934771 0
      vertex 97.5 47.6 0
    endloop
  endfacet
  facet normal -0.049067674327433544 -0.9987954562051717 0
    outer loop
      vertex 97.75484456485685 47.58748028934771 0
      vertex 97.75484456485685 47.58748028934771 12.4
      vertex 97.5 47.6 0
    endloop
  endfacet
  facet normal -0.1467304744553354 -0.9891765099647849 0
    outer loop
      vertex 98.00723483724194 47.5500417290484 0
      vertex 98.00723483724194 47.5500417290484 12.4
      vertex 97.75484456485685 47.58748028934771 0
    endloop
  endfacet
  facet normal -0.24298017990328266 -0.9700312531945393 0
    outer loop
      vertex 98.2547401608616 47.48804487290374 0
      vertex 98.2547401608616 47.48804487290374 12.4
      vertex 98.00723483724194 47.5500417290484 0
    endloop
  endfacet
  facet normal -0.33688985339222566 -0.9415440651830187 0
    outer loop
      vertex 98.49497692414923 47.402086784529345 0
      vertex 98.49497692414923 47.402086784529345 12.4
      vertex 98.2547401608616 47.48804487290374 0
    endloop
  endfacet
  facet normal -0.5956993044924319 -0.803207531480646 0
    outer loop
      vertex 99.14942253882548 47.009827178743116 0
      vertex 99.14942253882548 47.009827178743116 12.4
      vertex 98.94448260585096 47.161820991986616 0
    endloop
  endfacet
  facet normal -0.5141027441932243 -0.8577286100002706 0
    outer loop
      vertex 98.94448260585096 47.161820991986616 0
      vertex 98.94448260585096 47.161820991986616 12.4
      vertex 98.7256315157476 47.29299528730572 0
    endloop
  endfacet
  facet normal -0.6715589548469997 -0.7409511253549762 0
    outer loop
      vertex 99.33847763108503 46.83847763108503 0
      vertex 99.33847763108503 46.83847763108503 12.4
      vertex 99.14942253882548 47.009827178743116 0
    endloop
  endfacet
  facet normal -0.4275550934302764 -0.903989293123446 0
    outer loop
      vertex 98.7256315157476 47.29299528730572 0
      vertex 98.7256315157476 47.29299528730572 12.4
      vertex 98.49497692414923 47.402086784529345 0
    endloop
  endfacet
  facet normal -0.9987954562051731 0.04906767432740439 -3.860946138082204e-20
    outer loop
      vertex 100.1 45 0
      vertex 100.08748028934771 44.74515543514314 0
      vertex 100.08748028934771 44.74515543514314 12.4
    endloop
  endfacet
  facet normal -0.9987954562051731 -0.04906767432740439 3.860946138082204e-20
    outer loop
      vertex 100.08748028934771 45.25484456485686 0
      vertex 100.1 45 0
      vertex 100.1 45 12.4
    endloop
  endfacet
  facet normal -0.9891765099647837 -0.1467304744553435 2.6312147305653597e-19
    outer loop
      vertex 100.0500417290484 45.50723483724193 0
      vertex 100.08748028934771 45.25484456485686 0
      vertex 100.08748028934771 45.25484456485686 12.4
    endloop
  endfacet
  facet normal -0.970031253194541 -0.2429801799032761 1.5691048485764001e-19
    outer loop
      vertex 99.98804487290374 45.7547401608616 0
      vertex 100.0500417290484 45.50723483724193 0
      vertex 100.0500417290484 45.50723483724193 12.4
    endloop
  endfacet
  facet normal -0.9415440651830218 -0.33688985339221683 -3.143464086819166e-19
    outer loop
      vertex 99.90208678452935 45.994976924149235 0
      vertex 99.98804487290374 45.7547401608616 0
      vertex 99.98804487290374 45.7547401608616 12.4
    endloop
  endfacet
  facet normal -0.9039892931234517 -0.42755509343026443 -2.86581659745067e-19
    outer loop
      vertex 99.79299528730573 46.225631515747594 0
      vertex 99.90208678452935 45.994976924149235 0
      vertex 99.90208678452935 45.994976924149235 12.4
    endloop
  endfacet
  facet normal -0.8577286100002582 -0.5141027441932448 3.015884367668543e-19
    outer loop
      vertex 99.66182099198662 46.444482605850965 0
      vertex 99.79299528730573 46.225631515747594 0
      vertex 99.79299528730573 46.225631515747594 12.4
    endloop
  endfacet
  facet normal -0.8032075314806593 -0.5956993044924139 -3.4823369461691846e-19
    outer loop
      vertex 99.50982717874312 46.649422538825476 0
      vertex 99.66182099198662 46.444482605850965 0
      vertex 99.66182099198662 46.444482605850965 12.4
    endloop
  endfacet
  facet normal 0.6715589548469997 0.7409511253549762 0
    outer loop
      vertex 95.85057746117452 42.990172821256884 0
      vertex 95.66152236891497 43.16152236891497 12.4
      vertex 95.85057746117452 42.990172821256884 12.4
    endloop
  endfacet
  facet normal 0.8577286100002582 0.5141027441932448 0
    outer loop
      vertex 95.33817900801338 43.555517394149035 0
      vertex 95.20700471269427 43.774368484252406 12.4
      vertex 95.33817900801338 43.555517394149035 12.4
    endloop
  endfacet
  facet normal 0.7409511253549623 0.6715589548470149 0
    outer loop
      vertex 95.66152236891497 43.16152236891497 0
      vertex 95.49017282125688 43.350577461174524 12.4
      vertex 95.66152236891497 43.16152236891497 12.4
    endloop
  endfacet
  facet normal 0.8032075314806593 0.5956993044924139 0
    outer loop
      vertex 95.49017282125688 43.350577461174524 0
      vertex 95.33817900801338 43.555517394149035 12.4
      vertex 95.49017282125688 43.350577461174524 12.4
    endloop
  endfacet
  facet normal 0.9891765099647837 0.1467304744553435 0
    outer loop
      vertex 94.9499582709516 44.49276516275807 0
      vertex 94.91251971065229 44.74515543514314 12.4
      vertex 94.9499582709516 44.49276516275807 12.4
    endloop
  endfacet
  facet normal 0.9039892931234517 0.42755509343026443 0
    outer loop
      vertex 95.20700471269427 43.774368484252406 0
      vertex 95.09791321547065 44.005023075850765 12.4
      vertex 95.20700471269427 43.774368484252406 12.4
    endloop
  endfacet
  facet normal 0.9415440651830218 0.33688985339221683 0
    outer loop
      vertex 95.09791321547065 44.005023075850765 0
      vertex 95.01195512709626 44.2452598391384 12.4
      vertex 95.09791321547065 44.005023075850765 12.4
    endloop
  endfacet
  facet normal 0.970031253194541 0.2429801799032761 0
    outer loop
      vertex 95.01195512709626 44.2452598391384 0
      vertex 94.9499582709516 44.49276516275807 12.4
      vertex 95.01195512709626 44.2452598391384 12.4
    endloop
  endfacet
  facet normal 0.9987954562051731 0.04906767432740439 0
    outer loop
      vertex 94.91251971065229 44.74515543514314 0
      vertex 94.9 45 12.4
      vertex 94.91251971065229 44.74515543514314 12.4
    endloop
  endfacet
  facet normal 0.9987954562051731 -0.04906767432740439 0
    outer loop
      vertex 94.9 45 0
      vertex 94.91251971065229 45.25484456485686 12.4
      vertex 94.9 45 12.4
    endloop
  endfacet
  facet normal 0.9891765099647837 -0.1467304744553435 0
    outer loop
      vertex 94.91251971065229 45.25484456485686 0
      vertex 94.9499582709516 45.50723483724193 12.4
      vertex 94.91251971065229 45.25484456485686 12.4
    endloop
  endfacet
  facet normal 0.970031253194541 -0.2429801799032761 0
    outer loop
      vertex 94.9499582709516 45.50723483724193 0
      vertex 95.01195512709626 45.7547401608616 12.4
      vertex 94.9499582709516 45.50723483724193 12.4
    endloop
  endfacet
  facet normal 0.9415440651830218 -0.33688985339221683 0
    outer loop
      vertex 95.01195512709626 45.7547401608616 0
      vertex 95.09791321547065 45.994976924149235 12.4
      vertex 95.01195512709626 45.7547401608616 12.4
    endloop
  endfacet
  facet normal 0.9039892931234517 -0.42755509343026443 0
    outer loop
      vertex 95.09791321547065 45.994976924149235 0
      vertex 95.20700471269427 46.225631515747594 12.4
      vertex 95.09791321547065 45.994976924149235 12.4
    endloop
  endfacet
  facet normal 0.8577286100002582 -0.5141027441932448 0
    outer loop
      vertex 95.20700471269427 46.225631515747594 0
      vertex 95.33817900801338 46.444482605850965 12.4
      vertex 95.20700471269427 46.225631515747594 12.4
    endloop
  endfacet
  facet normal 0.8032075314806593 -0.5956993044924139 0
    outer loop
      vertex 95.33817900801338 46.444482605850965 0
      vertex 95.49017282125688 46.649422538825476 12.4
      vertex 95.33817900801338 46.444482605850965 12.4
    endloop
  endfacet
  facet normal 0.7409511253549623 -0.6715589548470149 0
    outer loop
      vertex 95.49017282125688 46.649422538825476 0
      vertex 95.66152236891497 46.83847763108503 12.4
      vertex 95.49017282125688 46.649422538825476 12.4
    endloop
  endfacet
  facet normal 0.6715589548469997 -0.7409511253549762 0
    outer loop
      vertex 95.66152236891497 46.83847763108503 0
      vertex 95.85057746117452 47.009827178743116 12.4
      vertex 95.66152236891497 46.83847763108503 12.4
    endloop
  endfacet
  facet normal 0.4275550934302764 0.903989293123446 0
    outer loop
      vertex 96.50502307585077 42.597913215470655 0
      vertex 96.2743684842524 42.70700471269428 12.4
      vertex 96.50502307585077 42.597913215470655 12.4
    endloop
  endfacet
  facet normal 0.33688985339222566 0.9415440651830187 0
    outer loop
      vertex 96.7452598391384 42.51195512709626 0
      vertex 96.50502307585077 42.597913215470655 12.4
      vertex 96.7452598391384 42.51195512709626 12.4
    endloop
  endfacet
  facet normal 0.24298017990328266 0.9700312531945393 0
    outer loop
      vertex 96.99276516275806 42.4499582709516 0
      vertex 96.7452598391384 42.51195512709626 12.4
      vertex 96.99276516275806 42.4499582709516 12.4
    endloop
  endfacet
  facet normal 0.1467304744553354 0.9891765099647849 0
    outer loop
      vertex 97.24515543514315 42.41251971065229 0
      vertex 96.99276516275806 42.4499582709516 12.4
      vertex 97.24515543514315 42.41251971065229 12.4
    endloop
  endfacet
  facet normal 0.049067674327433544 0.9987954562051717 0
    outer loop
      vertex 97.5 42.4 0
      vertex 97.24515543514315 42.41251971065229 12.4
      vertex 97.5 42.4 12.4
    endloop
  endfacet
  facet normal -0.049067674327433544 0.9987954562051717 0
    outer loop
      vertex 97.75484456485685 42.41251971065229 0
      vertex 97.5 42.4 12.4
      vertex 97.75484456485685 42.41251971065229 12.4
    endloop
  endfacet
  facet normal -0.1467304744553354 0.9891765099647849 0
    outer loop
      vertex 98.00723483724194 42.4499582709516 0
      vertex 97.75484456485685 42.41251971065229 12.4
      vertex 98.00723483724194 42.4499582709516 12.4
    endloop
  endfacet
  facet normal -0.24298017990328266 0.9700312531945393 0
    outer loop
      vertex 98.2547401608616 42.51195512709626 0
      vertex 98.00723483724194 42.4499582709516 12.4
      vertex 98.2547401608616 42.51195512709626 12.4
    endloop
  endfacet
  facet normal -0.33688985339222566 0.9415440651830187 0
    outer loop
      vertex 98.49497692414923 42.597913215470655 0
      vertex 98.2547401608616 42.51195512709626 12.4
      vertex 98.49497692414923 42.597913215470655 12.4
    endloop
  endfacet
  facet normal 0.5956993044924319 0.803207531480646 0
    outer loop
      vertex 96.05551739414904 42.838179008013384 0
      vertex 95.85057746117452 42.990172821256884 12.4
      vertex 96.05551739414904 42.838179008013384 12.4
    endloop
  endfacet
  facet normal 0.5141027441932243 0.8577286100002706 0
    outer loop
      vertex 96.2743684842524 42.70700471269428 0
      vertex 96.05551739414904 42.838179008013384 12.4
      vertex 96.2743684842524 42.70700471269428 12.4
    endloop
  endfacet
  facet normal -0.4275550934302764 0.903989293123446 0
    outer loop
      vertex 98.7256315157476 42.70700471269428 0
      vertex 98.49497692414923 42.597913215470655 12.4
      vertex 98.7256315157476 42.70700471269428 12.4
    endloop
  endfacet
  facet normal -0.5141027441932243 0.8577286100002706 0
    outer loop
      vertex 98.94448260585096 42.838179008013384 0
      vertex 98.7256315157476 42.70700471269428 12.4
      vertex 98.94448260585096 42.838179008013384 12.4
    endloop
  endfacet
  facet normal -0.5956993044924319 0.803207531480646 0
    outer loop
      vertex 99.14942253882548 42.990172821256884 0
      vertex 98.94448260585096 42.838179008013384 12.4
      vertex 99.14942253882548 42.990172821256884 12.4
    endloop
  endfacet
  facet normal -0.6715589548469997 0.7409511253549762 0
    outer loop
      vertex 99.33847763108503 43.16152236891497 0
      vertex 99.14942253882548 42.990172821256884 12.4
      vertex 99.33847763108503 43.16152236891497 12.4
    endloop
  endfacet
  facet normal -0.7409511253549623 0.6715589548470149 9.293274968400557e-19
    outer loop
      vertex 99.33847763108503 43.16152236891497 12.4
      vertex 99.50982717874312 43.350577461174524 12.4
      vertex 99.50982717874312 43.350577461174524 0
    endloop
  endfacet
  facet normal -0.8032075314806593 0.5956993044924139 0
    outer loop
      vertex 99.66182099198662 43.555517394149035 0
      vertex 99.50982717874312 43.350577461174524 12.4
      vertex 99.66182099198662 43.555517394149035 12.4
    endloop
  endfacet
  facet normal -0.8577286100002582 0.5141027441932448 0
    outer loop
      vertex 99.79299528730573 43.774368484252406 0
      vertex 99.66182099198662 43.555517394149035 12.4
      vertex 99.79299528730573 43.774368484252406 12.4
    endloop
  endfacet
  facet normal -0.9039892931234517 0.42755509343026443 0
    outer loop
      vertex 99.90208678452935 44.005023075850765 0
      vertex 99.79299528730573 43.774368484252406 12.4
      vertex 99.90208678452935 44.005023075850765 12.4
    endloop
  endfacet
  facet normal -0.9415440651830218 0.33688985339221683 0
    outer loop
      vertex 99.98804487290374 44.2452598391384 0
      vertex 99.90208678452935 44.005023075850765 12.4
      vertex 99.98804487290374 44.2452598391384 12.4
    endloop
  endfacet
  facet normal -0.970031253194541 0.2429801799032761 0
    outer loop
      vertex 100.0500417290484 44.49276516275807 0
      vertex 99.98804487290374 44.2452598391384 12.4
      vertex 100.0500417290484 44.49276516275807 12.4
    endloop
  endfacet
  facet normal -0.9891765099647837 0.1467304744553435 0
    outer loop
      vertex 100.08748028934771 44.74515543514314 0
      vertex 100.0500417290484 44.49276516275807 12.4
      vertex 100.08748028934771 44.74515543514314 12.4
    endloop
  endfacet
  facet normal -0.8032075314806593 -0.5956993044924139 0
    outer loop
      vertex 99.50982717874312 46.649422538825476 0
      vertex 99.66182099198662 46.444482605850965 12.4
      vertex 99.50982717874312 46.649422538825476 12.4
    endloop
  endfacet
  facet normal 0.5956993044924319 -0.803207531480646 0
    outer loop
      vertex 95.85057746117452 47.009827178743116 0
      vertex 96.05551739414904 47.161820991986616 12.4
      vertex 95.85057746117452 47.009827178743116 12.4
    endloop
  endfacet
  facet normal 0.5141027441932243 -0.8577286100002706 0
    outer loop
      vertex 96.05551739414904 47.161820991986616 0
      vertex 96.2743684842524 47.29299528730572 12.4
      vertex 96.05551739414904 47.161820991986616 12.4
    endloop
  endfacet
  facet normal 0.4275550934302764 -0.903989293123446 0
    outer loop
      vertex 96.2743684842524 47.29299528730572 0
      vertex 96.50502307585077 47.402086784529345 12.4
      vertex 96.2743684842524 47.29299528730572 12.4
    endloop
  endfacet
  facet normal 0.33688985339222566 -0.9415440651830187 0
    outer loop
      vertex 96.50502307585077 47.402086784529345 0
      vertex 96.7452598391384 47.48804487290374 12.4
      vertex 96.50502307585077 47.402086784529345 12.4
    endloop
  endfacet
  facet normal 0.24298017990328266 -0.9700312531945393 0
    outer loop
      vertex 96.7452598391384 47.48804487290374 0
      vertex 96.99276516275806 47.5500417290484 12.4
      vertex 96.7452598391384 47.48804487290374 12.4
    endloop
  endfacet
  facet normal 0.1467304744553354 -0.9891765099647849 0
    outer loop
      vertex 96.99276516275806 47.5500417290484 0
      vertex 97.24515543514315 47.58748028934771 12.4
      vertex 96.99276516275806 47.5500417290484 12.4
    endloop
  endfacet
  facet normal 0.049067674327433544 -0.9987954562051717 0
    outer loop
      vertex 97.24515543514315 47.58748028934771 0
      vertex 97.5 47.6 12.4
      vertex 97.24515543514315 47.58748028934771 12.4
    endloop
  endfacet
  facet normal -0.049067674327433544 -0.9987954562051717 0
    outer loop
      vertex 97.5 47.6 0
      vertex 97.75484456485685 47.58748028934771 12.4
      vertex 97.5 47.6 12.4
    endloop
  endfacet
  facet normal -0.1467304744553354 -0.9891765099647849 0
    outer loop
      vertex 97.75484456485685 47.58748028934771 0
      vertex 98.00723483724194 47.5500417290484 12.4
      vertex 97.75484456485685 47.58748028934771 12.4
    endloop
  endfacet
  facet normal -0.24298017990328266 -0.9700312531945393 0
    outer loop
      vertex 98.00723483724194 47.5500417290484 0
      vertex 98.2547401608616 47.48804487290374 12.4
      vertex 98.00723483724194 47.5500417290484 12.4
    endloop
  endfacet
  facet normal -0.33688985339222566 -0.9415440651830187 0
    outer loop
      vertex 98.2547401608616 47.48804487290374 0
      vertex 98.49497692414923 47.402086784529345 12.4
      vertex 98.2547401608616 47.48804487290374 12.4
    endloop
  endfacet
  facet normal -0.4275550934302764 -0.903989293123446 0
    outer loop
      vertex 98.49497692414923 47.402086784529345 0
      vertex 98.7256315157476 47.29299528730572 12.4
      vertex 98.49497692414923 47.402086784529345 12.4
    endloop
  endfacet
  facet normal -0.5956993044924319 -0.803207531480646 0
    outer loop
      vertex 98.94448260585096 47.161820991986616 0
      vertex 99.14942253882548 47.009827178743116 12.4
      vertex 98.94448260585096 47.161820991986616 12.4
    endloop
  endfacet
  facet normal -0.6715589548469997 -0.7409511253549762 0
    outer loop
      vertex 99.14942253882548 47.009827178743116 0
      vertex 99.33847763108503 46.83847763108503 12.4
      vertex 99.14942253882548 47.009827178743116 12.4
    endloop
  endfacet
  facet normal -0.7409511253549623 -0.6715589548470149 0
    outer loop
      vertex 99.33847763108503 46.83847763108503 0
      vertex 99.50982717874312 46.649422538825476 12.4
      vertex 99.33847763108503 46.83847763108503 12.4
    endloop
  endfacet
  facet normal -0.5141027441932243 -0.8577286100002706 0
    outer loop
      vertex 98.7256315157476 47.29299528730572 0
      vertex 98.94448260585096 47.161820991986616 12.4
      vertex 98.7256315157476 47.29299528730572 12.4
    endloop
  endfacet
  facet normal -0.9987954562051731 0.04906767432740439 0
    outer loop
      vertex 100.1 45 0
      vertex 100.08748028934771 44.74515543514314 12.4
      vertex 100.1 45 12.4
    endloop
  endfacet
  facet normal -0.9987954562051731 -0.04906767432740439 0
    outer loop
      vertex 100.08748028934771 45.25484456485686 0
      vertex 100.1 45 12.4
      vertex 100.08748028934771 45.25484456485686 12.4
    endloop
  endfacet
  facet normal -0.970031253194541 -0.2429801799032761 0
    outer loop
      vertex 99.98804487290374 45.7547401608616 0
      vertex 100.0500417290484 45.50723483724193 12.4
      vertex 99.98804487290374 45.7547401608616 12.4
    endloop
  endfacet
  facet normal -0.9891765099647837 -0.1467304744553435 0
    outer loop
      vertex 100.0500417290484 45.50723483724193 0
      vertex 100.08748028934771 45.25484456485686 12.4
      vertex 100.0500417290484 45.50723483724193 12.4
    endloop
  endfacet
  facet normal -0.9415440651830218 -0.33688985339221683 0
    outer loop
      vertex 99.90208678452935 45.994976924149235 0
      vertex 99.98804487290374 45.7547401608616 12.4
      vertex 99.90208678452935 45.994976924149235 12.4
    endloop
  endfacet
  facet normal -0.9039892931234517 -0.42755509343026443 0
    outer loop
      vertex 99.79299528730573 46.225631515747594 0
      vertex 99.90208678452935 45.994976924149235 12.4
      vertex 99.79299528730573 46.225631515747594 12.4
    endloop
  endfacet
  facet normal -0.8577286100002582 -0.5141027441932448 0
    outer loop
      vertex 99.66182099198662 46.444482605850965 0
      vertex 99.79299528730573 46.225631515747594 12.4
      vertex 99.66182099198662 46.444482605850965 12.4
    endloop
  endfacet
  facet normal 0.6715589548469997 0.7409511253549762 3.699305188175354e-19
    outer loop
      vertex 86.6581893057494 39.182560976682005 0
      vertex 86.46913421348985 39.353910524340094 0
      vertex 86.46913421348985 39.353910524340094 12.4
    endloop
  endfacet
  facet normal 0.7409511253549623 0.6715589548470149 -9.293274968400557e-19
    outer loop
      vertex 86.46913421348985 39.353910524340094 0
      vertex 86.29778466583176 39.542965616599645 0
      vertex 86.29778466583176 39.542965616599645 12.4
    endloop
  endfacet
  facet normal 0.8577286100002582 0.5141027441932448 3.015884367668543e-19
    outer loop
      vertex 86.14579085258826 39.747905549574156 0
      vertex 86.01461655726915 39.96675663967753 0
      vertex 86.01461655726915 39.96675663967753 12.4
    endloop
  endfacet
  facet normal 0.8032075314806593 0.5956993044924139 -3.4823369461691846e-19
    outer loop
      vertex 86.29778466583176 39.542965616599645 0
      vertex 86.14579085258826 39.747905549574156 0
      vertex 86.14579085258826 39.747905549574156 12.4
    endloop
  endfacet
  facet normal 0.9039892931234517 0.42755509343026443 -2.86581659745067e-19
    outer loop
      vertex 86.01461655726915 39.96675663967753 0
      vertex 85.90552506004553 40.197411231275886 0
      vertex 85.90552506004553 40.197411231275886 12.4
    endloop
  endfacet
  facet normal 0.9415440651830218 0.33688985339221683 -3.143464086819166e-19
    outer loop
      vertex 85.90552506004553 40.197411231275886 0
      vertex 85.81956697167114 40.43764799456352 0
      vertex 85.81956697167114 40.43764799456352 12.4
    endloop
  endfacet
  facet normal 0.970031253194541 0.2429801799032761 1.5691048485764001e-19
    outer loop
      vertex 85.81956697167114 40.43764799456352 0
      vertex 85.75757011552648 40.68515331818319 0
      vertex 85.75757011552648 40.68515331818319 12.4
    endloop
  endfacet
  facet normal 0.5141027441932243 0.8577286100002706 0
    outer loop
      vertex 86.86312923872391 39.030567163438505 0
      vertex 86.86312923872391 39.030567163438505 12.4
      vertex 87.08198032882729 38.8993928681194 0
    endloop
  endfacet
  facet normal 0.33688985339222566 0.9415440651830187 0
    outer loop
      vertex 87.31263492042565 38.790301370895776 0
      vertex 87.31263492042565 38.790301370895776 12.4
      vertex 87.55287168371328 38.70434328252138 0
    endloop
  endfacet
  facet normal 0.4275550934302764 0.903989293123446 0
    outer loop
      vertex 87.08198032882729 38.8993928681194 0
      vertex 87.08198032882729 38.8993928681194 12.4
      vertex 87.31263492042565 38.790301370895776 0
    endloop
  endfacet
  facet normal 0.5956993044924319 0.803207531480646 0
    outer loop
      vertex 86.6581893057494 39.182560976682005 0
      vertex 86.6581893057494 39.182560976682005 12.4
      vertex 86.86312923872391 39.030567163438505 0
    endloop
  endfacet
  facet normal 0.24298017990328266 0.9700312531945393 0
    outer loop
      vertex 87.55287168371328 38.70434328252138 0
      vertex 87.55287168371328 38.70434328252138 12.4
      vertex 87.80037700733294 38.64234642637672 0
    endloop
  endfacet
  facet normal 0.1467304744553354 0.9891765099647849 0
    outer loop
      vertex 87.80037700733294 38.64234642637672 0
      vertex 87.80037700733294 38.64234642637672 12.4
      vertex 88.05276727971803 38.60490786607741 0
    endloop
  endfacet
  facet normal 0.049067674327433544 0.9987954562051717 0
    outer loop
      vertex 88.05276727971803 38.60490786607741 0
      vertex 88.05276727971803 38.60490786607741 12.4
      vertex 88.30761184457488 38.59238815542512 0
    endloop
  endfacet
  facet normal -0.049067674327433544 0.9987954562051717 0
    outer loop
      vertex 88.30761184457488 38.59238815542512 0
      vertex 88.30761184457488 38.59238815542512 12.4
      vertex 88.56245640943173 38.60490786607741 0
    endloop
  endfacet
  facet normal 0.9891765099647837 0.1467304744553435 2.6312147305653597e-19
    outer loop
      vertex 85.75757011552648 40.68515331818319 0
      vertex 85.72013155522717 40.93754359056826 0
      vertex 85.72013155522717 40.93754359056826 12.4
    endloop
  endfacet
  facet normal 0.9987954562051731 0.04906767432740439 3.860946138082204e-20
    outer loop
      vertex 85.72013155522717 40.93754359056826 0
      vertex 85.70761184457488 41.19238815542512 0
      vertex 85.70761184457488 41.19238815542512 12.4
    endloop
  endfacet
  facet normal 0.9987954562051731 -0.04906767432740439 -3.860946138082204e-20
    outer loop
      vertex 85.70761184457488 41.19238815542512 0
      vertex 85.72013155522717 41.44723272028198 0
      vertex 85.72013155522717 41.44723272028198 12.4
    endloop
  endfacet
  facet normal 0.9891765099647837 -0.1467304744553435 -2.6312147305653597e-19
    outer loop
      vertex 85.72013155522717 41.44723272028198 0
      vertex 85.75757011552648 41.69962299266705 0
      vertex 85.75757011552648 41.69962299266705 12.4
    endloop
  endfacet
  facet normal 0.970031253194541 -0.2429801799032761 -1.5691048485764001e-19
    outer loop
      vertex 85.75757011552648 41.69962299266705 0
      vertex 85.81956697167114 41.94712831628672 0
      vertex 85.81956697167114 41.94712831628672 12.4
    endloop
  endfacet
  facet normal 0.9415440651830218 -0.33688985339221683 3.143464086819166e-19
    outer loop
      vertex 85.81956697167114 41.94712831628672 0
      vertex 85.90552506004553 42.187365079574356 0
      vertex 85.90552506004553 42.187365079574356 12.4
    endloop
  endfacet
  facet normal 0.9039892931234517 -0.42755509343026443 2.86581659745067e-19
    outer loop
      vertex 85.90552506004553 42.187365079574356 0
      vertex 86.01461655726915 42.418019671172715 0
      vertex 86.01461655726915 42.418019671172715 12.4
    endloop
  endfacet
  facet normal 0.8577286100002582 -0.5141027441932448 -3.015884367668543e-19
    outer loop
      vertex 86.01461655726915 42.418019671172715 0
      vertex 86.14579085258826 42.636870761276086 0
      vertex 86.14579085258826 42.636870761276086 12.4
    endloop
  endfacet
  facet normal 0.8032075314806593 -0.5956993044924139 3.4823369461691846e-19
    outer loop
      vertex 86.14579085258826 42.636870761276086 0
      vertex 86.29778466583176 42.8418106942506 0
      vertex 86.29778466583176 42.8418106942506 12.4
    endloop
  endfacet
  facet normal 0.7409511253549623 -0.6715589548470149 9.293274968400557e-19
    outer loop
      vertex 86.29778466583176 42.8418106942506 0
      vertex 86.46913421348985 43.03086578651015 0
      vertex 86.46913421348985 43.03086578651015 12.4
    endloop
  endfacet
  facet normal 0.6715589548469997 -0.7409511253549762 0
    outer loop
      vertex 86.6581893057494 43.20221533416824 0
      vertex 86.6581893057494 43.20221533416824 12.4
      vertex 86.46913421348985 43.03086578651015 0
    endloop
  endfacet
  facet normal 0.5956993044924319 -0.803207531480646 0
    outer loop
      vertex 86.86312923872391 43.35420914741174 0
      vertex 86.86312923872391 43.35420914741174 12.4
      vertex 86.6581893057494 43.20221533416824 0
    endloop
  endfacet
  facet normal 0.5141027441932243 -0.8577286100002706 0
    outer loop
      vertex 87.08198032882729 43.48538344273084 0
      vertex 87.08198032882729 43.48538344273084 12.4
      vertex 86.86312923872391 43.35420914741174 0
    endloop
  endfacet
  facet normal 0.4275550934302764 -0.903989293123446 0
    outer loop
      vertex 87.31263492042565 43.594474939954466 0
      vertex 87.31263492042565 43.594474939954466 12.4
      vertex 87.08198032882729 43.48538344273084 0
    endloop
  endfacet
  facet normal 0.33688985339222566 -0.9415440651830187 0
    outer loop
      vertex 87.55287168371328 43.68043302832886 0
      vertex 87.55287168371328 43.68043302832886 12.4
      vertex 87.31263492042565 43.594474939954466 0
    endloop
  endfacet
  facet normal 0.24298017990328266 -0.9700312531945393 0
    outer loop
      vertex 87.80037700733294 43.74242988447352 0
      vertex 87.80037700733294 43.74242988447352 12.4
      vertex 87.55287168371328 43.68043302832886 0
    endloop
  endfacet
  facet normal 0.1467304744553354 -0.9891765099647849 0
    outer loop
      vertex 88.05276727971803 43.77986844477283 0
      vertex 88.05276727971803 43.77986844477283 12.4
      vertex 87.80037700733294 43.74242988447352 0
    endloop
  endfacet
  facet normal 0.049067674327433544 -0.9987954562051717 0
    outer loop
      vertex 88.30761184457488 43.79238815542512 0
      vertex 88.30761184457488 43.79238815542512 12.4
      vertex 88.05276727971803 43.77986844477283 0
    endloop
  endfacet
  facet normal -0.049067674327433544 -0.9987954562051717 0
    outer loop
      vertex 88.56245640943173 43.77986844477283 0
      vertex 88.56245640943173 43.77986844477283 12.4
      vertex 88.30761184457488 43.79238815542512 0
    endloop
  endfacet
  facet normal -0.1467304744553354 0.9891765099647849 0
    outer loop
      vertex 88.56245640943173 38.60490786607741 0
      vertex 88.56245640943173 38.60490786607741 12.4
      vertex 88.81484668181682 38.64234642637672 0
    endloop
  endfacet
  facet normal -0.24298017990328266 0.9700312531945393 0
    outer loop
      vertex 88.81484668181682 38.64234642637672 0
      vertex 88.81484668181682 38.64234642637672 12.4
      vertex 89.06235200543648 38.70434328252138 0
    endloop
  endfacet
  facet normal -0.33688985339222566 0.9415440651830187 0
    outer loop
      vertex 89.06235200543648 38.70434328252138 0
      vertex 89.06235200543648 38.70434328252138 12.4
      vertex 89.3025887687241 38.790301370895776 0
    endloop
  endfacet
  facet normal -0.4275550934302764 0.903989293123446 0
    outer loop
      vertex 89.3025887687241 38.790301370895776 0
      vertex 89.3025887687241 38.790301370895776 12.4
      vertex 89.53324336032247 38.8993928681194 0
    endloop
  endfacet
  facet normal -0.5141027441932243 0.8577286100002706 0
    outer loop
      vertex 89.53324336032247 38.8993928681194 0
      vertex 89.53324336032247 38.8993928681194 12.4
      vertex 89.75209445042584 39.030567163438505 0
    endloop
  endfacet
  facet normal -0.5956993044924319 0.803207531480646 0
    outer loop
      vertex 89.75209445042584 39.030567163438505 0
      vertex 89.75209445042584 39.030567163438505 12.4
      vertex 89.95703438340036 39.182560976682005 0
    endloop
  endfacet
  facet normal -0.6715589548469997 0.7409511253549762 0
    outer loop
      vertex 89.95703438340036 39.182560976682005 0
      vertex 89.95703438340036 39.182560976682005 12.4
      vertex 90.1460894756599 39.353910524340094 0
    endloop
  endfacet
  facet normal -0.7409511253549623 0.6715589548470149 0
    outer loop
      vertex 90.1460894756599 39.353910524340094 0
      vertex 90.1460894756599 39.353910524340094 12.4
      vertex 90.317439023318 39.542965616599645 0
    endloop
  endfacet
  facet normal -0.8032075314806593 0.5956993044924139 3.4823369461691846e-19
    outer loop
      vertex 90.4694328365615 39.747905549574156 0
      vertex 90.317439023318 39.542965616599645 0
      vertex 90.317439023318 39.542965616599645 12.4
    endloop
  endfacet
  facet normal -0.8577286100002582 0.5141027441932448 -3.015884367668543e-19
    outer loop
      vertex 90.60060713188061 39.96675663967753 0
      vertex 90.4694328365615 39.747905549574156 0
      vertex 90.4694328365615 39.747905549574156 12.4
    endloop
  endfacet
  facet normal -0.9039892931234517 0.42755509343026443 2.86581659745067e-19
    outer loop
      vertex 90.70969862910422 40.197411231275886 0
      vertex 90.60060713188061 39.96675663967753 0
      vertex 90.60060713188061 39.96675663967753 12.4
    endloop
  endfacet
  facet normal -0.9415440651830218 0.33688985339221683 3.143464086819166e-19
    outer loop
      vertex 90.79565671747862 40.43764799456352 0
      vertex 90.70969862910422 40.197411231275886 0
      vertex 90.70969862910422 40.197411231275886 12.4
    endloop
  endfacet
  facet normal -0.970031253194541 0.2429801799032761 -1.5691048485764001e-19
    outer loop
      vertex 90.85765357362328 40.68515331818319 0
      vertex 90.79565671747862 40.43764799456352 0
      vertex 90.79565671747862 40.43764799456352 12.4
    endloop
  endfacet
  facet normal -0.9891765099647837 0.1467304744553435 -2.6312147305653597e-19
    outer loop
      vertex 90.89509213392259 40.93754359056826 0
      vertex 90.85765357362328 40.68515331818319 0
      vertex 90.85765357362328 40.68515331818319 12.4
    endloop
  endfacet
  facet normal -0.9987954562051731 0.04906767432740439 -3.860946138082204e-20
    outer loop
      vertex 90.90761184457487 41.19238815542512 0
      vertex 90.89509213392259 40.93754359056826 0
      vertex 90.89509213392259 40.93754359056826 12.4
    endloop
  endfacet
  facet normal -0.9987954562051731 -0.04906767432740439 3.860946138082204e-20
    outer loop
      vertex 90.89509213392259 41.44723272028198 0
      vertex 90.90761184457487 41.19238815542512 0
      vertex 90.90761184457487 41.19238815542512 12.4
    endloop
  endfacet
  facet normal -0.9891765099647837 -0.1467304744553435 2.6312147305653597e-19
    outer loop
      vertex 90.85765357362328 41.69962299266705 0
      vertex 90.89509213392259 41.44723272028198 0
      vertex 90.89509213392259 41.44723272028198 12.4
    endloop
  endfacet
  facet normal -0.9415440651830218 -0.33688985339221683 -3.143464086819166e-19
    outer loop
      vertex 90.70969862910422 42.187365079574356 0
      vertex 90.79565671747862 41.94712831628672 0
      vertex 90.79565671747862 41.94712831628672 12.4
    endloop
  endfacet
  facet normal -0.970031253194541 -0.2429801799032761 1.5691048485764001e-19
    outer loop
      vertex 90.79565671747862 41.94712831628672 0
      vertex 90.85765357362328 41.69962299266705 0
      vertex 90.85765357362328 41.69962299266705 12.4
    endloop
  endfacet
  facet normal -0.9039892931234517 -0.42755509343026443 -2.86581659745067e-19
    outer loop
      vertex 90.60060713188061 42.418019671172715 0
      vertex 90.70969862910422 42.187365079574356 0
      vertex 90.70969862910422 42.187365079574356 12.4
    endloop
  endfacet
  facet normal -0.8577286100002582 -0.5141027441932448 3.015884367668543e-19
    outer loop
      vertex 90.4694328365615 42.636870761276086 0
      vertex 90.60060713188061 42.418019671172715 0
      vertex 90.60060713188061 42.418019671172715 12.4
    endloop
  endfacet
  facet normal -0.33688985339222566 -0.9415440651830187 0
    outer loop
      vertex 89.3025887687241 43.594474939954466 0
      vertex 89.3025887687241 43.594474939954466 12.4
      vertex 89.06235200543648 43.68043302832886 0
    endloop
  endfacet
  facet normal -0.7409511253549623 -0.6715589548470149 -9.293274968400557e-19
    outer loop
      vertex 90.1460894756599 43.03086578651015 0
      vertex 90.317439023318 42.8418106942506 0
      vertex 90.317439023318 42.8418106942506 12.4
    endloop
  endfacet
  facet normal -0.6715589548469997 -0.7409511253549762 3.699305188175354e-19
    outer loop
      vertex 89.95703438340036 43.20221533416824 0
      vertex 90.1460894756599 43.03086578651015 0
      vertex 90.1460894756599 43.03086578651015 12.4
    endloop
  endfacet
  facet normal -0.5141027441932243 -0.8577286100002706 0
    outer loop
      vertex 89.75209445042584 43.35420914741174 0
      vertex 89.75209445042584 43.35420914741174 12.4
      vertex 89.53324336032247 43.48538344273084 0
    endloop
  endfacet
  facet normal -0.4275550934302764 -0.903989293123446 0
    outer loop
      vertex 89.53324336032247 43.48538344273084 0
      vertex 89.53324336032247 43.48538344273084 12.4
      vertex 89.3025887687241 43.594474939954466 0
    endloop
  endfacet
  facet normal -0.5956993044924319 -0.803207531480646 0
    outer loop
      vertex 89.95703438340036 43.20221533416824 0
      vertex 89.95703438340036 43.20221533416824 12.4
      vertex 89.75209445042584 43.35420914741174 0
    endloop
  endfacet
  facet normal -0.1467304744553354 -0.9891765099647849 0
    outer loop
      vertex 88.81484668181682 43.74242988447352 0
      vertex 88.81484668181682 43.74242988447352 12.4
      vertex 88.56245640943173 43.77986844477283 0
    endloop
  endfacet
  facet normal -0.24298017990328266 -0.9700312531945393 0
    outer loop
      vertex 89.06235200543648 43.68043302832886 0
      vertex 89.06235200543648 43.68043302832886 12.4
      vertex 88.81484668181682 43.74242988447352 0
    endloop
  endfacet
  facet normal -0.8032075314806593 -0.5956993044924139 -3.4823369461691846e-19
    outer loop
      vertex 90.317439023318 42.8418106942506 0
      vertex 90.4694328365615 42.636870761276086 0
      vertex 90.4694328365615 42.636870761276086 12.4
    endloop
  endfacet
  facet normal 0.6715589548469997 0.7409511253549762 0
    outer loop
      vertex 86.6581893057494 39.182560976682005 0
      vertex 86.46913421348985 39.353910524340094 12.4
      vertex 86.6581893057494 39.182560976682005 12.4
    endloop
  endfacet
  facet normal 0.7409511253549623 0.6715589548470149 0
    outer loop
      vertex 86.46913421348985 39.353910524340094 0
      vertex 86.29778466583176 39.542965616599645 12.4
      vertex 86.46913421348985 39.353910524340094 12.4
    endloop
  endfacet
  facet normal 0.8577286100002582 0.5141027441932448 0
    outer loop
      vertex 86.14579085258826 39.747905549574156 0
      vertex 86.01461655726915 39.96675663967753 12.4
      vertex 86.14579085258826 39.747905549574156 12.4
    endloop
  endfacet
  facet normal 0.9039892931234517 0.42755509343026443 0
    outer loop
      vertex 86.01461655726915 39.96675663967753 0
      vertex 85.90552506004553 40.197411231275886 12.4
      vertex 86.01461655726915 39.96675663967753 12.4
    endloop
  endfacet
  facet normal 0.8032075314806593 0.5956993044924139 0
    outer loop
      vertex 86.29778466583176 39.542965616599645 0
      vertex 86.14579085258826 39.747905549574156 12.4
      vertex 86.29778466583176 39.542965616599645 12.4
    endloop
  endfacet
  facet normal 0.9415440651830218 0.33688985339221683 0
    outer loop
      vertex 85.90552506004553 40.197411231275886 0
      vertex 85.81956697167114 40.43764799456352 12.4
      vertex 85.90552506004553 40.197411231275886 12.4
    endloop
  endfacet
  facet normal 0.970031253194541 0.2429801799032761 0
    outer loop
      vertex 85.81956697167114 40.43764799456352 0
      vertex 85.75757011552648 40.68515331818319 12.4
      vertex 85.81956697167114 40.43764799456352 12.4
    endloop
  endfacet
  facet normal 0.5956993044924319 0.803207531480646 0
    outer loop
      vertex 86.86312923872391 39.030567163438505 0
      vertex 86.6581893057494 39.182560976682005 12.4
      vertex 86.86312923872391 39.030567163438505 12.4
    endloop
  endfacet
  facet normal 0.5141027441932243 0.8577286100002706 0
    outer loop
      vertex 87.08198032882729 38.8993928681194 0
      vertex 86.86312923872391 39.030567163438505 12.4
      vertex 87.08198032882729 38.8993928681194 12.4
    endloop
  endfacet
  facet normal 0.4275550934302764 0.903989293123446 0
    outer loop
      vertex 87.31263492042565 38.790301370895776 0
      vertex 87.08198032882729 38.8993928681194 12.4
      vertex 87.31263492042565 38.790301370895776 12.4
    endloop
  endfacet
  facet normal 0.33688985339222566 0.9415440651830187 0
    outer loop
      vertex 87.55287168371328 38.70434328252138 0
      vertex 87.31263492042565 38.790301370895776 12.4
      vertex 87.55287168371328 38.70434328252138 12.4
    endloop
  endfacet
  facet normal 0.24298017990328266 0.9700312531945393 0
    outer loop
      vertex 87.80037700733294 38.64234642637672 0
      vertex 87.55287168371328 38.70434328252138 12.4
      vertex 87.80037700733294 38.64234642637672 12.4
    endloop
  endfacet
  facet normal 0.1467304744553354 0.9891765099647849 0
    outer loop
      vertex 88.05276727971803 38.60490786607741 0
      vertex 87.80037700733294 38.64234642637672 12.4
      vertex 88.05276727971803 38.60490786607741 12.4
    endloop
  endfacet
  facet normal 0.049067674327433544 0.9987954562051717 0
    outer loop
      vertex 88.30761184457488 38.59238815542512 0
      vertex 88.05276727971803 38.60490786607741 12.4
      vertex 88.30761184457488 38.59238815542512 12.4
    endloop
  endfacet
  facet normal -0.049067674327433544 0.9987954562051717 0
    outer loop
      vertex 88.56245640943173 38.60490786607741 0
      vertex 88.30761184457488 38.59238815542512 12.4
      vertex 88.56245640943173 38.60490786607741 12.4
    endloop
  endfacet
  facet normal 0.9987954562051731 0.04906767432740439 0
    outer loop
      vertex 85.72013155522717 40.93754359056826 0
      vertex 85.70761184457488 41.19238815542512 12.4
      vertex 85.72013155522717 40.93754359056826 12.4
    endloop
  endfacet
  facet normal 0.9987954562051731 -0.04906767432740439 0
    outer loop
      vertex 85.70761184457488 41.19238815542512 0
      vertex 85.72013155522717 41.44723272028198 12.4
      vertex 85.70761184457488 41.19238815542512 12.4
    endloop
  endfacet
  facet normal 0.9891765099647837 -0.1467304744553435 0
    outer loop
      vertex 85.72013155522717 41.44723272028198 0
      vertex 85.75757011552648 41.69962299266705 12.4
      vertex 85.72013155522717 41.44723272028198 12.4
    endloop
  endfacet
  facet normal 0.9891765099647837 0.1467304744553435 0
    outer loop
      vertex 85.75757011552648 40.68515331818319 0
      vertex 85.72013155522717 40.93754359056826 12.4
      vertex 85.75757011552648 40.68515331818319 12.4
    endloop
  endfacet
  facet normal 0.970031253194541 -0.2429801799032761 0
    outer loop
      vertex 85.75757011552648 41.69962299266705 0
      vertex 85.81956697167114 41.94712831628672 12.4
      vertex 85.75757011552648 41.69962299266705 12.4
    endloop
  endfacet
  facet normal 0.9415440651830218 -0.33688985339221683 0
    outer loop
      vertex 85.81956697167114 41.94712831628672 0
      vertex 85.90552506004553 42.187365079574356 12.4
      vertex 85.81956697167114 41.94712831628672 12.4
    endloop
  endfacet
  facet normal 0.9039892931234517 -0.42755509343026443 0
    outer loop
      vertex 85.90552506004553 42.187365079574356 0
      vertex 86.01461655726915 42.418019671172715 12.4
      vertex 85.90552506004553 42.187365079574356 12.4
    endloop
  endfacet
  facet normal 0.8577286100002582 -0.5141027441932448 0
    outer loop
      vertex 86.01461655726915 42.418019671172715 0
      vertex 86.14579085258826 42.636870761276086 12.4
      vertex 86.01461655726915 42.418019671172715 12.4
    endloop
  endfacet
  facet normal 0.8032075314806593 -0.5956993044924139 0
    outer loop
      vertex 86.14579085258826 42.636870761276086 0
      vertex 86.29778466583176 42.8418106942506 12.4
      vertex 86.14579085258826 42.636870761276086 12.4
    endloop
  endfacet
  facet normal 0.7409511253549623 -0.6715589548470149 0
    outer loop
      vertex 86.29778466583176 42.8418106942506 0
      vertex 86.46913421348985 43.03086578651015 12.4
      vertex 86.29778466583176 42.8418106942506 12.4
    endloop
  endfacet
  facet normal 0.6715589548469997 -0.7409511253549762 0
    outer loop
      vertex 86.46913421348985 43.03086578651015 0
      vertex 86.6581893057494 43.20221533416824 12.4
      vertex 86.46913421348985 43.03086578651015 12.4
    endloop
  endfacet
  facet normal 0.5956993044924319 -0.803207531480646 0
    outer loop
      vertex 86.6581893057494 43.20221533416824 0
      vertex 86.86312923872391 43.35420914741174 12.4
      vertex 86.6581893057494 43.20221533416824 12.4
    endloop
  endfacet
  facet normal 0.5141027441932243 -0.8577286100002706 0
    outer loop
      vertex 86.86312923872391 43.35420914741174 0
      vertex 87.08198032882729 43.48538344273084 12.4
      vertex 86.86312923872391 43.35420914741174 12.4
    endloop
  endfacet
  facet normal 0.4275550934302764 -0.903989293123446 0
    outer loop
      vertex 87.08198032882729 43.48538344273084 0
      vertex 87.31263492042565 43.594474939954466 12.4
      vertex 87.08198032882729 43.48538344273084 12.4
    endloop
  endfacet
  facet normal 0.33688985339222566 -0.9415440651830187 0
    outer loop
      vertex 87.31263492042565 43.594474939954466 0
      vertex 87.55287168371328 43.68043302832886 12.4
      vertex 87.31263492042565 43.594474939954466 12.4
    endloop
  endfacet
  facet normal 0.24298017990328266 -0.9700312531945393 0
    outer loop
      vertex 87.55287168371328 43.68043302832886 0
      vertex 87.80037700733294 43.74242988447352 12.4
      vertex 87.55287168371328 43.68043302832886 12.4
    endloop
  endfacet
  facet normal 0.1467304744553354 -0.9891765099647849 0
    outer loop
      vertex 87.80037700733294 43.74242988447352 0
      vertex 88.05276727971803 43.77986844477283 12.4
      vertex 87.80037700733294 43.74242988447352 12.4
    endloop
  endfacet
  facet normal 0.049067674327433544 -0.9987954562051717 0
    outer loop
      vertex 88.05276727971803 43.77986844477283 0
      vertex 88.30761184457488 43.79238815542512 12.4
      vertex 88.05276727971803 43.77986844477283 12.4
    endloop
  endfacet
  facet normal -0.049067674327433544 -0.9987954562051717 0
    outer loop
      vertex 88.30761184457488 43.79238815542512 0
      vertex 88.56245640943173 43.77986844477283 12.4
      vertex 88.30761184457488 43.79238815542512 12.4
    endloop
  endfacet
  facet normal -0.1467304744553354 0.9891765099647849 0
    outer loop
      vertex 88.81484668181682 38.64234642637672 0
      vertex 88.56245640943173 38.60490786607741 12.4
      vertex 88.81484668181682 38.64234642637672 12.4
    endloop
  endfacet
  facet normal -0.24298017990328266 0.9700312531945393 0
    outer loop
      vertex 89.06235200543648 38.70434328252138 0
      vertex 88.81484668181682 38.64234642637672 12.4
      vertex 89.06235200543648 38.70434328252138 12.4
    endloop
  endfacet
  facet normal -0.33688985339222566 0.9415440651830187 0
    outer loop
      vertex 89.3025887687241 38.790301370895776 0
      vertex 89.06235200543648 38.70434328252138 12.4
      vertex 89.3025887687241 38.790301370895776 12.4
    endloop
  endfacet
  facet normal -0.4275550934302764 0.903989293123446 0
    outer loop
      vertex 89.53324336032247 38.8993928681194 0
      vertex 89.3025887687241 38.790301370895776 12.4
      vertex 89.53324336032247 38.8993928681194 12.4
    endloop
  endfacet
  facet normal -0.5141027441932243 0.8577286100002706 0
    outer loop
      vertex 89.75209445042584 39.030567163438505 0
      vertex 89.53324336032247 38.8993928681194 12.4
      vertex 89.75209445042584 39.030567163438505 12.4
    endloop
  endfacet
  facet normal -0.5956993044924319 0.803207531480646 0
    outer loop
      vertex 89.95703438340036 39.182560976682005 0
      vertex 89.75209445042584 39.030567163438505 12.4
      vertex 89.95703438340036 39.182560976682005 12.4
    endloop
  endfacet
  facet normal -0.6715589548469997 0.7409511253549762 0
    outer loop
      vertex 90.1460894756599 39.353910524340094 0
      vertex 89.95703438340036 39.182560976682005 12.4
      vertex 90.1460894756599 39.353910524340094 12.4
    endloop
  endfacet
  facet normal -0.7409511253549623 0.6715589548470149 0
    outer loop
      vertex 90.317439023318 39.542965616599645 0
      vertex 90.1460894756599 39.353910524340094 12.4
      vertex 90.317439023318 39.542965616599645 12.4
    endloop
  endfacet
  facet normal -0.8032075314806593 0.5956993044924139 0
    outer loop
      vertex 90.4694328365615 39.747905549574156 0
      vertex 90.317439023318 39.542965616599645 12.4
      vertex 90.4694328365615 39.747905549574156 12.4
    endloop
  endfacet
  facet normal -0.8577286100002582 0.5141027441932448 0
    outer loop
      vertex 90.60060713188061 39.96675663967753 0
      vertex 90.4694328365615 39.747905549574156 12.4
      vertex 90.60060713188061 39.96675663967753 12.4
    endloop
  endfacet
  facet normal -0.9039892931234517 0.42755509343026443 0
    outer loop
      vertex 90.70969862910422 40.197411231275886 0
      vertex 90.60060713188061 39.96675663967753 12.4
      vertex 90.70969862910422 40.197411231275886 12.4
    endloop
  endfacet
  facet normal -0.9415440651830218 0.33688985339221683 0
    outer loop
      vertex 90.79565671747862 40.43764799456352 0
      vertex 90.70969862910422 40.197411231275886 12.4
      vertex 90.79565671747862 40.43764799456352 12.4
    endloop
  endfacet
  facet normal -0.970031253194541 0.2429801799032761 0
    outer loop
      vertex 90.85765357362328 40.68515331818319 0
      vertex 90.79565671747862 40.43764799456352 12.4
      vertex 90.85765357362328 40.68515331818319 12.4
    endloop
  endfacet
  facet normal -0.9891765099647837 0.1467304744553435 0
    outer loop
      vertex 90.89509213392259 40.93754359056826 0
      vertex 90.85765357362328 40.68515331818319 12.4
      vertex 90.89509213392259 40.93754359056826 12.4
    endloop
  endfacet
  facet normal -0.9987954562051731 0.04906767432740439 0
    outer loop
      vertex 90.90761184457487 41.19238815542512 0
      vertex 90.89509213392259 40.93754359056826 12.4
      vertex 90.90761184457487 41.19238815542512 12.4
    endloop
  endfacet
  facet normal -0.9987954562051731 -0.04906767432740439 0
    outer loop
      vertex 90.89509213392259 41.44723272028198 0
      vertex 90.90761184457487 41.19238815542512 12.4
      vertex 90.89509213392259 41.44723272028198 12.4
    endloop
  endfacet
  facet normal -0.9891765099647837 -0.1467304744553435 0
    outer loop
      vertex 90.85765357362328 41.69962299266705 0
      vertex 90.89509213392259 41.44723272028198 12.4
      vertex 90.85765357362328 41.69962299266705 12.4
    endloop
  endfacet
  facet normal -0.9415440651830218 -0.33688985339221683 0
    outer loop
      vertex 90.70969862910422 42.187365079574356 0
      vertex 90.79565671747862 41.94712831628672 12.4
      vertex 90.70969862910422 42.187365079574356 12.4
    endloop
  endfacet
  facet normal -0.970031253194541 -0.2429801799032761 0
    outer loop
      vertex 90.79565671747862 41.94712831628672 0
      vertex 90.85765357362328 41.69962299266705 12.4
      vertex 90.79565671747862 41.94712831628672 12.4
    endloop
  endfacet
  facet normal -0.9039892931234517 -0.42755509343026443 0
    outer loop
      vertex 90.60060713188061 42.418019671172715 0
      vertex 90.70969862910422 42.187365079574356 12.4
      vertex 90.60060713188061 42.418019671172715 12.4
    endloop
  endfacet
  facet normal -0.8577286100002582 -0.5141027441932448 0
    outer loop
      vertex 90.4694328365615 42.636870761276086 0
      vertex 90.60060713188061 42.418019671172715 12.4
      vertex 90.4694328365615 42.636870761276086 12.4
    endloop
  endfacet
  facet normal -0.33688985339222566 -0.9415440651830187 0
    outer loop
      vertex 89.06235200543648 43.68043302832886 0
      vertex 89.3025887687241 43.594474939954466 12.4
      vertex 89.06235200543648 43.68043302832886 12.4
    endloop
  endfacet
  facet normal -0.4275550934302764 -0.903989293123446 0
    outer loop
      vertex 89.3025887687241 43.594474939954466 0
      vertex 89.53324336032247 43.48538344273084 12.4
      vertex 89.3025887687241 43.594474939954466 12.4
    endloop
  endfacet
  facet normal -0.6715589548469997 -0.7409511253549762 0
    outer loop
      vertex 89.95703438340036 43.20221533416824 0
      vertex 90.1460894756599 43.03086578651015 12.4
      vertex 89.95703438340036 43.20221533416824 12.4
    endloop
  endfacet
  facet normal -0.7409511253549623 -0.6715589548470149 0
    outer loop
      vertex 90.1460894756599 43.03086578651015 0
      vertex 90.317439023318 42.8418106942506 12.4
      vertex 90.1460894756599 43.03086578651015 12.4
    endloop
  endfacet
  facet normal -0.5956993044924319 -0.803207531480646 0
    outer loop
      vertex 89.75209445042584 43.35420914741174 0
      vertex 89.95703438340036 43.20221533416824 12.4
      vertex 89.75209445042584 43.35420914741174 12.4
    endloop
  endfacet
  facet normal -0.5141027441932243 -0.8577286100002706 0
    outer loop
      vertex 89.53324336032247 43.48538344273084 0
      vertex 89.75209445042584 43.35420914741174 12.4
      vertex 89.53324336032247 43.48538344273084 12.4
    endloop
  endfacet
  facet normal -0.1467304744553354 -0.9891765099647849 0
    outer loop
      vertex 88.56245640943173 43.77986844477283 0
      vertex 88.81484668181682 43.74242988447352 12.4
      vertex 88.56245640943173 43.77986844477283 12.4
    endloop
  endfacet
  facet normal -0.24298017990328266 -0.9700312531945393 0
    outer loop
      vertex 88.81484668181682 43.74242988447352 0
      vertex 89.06235200543648 43.68043302832886 12.4
      vertex 88.81484668181682 43.74242988447352 12.4
    endloop
  endfacet
  facet normal -0.8032075314806593 -0.5956993044924139 0
    outer loop
      vertex 90.317439023318 42.8418106942506 0
      vertex 90.4694328365615 42.636870761276086 12.4
      vertex 90.317439023318 42.8418106942506 12.4
    endloop
  endfacet
  facet normal 0.5956993044924319 0.803207531480646 0
    outer loop
      vertex 82.85057746117452 29.990172821256884 0
      vertex 82.85057746117452 29.990172821256884 12.4
      vertex 83.05551739414904 29.838179008013384 0
    endloop
  endfacet
  facet normal 0.6715589548470072 0.7409511253549692 0
    outer loop
      vertex 82.66152236891497 30.161522368914977 0
      vertex 82.66152236891497 30.161522368914977 12.4
      vertex 82.85057746117452 29.990172821256884 0
    endloop
  endfacet
  facet normal 0.7409511253549497 0.6715589548470288 8.377248492364249e-20
    outer loop
      vertex 82.66152236891497 30.161522368914977 0
      vertex 82.49017282125688 30.35057746117452 0
      vertex 82.49017282125688 30.35057746117452 12.4
    endloop
  endfacet
  facet normal 0.14673047445536266 0.9891765099647808 0
    outer loop
      vertex 83.99276516275806 29.4499582709516 0
      vertex 83.99276516275806 29.4499582709516 12.4
      vertex 84.24515543514315 29.412519710652287 0
    endloop
  endfacet
  facet normal 0.04906767432741966 0.9987954562051724 0
    outer loop
      vertex 84.24515543514315 29.412519710652287 0
      vertex 84.24515543514315 29.412519710652287 12.4
      vertex 84.5 29.4 0
    endloop
  endfacet
  facet normal -0.04906767432741966 0.9987954562051724 0
    outer loop
      vertex 84.5 29.4 0
      vertex 84.5 29.4 12.4
      vertex 84.75484456485685 29.412519710652287 0
    endloop
  endfacet
  facet normal 0.4275550934302764 0.903989293123446 0
    outer loop
      vertex 83.2743684842524 29.70700471269428 0
      vertex 83.2743684842524 29.70700471269428 12.4
      vertex 83.50502307585077 29.597913215470655 0
    endloop
  endfacet
  facet normal 0.5141027441932243 0.8577286100002706 0
    outer loop
      vertex 83.05551739414904 29.838179008013384 0
      vertex 83.05551739414904 29.838179008013384 12.4
      vertex 83.2743684842524 29.70700471269428 0
    endloop
  endfacet
  facet normal 0.33688985339222566 0.9415440651830187 0
    outer loop
      vertex 83.50502307585077 29.597913215470655 0
      vertex 83.50502307585077 29.597913215470655 12.4
      vertex 83.7452598391384 29.511955127096257 0
    endloop
  endfacet
  facet normal 0.24298017990326956 0.9700312531945425 0
    outer loop
      vertex 83.7452598391384 29.511955127096257 0
      vertex 83.7452598391384 29.511955127096257 12.4
      vertex 83.99276516275806 29.4499582709516 0
    endloop
  endfacet
  facet normal 0.9415440651830218 0.33688985339221683 -3.143464086819166e-19
    outer loop
      vertex 82.09791321547065 31.005023075850765 0
      vertex 82.01195512709626 31.2452598391384 0
      vertex 82.01195512709626 31.2452598391384 12.4
    endloop
  endfacet
  facet normal 0.9700312531945401 0.2429801799032794 1.4022131822182643e-19
    outer loop
      vertex 82.01195512709626 31.2452598391384 0
      vertex 81.9499582709516 31.492765162758065 0
      vertex 81.9499582709516 31.492765162758065 12.4
    endloop
  endfacet
  facet normal 0.8577286100002582 0.5141027441932448 3.015884367668543e-19
    outer loop
      vertex 82.33817900801338 30.555517394149035 0
      vertex 82.20700471269427 30.774368484252406 0
      vertex 82.20700471269427 30.774368484252406 12.4
    endloop
  endfacet
  facet normal 0.8032075314806643 0.5956993044924074 4.470904372888561e-20
    outer loop
      vertex 82.49017282125688 30.35057746117452 0
      vertex 82.33817900801338 30.555517394149035 0
      vertex 82.33817900801338 30.555517394149035 12.4
    endloop
  endfacet
  facet normal 0.9039892931234517 0.42755509343026443 -2.86581659745067e-19
    outer loop
      vertex 82.20700471269427 30.774368484252406 0
      vertex 82.09791321547065 31.005023075850765 0
      vertex 82.09791321547065 31.005023075850765 12.4
    endloop
  endfacet
  facet normal 0.9891765099647842 0.14673047445533946 7.21287488992192e-20
    outer loop
      vertex 81.9499582709516 31.492765162758065 0
      vertex 81.91251971065229 31.745155435143143 0
      vertex 81.91251971065229 31.745155435143143 12.4
    endloop
  endfacet
  facet normal 0.9987954562051731 0.049067674327405074 -2.1500908976681746e-20
    outer loop
      vertex 81.91251971065229 31.745155435143143 0
      vertex 81.9 32 0
      vertex 81.9 32 12.4
    endloop
  endfacet
  facet normal 0.9987954562051731 -0.04906767432740439 -3.860946138082204e-20
    outer loop
      vertex 81.9 32 0
      vertex 81.91251971065229 32.25484456485686 0
      vertex 81.91251971065229 32.25484456485686 12.4
    endloop
  endfacet
  facet normal 0.9891765099647837 -0.1467304744553435 -2.6312147305653597e-19
    outer loop
      vertex 81.91251971065229 32.25484456485686 0
      vertex 81.9499582709516 32.50723483724193 0
      vertex 81.9499582709516 32.50723483724193 12.4
    endloop
  endfacet
  facet normal -0.14673047445536266 0.9891765099647808 0
    outer loop
      vertex 84.75484456485685 29.412519710652287 0
      vertex 84.75484456485685 29.412519710652287 12.4
      vertex 85.00723483724194 29.4499582709516 0
    endloop
  endfacet
  facet normal -0.24298017990326956 0.9700312531945425 0
    outer loop
      vertex 85.00723483724194 29.4499582709516 0
      vertex 85.00723483724194 29.4499582709516 12.4
      vertex 85.2547401608616 29.511955127096257 0
    endloop
  endfacet
  facet normal -0.33688985339222566 0.9415440651830187 0
    outer loop
      vertex 85.2547401608616 29.511955127096257 0
      vertex 85.2547401608616 29.511955127096257 12.4
      vertex 85.49497692414923 29.597913215470655 0
    endloop
  endfacet
  facet normal -0.4275550934302764 0.903989293123446 0
    outer loop
      vertex 85.49497692414923 29.597913215470655 0
      vertex 85.49497692414923 29.597913215470655 12.4
      vertex 85.7256315157476 29.70700471269428 0
    endloop
  endfacet
  facet normal -0.5141027441932243 0.8577286100002706 0
    outer loop
      vertex 85.7256315157476 29.70700471269428 0
      vertex 85.7256315157476 29.70700471269428 12.4
      vertex 85.94448260585096 29.838179008013384 0
    endloop
  endfacet
  facet normal -0.5956993044924319 0.803207531480646 0
    outer loop
      vertex 85.94448260585096 29.838179008013384 0
      vertex 85.94448260585096 29.838179008013384 12.4
      vertex 86.14942253882548 29.990172821256884 0
    endloop
  endfacet
  facet normal -0.6715589548470072 0.7409511253549692 0
    outer loop
      vertex 86.14942253882548 29.990172821256884 0
      vertex 86.14942253882548 29.990172821256884 12.4
      vertex 86.33847763108503 30.161522368914977 0
    endloop
  endfacet
  facet normal -0.7409511253549497 0.6715589548470288 0
    outer loop
      vertex 86.33847763108503 30.161522368914977 0
      vertex 86.33847763108503 30.161522368914977 12.4
      vertex 86.50982717874312 30.35057746117452 0
    endloop
  endfacet
  facet normal -0.8032075314806643 0.5956993044924074 -4.470904372888561e-20
    outer loop
      vertex 86.66182099198662 30.555517394149035 0
      vertex 86.50982717874312 30.35057746117452 0
      vertex 86.50982717874312 30.35057746117452 12.4
    endloop
  endfacet
  facet normal -0.8577286100002582 0.5141027441932448 -3.015884367668543e-19
    outer loop
      vertex 86.79299528730573 30.774368484252406 0
      vertex 86.66182099198662 30.555517394149035 0
      vertex 86.66182099198662 30.555517394149035 12.4
    endloop
  endfacet
  facet normal -0.9039892931234517 0.42755509343026443 2.86581659745067e-19
    outer loop
      vertex 86.90208678452935 31.005023075850765 0
      vertex 86.79299528730573 30.774368484252406 0
      vertex 86.79299528730573 30.774368484252406 12.4
    endloop
  endfacet
  facet normal -0.9415440651830218 0.33688985339221683 3.143464086819166e-19
    outer loop
      vertex 86.98804487290374 31.2452598391384 0
      vertex 86.90208678452935 31.005023075850765 0
      vertex 86.90208678452935 31.005023075850765 12.4
    endloop
  endfacet
  facet normal -0.9700312531945401 0.2429801799032794 -1.4022131822182643e-19
    outer loop
      vertex 87.0500417290484 31.492765162758065 0
      vertex 86.98804487290374 31.2452598391384 0
      vertex 86.98804487290374 31.2452598391384 12.4
    endloop
  endfacet
  facet normal -0.9891765099647842 0.14673047445533946 -7.21287488992192e-20
    outer loop
      vertex 87.08748028934771 31.745155435143143 0
      vertex 87.0500417290484 31.492765162758065 0
      vertex 87.0500417290484 31.492765162758065 12.4
    endloop
  endfacet
  facet normal -0.9987954562051731 0.049067674327405074 0
    outer loop
      vertex 87.08748028934771 31.745155435143143 0
      vertex 87.08748028934771 31.745155435143143 12.4
      vertex 87.1 32 0
    endloop
  endfacet
  facet normal -0.9987954562051731 -0.04906767432740439 0
    outer loop
      vertex 87.1 32 0
      vertex 87.1 32 12.4
      vertex 87.08748028934771 32.25484456485686 0
    endloop
  endfacet
  facet normal -0.9891765099647837 -0.1467304744553435 2.6312147305653597e-19
    outer loop
      vertex 87.0500417290484 32.50723483724193 0
      vertex 87.08748028934771 32.25484456485686 0
      vertex 87.08748028934771 32.25484456485686 12.4
    endloop
  endfacet
  facet normal 0.8032075314806643 0.5956993044924074 0
    outer loop
      vertex 82.49017282125688 30.35057746117452 0
      vertex 82.33817900801338 30.555517394149035 12.4
      vertex 82.49017282125688 30.35057746117452 12.4
    endloop
  endfacet
  facet normal 0.6715589548470072 0.7409511253549692 0
    outer loop
      vertex 82.85057746117452 29.990172821256884 0
      vertex 82.66152236891497 30.161522368914977 12.4
      vertex 82.85057746117452 29.990172821256884 12.4
    endloop
  endfacet
  facet normal 0.7409511253549497 0.6715589548470288 8.377248492364249e-20
    outer loop
      vertex 82.49017282125688 30.35057746117452 12.4
      vertex 82.66152236891497 30.161522368914977 12.4
      vertex 82.66152236891497 30.161522368914977 0
    endloop
  endfacet
  facet normal 0.14673047445536266 0.9891765099647808 0
    outer loop
      vertex 84.24515543514315 29.412519710652287 0
      vertex 83.99276516275806 29.4499582709516 12.4
      vertex 84.24515543514315 29.412519710652287 12.4
    endloop
  endfacet
  facet normal 0.04906767432741966 0.9987954562051724 0
    outer loop
      vertex 84.5 29.4 0
      vertex 84.24515543514315 29.412519710652287 12.4
      vertex 84.5 29.4 12.4
    endloop
  endfacet
  facet normal -0.04906767432741966 0.9987954562051724 0
    outer loop
      vertex 84.75484456485685 29.412519710652287 0
      vertex 84.5 29.4 12.4
      vertex 84.75484456485685 29.412519710652287 12.4
    endloop
  endfacet
  facet normal 0.4275550934302764 0.903989293123446 0
    outer loop
      vertex 83.50502307585077 29.597913215470655 0
      vertex 83.2743684842524 29.70700471269428 12.4
      vertex 83.50502307585077 29.597913215470655 12.4
    endloop
  endfacet
  facet normal 0.5956993044924319 0.803207531480646 0
    outer loop
      vertex 83.05551739414904 29.838179008013384 0
      vertex 82.85057746117452 29.990172821256884 12.4
      vertex 83.05551739414904 29.838179008013384 12.4
    endloop
  endfacet
  facet normal 0.5141027441932243 0.8577286100002706 0
    outer loop
      vertex 83.2743684842524 29.70700471269428 0
      vertex 83.05551739414904 29.838179008013384 12.4
      vertex 83.2743684842524 29.70700471269428 12.4
    endloop
  endfacet
  facet normal 0.33688985339222566 0.9415440651830187 0
    outer loop
      vertex 83.7452598391384 29.511955127096257 0
      vertex 83.50502307585077 29.597913215470655 12.4
      vertex 83.7452598391384 29.511955127096257 12.4
    endloop
  endfacet
  facet normal 0.24298017990326956 0.9700312531945425 0
    outer loop
      vertex 83.99276516275806 29.4499582709516 0
      vertex 83.7452598391384 29.511955127096257 12.4
      vertex 83.99276516275806 29.4499582709516 12.4
    endloop
  endfacet
  facet normal 0.9700312531945401 0.2429801799032794 0
    outer loop
      vertex 82.01195512709626 31.2452598391384 0
      vertex 81.9499582709516 31.492765162758065 12.4
      vertex 82.01195512709626 31.2452598391384 12.4
    endloop
  endfacet
  facet normal 0.8577286100002582 0.5141027441932448 0
    outer loop
      vertex 82.33817900801338 30.555517394149035 0
      vertex 82.20700471269427 30.774368484252406 12.4
      vertex 82.33817900801338 30.555517394149035 12.4
    endloop
  endfacet
  facet normal 0.9039892931234517 0.42755509343026443 -2.86581659745067e-19
    outer loop
      vertex 82.09791321547065 31.005023075850765 12.4
      vertex 82.20700471269427 30.774368484252406 12.4
      vertex 82.20700471269427 30.774368484252406 0
    endloop
  endfacet
  facet normal 0.9415440651830218 0.33688985339221683 0
    outer loop
      vertex 82.09791321547065 31.005023075850765 0
      vertex 82.01195512709626 31.2452598391384 12.4
      vertex 82.09791321547065 31.005023075850765 12.4
    endloop
  endfacet
  facet normal 0.9891765099647842 0.14673047445533946 0
    outer loop
      vertex 81.9499582709516 31.492765162758065 0
      vertex 81.91251971065229 31.745155435143143 12.4
      vertex 81.9499582709516 31.492765162758065 12.4
    endloop
  endfacet
  facet normal 0.9987954562051731 0.049067674327405074 0
    outer loop
      vertex 81.91251971065229 31.745155435143143 0
      vertex 81.9 32 12.4
      vertex 81.91251971065229 31.745155435143143 12.4
    endloop
  endfacet
  facet normal 0.9987954562051731 -0.04906767432740439 0
    outer loop
      vertex 81.9 32 0
      vertex 81.91251971065229 32.25484456485686 12.4
      vertex 81.9 32 12.4
    endloop
  endfacet
  facet normal 0.9891765099647837 -0.1467304744553435 0
    outer loop
      vertex 81.91251971065229 32.25484456485686 0
      vertex 81.9499582709516 32.50723483724193 12.4
      vertex 81.91251971065229 32.25484456485686 12.4
    endloop
  endfacet
  facet normal -0.14673047445536266 0.9891765099647808 0
    outer loop
      vertex 85.00723483724194 29.4499582709516 0
      vertex 84.75484456485685 29.412519710652287 12.4
      vertex 85.00723483724194 29.4499582709516 12.4
    endloop
  endfacet
  facet normal -0.24298017990326956 0.9700312531945425 0
    outer loop
      vertex 85.2547401608616 29.511955127096257 0
      vertex 85.00723483724194 29.4499582709516 12.4
      vertex 85.2547401608616 29.511955127096257 12.4
    endloop
  endfacet
  facet normal -0.33688985339222566 0.9415440651830187 0
    outer loop
      vertex 85.49497692414923 29.597913215470655 0
      vertex 85.2547401608616 29.511955127096257 12.4
      vertex 85.49497692414923 29.597913215470655 12.4
    endloop
  endfacet
  facet normal -0.4275550934302764 0.903989293123446 0
    outer loop
      vertex 85.7256315157476 29.70700471269428 0
      vertex 85.49497692414923 29.597913215470655 12.4
      vertex 85.7256315157476 29.70700471269428 12.4
    endloop
  endfacet
  facet normal -0.5141027441932243 0.8577286100002706 0
    outer loop
      vertex 85.94448260585096 29.838179008013384 0
      vertex 85.7256315157476 29.70700471269428 12.4
      vertex 85.94448260585096 29.838179008013384 12.4
    endloop
  endfacet
  facet normal -0.5956993044924319 0.803207531480646 0
    outer loop
      vertex 86.14942253882548 29.990172821256884 0
      vertex 85.94448260585096 29.838179008013384 12.4
      vertex 86.14942253882548 29.990172821256884 12.4
    endloop
  endfacet
  facet normal -0.6715589548470072 0.7409511253549692 0
    outer loop
      vertex 86.33847763108503 30.161522368914977 0
      vertex 86.14942253882548 29.990172821256884 12.4
      vertex 86.33847763108503 30.161522368914977 12.4
    endloop
  endfacet
  facet normal -0.7409511253549497 0.6715589548470288 0
    outer loop
      vertex 86.50982717874312 30.35057746117452 0
      vertex 86.33847763108503 30.161522368914977 12.4
      vertex 86.50982717874312 30.35057746117452 12.4
    endloop
  endfacet
  facet normal -0.8032075314806643 0.5956993044924074 0
    outer loop
      vertex 86.66182099198662 30.555517394149035 0
      vertex 86.50982717874312 30.35057746117452 12.4
      vertex 86.66182099198662 30.555517394149035 12.4
    endloop
  endfacet
  facet normal -0.8577286100002582 0.5141027441932448 -3.015884367668543e-19
    outer loop
      vertex 86.66182099198662 30.555517394149035 12.4
      vertex 86.79299528730573 30.774368484252406 12.4
      vertex 86.79299528730573 30.774368484252406 0
    endloop
  endfacet
  facet normal -0.9039892931234517 0.42755509343026443 0
    outer loop
      vertex 86.90208678452935 31.005023075850765 0
      vertex 86.79299528730573 30.774368484252406 12.4
      vertex 86.90208678452935 31.005023075850765 12.4
    endloop
  endfacet
  facet normal -0.9415440651830218 0.33688985339221683 0
    outer loop
      vertex 86.98804487290374 31.2452598391384 0
      vertex 86.90208678452935 31.005023075850765 12.4
      vertex 86.98804487290374 31.2452598391384 12.4
    endloop
  endfacet
  facet normal -0.9700312531945401 0.2429801799032794 0
    outer loop
      vertex 87.0500417290484 31.492765162758065 0
      vertex 86.98804487290374 31.2452598391384 12.4
      vertex 87.0500417290484 31.492765162758065 12.4
    endloop
  endfacet
  facet normal -0.9891765099647842 0.14673047445533946 0
    outer loop
      vertex 87.08748028934771 31.745155435143143 0
      vertex 87.0500417290484 31.492765162758065 12.4
      vertex 87.08748028934771 31.745155435143143 12.4
    endloop
  endfacet
  facet normal -0.9987954562051731 0.049067674327405074 0
    outer loop
      vertex 87.1 32 0
      vertex 87.08748028934771 31.745155435143143 12.4
      vertex 87.1 32 12.4
    endloop
  endfacet
  facet normal -0.9987954562051731 -0.04906767432740439 0
    outer loop
      vertex 87.08748028934771 32.25484456485686 0
      vertex 87.1 32 12.4
      vertex 87.08748028934771 32.25484456485686 12.4
    endloop
  endfacet
  facet normal -0.9891765099647837 -0.1467304744553435 0
    outer loop
      vertex 87.0500417290484 32.50723483724193 0
      vertex 87.08748028934771 32.25484456485686 12.4
      vertex 87.0500417290484 32.50723483724193 12.4
    endloop
  endfacet
  facet normal 0.970031253194541 -0.2429801799032761 -1.5691048485764001e-19
    outer loop
      vertex 81.9499582709516 32.50723483724193 0
      vertex 82.01195512709626 32.7547401608616 0
      vertex 82.01195512709626 32.7547401608616 12.4
    endloop
  endfacet
  facet normal 0.9415440651830218 -0.33688985339221683 3.143464086819166e-19
    outer loop
      vertex 82.01195512709626 32.7547401608616 0
      vertex 82.09791321547065 32.994976924149235 0
      vertex 82.09791321547065 32.994976924149235 12.4
    endloop
  endfacet
  facet normal 0.9039892931234517 -0.42755509343026443 2.86581659745067e-19
    outer loop
      vertex 82.09791321547065 32.994976924149235 0
      vertex 82.20700471269427 33.225631515747594 0
      vertex 82.20700471269427 33.225631515747594 12.4
    endloop
  endfacet
  facet normal 0.8577286100002582 -0.5141027441932448 -3.015884367668543e-19
    outer loop
      vertex 82.20700471269427 33.225631515747594 0
      vertex 82.33817900801338 33.444482605850965 0
      vertex 82.33817900801338 33.444482605850965 12.4
    endloop
  endfacet
  facet normal 0.8032075314806593 -0.5956993044924139 3.4823369461691846e-19
    outer loop
      vertex 82.33817900801338 33.444482605850965 0
      vertex 82.49017282125688 33.649422538825476 0
      vertex 82.49017282125688 33.649422538825476 12.4
    endloop
  endfacet
  facet normal 0.7409511253549623 -0.6715589548470149 9.293274968400557e-19
    outer loop
      vertex 82.49017282125688 33.649422538825476 0
      vertex 82.66152236891497 33.83847763108503 0
      vertex 82.66152236891497 33.83847763108503 12.4
    endloop
  endfacet
  facet normal 0.6715589548469997 -0.7409511253549762 0
    outer loop
      vertex 82.85057746117452 34.009827178743116 0
      vertex 82.85057746117452 34.009827178743116 12.4
      vertex 82.66152236891497 33.83847763108503 0
    endloop
  endfacet
  facet normal 0.5956993044924319 -0.803207531480646 0
    outer loop
      vertex 83.05551739414904 34.161820991986616 0
      vertex 83.05551739414904 34.161820991986616 12.4
      vertex 82.85057746117452 34.009827178743116 0
    endloop
  endfacet
  facet normal 0.5141027441932243 -0.8577286100002706 0
    outer loop
      vertex 83.2743684842524 34.29299528730572 0
      vertex 83.2743684842524 34.29299528730572 12.4
      vertex 83.05551739414904 34.161820991986616 0
    endloop
  endfacet
  facet normal 0.4275550934302764 -0.903989293123446 0
    outer loop
      vertex 83.50502307585077 34.402086784529345 0
      vertex 83.50502307585077 34.402086784529345 12.4
      vertex 83.2743684842524 34.29299528730572 0
    endloop
  endfacet
  facet normal 0.33688985339222566 -0.9415440651830187 0
    outer loop
      vertex 83.7452598391384 34.48804487290374 0
      vertex 83.7452598391384 34.48804487290374 12.4
      vertex 83.50502307585077 34.402086784529345 0
    endloop
  endfacet
  facet normal 0.24298017990328266 -0.9700312531945393 0
    outer loop
      vertex 83.99276516275806 34.5500417290484 0
      vertex 83.99276516275806 34.5500417290484 12.4
      vertex 83.7452598391384 34.48804487290374 0
    endloop
  endfacet
  facet normal 0.1467304744553354 -0.9891765099647849 0
    outer loop
      vertex 84.24515543514315 34.58748028934771 0
      vertex 84.24515543514315 34.58748028934771 12.4
      vertex 83.99276516275806 34.5500417290484 0
    endloop
  endfacet
  facet normal 0.049067674327433544 -0.9987954562051717 0
    outer loop
      vertex 84.5 34.6 0
      vertex 84.5 34.6 12.4
      vertex 84.24515543514315 34.58748028934771 0
    endloop
  endfacet
  facet normal -0.049067674327433544 -0.9987954562051717 0
    outer loop
      vertex 84.75484456485685 34.58748028934771 0
      vertex 84.75484456485685 34.58748028934771 12.4
      vertex 84.5 34.6 0
    endloop
  endfacet
  facet normal -0.8032075314806593 -0.5956993044924139 -3.4823369461691846e-19
    outer loop
      vertex 86.50982717874312 33.649422538825476 0
      vertex 86.66182099198662 33.444482605850965 0
      vertex 86.66182099198662 33.444482605850965 12.4
    endloop
  endfacet
  facet normal -0.24298017990328266 -0.9700312531945393 0
    outer loop
      vertex 85.2547401608616 34.48804487290374 0
      vertex 85.2547401608616 34.48804487290374 12.4
      vertex 85.00723483724194 34.5500417290484 0
    endloop
  endfacet
  facet normal -0.33688985339222566 -0.9415440651830187 0
    outer loop
      vertex 85.49497692414923 34.402086784529345 0
      vertex 85.49497692414923 34.402086784529345 12.4
      vertex 85.2547401608616 34.48804487290374 0
    endloop
  endfacet
  facet normal -0.4275550934302764 -0.903989293123446 0
    outer loop
      vertex 85.7256315157476 34.29299528730572 0
      vertex 85.7256315157476 34.29299528730572 12.4
      vertex 85.49497692414923 34.402086784529345 0
    endloop
  endfacet
  facet normal -0.7409511253549623 -0.6715589548470149 -9.293274968400557e-19
    outer loop
      vertex 86.33847763108503 33.83847763108503 0
      vertex 86.50982717874312 33.649422538825476 0
      vertex 86.50982717874312 33.649422538825476 12.4
    endloop
  endfacet
  facet normal -0.6715589548469997 -0.7409511253549762 3.699305188175354e-19
    outer loop
      vertex 86.14942253882548 34.009827178743116 0
      vertex 86.33847763108503 33.83847763108503 0
      vertex 86.33847763108503 33.83847763108503 12.4
    endloop
  endfacet
  facet normal -0.5141027441932243 -0.8577286100002706 0
    outer loop
      vertex 85.94448260585096 34.161820991986616 0
      vertex 85.94448260585096 34.161820991986616 12.4
      vertex 85.7256315157476 34.29299528730572 0
    endloop
  endfacet
  facet normal -0.5956993044924319 -0.803207531480646 0
    outer loop
      vertex 86.14942253882548 34.009827178743116 0
      vertex 86.14942253882548 34.009827178743116 12.4
      vertex 85.94448260585096 34.161820991986616 0
    endloop
  endfacet
  facet normal -0.970031253194541 -0.2429801799032761 1.5691048485764001e-19
    outer loop
      vertex 86.98804487290374 32.7547401608616 0
      vertex 87.0500417290484 32.50723483724193 0
      vertex 87.0500417290484 32.50723483724193 12.4
    endloop
  endfacet
  facet normal -0.9415440651830218 -0.33688985339221683 -3.143464086819166e-19
    outer loop
      vertex 86.90208678452935 32.994976924149235 0
      vertex 86.98804487290374 32.7547401608616 0
      vertex 86.98804487290374 32.7547401608616 12.4
    endloop
  endfacet
  facet normal -0.9039892931234517 -0.42755509343026443 -2.86581659745067e-19
    outer loop
      vertex 86.79299528730573 33.225631515747594 0
      vertex 86.90208678452935 32.994976924149235 0
      vertex 86.90208678452935 32.994976924149235 12.4
    endloop
  endfacet
  facet normal -0.8577286100002582 -0.5141027441932448 3.015884367668543e-19
    outer loop
      vertex 86.66182099198662 33.444482605850965 0
      vertex 86.79299528730573 33.225631515747594 0
      vertex 86.79299528730573 33.225631515747594 12.4
    endloop
  endfacet
  facet normal -0.1467304744553354 -0.9891765099647849 0
    outer loop
      vertex 85.00723483724194 34.5500417290484 0
      vertex 85.00723483724194 34.5500417290484 12.4
      vertex 84.75484456485685 34.58748028934771 0
    endloop
  endfacet
  facet normal 0.970031253194541 -0.2429801799032761 0
    outer loop
      vertex 81.9499582709516 32.50723483724193 0
      vertex 82.01195512709626 32.7547401608616 12.4
      vertex 81.9499582709516 32.50723483724193 12.4
    endloop
  endfacet
  facet normal 0.9415440651830218 -0.33688985339221683 3.143464086819166e-19
    outer loop
      vertex 82.09791321547065 32.994976924149235 12.4
      vertex 82.01195512709626 32.7547401608616 12.4
      vertex 82.01195512709626 32.7547401608616 0
    endloop
  endfacet
  facet normal 0.9039892931234517 -0.42755509343026443 0
    outer loop
      vertex 82.09791321547065 32.994976924149235 0
      vertex 82.20700471269427 33.225631515747594 12.4
      vertex 82.09791321547065 32.994976924149235 12.4
    endloop
  endfacet
  facet normal 0.8577286100002582 -0.5141027441932448 0
    outer loop
      vertex 82.20700471269427 33.225631515747594 0
      vertex 82.33817900801338 33.444482605850965 12.4
      vertex 82.20700471269427 33.225631515747594 12.4
    endloop
  endfacet
  facet normal 0.8032075314806593 -0.5956993044924139 0
    outer loop
      vertex 82.33817900801338 33.444482605850965 0
      vertex 82.49017282125688 33.649422538825476 12.4
      vertex 82.33817900801338 33.444482605850965 12.4
    endloop
  endfacet
  facet normal 0.7409511253549623 -0.6715589548470149 9.293274968400557e-19
    outer loop
      vertex 82.66152236891497 33.83847763108503 12.4
      vertex 82.49017282125688 33.649422538825476 12.4
      vertex 82.49017282125688 33.649422538825476 0
    endloop
  endfacet
  facet normal 0.6715589548469997 -0.7409511253549762 0
    outer loop
      vertex 82.66152236891497 33.83847763108503 0
      vertex 82.85057746117452 34.009827178743116 12.4
      vertex 82.66152236891497 33.83847763108503 12.4
    endloop
  endfacet
  facet normal 0.5956993044924319 -0.803207531480646 0
    outer loop
      vertex 82.85057746117452 34.009827178743116 0
      vertex 83.05551739414904 34.161820991986616 12.4
      vertex 82.85057746117452 34.009827178743116 12.4
    endloop
  endfacet
  facet normal 0.5141027441932243 -0.8577286100002706 0
    outer loop
      vertex 83.05551739414904 34.161820991986616 0
      vertex 83.2743684842524 34.29299528730572 12.4
      vertex 83.05551739414904 34.161820991986616 12.4
    endloop
  endfacet
  facet normal 0.4275550934302764 -0.903989293123446 0
    outer loop
      vertex 83.2743684842524 34.29299528730572 0
      vertex 83.50502307585077 34.402086784529345 12.4
      vertex 83.2743684842524 34.29299528730572 12.4
    endloop
  endfacet
  facet normal 0.33688985339222566 -0.9415440651830187 0
    outer loop
      vertex 83.50502307585077 34.402086784529345 0
      vertex 83.7452598391384 34.48804487290374 12.4
      vertex 83.50502307585077 34.402086784529345 12.4
    endloop
  endfacet
  facet normal 0.24298017990328266 -0.9700312531945393 0
    outer loop
      vertex 83.7452598391384 34.48804487290374 0
      vertex 83.99276516275806 34.5500417290484 12.4
      vertex 83.7452598391384 34.48804487290374 12.4
    endloop
  endfacet
  facet normal 0.1467304744553354 -0.9891765099647849 0
    outer loop
      vertex 83.99276516275806 34.5500417290484 0
      vertex 84.24515543514315 34.58748028934771 12.4
      vertex 83.99276516275806 34.5500417290484 12.4
    endloop
  endfacet
  facet normal 0.049067674327433544 -0.9987954562051717 0
    outer loop
      vertex 84.24515543514315 34.58748028934771 0
      vertex 84.5 34.6 12.4
      vertex 84.24515543514315 34.58748028934771 12.4
    endloop
  endfacet
  facet normal -0.049067674327433544 -0.9987954562051717 0
    outer loop
      vertex 84.5 34.6 0
      vertex 84.75484456485685 34.58748028934771 12.4
      vertex 84.5 34.6 12.4
    endloop
  endfacet
  facet normal -0.24298017990328266 -0.9700312531945393 0
    outer loop
      vertex 85.00723483724194 34.5500417290484 0
      vertex 85.2547401608616 34.48804487290374 12.4
      vertex 85.00723483724194 34.5500417290484 12.4
    endloop
  endfacet
  facet normal -0.33688985339222566 -0.9415440651830187 0
    outer loop
      vertex 85.2547401608616 34.48804487290374 0
      vertex 85.49497692414923 34.402086784529345 12.4
      vertex 85.2547401608616 34.48804487290374 12.4
    endloop
  endfacet
  facet normal -0.4275550934302764 -0.903989293123446 0
    outer loop
      vertex 85.49497692414923 34.402086784529345 0
      vertex 85.7256315157476 34.29299528730572 12.4
      vertex 85.49497692414923 34.402086784529345 12.4
    endloop
  endfacet
  facet normal -0.8032075314806593 -0.5956993044924139 0
    outer loop
      vertex 86.50982717874312 33.649422538825476 0
      vertex 86.66182099198662 33.444482605850965 12.4
      vertex 86.50982717874312 33.649422538825476 12.4
    endloop
  endfacet
  facet normal -0.7409511253549623 -0.6715589548470149 0
    outer loop
      vertex 86.33847763108503 33.83847763108503 0
      vertex 86.50982717874312 33.649422538825476 12.4
      vertex 86.33847763108503 33.83847763108503 12.4
    endloop
  endfacet
  facet normal -0.6715589548469997 -0.7409511253549762 0
    outer loop
      vertex 86.14942253882548 34.009827178743116 0
      vertex 86.33847763108503 33.83847763108503 12.4
      vertex 86.14942253882548 34.009827178743116 12.4
    endloop
  endfacet
  facet normal -0.5141027441932243 -0.8577286100002706 0
    outer loop
      vertex 85.7256315157476 34.29299528730572 0
      vertex 85.94448260585096 34.161820991986616 12.4
      vertex 85.7256315157476 34.29299528730572 12.4
    endloop
  endfacet
  facet normal -0.5956993044924319 -0.803207531480646 0
    outer loop
      vertex 85.94448260585096 34.161820991986616 12.4
      vertex 85.94448260585096 34.161820991986616 0
      vertex 86.14942253882548 34.009827178743116 12.4
    endloop
  endfacet
  facet normal -0.970031253194541 -0.2429801799032761 0
    outer loop
      vertex 86.98804487290374 32.7547401608616 0
      vertex 87.0500417290484 32.50723483724193 12.4
      vertex 86.98804487290374 32.7547401608616 12.4
    endloop
  endfacet
  facet normal -0.9415440651830218 -0.33688985339221683 0
    outer loop
      vertex 86.90208678452935 32.994976924149235 0
      vertex 86.98804487290374 32.7547401608616 12.4
      vertex 86.90208678452935 32.994976924149235 12.4
    endloop
  endfacet
  facet normal -0.9039892931234517 -0.42755509343026443 0
    outer loop
      vertex 86.79299528730573 33.225631515747594 0
      vertex 86.90208678452935 32.994976924149235 12.4
      vertex 86.79299528730573 33.225631515747594 12.4
    endloop
  endfacet
  facet normal -0.8577286100002582 -0.5141027441932448 3.015884367668543e-19
    outer loop
      vertex 86.79299528730573 33.225631515747594 12.4
      vertex 86.66182099198662 33.444482605850965 12.4
      vertex 86.66182099198662 33.444482605850965 0
    endloop
  endfacet
  facet normal -0.1467304744553354 -0.9891765099647849 0
    outer loop
      vertex 84.75484456485685 34.58748028934771 0
      vertex 85.00723483724194 34.5500417290484 12.4
      vertex 84.75484456485685 34.58748028934771 12.4
    endloop
  endfacet
  facet normal 0.24298017990326956 0.9700312531945425 0
    outer loop
      vertex 87.55287168371328 20.319566971671136 0
      vertex 87.55287168371328 20.319566971671136 12.4
      vertex 87.80037700733294 20.25757011552648 0
    endloop
  endfacet
  facet normal 0.14673047445536266 0.9891765099647808 0
    outer loop
      vertex 87.80037700733294 20.25757011552648 0
      vertex 87.80037700733294 20.25757011552648 12.4
      vertex 88.05276727971803 20.220131555227166 0
    endloop
  endfacet
  facet normal 0.04906767432741966 0.9987954562051724 0
    outer loop
      vertex 88.05276727971803 20.220131555227166 0
      vertex 88.05276727971803 20.220131555227166 12.4
      vertex 88.30761184457488 20.207611844574878 0
    endloop
  endfacet
  facet normal -0.04906767432741966 0.9987954562051724 0
    outer loop
      vertex 88.30761184457488 20.207611844574878 0
      vertex 88.30761184457488 20.207611844574878 12.4
      vertex 88.56245640943173 20.220131555227166 0
    endloop
  endfacet
  facet normal 0.6715589548470072 0.7409511253549692 0
    outer loop
      vertex 86.46913421348985 20.969134213489856 0
      vertex 86.46913421348985 20.969134213489856 12.4
      vertex 86.6581893057494 20.797784665831763 0
    endloop
  endfacet
  facet normal 0.7409511253549497 0.6715589548470288 8.377248492364249e-20
    outer loop
      vertex 86.46913421348985 20.969134213489856 0
      vertex 86.29778466583176 21.1581893057494 0
      vertex 86.29778466583176 21.1581893057494 12.4
    endloop
  endfacet
  facet normal 0.8032075314806643 0.5956993044924074 4.470904372888561e-20
    outer loop
      vertex 86.29778466583176 21.1581893057494 0
      vertex 86.14579085258826 21.363129238723914 0
      vertex 86.14579085258826 21.363129238723914 12.4
    endloop
  endfacet
  facet normal 0.8577286100002582 0.5141027441932448 3.015884367668543e-19
    outer loop
      vertex 86.14579085258826 21.363129238723914 0
      vertex 86.01461655726915 21.581980328827285 0
      vertex 86.01461655726915 21.581980328827285 12.4
    endloop
  endfacet
  facet normal 0.9039892931234517 0.42755509343026443 -2.86581659745067e-19
    outer loop
      vertex 86.01461655726915 21.581980328827285 0
      vertex 85.90552506004553 21.812634920425644 0
      vertex 85.90552506004553 21.812634920425644 12.4
    endloop
  endfacet
  facet normal 0.9415440651830218 0.33688985339221683 -3.143464086819166e-19
    outer loop
      vertex 85.90552506004553 21.812634920425644 0
      vertex 85.81956697167114 22.052871683713278 0
      vertex 85.81956697167114 22.052871683713278 12.4
    endloop
  endfacet
  facet normal 0.9700312531945401 0.2429801799032794 1.4022131822182643e-19
    outer loop
      vertex 85.81956697167114 22.052871683713278 0
      vertex 85.75757011552648 22.300377007332944 0
      vertex 85.75757011552648 22.300377007332944 12.4
    endloop
  endfacet
  facet normal 0.5956993044924319 0.803207531480646 0
    outer loop
      vertex 86.6581893057494 20.797784665831763 0
      vertex 86.6581893057494 20.797784665831763 12.4
      vertex 86.86312923872391 20.645790852588263 0
    endloop
  endfacet
  facet normal 0.5141027441932243 0.8577286100002706 0
    outer loop
      vertex 86.86312923872391 20.645790852588263 0
      vertex 86.86312923872391 20.645790852588263 12.4
      vertex 87.08198032882729 20.514616557269157 0
    endloop
  endfacet
  facet normal 0.4275550934302764 0.903989293123446 0
    outer loop
      vertex 87.08198032882729 20.514616557269157 0
      vertex 87.08198032882729 20.514616557269157 12.4
      vertex 87.31263492042565 20.405525060045534 0
    endloop
  endfacet
  facet normal 0.33688985339222566 0.9415440651830187 0
    outer loop
      vertex 87.31263492042565 20.405525060045534 0
      vertex 87.31263492042565 20.405525060045534 12.4
      vertex 87.55287168371328 20.319566971671136 0
    endloop
  endfacet
  facet normal 0.9891765099647842 0.14673047445533946 7.21287488992192e-20
    outer loop
      vertex 85.75757011552648 22.300377007332944 0
      vertex 85.72013155522717 22.552767279718022 0
      vertex 85.72013155522717 22.552767279718022 12.4
    endloop
  endfacet
  facet normal 0.9987954562051731 0.049067674327405074 -2.1500908976681746e-20
    outer loop
      vertex 85.72013155522717 22.552767279718022 0
      vertex 85.70761184457488 22.80761184457488 0
      vertex 85.70761184457488 22.80761184457488 12.4
    endloop
  endfacet
  facet normal 0.9987954562051731 -0.049067674327405074 2.1500908976681746e-20
    outer loop
      vertex 85.70761184457488 22.80761184457488 0
      vertex 85.72013155522717 23.062456409431736 0
      vertex 85.72013155522717 23.062456409431736 12.4
    endloop
  endfacet
  facet normal 0.9891765099647842 -0.14673047445533946 -7.21287488992192e-20
    outer loop
      vertex 85.72013155522717 23.062456409431736 0
      vertex 85.75757011552648 23.314846681816814 0
      vertex 85.75757011552648 23.314846681816814 12.4
    endloop
  endfacet
  facet normal 0.9700312531945401 -0.2429801799032794 -1.4022131822182643e-19
    outer loop
      vertex 85.75757011552648 23.314846681816814 0
      vertex 85.81956697167114 23.56235200543648 0
      vertex 85.81956697167114 23.56235200543648 12.4
    endloop
  endfacet
  facet normal 0.9415440651830218 -0.33688985339221683 3.143464086819166e-19
    outer loop
      vertex 85.81956697167114 23.56235200543648 0
      vertex 85.90552506004553 23.802588768724114 0
      vertex 85.90552506004553 23.802588768724114 12.4
    endloop
  endfacet
  facet normal 0.9039892931234517 -0.42755509343026443 2.86581659745067e-19
    outer loop
      vertex 85.90552506004553 23.802588768724114 0
      vertex 86.01461655726915 24.033243360322473 0
      vertex 86.01461655726915 24.033243360322473 12.4
    endloop
  endfacet
  facet normal 0.8577286100002582 -0.5141027441932448 -3.015884367668543e-19
    outer loop
      vertex 86.01461655726915 24.033243360322473 0
      vertex 86.14579085258826 24.252094450425844 0
      vertex 86.14579085258826 24.252094450425844 12.4
    endloop
  endfacet
  facet normal 0.8032075314806643 -0.5956993044924074 -4.470904372888561e-20
    outer loop
      vertex 86.14579085258826 24.252094450425844 0
      vertex 86.29778466583176 24.45703438340036 0
      vertex 86.29778466583176 24.45703438340036 12.4
    endloop
  endfacet
  facet normal 0.7409511253549497 -0.6715589548470288 -8.377248492364249e-20
    outer loop
      vertex 86.29778466583176 24.45703438340036 0
      vertex 86.46913421348985 24.646089475659902 0
      vertex 86.46913421348985 24.646089475659902 12.4
    endloop
  endfacet
  facet normal 0.6715589548470072 -0.7409511253549692 0
    outer loop
      vertex 86.6581893057494 24.817439023317995 0
      vertex 86.6581893057494 24.817439023317995 12.4
      vertex 86.46913421348985 24.646089475659902 0
    endloop
  endfacet
  facet normal 0.5956993044924319 -0.803207531480646 0
    outer loop
      vertex 86.86312923872391 24.969432836561495 0
      vertex 86.86312923872391 24.969432836561495 12.4
      vertex 86.6581893057494 24.817439023317995 0
    endloop
  endfacet
  facet normal 0.5141027441932243 -0.8577286100002706 0
    outer loop
      vertex 87.08198032882729 25.1006071318806 0
      vertex 87.08198032882729 25.1006071318806 12.4
      vertex 86.86312923872391 24.969432836561495 0
    endloop
  endfacet
  facet normal 0.4275550934302764 -0.903989293123446 0
    outer loop
      vertex 87.31263492042565 25.209698629104224 0
      vertex 87.31263492042565 25.209698629104224 12.4
      vertex 87.08198032882729 25.1006071318806 0
    endloop
  endfacet
  facet normal 0.33688985339222566 -0.9415440651830187 0
    outer loop
      vertex 87.55287168371328 25.29565671747862 0
      vertex 87.55287168371328 25.29565671747862 12.4
      vertex 87.31263492042565 25.209698629104224 0
    endloop
  endfacet
  facet normal 0.24298017990326956 -0.9700312531945425 0
    outer loop
      vertex 87.80037700733294 25.357653573623278 0
      vertex 87.80037700733294 25.357653573623278 12.4
      vertex 87.55287168371328 25.29565671747862 0
    endloop
  endfacet
  facet normal 0.14673047445536266 -0.9891765099647808 0
    outer loop
      vertex 88.05276727971803 25.395092133922592 0
      vertex 88.05276727971803 25.395092133922592 12.4
      vertex 87.80037700733294 25.357653573623278 0
    endloop
  endfacet
  facet normal 0.04906767432741966 -0.9987954562051724 0
    outer loop
      vertex 88.30761184457488 25.40761184457488 0
      vertex 88.30761184457488 25.40761184457488 12.4
      vertex 88.05276727971803 25.395092133922592 0
    endloop
  endfacet
  facet normal -0.04906767432741966 -0.9987954562051724 0
    outer loop
      vertex 88.56245640943173 25.395092133922592 0
      vertex 88.56245640943173 25.395092133922592 12.4
      vertex 88.30761184457488 25.40761184457488 0
    endloop
  endfacet
  facet normal -0.14673047445536266 0.9891765099647808 0
    outer loop
      vertex 88.56245640943173 20.220131555227166 0
      vertex 88.56245640943173 20.220131555227166 12.4
      vertex 88.81484668181682 20.25757011552648 0
    endloop
  endfacet
  facet normal -0.24298017990326956 0.9700312531945425 0
    outer loop
      vertex 88.81484668181682 20.25757011552648 0
      vertex 88.81484668181682 20.25757011552648 12.4
      vertex 89.06235200543648 20.319566971671136 0
    endloop
  endfacet
  facet normal -0.33688985339222566 0.9415440651830187 0
    outer loop
      vertex 89.06235200543648 20.319566971671136 0
      vertex 89.06235200543648 20.319566971671136 12.4
      vertex 89.3025887687241 20.405525060045534 0
    endloop
  endfacet
  facet normal -0.4275550934302764 0.903989293123446 0
    outer loop
      vertex 89.3025887687241 20.405525060045534 0
      vertex 89.3025887687241 20.405525060045534 12.4
      vertex 89.53324336032247 20.514616557269157 0
    endloop
  endfacet
  facet normal -0.5141027441932243 0.8577286100002706 0
    outer loop
      vertex 89.53324336032247 20.514616557269157 0
      vertex 89.53324336032247 20.514616557269157 12.4
      vertex 89.75209445042584 20.645790852588263 0
    endloop
  endfacet
  facet normal -0.5956993044924319 0.803207531480646 0
    outer loop
      vertex 89.75209445042584 20.645790852588263 0
      vertex 89.75209445042584 20.645790852588263 12.4
      vertex 89.95703438340036 20.797784665831763 0
    endloop
  endfacet
  facet normal -0.6715589548470072 0.7409511253549692 0
    outer loop
      vertex 89.95703438340036 20.797784665831763 0
      vertex 89.95703438340036 20.797784665831763 12.4
      vertex 90.1460894756599 20.969134213489856 0
    endloop
  endfacet
  facet normal -0.7409511253549497 0.6715589548470288 0
    outer loop
      vertex 90.1460894756599 20.969134213489856 0
      vertex 90.1460894756599 20.969134213489856 12.4
      vertex 90.317439023318 21.1581893057494 0
    endloop
  endfacet
  facet normal -0.8032075314806643 0.5956993044924074 -4.470904372888561e-20
    outer loop
      vertex 90.4694328365615 21.363129238723914 0
      vertex 90.317439023318 21.1581893057494 0
      vertex 90.317439023318 21.1581893057494 12.4
    endloop
  endfacet
  facet normal -0.8577286100002582 0.5141027441932448 -3.015884367668543e-19
    outer loop
      vertex 90.60060713188061 21.581980328827285 0
      vertex 90.4694328365615 21.363129238723914 0
      vertex 90.4694328365615 21.363129238723914 12.4
    endloop
  endfacet
  facet normal -0.9039892931234517 0.42755509343026443 2.86581659745067e-19
    outer loop
      vertex 90.70969862910422 21.812634920425644 0
      vertex 90.60060713188061 21.581980328827285 0
      vertex 90.60060713188061 21.581980328827285 12.4
    endloop
  endfacet
  facet normal -0.9415440651830218 0.33688985339221683 3.143464086819166e-19
    outer loop
      vertex 90.79565671747862 22.052871683713278 0
      vertex 90.70969862910422 21.812634920425644 0
      vertex 90.70969862910422 21.812634920425644 12.4
    endloop
  endfacet
  facet normal -0.9700312531945401 0.2429801799032794 -1.4022131822182643e-19
    outer loop
      vertex 90.85765357362328 22.300377007332944 0
      vertex 90.79565671747862 22.052871683713278 0
      vertex 90.79565671747862 22.052871683713278 12.4
    endloop
  endfacet
  facet normal -0.9891765099647842 0.14673047445533946 -7.21287488992192e-20
    outer loop
      vertex 90.89509213392259 22.552767279718022 0
      vertex 90.85765357362328 22.300377007332944 0
      vertex 90.85765357362328 22.300377007332944 12.4
    endloop
  endfacet
  facet normal -0.9987954562051731 0.049067674327405074 2.1500908976681746e-20
    outer loop
      vertex 90.90761184457487 22.80761184457488 0
      vertex 90.89509213392259 22.552767279718022 0
      vertex 90.89509213392259 22.552767279718022 12.4
    endloop
  endfacet
  facet normal -0.9987954562051731 -0.049067674327405074 -2.1500908976681746e-20
    outer loop
      vertex 90.89509213392259 23.062456409431736 0
      vertex 90.90761184457487 22.80761184457488 0
      vertex 90.90761184457487 22.80761184457488 12.4
    endloop
  endfacet
  facet normal -0.9891765099647842 -0.14673047445533946 7.21287488992192e-20
    outer loop
      vertex 90.85765357362328 23.314846681816814 0
      vertex 90.89509213392259 23.062456409431736 0
      vertex 90.89509213392259 23.062456409431736 12.4
    endloop
  endfacet
  facet normal -0.9415440651830218 -0.33688985339221683 -3.143464086819166e-19
    outer loop
      vertex 90.70969862910422 23.802588768724114 0
      vertex 90.79565671747862 23.56235200543648 0
      vertex 90.79565671747862 23.56235200543648 12.4
    endloop
  endfacet
  facet normal -0.9700312531945401 -0.2429801799032794 1.4022131822182643e-19
    outer loop
      vertex 90.79565671747862 23.56235200543648 0
      vertex 90.85765357362328 23.314846681816814 0
      vertex 90.85765357362328 23.314846681816814 12.4
    endloop
  endfacet
  facet normal -0.8577286100002582 -0.5141027441932448 3.015884367668543e-19
    outer loop
      vertex 90.4694328365615 24.252094450425844 0
      vertex 90.60060713188061 24.033243360322473 0
      vertex 90.60060713188061 24.033243360322473 12.4
    endloop
  endfacet
  facet normal -0.9039892931234517 -0.42755509343026443 -2.86581659745067e-19
    outer loop
      vertex 90.60060713188061 24.033243360322473 0
      vertex 90.70969862910422 23.802588768724114 0
      vertex 90.70969862910422 23.802588768724114 12.4
    endloop
  endfacet
  facet normal -0.8032075314806643 -0.5956993044924074 4.470904372888561e-20
    outer loop
      vertex 90.317439023318 24.45703438340036 0
      vertex 90.4694328365615 24.252094450425844 0
      vertex 90.4694328365615 24.252094450425844 12.4
    endloop
  endfacet
  facet normal -0.14673047445536266 -0.9891765099647808 0
    outer loop
      vertex 88.81484668181682 25.357653573623278 0
      vertex 88.81484668181682 25.357653573623278 12.4
      vertex 88.56245640943173 25.395092133922592 0
    endloop
  endfacet
  facet normal -0.24298017990326956 -0.9700312531945425 0
    outer loop
      vertex 89.06235200543648 25.29565671747862 0
      vertex 89.06235200543648 25.29565671747862 12.4
      vertex 88.81484668181682 25.357653573623278 0
    endloop
  endfacet
  facet normal -0.33688985339222566 -0.9415440651830187 0
    outer loop
      vertex 89.3025887687241 25.209698629104224 0
      vertex 89.3025887687241 25.209698629104224 12.4
      vertex 89.06235200543648 25.29565671747862 0
    endloop
  endfacet
  facet normal -0.7409511253549497 -0.6715589548470288 8.377248492364249e-20
    outer loop
      vertex 90.1460894756599 24.646089475659902 0
      vertex 90.317439023318 24.45703438340036 0
      vertex 90.317439023318 24.45703438340036 12.4
    endloop
  endfacet
  facet normal -0.6715589548470072 -0.7409511253549692 8.168800663431324e-19
    outer loop
      vertex 89.95703438340036 24.817439023317995 0
      vertex 90.1460894756599 24.646089475659902 0
      vertex 90.1460894756599 24.646089475659902 12.4
    endloop
  endfacet
  facet normal -0.5956993044924319 -0.803207531480646 0
    outer loop
      vertex 89.95703438340036 24.817439023317995 0
      vertex 89.95703438340036 24.817439023317995 12.4
      vertex 89.75209445042584 24.969432836561495 0
    endloop
  endfacet
  facet normal -0.5141027441932243 -0.8577286100002706 0
    outer loop
      vertex 89.75209445042584 24.969432836561495 0
      vertex 89.75209445042584 24.969432836561495 12.4
      vertex 89.53324336032247 25.1006071318806 0
    endloop
  endfacet
  facet normal -0.4275550934302764 -0.903989293123446 0
    outer loop
      vertex 89.53324336032247 25.1006071318806 0
      vertex 89.53324336032247 25.1006071318806 12.4
      vertex 89.3025887687241 25.209698629104224 0
    endloop
  endfacet
  facet normal 0.24298017990326956 0.9700312531945425 0
    outer loop
      vertex 87.80037700733294 20.25757011552648 0
      vertex 87.55287168371328 20.319566971671136 12.4
      vertex 87.80037700733294 20.25757011552648 12.4
    endloop
  endfacet
  facet normal 0.14673047445536266 0.9891765099647808 0
    outer loop
      vertex 88.05276727971803 20.220131555227166 0
      vertex 87.80037700733294 20.25757011552648 12.4
      vertex 88.05276727971803 20.220131555227166 12.4
    endloop
  endfacet
  facet normal 0.04906767432741966 0.9987954562051724 0
    outer loop
      vertex 88.30761184457488 20.207611844574878 0
      vertex 88.05276727971803 20.220131555227166 12.4
      vertex 88.30761184457488 20.207611844574878 12.4
    endloop
  endfacet
  facet normal -0.04906767432741966 0.9987954562051724 0
    outer loop
      vertex 88.56245640943173 20.220131555227166 0
      vertex 88.30761184457488 20.207611844574878 12.4
      vertex 88.56245640943173 20.220131555227166 12.4
    endloop
  endfacet
  facet normal 0.7409511253549497 0.6715589548470288 0
    outer loop
      vertex 86.46913421348985 20.969134213489856 0
      vertex 86.29778466583176 21.1581893057494 12.4
      vertex 86.46913421348985 20.969134213489856 12.4
    endloop
  endfacet
  facet normal 0.6715589548470072 0.7409511253549692 0
    outer loop
      vertex 86.6581893057494 20.797784665831763 0
      vertex 86.46913421348985 20.969134213489856 12.4
      vertex 86.6581893057494 20.797784665831763 12.4
    endloop
  endfacet
  facet normal 0.8032075314806643 0.5956993044924074 0
    outer loop
      vertex 86.29778466583176 21.1581893057494 0
      vertex 86.14579085258826 21.363129238723914 12.4
      vertex 86.29778466583176 21.1581893057494 12.4
    endloop
  endfacet
  facet normal 0.8577286100002582 0.5141027441932448 0
    outer loop
      vertex 86.14579085258826 21.363129238723914 0
      vertex 86.01461655726915 21.581980328827285 12.4
      vertex 86.14579085258826 21.363129238723914 12.4
    endloop
  endfacet
  facet normal 0.9039892931234517 0.42755509343026443 0
    outer loop
      vertex 86.01461655726915 21.581980328827285 0
      vertex 85.90552506004553 21.812634920425644 12.4
      vertex 86.01461655726915 21.581980328827285 12.4
    endloop
  endfacet
  facet normal 0.9415440651830218 0.33688985339221683 0
    outer loop
      vertex 85.90552506004553 21.812634920425644 0
      vertex 85.81956697167114 22.052871683713278 12.4
      vertex 85.90552506004553 21.812634920425644 12.4
    endloop
  endfacet
  facet normal 0.9700312531945401 0.2429801799032794 0
    outer loop
      vertex 85.81956697167114 22.052871683713278 0
      vertex 85.75757011552648 22.300377007332944 12.4
      vertex 85.81956697167114 22.052871683713278 12.4
    endloop
  endfacet
  facet normal 0.5141027441932243 0.8577286100002706 0
    outer loop
      vertex 87.08198032882729 20.514616557269157 0
      vertex 86.86312923872391 20.645790852588263 12.4
      vertex 87.08198032882729 20.514616557269157 12.4
    endloop
  endfacet
  facet normal 0.5956993044924319 0.803207531480646 0
    outer loop
      vertex 86.86312923872391 20.645790852588263 0
      vertex 86.6581893057494 20.797784665831763 12.4
      vertex 86.86312923872391 20.645790852588263 12.4
    endloop
  endfacet
  facet normal 0.4275550934302764 0.903989293123446 0
    outer loop
      vertex 87.31263492042565 20.405525060045534 0
      vertex 87.08198032882729 20.514616557269157 12.4
      vertex 87.31263492042565 20.405525060045534 12.4
    endloop
  endfacet
  facet normal 0.33688985339222566 0.9415440651830187 0
    outer loop
      vertex 87.55287168371328 20.319566971671136 0
      vertex 87.31263492042565 20.405525060045534 12.4
      vertex 87.55287168371328 20.319566971671136 12.4
    endloop
  endfacet
  facet normal 0.9987954562051731 0.049067674327405074 0
    outer loop
      vertex 85.72013155522717 22.552767279718022 0
      vertex 85.70761184457488 22.80761184457488 12.4
      vertex 85.72013155522717 22.552767279718022 12.4
    endloop
  endfacet
  facet normal 0.9987954562051731 -0.049067674327405074 0
    outer loop
      vertex 85.70761184457488 22.80761184457488 0
      vertex 85.72013155522717 23.062456409431736 12.4
      vertex 85.70761184457488 22.80761184457488 12.4
    endloop
  endfacet
  facet normal 0.9891765099647842 -0.14673047445533946 0
    outer loop
      vertex 85.72013155522717 23.062456409431736 0
      vertex 85.75757011552648 23.314846681816814 12.4
      vertex 85.72013155522717 23.062456409431736 12.4
    endloop
  endfacet
  facet normal 0.9891765099647842 0.14673047445533946 0
    outer loop
      vertex 85.75757011552648 22.300377007332944 0
      vertex 85.72013155522717 22.552767279718022 12.4
      vertex 85.75757011552648 22.300377007332944 12.4
    endloop
  endfacet
  facet normal 0.9700312531945401 -0.2429801799032794 0
    outer loop
      vertex 85.75757011552648 23.314846681816814 0
      vertex 85.81956697167114 23.56235200543648 12.4
      vertex 85.75757011552648 23.314846681816814 12.4
    endloop
  endfacet
  facet normal 0.9415440651830218 -0.33688985339221683 0
    outer loop
      vertex 85.81956697167114 23.56235200543648 0
      vertex 85.90552506004553 23.802588768724114 12.4
      vertex 85.81956697167114 23.56235200543648 12.4
    endloop
  endfacet
  facet normal 0.9039892931234517 -0.42755509343026443 0
    outer loop
      vertex 85.90552506004553 23.802588768724114 0
      vertex 86.01461655726915 24.033243360322473 12.4
      vertex 85.90552506004553 23.802588768724114 12.4
    endloop
  endfacet
  facet normal 0.8577286100002582 -0.5141027441932448 0
    outer loop
      vertex 86.01461655726915 24.033243360322473 0
      vertex 86.14579085258826 24.252094450425844 12.4
      vertex 86.01461655726915 24.033243360322473 12.4
    endloop
  endfacet
  facet normal 0.8032075314806643 -0.5956993044924074 0
    outer loop
      vertex 86.14579085258826 24.252094450425844 0
      vertex 86.29778466583176 24.45703438340036 12.4
      vertex 86.14579085258826 24.252094450425844 12.4
    endloop
  endfacet
  facet normal 0.7409511253549497 -0.6715589548470288 -8.377248492364249e-20
    outer loop
      vertex 86.46913421348985 24.646089475659902 12.4
      vertex 86.29778466583176 24.45703438340036 12.4
      vertex 86.29778466583176 24.45703438340036 0
    endloop
  endfacet
  facet normal 0.6715589548470072 -0.7409511253549692 0
    outer loop
      vertex 86.46913421348985 24.646089475659902 0
      vertex 86.6581893057494 24.817439023317995 12.4
      vertex 86.46913421348985 24.646089475659902 12.4
    endloop
  endfacet
  facet normal 0.5956993044924319 -0.803207531480646 0
    outer loop
      vertex 86.6581893057494 24.817439023317995 0
      vertex 86.86312923872391 24.969432836561495 12.4
      vertex 86.6581893057494 24.817439023317995 12.4
    endloop
  endfacet
  facet normal 0.5141027441932243 -0.8577286100002706 0
    outer loop
      vertex 86.86312923872391 24.969432836561495 0
      vertex 87.08198032882729 25.1006071318806 12.4
      vertex 86.86312923872391 24.969432836561495 12.4
    endloop
  endfacet
  facet normal 0.4275550934302764 -0.903989293123446 0
    outer loop
      vertex 87.08198032882729 25.1006071318806 0
      vertex 87.31263492042565 25.209698629104224 12.4
      vertex 87.08198032882729 25.1006071318806 12.4
    endloop
  endfacet
  facet normal 0.33688985339222566 -0.9415440651830187 0
    outer loop
      vertex 87.31263492042565 25.209698629104224 0
      vertex 87.55287168371328 25.29565671747862 12.4
      vertex 87.31263492042565 25.209698629104224 12.4
    endloop
  endfacet
  facet normal 0.24298017990326956 -0.9700312531945425 0
    outer loop
      vertex 87.55287168371328 25.29565671747862 0
      vertex 87.80037700733294 25.357653573623278 12.4
      vertex 87.55287168371328 25.29565671747862 12.4
    endloop
  endfacet
  facet normal 0.14673047445536266 -0.9891765099647808 0
    outer loop
      vertex 87.80037700733294 25.357653573623278 0
      vertex 88.05276727971803 25.395092133922592 12.4
      vertex 87.80037700733294 25.357653573623278 12.4
    endloop
  endfacet
  facet normal 0.04906767432741966 -0.9987954562051724 0
    outer loop
      vertex 88.05276727971803 25.395092133922592 0
      vertex 88.30761184457488 25.40761184457488 12.4
      vertex 88.05276727971803 25.395092133922592 12.4
    endloop
  endfacet
  facet normal -0.04906767432741966 -0.9987954562051724 0
    outer loop
      vertex 88.30761184457488 25.40761184457488 0
      vertex 88.56245640943173 25.395092133922592 12.4
      vertex 88.30761184457488 25.40761184457488 12.4
    endloop
  endfacet
  facet normal -0.14673047445536266 0.9891765099647808 0
    outer loop
      vertex 88.81484668181682 20.25757011552648 0
      vertex 88.56245640943173 20.220131555227166 12.4
      vertex 88.81484668181682 20.25757011552648 12.4
    endloop
  endfacet
  facet normal -0.24298017990326956 0.9700312531945425 0
    outer loop
      vertex 89.06235200543648 20.319566971671136 0
      vertex 88.81484668181682 20.25757011552648 12.4
      vertex 89.06235200543648 20.319566971671136 12.4
    endloop
  endfacet
  facet normal -0.33688985339222566 0.9415440651830187 0
    outer loop
      vertex 89.3025887687241 20.405525060045534 0
      vertex 89.06235200543648 20.319566971671136 12.4
      vertex 89.3025887687241 20.405525060045534 12.4
    endloop
  endfacet
  facet normal -0.4275550934302764 0.903989293123446 0
    outer loop
      vertex 89.53324336032247 20.514616557269157 0
      vertex 89.3025887687241 20.405525060045534 12.4
      vertex 89.53324336032247 20.514616557269157 12.4
    endloop
  endfacet
  facet normal -0.5141027441932243 0.8577286100002706 0
    outer loop
      vertex 89.75209445042584 20.645790852588263 0
      vertex 89.53324336032247 20.514616557269157 12.4
      vertex 89.75209445042584 20.645790852588263 12.4
    endloop
  endfacet
  facet normal -0.5956993044924319 0.803207531480646 0
    outer loop
      vertex 89.95703438340036 20.797784665831763 0
      vertex 89.75209445042584 20.645790852588263 12.4
      vertex 89.95703438340036 20.797784665831763 12.4
    endloop
  endfacet
  facet normal -0.6715589548470072 0.7409511253549692 0
    outer loop
      vertex 90.1460894756599 20.969134213489856 0
      vertex 89.95703438340036 20.797784665831763 12.4
      vertex 90.1460894756599 20.969134213489856 12.4
    endloop
  endfacet
  facet normal -0.7409511253549497 0.6715589548470288 0
    outer loop
      vertex 90.317439023318 21.1581893057494 0
      vertex 90.1460894756599 20.969134213489856 12.4
      vertex 90.317439023318 21.1581893057494 12.4
    endloop
  endfacet
  facet normal -0.8032075314806643 0.5956993044924074 0
    outer loop
      vertex 90.4694328365615 21.363129238723914 0
      vertex 90.317439023318 21.1581893057494 12.4
      vertex 90.4694328365615 21.363129238723914 12.4
    endloop
  endfacet
  facet normal -0.8577286100002582 0.5141027441932448 0
    outer loop
      vertex 90.60060713188061 21.581980328827285 0
      vertex 90.4694328365615 21.363129238723914 12.4
      vertex 90.60060713188061 21.581980328827285 12.4
    endloop
  endfacet
  facet normal -0.9039892931234517 0.42755509343026443 0
    outer loop
      vertex 90.70969862910422 21.812634920425644 0
      vertex 90.60060713188061 21.581980328827285 12.4
      vertex 90.70969862910422 21.812634920425644 12.4
    endloop
  endfacet
  facet normal -0.9415440651830218 0.33688985339221683 3.143464086819166e-19
    outer loop
      vertex 90.70969862910422 21.812634920425644 12.4
      vertex 90.79565671747862 22.052871683713278 12.4
      vertex 90.79565671747862 22.052871683713278 0
    endloop
  endfacet
  facet normal -0.9700312531945401 0.2429801799032794 0
    outer loop
      vertex 90.85765357362328 22.300377007332944 0
      vertex 90.79565671747862 22.052871683713278 12.4
      vertex 90.85765357362328 22.300377007332944 12.4
    endloop
  endfacet
  facet normal -0.9891765099647842 0.14673047445533946 0
    outer loop
      vertex 90.89509213392259 22.552767279718022 0
      vertex 90.85765357362328 22.300377007332944 12.4
      vertex 90.89509213392259 22.552767279718022 12.4
    endloop
  endfacet
  facet normal -0.9987954562051731 0.049067674327405074 0
    outer loop
      vertex 90.90761184457487 22.80761184457488 0
      vertex 90.89509213392259 22.552767279718022 12.4
      vertex 90.90761184457487 22.80761184457488 12.4
    endloop
  endfacet
  facet normal -0.9987954562051731 -0.049067674327405074 0
    outer loop
      vertex 90.89509213392259 23.062456409431736 0
      vertex 90.90761184457487 22.80761184457488 12.4
      vertex 90.89509213392259 23.062456409431736 12.4
    endloop
  endfacet
  facet normal -0.9891765099647842 -0.14673047445533946 0
    outer loop
      vertex 90.85765357362328 23.314846681816814 0
      vertex 90.89509213392259 23.062456409431736 12.4
      vertex 90.85765357362328 23.314846681816814 12.4
    endloop
  endfacet
  facet normal -0.9415440651830218 -0.33688985339221683 0
    outer loop
      vertex 90.70969862910422 23.802588768724114 0
      vertex 90.79565671747862 23.56235200543648 12.4
      vertex 90.70969862910422 23.802588768724114 12.4
    endloop
  endfacet
  facet normal -0.9700312531945401 -0.2429801799032794 0
    outer loop
      vertex 90.79565671747862 23.56235200543648 0
      vertex 90.85765357362328 23.314846681816814 12.4
      vertex 90.79565671747862 23.56235200543648 12.4
    endloop
  endfacet
  facet normal -0.9039892931234517 -0.42755509343026443 -2.86581659745067e-19
    outer loop
      vertex 90.70969862910422 23.802588768724114 12.4
      vertex 90.60060713188061 24.033243360322473 12.4
      vertex 90.60060713188061 24.033243360322473 0
    endloop
  endfacet
  facet normal -0.8577286100002582 -0.5141027441932448 0
    outer loop
      vertex 90.4694328365615 24.252094450425844 0
      vertex 90.60060713188061 24.033243360322473 12.4
      vertex 90.4694328365615 24.252094450425844 12.4
    endloop
  endfacet
  facet normal -0.14673047445536266 -0.9891765099647808 0
    outer loop
      vertex 88.56245640943173 25.395092133922592 0
      vertex 88.81484668181682 25.357653573623278 12.4
      vertex 88.56245640943173 25.395092133922592 12.4
    endloop
  endfacet
  facet normal -0.24298017990326956 -0.9700312531945425 0
    outer loop
      vertex 88.81484668181682 25.357653573623278 0
      vertex 89.06235200543648 25.29565671747862 12.4
      vertex 88.81484668181682 25.357653573623278 12.4
    endloop
  endfacet
  facet normal -0.33688985339222566 -0.9415440651830187 0
    outer loop
      vertex 89.06235200543648 25.29565671747862 0
      vertex 89.3025887687241 25.209698629104224 12.4
      vertex 89.06235200543648 25.29565671747862 12.4
    endloop
  endfacet
  facet normal -0.4275550934302764 -0.903989293123446 0
    outer loop
      vertex 89.3025887687241 25.209698629104224 0
      vertex 89.53324336032247 25.1006071318806 12.4
      vertex 89.3025887687241 25.209698629104224 12.4
    endloop
  endfacet
  facet normal -0.7409511253549497 -0.6715589548470288 0
    outer loop
      vertex 90.1460894756599 24.646089475659902 0
      vertex 90.317439023318 24.45703438340036 12.4
      vertex 90.1460894756599 24.646089475659902 12.4
    endloop
  endfacet
  facet normal -0.6715589548470072 -0.7409511253549692 0
    outer loop
      vertex 89.95703438340036 24.817439023317995 0
      vertex 90.1460894756599 24.646089475659902 12.4
      vertex 89.95703438340036 24.817439023317995 12.4
    endloop
  endfacet
  facet normal -0.5141027441932243 -0.8577286100002706 0
    outer loop
      vertex 89.53324336032247 25.1006071318806 0
      vertex 89.75209445042584 24.969432836561495 12.4
      vertex 89.53324336032247 25.1006071318806 12.4
    endloop
  endfacet
  facet normal -0.5956993044924319 -0.803207531480646 0
    outer loop
      vertex 89.75209445042584 24.969432836561495 0
      vertex 89.95703438340036 24.817439023317995 12.4
      vertex 89.75209445042584 24.969432836561495 12.4
    endloop
  endfacet
  facet normal -0.8032075314806643 -0.5956993044924074 0
    outer loop
      vertex 90.317439023318 24.45703438340036 0
      vertex 90.4694328365615 24.252094450425844 12.4
      vertex 90.317439023318 24.45703438340036 12.4
    endloop
  endfacet
  facet normal 0.6715589548470072 0.7409511253549692 8.168800663431324e-19
    outer loop
      vertex 95.85057746117452 16.990172821256884 0
      vertex 95.66152236891497 17.161522368914977 0
      vertex 95.66152236891497 17.161522368914977 12.4
    endloop
  endfacet
  facet normal 0.8032075314806643 0.5956993044924074 4.470904372888561e-20
    outer loop
      vertex 95.49017282125688 17.35057746117452 0
      vertex 95.33817900801338 17.555517394149035 0
      vertex 95.33817900801338 17.555517394149035 12.4
    endloop
  endfacet
  facet normal 0.8577286100002582 0.5141027441932448 3.015884367668543e-19
    outer loop
      vertex 95.33817900801338 17.555517394149035 0
      vertex 95.20700471269427 17.774368484252406 0
      vertex 95.20700471269427 17.774368484252406 12.4
    endloop
  endfacet
  facet normal 0.7409511253549497 0.6715589548470288 8.377248492364249e-20
    outer loop
      vertex 95.66152236891497 17.161522368914977 0
      vertex 95.49017282125688 17.35057746117452 0
      vertex 95.49017282125688 17.35057746117452 12.4
    endloop
  endfacet
  facet normal 0.9039892931234517 0.42755509343026443 -2.86581659745067e-19
    outer loop
      vertex 95.20700471269427 17.774368484252406 0
      vertex 95.09791321547065 18.005023075850765 0
      vertex 95.09791321547065 18.005023075850765 12.4
    endloop
  endfacet
  facet normal 0.9415440651830218 0.33688985339221683 -3.143464086819166e-19
    outer loop
      vertex 95.09791321547065 18.005023075850765 0
      vertex 95.01195512709626 18.2452598391384 0
      vertex 95.01195512709626 18.2452598391384 12.4
    endloop
  endfacet
  facet normal 0.9891765099647842 0.14673047445533946 7.21287488992192e-20
    outer loop
      vertex 94.9499582709516 18.492765162758065 0
      vertex 94.91251971065229 18.745155435143143 0
      vertex 94.91251971065229 18.745155435143143 12.4
    endloop
  endfacet
  facet normal 0.9987954562051731 0.049067674327405074 -2.1500908976681746e-20
    outer loop
      vertex 94.91251971065229 18.745155435143143 0
      vertex 94.9 19 0
      vertex 94.9 19 12.4
    endloop
  endfacet
  facet normal 0.9987954562051731 -0.049067674327405074 2.1500908976681746e-20
    outer loop
      vertex 94.9 19 0
      vertex 94.91251971065229 19.254844564856857 0
      vertex 94.91251971065229 19.254844564856857 12.4
    endloop
  endfacet
  facet normal 0.9700312531945401 0.2429801799032794 1.4022131822182643e-19
    outer loop
      vertex 95.01195512709626 18.2452598391384 0
      vertex 94.9499582709516 18.492765162758065 0
      vertex 94.9499582709516 18.492765162758065 12.4
    endloop
  endfacet
  facet normal 0.9891765099647842 -0.14673047445533946 -7.21287488992192e-20
    outer loop
      vertex 94.91251971065229 19.254844564856857 0
      vertex 94.9499582709516 19.507234837241935 0
      vertex 94.9499582709516 19.507234837241935 12.4
    endloop
  endfacet
  facet normal 0.9700312531945401 -0.2429801799032794 -1.4022131822182643e-19
    outer loop
      vertex 94.9499582709516 19.507234837241935 0
      vertex 95.01195512709626 19.7547401608616 0
      vertex 95.01195512709626 19.7547401608616 12.4
    endloop
  endfacet
  facet normal 0.9415440651830218 -0.33688985339221683 3.143464086819166e-19
    outer loop
      vertex 95.01195512709626 19.7547401608616 0
      vertex 95.09791321547065 19.994976924149235 0
      vertex 95.09791321547065 19.994976924149235 12.4
    endloop
  endfacet
  facet normal 0.9039892931234517 -0.42755509343026443 2.86581659745067e-19
    outer loop
      vertex 95.09791321547065 19.994976924149235 0
      vertex 95.20700471269427 20.225631515747594 0
      vertex 95.20700471269427 20.225631515747594 12.4
    endloop
  endfacet
  facet normal 0.8577286100002582 -0.5141027441932448 -3.015884367668543e-19
    outer loop
      vertex 95.20700471269427 20.225631515747594 0
      vertex 95.33817900801338 20.444482605850965 0
      vertex 95.33817900801338 20.444482605850965 12.4
    endloop
  endfacet
  facet normal 0.8032075314806643 -0.5956993044924074 -4.470904372888561e-20
    outer loop
      vertex 95.33817900801338 20.444482605850965 0
      vertex 95.49017282125688 20.64942253882548 0
      vertex 95.49017282125688 20.64942253882548 12.4
    endloop
  endfacet
  facet normal 0.7409511253549497 -0.6715589548470288 -8.377248492364249e-20
    outer loop
      vertex 95.49017282125688 20.64942253882548 0
      vertex 95.66152236891497 20.838477631085023 0
      vertex 95.66152236891497 20.838477631085023 12.4
    endloop
  endfacet
  facet normal 0.6715589548470072 -0.7409511253549692 0
    outer loop
      vertex 95.85057746117452 21.009827178743116 0
      vertex 95.85057746117452 21.009827178743116 12.4
      vertex 95.66152236891497 20.838477631085023 0
    endloop
  endfacet
  facet normal 0.4275550934302764 0.903989293123446 0
    outer loop
      vertex 96.2743684842524 16.70700471269428 0
      vertex 96.2743684842524 16.70700471269428 12.4
      vertex 96.50502307585077 16.597913215470655 0
    endloop
  endfacet
  facet normal 0.33688985339222566 0.9415440651830187 0
    outer loop
      vertex 96.50502307585077 16.597913215470655 0
      vertex 96.50502307585077 16.597913215470655 12.4
      vertex 96.7452598391384 16.511955127096257 0
    endloop
  endfacet
  facet normal 0.5956993044924319 0.803207531480646 0
    outer loop
      vertex 95.85057746117452 16.990172821256884 0
      vertex 95.85057746117452 16.990172821256884 12.4
      vertex 96.05551739414904 16.838179008013384 0
    endloop
  endfacet
  facet normal 0.5141027441932243 0.8577286100002706 0
    outer loop
      vertex 96.05551739414904 16.838179008013384 0
      vertex 96.05551739414904 16.838179008013384 12.4
      vertex 96.2743684842524 16.70700471269428 0
    endloop
  endfacet
  facet normal 0.24298017990326956 0.9700312531945425 0
    outer loop
      vertex 96.7452598391384 16.511955127096257 0
      vertex 96.7452598391384 16.511955127096257 12.4
      vertex 96.99276516275806 16.4499582709516 0
    endloop
  endfacet
  facet normal 0.14673047445536266 0.9891765099647808 0
    outer loop
      vertex 96.99276516275806 16.4499582709516 0
      vertex 96.99276516275806 16.4499582709516 12.4
      vertex 97.24515543514315 16.412519710652287 0
    endloop
  endfacet
  facet normal 0.04906767432741966 0.9987954562051724 0
    outer loop
      vertex 97.24515543514315 16.412519710652287 0
      vertex 97.24515543514315 16.412519710652287 12.4
      vertex 97.5 16.4 0
    endloop
  endfacet
  facet normal -0.04906767432741966 0.9987954562051724 0
    outer loop
      vertex 97.5 16.4 12.4
      vertex 97.75484456485685 16.412519710652287 0
      vertex 97.5 16.4 0
    endloop
  endfacet
  facet normal -0.14673047445536266 0.9891765099647808 0
    outer loop
      vertex 97.75484456485685 16.412519710652287 0
      vertex 97.75484456485685 16.412519710652287 12.4
      vertex 98.00723483724194 16.4499582709516 0
    endloop
  endfacet
  facet normal -0.24298017990326956 0.9700312531945425 0
    outer loop
      vertex 98.00723483724194 16.4499582709516 0
      vertex 98.00723483724194 16.4499582709516 12.4
      vertex 98.2547401608616 16.511955127096257 0
    endloop
  endfacet
  facet normal -0.33688985339222566 0.9415440651830187 0
    outer loop
      vertex 98.2547401608616 16.511955127096257 0
      vertex 98.2547401608616 16.511955127096257 12.4
      vertex 98.49497692414923 16.597913215470655 0
    endloop
  endfacet
  facet normal -0.4275550934302764 0.903989293123446 0
    outer loop
      vertex 98.49497692414923 16.597913215470655 0
      vertex 98.49497692414923 16.597913215470655 12.4
      vertex 98.7256315157476 16.70700471269428 0
    endloop
  endfacet
  facet normal -0.5141027441932243 0.8577286100002706 0
    outer loop
      vertex 98.7256315157476 16.70700471269428 0
      vertex 98.7256315157476 16.70700471269428 12.4
      vertex 98.94448260585096 16.838179008013384 0
    endloop
  endfacet
  facet normal -0.5956993044924319 0.803207531480646 0
    outer loop
      vertex 98.94448260585096 16.838179008013384 0
      vertex 98.94448260585096 16.838179008013384 12.4
      vertex 99.14942253882548 16.990172821256884 0
    endloop
  endfacet
  facet normal -0.6715589548470072 0.7409511253549692 0
    outer loop
      vertex 99.14942253882548 16.990172821256884 0
      vertex 99.14942253882548 16.990172821256884 12.4
      vertex 99.33847763108503 17.161522368914977 0
    endloop
  endfacet
  facet normal -0.7409511253549497 0.6715589548470288 0
    outer loop
      vertex 99.33847763108503 17.161522368914977 0
      vertex 99.33847763108503 17.161522368914977 12.4
      vertex 99.50982717874312 17.35057746117452 0
    endloop
  endfacet
  facet normal -0.8032075314806643 0.5956993044924074 -4.470904372888561e-20
    outer loop
      vertex 99.66182099198662 17.555517394149035 0
      vertex 99.50982717874312 17.35057746117452 0
      vertex 99.50982717874312 17.35057746117452 12.4
    endloop
  endfacet
  facet normal -0.8577286100002582 0.5141027441932448 -3.015884367668543e-19
    outer loop
      vertex 99.79299528730573 17.774368484252406 0
      vertex 99.66182099198662 17.555517394149035 0
      vertex 99.66182099198662 17.555517394149035 12.4
    endloop
  endfacet
  facet normal -0.9039892931234517 0.42755509343026443 2.86581659745067e-19
    outer loop
      vertex 99.90208678452935 18.005023075850765 0
      vertex 99.79299528730573 17.774368484252406 0
      vertex 99.79299528730573 17.774368484252406 12.4
    endloop
  endfacet
  facet normal -0.9415440651830218 0.33688985339221683 3.143464086819166e-19
    outer loop
      vertex 99.98804487290374 18.2452598391384 0
      vertex 99.90208678452935 18.005023075850765 0
      vertex 99.90208678452935 18.005023075850765 12.4
    endloop
  endfacet
  facet normal -0.9700312531945401 0.2429801799032794 -1.4022131822182643e-19
    outer loop
      vertex 100.0500417290484 18.492765162758065 0
      vertex 99.98804487290374 18.2452598391384 0
      vertex 99.98804487290374 18.2452598391384 12.4
    endloop
  endfacet
  facet normal -0.9891765099647842 0.14673047445533946 -7.21287488992192e-20
    outer loop
      vertex 100.08748028934771 18.745155435143143 0
      vertex 100.0500417290484 18.492765162758065 0
      vertex 100.0500417290484 18.492765162758065 12.4
    endloop
  endfacet
  facet normal -0.9987954562051731 0.049067674327405074 2.1500908976681746e-20
    outer loop
      vertex 100.1 19 0
      vertex 100.08748028934771 18.745155435143143 0
      vertex 100.08748028934771 18.745155435143143 12.4
    endloop
  endfacet
  facet normal -0.9987954562051731 -0.049067674327405074 -2.1500908976681746e-20
    outer loop
      vertex 100.08748028934771 19.254844564856857 0
      vertex 100.1 19 0
      vertex 100.1 19 12.4
    endloop
  endfacet
  facet normal -0.9891765099647842 -0.14673047445533946 7.21287488992192e-20
    outer loop
      vertex 100.0500417290484 19.507234837241935 0
      vertex 100.08748028934771 19.254844564856857 0
      vertex 100.08748028934771 19.254844564856857 12.4
    endloop
  endfacet
  facet normal -0.9700312531945401 -0.2429801799032794 1.4022131822182643e-19
    outer loop
      vertex 99.98804487290374 19.7547401608616 0
      vertex 100.0500417290484 19.507234837241935 0
      vertex 100.0500417290484 19.507234837241935 12.4
    endloop
  endfacet
  facet normal -0.9415440651830218 -0.33688985339221683 -3.143464086819166e-19
    outer loop
      vertex 99.90208678452935 19.994976924149235 0
      vertex 99.98804487290374 19.7547401608616 0
      vertex 99.98804487290374 19.7547401608616 12.4
    endloop
  endfacet
  facet normal -0.8577286100002582 -0.5141027441932448 3.015884367668543e-19
    outer loop
      vertex 99.66182099198662 20.444482605850965 0
      vertex 99.79299528730573 20.225631515747594 0
      vertex 99.79299528730573 20.225631515747594 12.4
    endloop
  endfacet
  facet normal -0.9039892931234517 -0.42755509343026443 -2.86581659745067e-19
    outer loop
      vertex 99.79299528730573 20.225631515747594 0
      vertex 99.90208678452935 19.994976924149235 0
      vertex 99.90208678452935 19.994976924149235 12.4
    endloop
  endfacet
  facet normal 0.5956993044924319 -0.803207531480646 0
    outer loop
      vertex 96.05551739414904 21.161820991986616 0
      vertex 96.05551739414904 21.161820991986616 12.4
      vertex 95.85057746117452 21.009827178743116 0
    endloop
  endfacet
  facet normal 0.5141027441932243 -0.8577286100002706 0
    outer loop
      vertex 96.2743684842524 21.29299528730572 0
      vertex 96.2743684842524 21.29299528730572 12.4
      vertex 96.05551739414904 21.161820991986616 0
    endloop
  endfacet
  facet normal 0.4275550934302764 -0.903989293123446 0
    outer loop
      vertex 96.50502307585077 21.402086784529345 0
      vertex 96.50502307585077 21.402086784529345 12.4
      vertex 96.2743684842524 21.29299528730572 0
    endloop
  endfacet
  facet normal 0.33688985339222566 -0.9415440651830187 0
    outer loop
      vertex 96.7452598391384 21.488044872903743 0
      vertex 96.7452598391384 21.488044872903743 12.4
      vertex 96.50502307585077 21.402086784529345 0
    endloop
  endfacet
  facet normal 0.24298017990326956 -0.9700312531945425 0
    outer loop
      vertex 96.99276516275806 21.5500417290484 0
      vertex 96.99276516275806 21.5500417290484 12.4
      vertex 96.7452598391384 21.488044872903743 0
    endloop
  endfacet
  facet normal 0.14673047445536266 -0.9891765099647808 0
    outer loop
      vertex 97.24515543514315 21.587480289347713 0
      vertex 97.24515543514315 21.587480289347713 12.4
      vertex 96.99276516275806 21.5500417290484 0
    endloop
  endfacet
  facet normal 0.04906767432741966 -0.9987954562051724 0
    outer loop
      vertex 97.5 21.6 12.4
      vertex 97.24515543514315 21.587480289347713 0
      vertex 97.5 21.6 0
    endloop
  endfacet
  facet normal -0.04906767432741966 -0.9987954562051724 0
    outer loop
      vertex 97.75484456485685 21.587480289347713 0
      vertex 97.75484456485685 21.587480289347713 12.4
      vertex 97.5 21.6 0
    endloop
  endfacet
  facet normal -0.7409511253549497 -0.6715589548470288 8.377248492364249e-20
    outer loop
      vertex 99.33847763108503 20.838477631085023 0
      vertex 99.50982717874312 20.64942253882548 0
      vertex 99.50982717874312 20.64942253882548 12.4
    endloop
  endfacet
  facet normal -0.5956993044924319 -0.803207531480646 0
    outer loop
      vertex 99.14942253882548 21.009827178743116 0
      vertex 99.14942253882548 21.009827178743116 12.4
      vertex 98.94448260585096 21.161820991986616 0
    endloop
  endfacet
  facet normal -0.5141027441932243 -0.8577286100002706 0
    outer loop
      vertex 98.94448260585096 21.161820991986616 0
      vertex 98.94448260585096 21.161820991986616 12.4
      vertex 98.7256315157476 21.29299528730572 0
    endloop
  endfacet
  facet normal -0.6715589548470072 -0.7409511253549692 0
    outer loop
      vertex 99.33847763108503 20.838477631085023 0
      vertex 99.33847763108503 20.838477631085023 12.4
      vertex 99.14942253882548 21.009827178743116 0
    endloop
  endfacet
  facet normal -0.14673047445536266 -0.9891765099647808 0
    outer loop
      vertex 98.00723483724194 21.5500417290484 0
      vertex 98.00723483724194 21.5500417290484 12.4
      vertex 97.75484456485685 21.587480289347713 0
    endloop
  endfacet
  facet normal -0.24298017990326956 -0.9700312531945425 0
    outer loop
      vertex 98.2547401608616 21.488044872903743 0
      vertex 98.2547401608616 21.488044872903743 12.4
      vertex 98.00723483724194 21.5500417290484 0
    endloop
  endfacet
  facet normal -0.33688985339222566 -0.9415440651830187 0
    outer loop
      vertex 98.49497692414923 21.402086784529345 0
      vertex 98.49497692414923 21.402086784529345 12.4
      vertex 98.2547401608616 21.488044872903743 0
    endloop
  endfacet
  facet normal -0.4275550934302764 -0.903989293123446 0
    outer loop
      vertex 98.7256315157476 21.29299528730572 0
      vertex 98.7256315157476 21.29299528730572 12.4
      vertex 98.49497692414923 21.402086784529345 0
    endloop
  endfacet
  facet normal -0.8032075314806643 -0.5956993044924074 4.470904372888561e-20
    outer loop
      vertex 99.50982717874312 20.64942253882548 0
      vertex 99.66182099198662 20.444482605850965 0
      vertex 99.66182099198662 20.444482605850965 12.4
    endloop
  endfacet
  facet normal 0.7409511253549497 0.6715589548470288 0
    outer loop
      vertex 95.66152236891497 17.161522368914977 0
      vertex 95.49017282125688 17.35057746117452 12.4
      vertex 95.66152236891497 17.161522368914977 12.4
    endloop
  endfacet
  facet normal 0.6715589548470072 0.7409511253549692 0
    outer loop
      vertex 95.85057746117452 16.990172821256884 0
      vertex 95.66152236891497 17.161522368914977 12.4
      vertex 95.85057746117452 16.990172821256884 12.4
    endloop
  endfacet
  facet normal 0.8577286100002582 0.5141027441932448 0
    outer loop
      vertex 95.33817900801338 17.555517394149035 0
      vertex 95.20700471269427 17.774368484252406 12.4
      vertex 95.33817900801338 17.555517394149035 12.4
    endloop
  endfacet
  facet normal 0.8032075314806643 0.5956993044924074 0
    outer loop
      vertex 95.49017282125688 17.35057746117452 0
      vertex 95.33817900801338 17.555517394149035 12.4
      vertex 95.49017282125688 17.35057746117452 12.4
    endloop
  endfacet
  facet normal 0.9039892931234517 0.42755509343026443 0
    outer loop
      vertex 95.20700471269427 17.774368484252406 0
      vertex 95.09791321547065 18.005023075850765 12.4
      vertex 95.20700471269427 17.774368484252406 12.4
    endloop
  endfacet
  facet normal 0.9415440651830218 0.33688985339221683 0
    outer loop
      vertex 95.09791321547065 18.005023075850765 0
      vertex 95.01195512709626 18.2452598391384 12.4
      vertex 95.09791321547065 18.005023075850765 12.4
    endloop
  endfacet
  facet normal 0.9891765099647842 0.14673047445533946 0
    outer loop
      vertex 94.9499582709516 18.492765162758065 0
      vertex 94.91251971065229 18.745155435143143 12.4
      vertex 94.9499582709516 18.492765162758065 12.4
    endloop
  endfacet
  facet normal 0.9987954562051731 0.049067674327405074 0
    outer loop
      vertex 94.91251971065229 18.745155435143143 0
      vertex 94.9 19 12.4
      vertex 94.91251971065229 18.745155435143143 12.4
    endloop
  endfacet
  facet normal 0.9987954562051731 -0.049067674327405074 0
    outer loop
      vertex 94.9 19 0
      vertex 94.91251971065229 19.254844564856857 12.4
      vertex 94.9 19 12.4
    endloop
  endfacet
  facet normal 0.9700312531945401 0.2429801799032794 0
    outer loop
      vertex 95.01195512709626 18.2452598391384 0
      vertex 94.9499582709516 18.492765162758065 12.4
      vertex 95.01195512709626 18.2452598391384 12.4
    endloop
  endfacet
  facet normal 0.9891765099647842 -0.14673047445533946 0
    outer loop
      vertex 94.91251971065229 19.254844564856857 0
      vertex 94.9499582709516 19.507234837241935 12.4
      vertex 94.91251971065229 19.254844564856857 12.4
    endloop
  endfacet
  facet normal 0.9700312531945401 -0.2429801799032794 0
    outer loop
      vertex 94.9499582709516 19.507234837241935 0
      vertex 95.01195512709626 19.7547401608616 12.4
      vertex 94.9499582709516 19.507234837241935 12.4
    endloop
  endfacet
  facet normal 0.9415440651830218 -0.33688985339221683 0
    outer loop
      vertex 95.01195512709626 19.7547401608616 0
      vertex 95.09791321547065 19.994976924149235 12.4
      vertex 95.01195512709626 19.7547401608616 12.4
    endloop
  endfacet
  facet normal 0.9039892931234517 -0.42755509343026443 0
    outer loop
      vertex 95.09791321547065 19.994976924149235 0
      vertex 95.20700471269427 20.225631515747594 12.4
      vertex 95.09791321547065 19.994976924149235 12.4
    endloop
  endfacet
  facet normal 0.8577286100002582 -0.5141027441932448 0
    outer loop
      vertex 95.20700471269427 20.225631515747594 0
      vertex 95.33817900801338 20.444482605850965 12.4
      vertex 95.20700471269427 20.225631515747594 12.4
    endloop
  endfacet
  facet normal 0.8032075314806643 -0.5956993044924074 0
    outer loop
      vertex 95.33817900801338 20.444482605850965 0
      vertex 95.49017282125688 20.64942253882548 12.4
      vertex 95.33817900801338 20.444482605850965 12.4
    endloop
  endfacet
  facet normal 0.7409511253549497 -0.6715589548470288 -8.377248492364249e-20
    outer loop
      vertex 95.66152236891497 20.838477631085023 12.4
      vertex 95.49017282125688 20.64942253882548 12.4
      vertex 95.49017282125688 20.64942253882548 0
    endloop
  endfacet
  facet normal 0.6715589548470072 -0.7409511253549692 0
    outer loop
      vertex 95.66152236891497 20.838477631085023 0
      vertex 95.85057746117452 21.009827178743116 12.4
      vertex 95.66152236891497 20.838477631085023 12.4
    endloop
  endfacet
  facet normal 0.5141027441932243 0.8577286100002706 0
    outer loop
      vertex 96.2743684842524 16.70700471269428 0
      vertex 96.05551739414904 16.838179008013384 12.4
      vertex 96.2743684842524 16.70700471269428 12.4
    endloop
  endfacet
  facet normal 0.4275550934302764 0.903989293123446 0
    outer loop
      vertex 96.50502307585077 16.597913215470655 0
      vertex 96.2743684842524 16.70700471269428 12.4
      vertex 96.50502307585077 16.597913215470655 12.4
    endloop
  endfacet
  facet normal 0.33688985339222566 0.9415440651830187 0
    outer loop
      vertex 96.7452598391384 16.511955127096257 0
      vertex 96.50502307585077 16.597913215470655 12.4
      vertex 96.7452598391384 16.511955127096257 12.4
    endloop
  endfacet
  facet normal 0.5956993044924319 0.803207531480646 0
    outer loop
      vertex 96.05551739414904 16.838179008013384 0
      vertex 95.85057746117452 16.990172821256884 12.4
      vertex 96.05551739414904 16.838179008013384 12.4
    endloop
  endfacet
  facet normal 0.24298017990326956 0.9700312531945425 0
    outer loop
      vertex 96.99276516275806 16.4499582709516 0
      vertex 96.7452598391384 16.511955127096257 12.4
      vertex 96.99276516275806 16.4499582709516 12.4
    endloop
  endfacet
  facet normal 0.14673047445536266 0.9891765099647808 0
    outer loop
      vertex 97.24515543514315 16.412519710652287 0
      vertex 96.99276516275806 16.4499582709516 12.4
      vertex 97.24515543514315 16.412519710652287 12.4
    endloop
  endfacet
  facet normal 0.04906767432741966 0.9987954562051724 0
    outer loop
      vertex 97.5 16.4 0
      vertex 97.24515543514315 16.412519710652287 12.4
      vertex 97.5 16.4 12.4
    endloop
  endfacet
  facet normal -0.04906767432741966 0.9987954562051724 0
    outer loop
      vertex 97.75484456485685 16.412519710652287 0
      vertex 97.5 16.4 12.4
      vertex 97.75484456485685 16.412519710652287 12.4
    endloop
  endfacet
  facet normal -0.14673047445536266 0.9891765099647808 0
    outer loop
      vertex 98.00723483724194 16.4499582709516 0
      vertex 97.75484456485685 16.412519710652287 12.4
      vertex 98.00723483724194 16.4499582709516 12.4
    endloop
  endfacet
  facet normal -0.24298017990326956 0.9700312531945425 0
    outer loop
      vertex 98.2547401608616 16.511955127096257 0
      vertex 98.00723483724194 16.4499582709516 12.4
      vertex 98.2547401608616 16.511955127096257 12.4
    endloop
  endfacet
  facet normal -0.33688985339222566 0.9415440651830187 0
    outer loop
      vertex 98.49497692414923 16.597913215470655 0
      vertex 98.2547401608616 16.511955127096257 12.4
      vertex 98.49497692414923 16.597913215470655 12.4
    endloop
  endfacet
  facet normal -0.4275550934302764 0.903989293123446 0
    outer loop
      vertex 98.7256315157476 16.70700471269428 0
      vertex 98.49497692414923 16.597913215470655 12.4
      vertex 98.7256315157476 16.70700471269428 12.4
    endloop
  endfacet
  facet normal -0.5141027441932243 0.8577286100002706 0
    outer loop
      vertex 98.94448260585096 16.838179008013384 0
      vertex 98.7256315157476 16.70700471269428 12.4
      vertex 98.94448260585096 16.838179008013384 12.4
    endloop
  endfacet
  facet normal -0.5956993044924319 0.803207531480646 0
    outer loop
      vertex 99.14942253882548 16.990172821256884 0
      vertex 98.94448260585096 16.838179008013384 12.4
      vertex 99.14942253882548 16.990172821256884 12.4
    endloop
  endfacet
  facet normal -0.6715589548470072 0.7409511253549692 0
    outer loop
      vertex 99.33847763108503 17.161522368914977 0
      vertex 99.14942253882548 16.990172821256884 12.4
      vertex 99.33847763108503 17.161522368914977 12.4
    endloop
  endfacet
  facet normal -0.7409511253549497 0.6715589548470288 0
    outer loop
      vertex 99.50982717874312 17.35057746117452 0
      vertex 99.33847763108503 17.161522368914977 12.4
      vertex 99.50982717874312 17.35057746117452 12.4
    endloop
  endfacet
  facet normal -0.8032075314806643 0.5956993044924074 0
    outer loop
      vertex 99.66182099198662 17.555517394149035 0
      vertex 99.50982717874312 17.35057746117452 12.4
      vertex 99.66182099198662 17.555517394149035 12.4
    endloop
  endfacet
  facet normal -0.8577286100002582 0.5141027441932448 0
    outer loop
      vertex 99.79299528730573 17.774368484252406 0
      vertex 99.66182099198662 17.555517394149035 12.4
      vertex 99.79299528730573 17.774368484252406 12.4
    endloop
  endfacet
  facet normal -0.9039892931234517 0.42755509343026443 0
    outer loop
      vertex 99.90208678452935 18.005023075850765 0
      vertex 99.79299528730573 17.774368484252406 12.4
      vertex 99.90208678452935 18.005023075850765 12.4
    endloop
  endfacet
  facet normal -0.9415440651830218 0.33688985339221683 0
    outer loop
      vertex 99.98804487290374 18.2452598391384 0
      vertex 99.90208678452935 18.005023075850765 12.4
      vertex 99.98804487290374 18.2452598391384 12.4
    endloop
  endfacet
  facet normal -0.9700312531945401 0.2429801799032794 0
    outer loop
      vertex 100.0500417290484 18.492765162758065 0
      vertex 99.98804487290374 18.2452598391384 12.4
      vertex 100.0500417290484 18.492765162758065 12.4
    endloop
  endfacet
  facet normal -0.9891765099647842 0.14673047445533946 0
    outer loop
      vertex 100.08748028934771 18.745155435143143 0
      vertex 100.0500417290484 18.492765162758065 12.4
      vertex 100.08748028934771 18.745155435143143 12.4
    endloop
  endfacet
  facet normal -0.9987954562051731 0.049067674327405074 0
    outer loop
      vertex 100.1 19 0
      vertex 100.08748028934771 18.745155435143143 12.4
      vertex 100.1 19 12.4
    endloop
  endfacet
  facet normal -0.9987954562051731 -0.049067674327405074 0
    outer loop
      vertex 100.08748028934771 19.254844564856857 0
      vertex 100.1 19 12.4
      vertex 100.08748028934771 19.254844564856857 12.4
    endloop
  endfacet
  facet normal -0.9700312531945401 -0.2429801799032794 0
    outer loop
      vertex 99.98804487290374 19.7547401608616 0
      vertex 100.0500417290484 19.507234837241935 12.4
      vertex 99.98804487290374 19.7547401608616 12.4
    endloop
  endfacet
  facet normal -0.9891765099647842 -0.14673047445533946 0
    outer loop
      vertex 100.0500417290484 19.507234837241935 0
      vertex 100.08748028934771 19.254844564856857 12.4
      vertex 100.0500417290484 19.507234837241935 12.4
    endloop
  endfacet
  facet normal -0.9415440651830218 -0.33688985339221683 0
    outer loop
      vertex 99.90208678452935 19.994976924149235 0
      vertex 99.98804487290374 19.7547401608616 12.4
      vertex 99.90208678452935 19.994976924149235 12.4
    endloop
  endfacet
  facet normal -0.9039892931234517 -0.42755509343026443 0
    outer loop
      vertex 99.79299528730573 20.225631515747594 0
      vertex 99.90208678452935 19.994976924149235 12.4
      vertex 99.79299528730573 20.225631515747594 12.4
    endloop
  endfacet
  facet normal 0.5956993044924319 -0.803207531480646 0
    outer loop
      vertex 95.85057746117452 21.009827178743116 0
      vertex 96.05551739414904 21.161820991986616 12.4
      vertex 95.85057746117452 21.009827178743116 12.4
    endloop
  endfacet
  facet normal 0.5141027441932243 -0.8577286100002706 0
    outer loop
      vertex 96.05551739414904 21.161820991986616 0
      vertex 96.2743684842524 21.29299528730572 12.4
      vertex 96.05551739414904 21.161820991986616 12.4
    endloop
  endfacet
  facet normal 0.4275550934302764 -0.903989293123446 0
    outer loop
      vertex 96.2743684842524 21.29299528730572 0
      vertex 96.50502307585077 21.402086784529345 12.4
      vertex 96.2743684842524 21.29299528730572 12.4
    endloop
  endfacet
  facet normal 0.33688985339222566 -0.9415440651830187 0
    outer loop
      vertex 96.50502307585077 21.402086784529345 0
      vertex 96.7452598391384 21.488044872903743 12.4
      vertex 96.50502307585077 21.402086784529345 12.4
    endloop
  endfacet
  facet normal 0.24298017990326956 -0.9700312531945425 0
    outer loop
      vertex 96.7452598391384 21.488044872903743 0
      vertex 96.99276516275806 21.5500417290484 12.4
      vertex 96.7452598391384 21.488044872903743 12.4
    endloop
  endfacet
  facet normal 0.14673047445536266 -0.9891765099647808 0
    outer loop
      vertex 96.99276516275806 21.5500417290484 0
      vertex 97.24515543514315 21.587480289347713 12.4
      vertex 96.99276516275806 21.5500417290484 12.4
    endloop
  endfacet
  facet normal 0.04906767432741966 -0.9987954562051724 0
    outer loop
      vertex 97.24515543514315 21.587480289347713 0
      vertex 97.5 21.6 12.4
      vertex 97.24515543514315 21.587480289347713 12.4
    endloop
  endfacet
  facet normal -0.04906767432741966 -0.9987954562051724 0
    outer loop
      vertex 97.5 21.6 0
      vertex 97.75484456485685 21.587480289347713 12.4
      vertex 97.5 21.6 12.4
    endloop
  endfacet
  facet normal -0.8032075314806643 -0.5956993044924074 0
    outer loop
      vertex 99.50982717874312 20.64942253882548 0
      vertex 99.66182099198662 20.444482605850965 12.4
      vertex 99.50982717874312 20.64942253882548 12.4
    endloop
  endfacet
  facet normal -0.7409511253549497 -0.6715589548470288 0
    outer loop
      vertex 99.33847763108503 20.838477631085023 0
      vertex 99.50982717874312 20.64942253882548 12.4
      vertex 99.33847763108503 20.838477631085023 12.4
    endloop
  endfacet
  facet normal -0.5141027441932243 -0.8577286100002706 0
    outer loop
      vertex 98.7256315157476 21.29299528730572 0
      vertex 98.94448260585096 21.161820991986616 12.4
      vertex 98.7256315157476 21.29299528730572 12.4
    endloop
  endfacet
  facet normal -0.5956993044924319 -0.803207531480646 0
    outer loop
      vertex 98.94448260585096 21.161820991986616 0
      vertex 99.14942253882548 21.009827178743116 12.4
      vertex 98.94448260585096 21.161820991986616 12.4
    endloop
  endfacet
  facet normal -0.6715589548470072 -0.7409511253549692 0
    outer loop
      vertex 99.14942253882548 21.009827178743116 0
      vertex 99.33847763108503 20.838477631085023 12.4
      vertex 99.14942253882548 21.009827178743116 12.4
    endloop
  endfacet
  facet normal -0.14673047445536266 -0.9891765099647808 0
    outer loop
      vertex 97.75484456485685 21.587480289347713 0
      vertex 98.00723483724194 21.5500417290484 12.4
      vertex 97.75484456485685 21.587480289347713 12.4
    endloop
  endfacet
  facet normal -0.24298017990326956 -0.9700312531945425 0
    outer loop
      vertex 98.00723483724194 21.5500417290484 0
      vertex 98.2547401608616 21.488044872903743 12.4
      vertex 98.00723483724194 21.5500417290484 12.4
    endloop
  endfacet
  facet normal -0.33688985339222566 -0.9415440651830187 0
    outer loop
      vertex 98.2547401608616 21.488044872903743 0
      vertex 98.49497692414923 21.402086784529345 12.4
      vertex 98.2547401608616 21.488044872903743 12.4
    endloop
  endfacet
  facet normal -0.4275550934302764 -0.903989293123446 0
    outer loop
      vertex 98.49497692414923 21.402086784529345 0
      vertex 98.7256315157476 21.29299528730572 12.4
      vertex 98.49497692414923 21.402086784529345 12.4
    endloop
  endfacet
  facet normal -0.8577286100002582 -0.5141027441932448 0
    outer loop
      vertex 99.66182099198662 20.444482605850965 0
      vertex 99.79299528730573 20.225631515747594 12.4
      vertex 99.66182099198662 20.444482605850965 12.4
    endloop
  endfacet
  facet normal 0.24298017990326956 0.9700312531945425 0
    outer loop
      vertex 105.93764799456352 20.319566971671136 0
      vertex 105.93764799456352 20.319566971671136 12.4
      vertex 106.18515331818318 20.25757011552648 0
    endloop
  endfacet
  facet normal 0.14673047445536266 0.9891765099647808 0
    outer loop
      vertex 106.18515331818318 20.25757011552648 0
      vertex 106.18515331818318 20.25757011552648 12.4
      vertex 106.43754359056827 20.220131555227166 0
    endloop
  endfacet
  facet normal 0.04906767432741966 0.9987954562051724 0
    outer loop
      vertex 106.43754359056827 20.220131555227166 0
      vertex 106.43754359056827 20.220131555227166 12.4
      vertex 106.69238815542512 20.207611844574878 0
    endloop
  endfacet
  facet normal -0.04906767432741966 0.9987954562051724 0
    outer loop
      vertex 106.69238815542512 20.207611844574878 0
      vertex 106.69238815542512 20.207611844574878 12.4
      vertex 106.94723272028197 20.220131555227166 0
    endloop
  endfacet
  facet normal -0.14673047445536266 0.9891765099647808 0
    outer loop
      vertex 106.94723272028197 20.220131555227166 0
      vertex 106.94723272028197 20.220131555227166 12.4
      vertex 107.19962299266706 20.25757011552648 0
    endloop
  endfacet
  facet normal -0.24298017990326956 0.9700312531945425 0
    outer loop
      vertex 107.19962299266706 20.25757011552648 0
      vertex 107.19962299266706 20.25757011552648 12.4
      vertex 107.44712831628672 20.319566971671136 0
    endloop
  endfacet
  facet normal 0.8032075314806643 0.5956993044924074 4.470904372888561e-20
    outer loop
      vertex 104.682560976682 21.1581893057494 0
      vertex 104.5305671634385 21.363129238723914 0
      vertex 104.5305671634385 21.363129238723914 12.4
    endloop
  endfacet
  facet normal 0.6715589548470072 0.7409511253549692 0
    outer loop
      vertex 104.8539105243401 20.969134213489856 0
      vertex 104.8539105243401 20.969134213489856 12.4
      vertex 105.04296561659964 20.797784665831763 0
    endloop
  endfacet
  facet normal 0.7409511253549497 0.6715589548470288 8.377248492364249e-20
    outer loop
      vertex 104.8539105243401 20.969134213489856 0
      vertex 104.682560976682 21.1581893057494 0
      vertex 104.682560976682 21.1581893057494 12.4
    endloop
  endfacet
  facet normal 0.9700312531945401 0.2429801799032794 1.4022131822182643e-19
    outer loop
      vertex 104.20434328252138 22.052871683713278 0
      vertex 104.14234642637672 22.300377007332944 0
      vertex 104.14234642637672 22.300377007332944 12.4
    endloop
  endfacet
  facet normal 0.8577286100002582 0.5141027441932448 3.015884367668543e-19
    outer loop
      vertex 104.5305671634385 21.363129238723914 0
      vertex 104.39939286811939 21.581980328827285 0
      vertex 104.39939286811939 21.581980328827285 12.4
    endloop
  endfacet
  facet normal 0.9039892931234517 0.42755509343026443 -2.86581659745067e-19
    outer loop
      vertex 104.39939286811939 21.581980328827285 0
      vertex 104.29030137089578 21.812634920425644 0
      vertex 104.29030137089578 21.812634920425644 12.4
    endloop
  endfacet
  facet normal 0.9415440651830218 0.33688985339221683 -3.143464086819166e-19
    outer loop
      vertex 104.29030137089578 21.812634920425644 0
      vertex 104.20434328252138 22.052871683713278 0
      vertex 104.20434328252138 22.052871683713278 12.4
    endloop
  endfacet
  facet normal 0.4275550934302764 0.903989293123446 0
    outer loop
      vertex 105.46675663967753 20.514616557269157 0
      vertex 105.46675663967753 20.514616557269157 12.4
      vertex 105.6974112312759 20.405525060045534 0
    endloop
  endfacet
  facet normal 0.5141027441932243 0.8577286100002706 0
    outer loop
      vertex 105.24790554957416 20.645790852588263 0
      vertex 105.24790554957416 20.645790852588263 12.4
      vertex 105.46675663967753 20.514616557269157 0
    endloop
  endfacet
  facet normal 0.5956993044924319 0.803207531480646 0
    outer loop
      vertex 105.04296561659964 20.797784665831763 0
      vertex 105.04296561659964 20.797784665831763 12.4
      vertex 105.24790554957416 20.645790852588263 0
    endloop
  endfacet
  facet normal 0.33688985339222566 0.9415440651830187 0
    outer loop
      vertex 105.6974112312759 20.405525060045534 0
      vertex 105.6974112312759 20.405525060045534 12.4
      vertex 105.93764799456352 20.319566971671136 0
    endloop
  endfacet
  facet normal 0.9891765099647842 0.14673047445533946 7.21287488992192e-20
    outer loop
      vertex 104.14234642637672 22.300377007332944 0
      vertex 104.10490786607741 22.552767279718022 0
      vertex 104.10490786607741 22.552767279718022 12.4
    endloop
  endfacet
  facet normal 0.9987954562051731 0.049067674327405074 -2.1500908976681746e-20
    outer loop
      vertex 104.10490786607741 22.552767279718022 0
      vertex 104.09238815542513 22.80761184457488 0
      vertex 104.09238815542513 22.80761184457488 12.4
    endloop
  endfacet
  facet normal 0.9987954562051731 -0.049067674327405074 2.1500908976681746e-20
    outer loop
      vertex 104.09238815542513 22.80761184457488 0
      vertex 104.10490786607741 23.062456409431736 0
      vertex 104.10490786607741 23.062456409431736 12.4
    endloop
  endfacet
  facet normal 0.9891765099647842 -0.14673047445533946 -7.21287488992192e-20
    outer loop
      vertex 104.10490786607741 23.062456409431736 0
      vertex 104.14234642637672 23.314846681816814 0
      vertex 104.14234642637672 23.314846681816814 12.4
    endloop
  endfacet
  facet normal 0.9700312531945401 -0.2429801799032794 -1.4022131822182643e-19
    outer loop
      vertex 104.14234642637672 23.314846681816814 0
      vertex 104.20434328252138 23.56235200543648 0
      vertex 104.20434328252138 23.56235200543648 12.4
    endloop
  endfacet
  facet normal 0.9415440651830218 -0.33688985339221683 3.143464086819166e-19
    outer loop
      vertex 104.20434328252138 23.56235200543648 0
      vertex 104.29030137089578 23.802588768724114 0
      vertex 104.29030137089578 23.802588768724114 12.4
    endloop
  endfacet
  facet normal 0.9039892931234517 -0.42755509343026443 2.86581659745067e-19
    outer loop
      vertex 104.29030137089578 23.802588768724114 0
      vertex 104.39939286811939 24.033243360322473 0
      vertex 104.39939286811939 24.033243360322473 12.4
    endloop
  endfacet
  facet normal 0.8577286100002582 -0.5141027441932448 -3.015884367668543e-19
    outer loop
      vertex 104.39939286811939 24.033243360322473 0
      vertex 104.5305671634385 24.252094450425844 0
      vertex 104.5305671634385 24.252094450425844 12.4
    endloop
  endfacet
  facet normal -0.33688985339222566 0.9415440651830187 0
    outer loop
      vertex 107.44712831628672 20.319566971671136 0
      vertex 107.44712831628672 20.319566971671136 12.4
      vertex 107.68736507957435 20.405525060045534 0
    endloop
  endfacet
  facet normal -0.4275550934302764 0.903989293123446 0
    outer loop
      vertex 107.68736507957435 20.405525060045534 0
      vertex 107.68736507957435 20.405525060045534 12.4
      vertex 107.91801967117271 20.514616557269157 0
    endloop
  endfacet
  facet normal -0.5141027441932243 0.8577286100002706 0
    outer loop
      vertex 107.91801967117271 20.514616557269157 0
      vertex 107.91801967117271 20.514616557269157 12.4
      vertex 108.13687076127609 20.645790852588263 0
    endloop
  endfacet
  facet normal -0.5956993044924319 0.803207531480646 0
    outer loop
      vertex 108.13687076127609 20.645790852588263 0
      vertex 108.13687076127609 20.645790852588263 12.4
      vertex 108.3418106942506 20.797784665831763 0
    endloop
  endfacet
  facet normal -0.6715589548470072 0.7409511253549692 0
    outer loop
      vertex 108.3418106942506 20.797784665831763 0
      vertex 108.3418106942506 20.797784665831763 12.4
      vertex 108.53086578651015 20.969134213489856 0
    endloop
  endfacet
  facet normal -0.7409511253549497 0.6715589548470288 0
    outer loop
      vertex 108.53086578651015 20.969134213489856 0
      vertex 108.53086578651015 20.969134213489856 12.4
      vertex 108.70221533416824 21.1581893057494 0
    endloop
  endfacet
  facet normal -0.8032075314806643 0.5956993044924074 -4.470904372888561e-20
    outer loop
      vertex 108.85420914741174 21.363129238723914 0
      vertex 108.70221533416824 21.1581893057494 0
      vertex 108.70221533416824 21.1581893057494 12.4
    endloop
  endfacet
  facet normal -0.8577286100002582 0.5141027441932448 -3.015884367668543e-19
    outer loop
      vertex 108.98538344273085 21.581980328827285 0
      vertex 108.85420914741174 21.363129238723914 0
      vertex 108.85420914741174 21.363129238723914 12.4
    endloop
  endfacet
  facet normal -0.9039892931234517 0.42755509343026443 2.86581659745067e-19
    outer loop
      vertex 109.09447493995447 21.812634920425644 0
      vertex 108.98538344273085 21.581980328827285 0
      vertex 108.98538344273085 21.581980328827285 12.4
    endloop
  endfacet
  facet normal -0.9415440651830218 0.33688985339221683 3.143464086819166e-19
    outer loop
      vertex 109.18043302832886 22.052871683713278 0
      vertex 109.09447493995447 21.812634920425644 0
      vertex 109.09447493995447 21.812634920425644 12.4
    endloop
  endfacet
  facet normal -0.9700312531945401 0.2429801799032794 -1.4022131822182643e-19
    outer loop
      vertex 109.24242988447352 22.300377007332944 0
      vertex 109.18043302832886 22.052871683713278 0
      vertex 109.18043302832886 22.052871683713278 12.4
    endloop
  endfacet
  facet normal -0.9891765099647842 0.14673047445533946 -7.21287488992192e-20
    outer loop
      vertex 109.27986844477283 22.552767279718022 0
      vertex 109.24242988447352 22.300377007332944 0
      vertex 109.24242988447352 22.300377007332944 12.4
    endloop
  endfacet
  facet normal -0.9987954562051731 0.049067674327405074 2.1500908976681746e-20
    outer loop
      vertex 109.29238815542512 22.80761184457488 0
      vertex 109.27986844477283 22.552767279718022 0
      vertex 109.27986844477283 22.552767279718022 12.4
    endloop
  endfacet
  facet normal -0.9987954562051731 -0.049067674327405074 -2.1500908976681746e-20
    outer loop
      vertex 109.27986844477283 23.062456409431736 0
      vertex 109.29238815542512 22.80761184457488 0
      vertex 109.29238815542512 22.80761184457488 12.4
    endloop
  endfacet
  facet normal -0.9891765099647842 -0.14673047445533946 7.21287488992192e-20
    outer loop
      vertex 109.24242988447352 23.314846681816814 0
      vertex 109.27986844477283 23.062456409431736 0
      vertex 109.27986844477283 23.062456409431736 12.4
    endloop
  endfacet
  facet normal -0.9700312531945401 -0.2429801799032794 1.4022131822182643e-19
    outer loop
      vertex 109.18043302832886 23.56235200543648 0
      vertex 109.24242988447352 23.314846681816814 0
      vertex 109.24242988447352 23.314846681816814 12.4
    endloop
  endfacet
  facet normal -0.9415440651830218 -0.33688985339221683 -3.143464086819166e-19
    outer loop
      vertex 109.09447493995447 23.802588768724114 0
      vertex 109.18043302832886 23.56235200543648 0
      vertex 109.18043302832886 23.56235200543648 12.4
    endloop
  endfacet
  facet normal -0.8577286100002582 -0.5141027441932448 3.015884367668543e-19
    outer loop
      vertex 108.85420914741174 24.252094450425844 0
      vertex 108.98538344273085 24.033243360322473 0
      vertex 108.98538344273085 24.033243360322473 12.4
    endloop
  endfacet
  facet normal -0.9039892931234517 -0.42755509343026443 -2.86581659745067e-19
    outer loop
      vertex 108.98538344273085 24.033243360322473 0
      vertex 109.09447493995447 23.802588768724114 0
      vertex 109.09447493995447 23.802588768724114 12.4
    endloop
  endfacet
  facet normal -0.8032075314806643 -0.5956993044924074 4.470904372888561e-20
    outer loop
      vertex 108.70221533416824 24.45703438340036 0
      vertex 108.85420914741174 24.252094450425844 0
      vertex 108.85420914741174 24.252094450425844 12.4
    endloop
  endfacet
  facet normal 0.8032075314806643 -0.5956993044924074 -4.470904372888561e-20
    outer loop
      vertex 104.5305671634385 24.252094450425844 0
      vertex 104.682560976682 24.45703438340036 0
      vertex 104.682560976682 24.45703438340036 12.4
    endloop
  endfacet
  facet normal 0.7409511253549497 -0.6715589548470288 -8.377248492364249e-20
    outer loop
      vertex 104.682560976682 24.45703438340036 0
      vertex 104.8539105243401 24.646089475659902 0
      vertex 104.8539105243401 24.646089475659902 12.4
    endloop
  endfacet
  facet normal 0.6715589548470072 -0.7409511253549692 0
    outer loop
      vertex 105.04296561659964 24.817439023317995 0
      vertex 105.04296561659964 24.817439023317995 12.4
      vertex 104.8539105243401 24.646089475659902 0
    endloop
  endfacet
  facet normal 0.5956993044924319 -0.803207531480646 0
    outer loop
      vertex 105.24790554957416 24.969432836561495 0
      vertex 105.24790554957416 24.969432836561495 12.4
      vertex 105.04296561659964 24.817439023317995 0
    endloop
  endfacet
  facet normal 0.5141027441932243 -0.8577286100002706 0
    outer loop
      vertex 105.46675663967753 25.1006071318806 0
      vertex 105.46675663967753 25.1006071318806 12.4
      vertex 105.24790554957416 24.969432836561495 0
    endloop
  endfacet
  facet normal 0.4275550934302764 -0.903989293123446 0
    outer loop
      vertex 105.6974112312759 25.209698629104224 0
      vertex 105.6974112312759 25.209698629104224 12.4
      vertex 105.46675663967753 25.1006071318806 0
    endloop
  endfacet
  facet normal 0.33688985339222566 -0.9415440651830187 0
    outer loop
      vertex 105.93764799456352 25.29565671747862 0
      vertex 105.93764799456352 25.29565671747862 12.4
      vertex 105.6974112312759 25.209698629104224 0
    endloop
  endfacet
  facet normal 0.24298017990326956 -0.9700312531945425 0
    outer loop
      vertex 106.18515331818318 25.357653573623278 0
      vertex 106.18515331818318 25.357653573623278 12.4
      vertex 105.93764799456352 25.29565671747862 0
    endloop
  endfacet
  facet normal 0.14673047445536266 -0.9891765099647808 0
    outer loop
      vertex 106.43754359056827 25.395092133922592 0
      vertex 106.43754359056827 25.395092133922592 12.4
      vertex 106.18515331818318 25.357653573623278 0
    endloop
  endfacet
  facet normal 0.04906767432741966 -0.9987954562051724 0
    outer loop
      vertex 106.69238815542512 25.40761184457488 0
      vertex 106.69238815542512 25.40761184457488 12.4
      vertex 106.43754359056827 25.395092133922592 0
    endloop
  endfacet
  facet normal -0.04906767432741966 -0.9987954562051724 0
    outer loop
      vertex 106.94723272028197 25.395092133922592 0
      vertex 106.94723272028197 25.395092133922592 12.4
      vertex 106.69238815542512 25.40761184457488 0
    endloop
  endfacet
  facet normal -0.14673047445536266 -0.9891765099647808 0
    outer loop
      vertex 107.19962299266706 25.357653573623278 0
      vertex 107.19962299266706 25.357653573623278 12.4
      vertex 106.94723272028197 25.395092133922592 0
    endloop
  endfacet
  facet normal -0.24298017990326956 -0.9700312531945425 0
    outer loop
      vertex 107.44712831628672 25.29565671747862 0
      vertex 107.44712831628672 25.29565671747862 12.4
      vertex 107.19962299266706 25.357653573623278 0
    endloop
  endfacet
  facet normal -0.33688985339222566 -0.9415440651830187 0
    outer loop
      vertex 107.68736507957435 25.209698629104224 0
      vertex 107.68736507957435 25.209698629104224 12.4
      vertex 107.44712831628672 25.29565671747862 0
    endloop
  endfacet
  facet normal -0.4275550934302764 -0.903989293123446 0
    outer loop
      vertex 107.91801967117271 25.1006071318806 0
      vertex 107.91801967117271 25.1006071318806 12.4
      vertex 107.68736507957435 25.209698629104224 0
    endloop
  endfacet
  facet normal -0.5956993044924319 -0.803207531480646 0
    outer loop
      vertex 108.3418106942506 24.817439023317995 0
      vertex 108.3418106942506 24.817439023317995 12.4
      vertex 108.13687076127609 24.969432836561495 0
    endloop
  endfacet
  facet normal -0.7409511253549497 -0.6715589548470288 8.377248492364249e-20
    outer loop
      vertex 108.53086578651015 24.646089475659902 0
      vertex 108.70221533416824 24.45703438340036 0
      vertex 108.70221533416824 24.45703438340036 12.4
    endloop
  endfacet
  facet normal -0.6715589548470072 -0.7409511253549692 0
    outer loop
      vertex 108.53086578651015 24.646089475659902 0
      vertex 108.53086578651015 24.646089475659902 12.4
      vertex 108.3418106942506 24.817439023317995 0
    endloop
  endfacet
  facet normal -0.5141027441932243 -0.8577286100002706 0
    outer loop
      vertex 108.13687076127609 24.969432836561495 0
      vertex 108.13687076127609 24.969432836561495 12.4
      vertex 107.91801967117271 25.1006071318806 0
    endloop
  endfacet
  facet normal 0.24298017990326956 0.9700312531945425 0
    outer loop
      vertex 106.18515331818318 20.25757011552648 0
      vertex 105.93764799456352 20.319566971671136 12.4
      vertex 106.18515331818318 20.25757011552648 12.4
    endloop
  endfacet
  facet normal 0.14673047445536266 0.9891765099647808 0
    outer loop
      vertex 106.43754359056827 20.220131555227166 0
      vertex 106.18515331818318 20.25757011552648 12.4
      vertex 106.43754359056827 20.220131555227166 12.4
    endloop
  endfacet
  facet normal 0.04906767432741966 0.9987954562051724 0
    outer loop
      vertex 106.69238815542512 20.207611844574878 0
      vertex 106.43754359056827 20.220131555227166 12.4
      vertex 106.69238815542512 20.207611844574878 12.4
    endloop
  endfacet
  facet normal -0.04906767432741966 0.9987954562051724 0
    outer loop
      vertex 106.94723272028197 20.220131555227166 0
      vertex 106.69238815542512 20.207611844574878 12.4
      vertex 106.94723272028197 20.220131555227166 12.4
    endloop
  endfacet
  facet normal -0.14673047445536266 0.9891765099647808 0
    outer loop
      vertex 107.19962299266706 20.25757011552648 0
      vertex 106.94723272028197 20.220131555227166 12.4
      vertex 107.19962299266706 20.25757011552648 12.4
    endloop
  endfacet
  facet normal -0.24298017990326956 0.9700312531945425 0
    outer loop
      vertex 107.44712831628672 20.319566971671136 0
      vertex 107.19962299266706 20.25757011552648 12.4
      vertex 107.44712831628672 20.319566971671136 12.4
    endloop
  endfacet
  facet normal 0.8032075314806643 0.5956993044924074 0
    outer loop
      vertex 104.682560976682 21.1581893057494 0
      vertex 104.5305671634385 21.363129238723914 12.4
      vertex 104.682560976682 21.1581893057494 12.4
    endloop
  endfacet
  facet normal 0.7409511253549497 0.6715589548470288 0
    outer loop
      vertex 104.8539105243401 20.969134213489856 0
      vertex 104.682560976682 21.1581893057494 12.4
      vertex 104.8539105243401 20.969134213489856 12.4
    endloop
  endfacet
  facet normal 0.6715589548470072 0.7409511253549692 0
    outer loop
      vertex 105.04296561659964 20.797784665831763 0
      vertex 104.8539105243401 20.969134213489856 12.4
      vertex 105.04296561659964 20.797784665831763 12.4
    endloop
  endfacet
  facet normal 0.8577286100002582 0.5141027441932448 0
    outer loop
      vertex 104.5305671634385 21.363129238723914 0
      vertex 104.39939286811939 21.581980328827285 12.4
      vertex 104.5305671634385 21.363129238723914 12.4
    endloop
  endfacet
  facet normal 0.9039892931234517 0.42755509343026443 0
    outer loop
      vertex 104.39939286811939 21.581980328827285 0
      vertex 104.29030137089578 21.812634920425644 12.4
      vertex 104.39939286811939 21.581980328827285 12.4
    endloop
  endfacet
  facet normal 0.9415440651830218 0.33688985339221683 0
    outer loop
      vertex 104.29030137089578 21.812634920425644 0
      vertex 104.20434328252138 22.052871683713278 12.4
      vertex 104.29030137089578 21.812634920425644 12.4
    endloop
  endfacet
  facet normal 0.9700312531945401 0.2429801799032794 0
    outer loop
      vertex 104.20434328252138 22.052871683713278 0
      vertex 104.14234642637672 22.300377007332944 12.4
      vertex 104.20434328252138 22.052871683713278 12.4
    endloop
  endfacet
  facet normal 0.5141027441932243 0.8577286100002706 0
    outer loop
      vertex 105.46675663967753 20.514616557269157 0
      vertex 105.24790554957416 20.645790852588263 12.4
      vertex 105.46675663967753 20.514616557269157 12.4
    endloop
  endfacet
  facet normal 0.5956993044924319 0.803207531480646 0
    outer loop
      vertex 105.24790554957416 20.645790852588263 0
      vertex 105.04296561659964 20.797784665831763 12.4
      vertex 105.24790554957416 20.645790852588263 12.4
    endloop
  endfacet
  facet normal 0.4275550934302764 0.903989293123446 0
    outer loop
      vertex 105.6974112312759 20.405525060045534 0
      vertex 105.46675663967753 20.514616557269157 12.4
      vertex 105.6974112312759 20.405525060045534 12.4
    endloop
  endfacet
  facet normal 0.33688985339222566 0.9415440651830187 0
    outer loop
      vertex 105.93764799456352 20.319566971671136 0
      vertex 105.6974112312759 20.405525060045534 12.4
      vertex 105.93764799456352 20.319566971671136 12.4
    endloop
  endfacet
  facet normal 0.9891765099647842 0.14673047445533946 0
    outer loop
      vertex 104.14234642637672 22.300377007332944 0
      vertex 104.10490786607741 22.552767279718022 12.4
      vertex 104.14234642637672 22.300377007332944 12.4
    endloop
  endfacet
  facet normal 0.9987954562051731 0.049067674327405074 0
    outer loop
      vertex 104.10490786607741 22.552767279718022 0
      vertex 104.09238815542513 22.80761184457488 12.4
      vertex 104.10490786607741 22.552767279718022 12.4
    endloop
  endfacet
  facet normal 0.9987954562051731 -0.049067674327405074 0
    outer loop
      vertex 104.09238815542513 22.80761184457488 0
      vertex 104.10490786607741 23.062456409431736 12.4
      vertex 104.09238815542513 22.80761184457488 12.4
    endloop
  endfacet
  facet normal 0.9891765099647842 -0.14673047445533946 0
    outer loop
      vertex 104.10490786607741 23.062456409431736 0
      vertex 104.14234642637672 23.314846681816814 12.4
      vertex 104.10490786607741 23.062456409431736 12.4
    endloop
  endfacet
  facet normal 0.9700312531945401 -0.2429801799032794 0
    outer loop
      vertex 104.14234642637672 23.314846681816814 0
      vertex 104.20434328252138 23.56235200543648 12.4
      vertex 104.14234642637672 23.314846681816814 12.4
    endloop
  endfacet
  facet normal 0.9415440651830218 -0.33688985339221683 0
    outer loop
      vertex 104.20434328252138 23.56235200543648 0
      vertex 104.29030137089578 23.802588768724114 12.4
      vertex 104.20434328252138 23.56235200543648 12.4
    endloop
  endfacet
  facet normal 0.9039892931234517 -0.42755509343026443 0
    outer loop
      vertex 104.29030137089578 23.802588768724114 0
      vertex 104.39939286811939 24.033243360322473 12.4
      vertex 104.29030137089578 23.802588768724114 12.4
    endloop
  endfacet
  facet normal 0.8577286100002582 -0.5141027441932448 0
    outer loop
      vertex 104.39939286811939 24.033243360322473 0
      vertex 104.5305671634385 24.252094450425844 12.4
      vertex 104.39939286811939 24.033243360322473 12.4
    endloop
  endfacet
  facet normal 0.8032075314806643 -0.5956993044924074 0
    outer loop
      vertex 104.5305671634385 24.252094450425844 0
      vertex 104.682560976682 24.45703438340036 12.4
      vertex 104.5305671634385 24.252094450425844 12.4
    endloop
  endfacet
  facet normal -0.33688985339222566 0.9415440651830187 0
    outer loop
      vertex 107.68736507957435 20.405525060045534 0
      vertex 107.44712831628672 20.319566971671136 12.4
      vertex 107.68736507957435 20.405525060045534 12.4
    endloop
  endfacet
  facet normal -0.4275550934302764 0.903989293123446 0
    outer loop
      vertex 107.91801967117271 20.514616557269157 0
      vertex 107.68736507957435 20.405525060045534 12.4
      vertex 107.91801967117271 20.514616557269157 12.4
    endloop
  endfacet
  facet normal -0.5141027441932243 0.8577286100002706 0
    outer loop
      vertex 108.13687076127609 20.645790852588263 0
      vertex 107.91801967117271 20.514616557269157 12.4
      vertex 108.13687076127609 20.645790852588263 12.4
    endloop
  endfacet
  facet normal -0.5956993044924319 0.803207531480646 0
    outer loop
      vertex 108.3418106942506 20.797784665831763 0
      vertex 108.13687076127609 20.645790852588263 12.4
      vertex 108.3418106942506 20.797784665831763 12.4
    endloop
  endfacet
  facet normal -0.6715589548470072 0.7409511253549692 0
    outer loop
      vertex 108.53086578651015 20.969134213489856 0
      vertex 108.3418106942506 20.797784665831763 12.4
      vertex 108.53086578651015 20.969134213489856 12.4
    endloop
  endfacet
  facet normal -0.7409511253549497 0.6715589548470288 0
    outer loop
      vertex 108.70221533416824 21.1581893057494 0
      vertex 108.53086578651015 20.969134213489856 12.4
      vertex 108.70221533416824 21.1581893057494 12.4
    endloop
  endfacet
  facet normal -0.8032075314806643 0.5956993044924074 0
    outer loop
      vertex 108.85420914741174 21.363129238723914 0
      vertex 108.70221533416824 21.1581893057494 12.4
      vertex 108.85420914741174 21.363129238723914 12.4
    endloop
  endfacet
  facet normal -0.8577286100002582 0.5141027441932448 0
    outer loop
      vertex 108.98538344273085 21.581980328827285 0
      vertex 108.85420914741174 21.363129238723914 12.4
      vertex 108.98538344273085 21.581980328827285 12.4
    endloop
  endfacet
  facet normal -0.9039892931234517 0.42755509343026443 0
    outer loop
      vertex 109.09447493995447 21.812634920425644 0
      vertex 108.98538344273085 21.581980328827285 12.4
      vertex 109.09447493995447 21.812634920425644 12.4
    endloop
  endfacet
  facet normal -0.9415440651830218 0.33688985339221683 0
    outer loop
      vertex 109.18043302832886 22.052871683713278 0
      vertex 109.09447493995447 21.812634920425644 12.4
      vertex 109.18043302832886 22.052871683713278 12.4
    endloop
  endfacet
  facet normal -0.9700312531945401 0.2429801799032794 0
    outer loop
      vertex 109.24242988447352 22.300377007332944 0
      vertex 109.18043302832886 22.052871683713278 12.4
      vertex 109.24242988447352 22.300377007332944 12.4
    endloop
  endfacet
  facet normal -0.9891765099647842 0.14673047445533946 0
    outer loop
      vertex 109.27986844477283 22.552767279718022 0
      vertex 109.24242988447352 22.300377007332944 12.4
      vertex 109.27986844477283 22.552767279718022 12.4
    endloop
  endfacet
  facet normal -0.9987954562051731 0.049067674327405074 0
    outer loop
      vertex 109.29238815542512 22.80761184457488 0
      vertex 109.27986844477283 22.552767279718022 12.4
      vertex 109.29238815542512 22.80761184457488 12.4
    endloop
  endfacet
  facet normal -0.9987954562051731 -0.049067674327405074 0
    outer loop
      vertex 109.27986844477283 23.062456409431736 0
      vertex 109.29238815542512 22.80761184457488 12.4
      vertex 109.27986844477283 23.062456409431736 12.4
    endloop
  endfacet
  facet normal -0.9891765099647842 -0.14673047445533946 0
    outer loop
      vertex 109.24242988447352 23.314846681816814 0
      vertex 109.27986844477283 23.062456409431736 12.4
      vertex 109.24242988447352 23.314846681816814 12.4
    endloop
  endfacet
  facet normal -0.9700312531945401 -0.2429801799032794 0
    outer loop
      vertex 109.18043302832886 23.56235200543648 0
      vertex 109.24242988447352 23.314846681816814 12.4
      vertex 109.18043302832886 23.56235200543648 12.4
    endloop
  endfacet
  facet normal -0.9415440651830218 -0.33688985339221683 0
    outer loop
      vertex 109.09447493995447 23.802588768724114 0
      vertex 109.18043302832886 23.56235200543648 12.4
      vertex 109.09447493995447 23.802588768724114 12.4
    endloop
  endfacet
  facet normal -0.9039892931234517 -0.42755509343026443 0
    outer loop
      vertex 108.98538344273085 24.033243360322473 0
      vertex 109.09447493995447 23.802588768724114 12.4
      vertex 108.98538344273085 24.033243360322473 12.4
    endloop
  endfacet
  facet normal -0.8577286100002582 -0.5141027441932448 0
    outer loop
      vertex 108.85420914741174 24.252094450425844 0
      vertex 108.98538344273085 24.033243360322473 12.4
      vertex 108.85420914741174 24.252094450425844 12.4
    endloop
  endfacet
  facet normal 0.7409511253549497 -0.6715589548470288 0
    outer loop
      vertex 104.682560976682 24.45703438340036 0
      vertex 104.8539105243401 24.646089475659902 12.4
      vertex 104.682560976682 24.45703438340036 12.4
    endloop
  endfacet
  facet normal 0.6715589548470072 -0.7409511253549692 0
    outer loop
      vertex 104.8539105243401 24.646089475659902 0
      vertex 105.04296561659964 24.817439023317995 12.4
      vertex 104.8539105243401 24.646089475659902 12.4
    endloop
  endfacet
  facet normal 0.5956993044924319 -0.803207531480646 0
    outer loop
      vertex 105.04296561659964 24.817439023317995 0
      vertex 105.24790554957416 24.969432836561495 12.4
      vertex 105.04296561659964 24.817439023317995 12.4
    endloop
  endfacet
  facet normal 0.5141027441932243 -0.8577286100002706 0
    outer loop
      vertex 105.24790554957416 24.969432836561495 0
      vertex 105.46675663967753 25.1006071318806 12.4
      vertex 105.24790554957416 24.969432836561495 12.4
    endloop
  endfacet
  facet normal 0.4275550934302764 -0.903989293123446 0
    outer loop
      vertex 105.46675663967753 25.1006071318806 0
      vertex 105.6974112312759 25.209698629104224 12.4
      vertex 105.46675663967753 25.1006071318806 12.4
    endloop
  endfacet
  facet normal 0.33688985339222566 -0.9415440651830187 0
    outer loop
      vertex 105.6974112312759 25.209698629104224 0
      vertex 105.93764799456352 25.29565671747862 12.4
      vertex 105.6974112312759 25.209698629104224 12.4
    endloop
  endfacet
  facet normal 0.24298017990326956 -0.9700312531945425 0
    outer loop
      vertex 105.93764799456352 25.29565671747862 0
      vertex 106.18515331818318 25.357653573623278 12.4
      vertex 105.93764799456352 25.29565671747862 12.4
    endloop
  endfacet
  facet normal 0.14673047445536266 -0.9891765099647808 0
    outer loop
      vertex 106.18515331818318 25.357653573623278 0
      vertex 106.43754359056827 25.395092133922592 12.4
      vertex 106.18515331818318 25.357653573623278 12.4
    endloop
  endfacet
  facet normal 0.04906767432741966 -0.9987954562051724 0
    outer loop
      vertex 106.43754359056827 25.395092133922592 0
      vertex 106.69238815542512 25.40761184457488 12.4
      vertex 106.43754359056827 25.395092133922592 12.4
    endloop
  endfacet
  facet normal -0.04906767432741966 -0.9987954562051724 0
    outer loop
      vertex 106.69238815542512 25.40761184457488 0
      vertex 106.94723272028197 25.395092133922592 12.4
      vertex 106.69238815542512 25.40761184457488 12.4
    endloop
  endfacet
  facet normal -0.14673047445536266 -0.9891765099647808 0
    outer loop
      vertex 106.94723272028197 25.395092133922592 0
      vertex 107.19962299266706 25.357653573623278 12.4
      vertex 106.94723272028197 25.395092133922592 12.4
    endloop
  endfacet
  facet normal -0.24298017990326956 -0.9700312531945425 0
    outer loop
      vertex 107.19962299266706 25.357653573623278 0
      vertex 107.44712831628672 25.29565671747862 12.4
      vertex 107.19962299266706 25.357653573623278 12.4
    endloop
  endfacet
  facet normal -0.33688985339222566 -0.9415440651830187 0
    outer loop
      vertex 107.44712831628672 25.29565671747862 0
      vertex 107.68736507957435 25.209698629104224 12.4
      vertex 107.44712831628672 25.29565671747862 12.4
    endloop
  endfacet
  facet normal -0.4275550934302764 -0.903989293123446 0
    outer loop
      vertex 107.68736507957435 25.209698629104224 0
      vertex 107.91801967117271 25.1006071318806 12.4
      vertex 107.68736507957435 25.209698629104224 12.4
    endloop
  endfacet
  facet normal -0.8032075314806643 -0.5956993044924074 0
    outer loop
      vertex 108.70221533416824 24.45703438340036 0
      vertex 108.85420914741174 24.252094450425844 12.4
      vertex 108.70221533416824 24.45703438340036 12.4
    endloop
  endfacet
  facet normal -0.7409511253549497 -0.6715589548470288 0
    outer loop
      vertex 108.53086578651015 24.646089475659902 0
      vertex 108.70221533416824 24.45703438340036 12.4
      vertex 108.53086578651015 24.646089475659902 12.4
    endloop
  endfacet
  facet normal -0.6715589548470072 -0.7409511253549692 0
    outer loop
      vertex 108.3418106942506 24.817439023317995 0
      vertex 108.53086578651015 24.646089475659902 12.4
      vertex 108.3418106942506 24.817439023317995 12.4
    endloop
  endfacet
  facet normal -0.5141027441932243 -0.8577286100002706 0
    outer loop
      vertex 107.91801967117271 25.1006071318806 0
      vertex 108.13687076127609 24.969432836561495 12.4
      vertex 107.91801967117271 25.1006071318806 12.4
    endloop
  endfacet
  facet normal -0.5956993044924319 -0.803207531480646 0
    outer loop
      vertex 108.13687076127609 24.969432836561495 0
      vertex 108.3418106942506 24.817439023317995 12.4
      vertex 108.13687076127609 24.969432836561495 12.4
    endloop
  endfacet
  facet normal 0 0 1
    outer loop
      vertex 94.9877160265711 29.93822182646815 8.4
      vertex 94.9877160265711 34.06177817353185 8.4
      vertex 94.79772376001672 30.194396742686294 8.4
    endloop
  endfacet
  facet normal 0 0 1
    outer loop
      vertex 95.6943967426863 29.29772376001673 8.4
      vertex 96.0007338506078 31.198625547395803 8.4
      vertex 95.92940479473081 31.349438164979347 8.4
    endloop
  endfacet
  facet normal 0 0 1
    outer loop
      vertex 95.6943967426863 29.29772376001673 8.4
      vertex 95.92940479473081 31.349438164979347 8.4
      vertex 95.87320142925525 31.506516048667415 8.4
    endloop
  endfacet
  facet normal 0 0 1
    outer loop
      vertex 95.6943967426863 29.29772376001673 8.4
      vertex 95.87320142925525 31.506516048667415 8.4
      vertex 95.8326650233145 31.66834645257258 8.4
    endloop
  endfacet
  facet normal 0 0 1
    outer loop
      vertex 95.6943967426863 29.29772376001673 8.4
      vertex 95.8326650233145 31.66834645257258 8.4
      vertex 95.80818596465727 31.833370861439747 8.4
    endloop
  endfacet
  facet normal 0 0 1
    outer loop
      vertex 94.9877160265711 29.93822182646815 8.4
      vertex 95.20190296114372 29.70190296114372 8.4
      vertex 95.20190296114372 34.29809703885628 8.4
    endloop
  endfacet
  facet normal 0 0 1
    outer loop
      vertex 95.43822182646815 29.487716026571103 8.4
      vertex 95.43822182646815 34.51228397342889 8.4
      vertex 95.20190296114372 29.70190296114372 8.4
    endloop
  endfacet
  facet normal 0 0 1
    outer loop
      vertex 95.43822182646815 29.487716026571103 8.4
      vertex 95.6943967426863 29.29772376001673 8.4
      vertex 95.6943967426863 34.70227623998327 8.4
    endloop
  endfacet
  facet normal 0 0 1
    outer loop
      vertex 95.6943967426863 29.29772376001673 8.4
      vertex 95.80818596465727 31.833370861439747 8.4
      vertex 95.8 32 8.4
    endloop
  endfacet
  facet normal 0 0 1
    outer loop
      vertex 94.49739151933832 30.75627884481346 8.4
      vertex 94.49739151933832 33.24372115518654 8.4
      vertex 94.38994390887032 31.056574798923 8.4
    endloop
  endfacet
  facet normal 0 0 1
    outer loop
      vertex 94.31244783868951 31.365956453447584 8.4
      vertex 94.38994390887032 31.056574798923 8.4
      vertex 94.38994390887032 32.943425201077005 8.4
    endloop
  endfacet
  facet normal 0 0 1
    outer loop
      vertex 94.31244783868951 31.365956453447584 8.4
      vertex 94.31244783868951 32.63404354655242 8.4
      vertex 94.26564963831537 31.681444293928926 8.4
    endloop
  endfacet
  facet normal 0 0 1
    outer loop
      vertex 94.49739151933832 30.75627884481346 8.4
      vertex 94.63375589086785 30.467960605315508 8.4
      vertex 94.63375589086785 33.53203939468449 8.4
    endloop
  endfacet
  facet normal 0 0 1
    outer loop
      vertex 94.79772376001672 30.194396742686294 8.4
      vertex 94.79772376001672 33.805603257313706 8.4
      vertex 94.63375589086785 30.467960605315508 8.4
    endloop
  endfacet
  facet normal 0 0 1
    outer loop
      vertex 94.26564963831537 31.681444293928926 8.4
      vertex 94.26564963831537 32.31855570607107 8.4
      vertex 94.25 32 8.4
    endloop
  endfacet
  facet normal 0 0 1
    outer loop
      vertex 94.26564963831537 31.681444293928926 8.4
      vertex 94.31244783868951 32.63404354655242 8.4
      vertex 94.26564963831537 32.31855570607107 8.4
    endloop
  endfacet
  facet normal 0 0 1
    outer loop
      vertex 94.31244783868951 31.365956453447584 8.4
      vertex 94.38994390887032 32.943425201077005 8.4
      vertex 94.31244783868951 32.63404354655242 8.4
    endloop
  endfacet
  facet normal 0 0 1
    outer loop
      vertex 94.38994390887032 31.056574798923 8.4
      vertex 94.49739151933832 33.24372115518654 8.4
      vertex 94.38994390887032 32.943425201077005 8.4
    endloop
  endfacet
  facet normal 0 0 1
    outer loop
      vertex 95.6943967426863 29.29772376001673 8.4
      vertex 95.8 32 8.4
      vertex 95.6943967426863 34.70227623998327 8.4
    endloop
  endfacet
  facet normal 0 0 1
    outer loop
      vertex 96.556574798923 28.889943908870322 8.4
      vertex 96.86595645344758 28.8124478386895 8.4
      vertex 97.00651604866741 30.373201429255246 8.4
    endloop
  endfacet
  facet normal 0 0 1
    outer loop
      vertex 96.86595645344758 28.8124478386895 8.4
      vertex 97.18144429392893 28.76564963831536 8.4
      vertex 97.33337086143975 30.308185964657266 8.4
    endloop
  endfacet
  facet normal 0 0 1
    outer loop
      vertex 97.18144429392893 28.76564963831536 8.4
      vertex 97.5 28.75 8.4
      vertex 97.5 30.3 8.4
    endloop
  endfacet
  facet normal 0 0 1
    outer loop
      vertex 97.5 28.75 8.4
      vertex 97.81855570607107 28.76564963831536 8.4
      vertex 97.66662913856025 30.308185964657266 8.4
    endloop
  endfacet
  facet normal 0 0 1
    outer loop
      vertex 96.25627884481347 28.99739151933832 8.4
      vertex 96.29791847198287 30.797918471982868 8.4
      vertex 95.96796060531551 29.133755890867846 8.4
    endloop
  endfacet
  facet normal 0 0 1
    outer loop
      vertex 95.6943967426863 29.29772376001673 8.4
      vertex 95.96796060531551 29.133755890867846 8.4
      vertex 96.0007338506078 31.198625547395803 8.4
    endloop
  endfacet
  facet normal 0 0 1
    outer loop
      vertex 96.25627884481347 28.99739151933832 8.4
      vertex 96.556574798923 28.889943908870322 8.4
      vertex 96.6986255473958 30.500733850607798 8.4
    endloop
  endfacet
  facet normal 0 0 1
    outer loop
      vertex 96.556574798923 28.889943908870322 8.4
      vertex 96.84943816497935 30.429404794730814 8.4
      vertex 96.6986255473958 30.500733850607798 8.4
    endloop
  endfacet
  facet normal 0 0 1
    outer loop
      vertex 96.25627884481347 28.99739151933832 8.4
      vertex 96.42153141692181 30.685882229283347 8.4
      vertex 96.29791847198287 30.797918471982868 8.4
    endloop
  endfacet
  facet normal 0 0 1
    outer loop
      vertex 95.96796060531551 29.133755890867846 8.4
      vertex 96.18588222928335 30.921531416921802 8.4
      vertex 96.08650165908567 31.055530603866675 8.4
    endloop
  endfacet
  facet normal 0 0 1
    outer loop
      vertex 95.96796060531551 29.133755890867846 8.4
      vertex 96.08650165908567 31.055530603866675 8.4
      vertex 96.0007338506078 31.198625547395803 8.4
    endloop
  endfacet
  facet normal 0 0 1
    outer loop
      vertex 95.96796060531551 29.133755890867846 8.4
      vertex 96.29791847198287 30.797918471982868 8.4
      vertex 96.18588222928335 30.921531416921802 8.4
    endloop
  endfacet
  facet normal 0 0 1
    outer loop
      vertex 96.25627884481347 28.99739151933832 8.4
      vertex 96.6986255473958 30.500733850607798 8.4
      vertex 96.55553060386667 30.586501659085673 8.4
    endloop
  endfacet
  facet normal 0 0 1
    outer loop
      vertex 96.25627884481347 28.99739151933832 8.4
      vertex 96.55553060386667 30.586501659085673 8.4
      vertex 96.42153141692181 30.685882229283347 8.4
    endloop
  endfacet
  facet normal 0 0 1
    outer loop
      vertex 96.556574798923 28.889943908870322 8.4
      vertex 97.00651604866741 30.373201429255246 8.4
      vertex 96.84943816497935 30.429404794730814 8.4
    endloop
  endfacet
  facet normal 0 0 1
    outer loop
      vertex 96.86595645344758 28.8124478386895 8.4
      vertex 97.16834645257258 30.332665023314508 8.4
      vertex 97.00651604866741 30.373201429255246 8.4
    endloop
  endfacet
  facet normal 0 0 1
    outer loop
      vertex 96.86595645344758 28.8124478386895 8.4
      vertex 97.33337086143975 30.308185964657266 8.4
      vertex 97.16834645257258 30.332665023314508 8.4
    endloop
  endfacet
  facet normal 0 0 1
    outer loop
      vertex 97.18144429392893 28.76564963831536 8.4
      vertex 97.5 30.3 8.4
      vertex 97.33337086143975 30.308185964657266 8.4
    endloop
  endfacet
  facet normal 0 0 1
    outer loop
      vertex 97.5 28.75 8.4
      vertex 97.66662913856025 30.308185964657266 8.4
      vertex 97.5 30.3 8.4
    endloop
  endfacet
  facet normal 0 0 1
    outer loop
      vertex 97.81855570607107 28.76564963831536 8.4
      vertex 98.13404354655242 28.8124478386895 8.4
      vertex 97.99348395133259 30.373201429255246 8.4
    endloop
  endfacet
  facet normal 0 0 1
    outer loop
      vertex 98.13404354655242 28.8124478386895 8.4
      vertex 98.443425201077 28.889943908870322 8.4
      vertex 98.3013744526042 30.500733850607798 8.4
    endloop
  endfacet
  facet normal 0 0 1
    outer loop
      vertex 97.81855570607107 28.76564963831536 8.4
      vertex 97.83165354742742 30.332665023314508 8.4
      vertex 97.66662913856025 30.308185964657266 8.4
    endloop
  endfacet
  facet normal 0 0 1
    outer loop
      vertex 97.81855570607107 28.76564963831536 8.4
      vertex 97.99348395133259 30.373201429255246 8.4
      vertex 97.83165354742742 30.332665023314508 8.4
    endloop
  endfacet
  facet normal 0 0 1
    outer loop
      vertex 98.13404354655242 28.8124478386895 8.4
      vertex 98.15056183502065 30.429404794730814 8.4
      vertex 97.99348395133259 30.373201429255246 8.4
    endloop
  endfacet
  facet normal 0 0 1
    outer loop
      vertex 98.443425201077 28.889943908870322 8.4
      vertex 98.74372115518653 28.99739151933832 8.4
      vertex 98.57846858307819 30.685882229283347 8.4
    endloop
  endfacet
  facet normal 0 0 1
    outer loop
      vertex 98.13404354655242 28.8124478386895 8.4
      vertex 98.3013744526042 30.500733850607798 8.4
      vertex 98.15056183502065 30.429404794730814 8.4
    endloop
  endfacet
  facet normal 0 0 1
    outer loop
      vertex 98.443425201077 28.889943908870322 8.4
      vertex 98.44446939613333 30.586501659085673 8.4
      vertex 98.3013744526042 30.500733850607798 8.4
    endloop
  endfacet
  facet normal 0 0 1
    outer loop
      vertex 98.443425201077 28.889943908870322 8.4
      vertex 98.57846858307819 30.685882229283347 8.4
      vertex 98.44446939613333 30.586501659085673 8.4
    endloop
  endfacet
  facet normal 0 0 1
    outer loop
      vertex 98.74372115518653 28.99739151933832 8.4
      vertex 99.03203939468449 29.133755890867846 8.4
      vertex 98.91349834091433 31.055530603866675 8.4
    endloop
  endfacet
  facet normal 0 0 1
    outer loop
      vertex 98.74372115518653 28.99739151933832 8.4
      vertex 98.70208152801713 30.797918471982868 8.4
      vertex 98.57846858307819 30.685882229283347 8.4
    endloop
  endfacet
  facet normal 0 0 1
    outer loop
      vertex 98.74372115518653 28.99739151933832 8.4
      vertex 98.81411777071665 30.921531416921802 8.4
      vertex 98.70208152801713 30.797918471982868 8.4
    endloop
  endfacet
  facet normal 0 0 1
    outer loop
      vertex 98.74372115518653 28.99739151933832 8.4
      vertex 98.91349834091433 31.055530603866675 8.4
      vertex 98.81411777071665 30.921531416921802 8.4
    endloop
  endfacet
  facet normal 0 0 1
    outer loop
      vertex 99.03203939468449 29.133755890867846 8.4
      vertex 98.9992661493922 31.198625547395803 8.4
      vertex 98.91349834091433 31.055530603866675 8.4
    endloop
  endfacet
  facet normal 0 0 1
    outer loop
      vertex 99.03203939468449 29.133755890867846 8.4
      vertex 99.3056032573137 29.29772376001673 8.4
      vertex 99.1673349766855 31.66834645257258 8.4
    endloop
  endfacet
  facet normal 0 0 1
    outer loop
      vertex 99.03203939468449 29.133755890867846 8.4
      vertex 99.07059520526919 31.349438164979347 8.4
      vertex 98.9992661493922 31.198625547395803 8.4
    endloop
  endfacet
  facet normal 0 0 1
    outer loop
      vertex 99.03203939468449 29.133755890867846 8.4
      vertex 99.12679857074475 31.506516048667415 8.4
      vertex 99.07059520526919 31.349438164979347 8.4
    endloop
  endfacet
  facet normal 0 0 1
    outer loop
      vertex 99.03203939468449 29.133755890867846 8.4
      vertex 99.1673349766855 31.66834645257258 8.4
      vertex 99.12679857074475 31.506516048667415 8.4
    endloop
  endfacet
  facet normal 0 0 1
    outer loop
      vertex 99.3056032573137 29.29772376001673 8.4
      vertex 99.19181403534273 31.833370861439747 8.4
      vertex 99.1673349766855 31.66834645257258 8.4
    endloop
  endfacet
  facet normal 0 0 1
    outer loop
      vertex 99.3056032573137 29.29772376001673 8.4
      vertex 99.2 32 8.4
      vertex 99.19181403534273 31.833370861439747 8.4
    endloop
  endfacet
  facet normal 0 0 1
    outer loop
      vertex 99.3056032573137 29.29772376001673 8.4
      vertex 99.56177817353185 29.487716026571103 8.4
      vertex 99.56177817353185 34.51228397342889 8.4
    endloop
  endfacet
  facet normal 0 0 1
    outer loop
      vertex 99.3056032573137 29.29772376001673 8.4
      vertex 99.3056032573137 34.70227623998327 8.4
      vertex 99.2 32 8.4
    endloop
  endfacet
  facet normal 0 0 1
    outer loop
      vertex 99.56177817353185 29.487716026571103 8.4
      vertex 99.79809703885628 29.70190296114372 8.4
      vertex 99.79809703885628 34.29809703885628 8.4
    endloop
  endfacet
  facet normal 0 0 1
    outer loop
      vertex 99.79809703885628 29.70190296114372 8.4
      vertex 100.0122839734289 29.93822182646815 8.4
      vertex 100.0122839734289 34.06177817353185 8.4
    endloop
  endfacet
  facet normal 0 0 1
    outer loop
      vertex 100.0122839734289 29.93822182646815 8.4
      vertex 100.20227623998328 30.194396742686294 8.4
      vertex 100.20227623998328 33.805603257313706 8.4
    endloop
  endfacet
  facet normal 0 0 1
    outer loop
      vertex 100.20227623998328 30.194396742686294 8.4
      vertex 100.36624410913215 30.467960605315508 8.4
      vertex 100.36624410913215 33.53203939468449 8.4
    endloop
  endfacet
  facet normal 0 0 1
    outer loop
      vertex 100.36624410913215 30.467960605315508 8.4
      vertex 100.50260848066168 30.75627884481346 8.4
      vertex 100.50260848066168 33.24372115518654 8.4
    endloop
  endfacet
  facet normal 0 0 1
    outer loop
      vertex 100.36624410913215 30.467960605315508 8.4
      vertex 100.50260848066168 33.24372115518654 8.4
      vertex 100.36624410913215 33.53203939468449 8.4
    endloop
  endfacet
  facet normal 0 0 1
    outer loop
      vertex 100.50260848066168 30.75627884481346 8.4
      vertex 100.61005609112968 31.056574798923 8.4
      vertex 100.61005609112968 32.943425201077005 8.4
    endloop
  endfacet
  facet normal 0 0 1
    outer loop
      vertex 100.61005609112968 31.056574798923 8.4
      vertex 100.68755216131049 31.365956453447584 8.4
      vertex 100.68755216131049 32.63404354655242 8.4
    endloop
  endfacet
  facet normal 0 0 1
    outer loop
      vertex 100.68755216131049 31.365956453447584 8.4
      vertex 100.73435036168463 31.681444293928926 8.4
      vertex 100.73435036168463 32.31855570607107 8.4
    endloop
  endfacet
  facet normal 0 0 1
    outer loop
      vertex 100.68755216131049 31.365956453447584 8.4
      vertex 100.73435036168463 32.31855570607107 8.4
      vertex 100.68755216131049 32.63404354655242 8.4
    endloop
  endfacet
  facet normal 0 0 1
    outer loop
      vertex 100.61005609112968 31.056574798923 8.4
      vertex 100.68755216131049 32.63404354655242 8.4
      vertex 100.61005609112968 32.943425201077005 8.4
    endloop
  endfacet
  facet normal 0 0 1
    outer loop
      vertex 100.73435036168463 31.681444293928926 8.4
      vertex 100.75 32 8.4
      vertex 100.73435036168463 32.31855570607107 8.4
    endloop
  endfacet
  facet normal 0 0 1
    outer loop
      vertex 100.50260848066168 30.75627884481346 8.4
      vertex 100.61005609112968 32.943425201077005 8.4
      vertex 100.50260848066168 33.24372115518654 8.4
    endloop
  endfacet
  facet normal 0.595699304492423 0.8032075314806526 0
    outer loop
      vertex 95.43822182646815 29.487716026571103 8.4
      vertex 95.43822182646815 29.487716026571103 12.4
      vertex 95.6943967426863 29.29772376001673 8.4
    endloop
  endfacet
  facet normal 0.5141027441932234 0.8577286100002711 0
    outer loop
      vertex 95.6943967426863 29.29772376001673 8.4
      vertex 95.6943967426863 29.29772376001673 12.4
      vertex 95.96796060531551 29.133755890867846 8.4
    endloop
  endfacet
  facet normal 0.8032075314806366 0.5956993044924446 -4.4558022504245565e-19
    outer loop
      vertex 94.9877160265711 29.93822182646815 8.4
      vertex 94.79772376001672 30.194396742686294 8.4
      vertex 94.79772376001672 30.194396742686294 12.4
    endloop
  endfacet
  facet normal 0.857728610000278 0.514102744193212 1.7263769061386363e-18
    outer loop
      vertex 94.79772376001672 30.194396742686294 8.4
      vertex 94.63375589086785 30.467960605315508 8.4
      vertex 94.63375589086785 30.467960605315508 12.4
    endloop
  endfacet
  facet normal 0.6715589548470142 0.7409511253549628 -3.5692850642199025e-19
    outer loop
      vertex 95.43822182646815 29.487716026571103 8.4
      vertex 95.20190296114372 29.70190296114372 8.4
      vertex 95.20190296114372 29.70190296114372 12.4
    endloop
  endfacet
  facet normal 0.7409511253549688 0.6715589548470076 0
    outer loop
      vertex 94.9877160265711 29.93822182646815 8.4
      vertex 94.9877160265711 29.93822182646815 12.4
      vertex 95.20190296114372 29.70190296114372 8.4
    endloop
  endfacet
  facet normal 0.9415440651830177 0.33688985339222843 8.490640494165193e-19
    outer loop
      vertex 94.49739151933832 30.75627884481346 8.4
      vertex 94.38994390887032 31.056574798923 8.4
      vertex 94.38994390887032 31.056574798923 12.4
    endloop
  endfacet
  facet normal 0.9039892931234484 0.4275550934302714 0
    outer loop
      vertex 94.49739151933832 30.75627884481346 8.4
      vertex 94.49739151933832 30.75627884481346 12.4
      vertex 94.63375589086785 30.467960605315508 8.4
    endloop
  endfacet
  facet normal 0.9700312531945485 0.242980179903246 0
    outer loop
      vertex 94.31244783868951 31.365956453447584 8.4
      vertex 94.31244783868951 31.365956453447584 12.4
      vertex 94.38994390887032 31.056574798923 8.4
    endloop
  endfacet
  facet normal 0.9891765099647808 0.1467304744553637 2.297004217786064e-19
    outer loop
      vertex 94.31244783868951 31.365956453447584 8.4
      vertex 94.26564963831537 31.681444293928926 8.4
      vertex 94.26564963831537 31.681444293928926 12.4
    endloop
  endfacet
  facet normal 0.9987954562051714 0.049067674327438006 3.071348460605663e-19
    outer loop
      vertex 94.26564963831537 31.681444293928926 8.4
      vertex 94.25 32 8.4
      vertex 94.25 32 12.4
    endloop
  endfacet
  facet normal 0.9987954562051714 -0.049067674327438006 -3.071348460605663e-19
    outer loop
      vertex 94.25 32 8.4
      vertex 94.26564963831537 32.31855570607107 8.4
      vertex 94.26564963831537 32.31855570607107 12.4
    endloop
  endfacet
  facet normal 0.24298017990326692 0.9700312531945432 0
    outer loop
      vertex 96.556574798923 28.889943908870322 8.4
      vertex 96.556574798923 28.889943908870322 12.4
      vertex 96.86595645344758 28.8124478386895 8.4
    endloop
  endfacet
  facet normal 0.4275550934302762 0.9039892931234462 -2.2837819278754686e-18
    outer loop
      vertex 96.25627884481347 28.99739151933832 8.4
      vertex 95.96796060531551 29.133755890867846 8.4
      vertex 95.96796060531551 29.133755890867846 12.4
    endloop
  endfacet
  facet normal 0.33688985339222915 0.9415440651830175 0
    outer loop
      vertex 96.25627884481347 28.99739151933832 8.4
      vertex 96.25627884481347 28.99739151933832 12.4
      vertex 96.556574798923 28.889943908870322 8.4
    endloop
  endfacet
  facet normal 0.14673047445535886 0.9891765099647815 0
    outer loop
      vertex 96.86595645344758 28.8124478386895 8.4
      vertex 96.86595645344758 28.8124478386895 12.4
      vertex 97.18144429392893 28.76564963831536 8.4
    endloop
  endfacet
  facet normal 0.04906767432741687 0.9987954562051725 0
    outer loop
      vertex 97.18144429392893 28.76564963831536 8.4
      vertex 97.18144429392893 28.76564963831536 12.4
      vertex 97.5 28.75 8.4
    endloop
  endfacet
  facet normal -0.04906767432741687 0.9987954562051725 0
    outer loop
      vertex 97.5 28.75 8.4
      vertex 97.5 28.75 12.4
      vertex 97.81855570607107 28.76564963831536 8.4
    endloop
  endfacet
  facet normal -0.14673047445535886 0.9891765099647815 0
    outer loop
      vertex 97.81855570607107 28.76564963831536 8.4
      vertex 97.81855570607107 28.76564963831536 12.4
      vertex 98.13404354655242 28.8124478386895 8.4
    endloop
  endfacet
  facet normal -0.24298017990326692 0.9700312531945432 0
    outer loop
      vertex 98.13404354655242 28.8124478386895 8.4
      vertex 98.13404354655242 28.8124478386895 12.4
      vertex 98.443425201077 28.889943908870322 8.4
    endloop
  endfacet
  facet normal -0.33688985339222915 0.9415440651830175 0
    outer loop
      vertex 98.443425201077 28.889943908870322 8.4
      vertex 98.443425201077 28.889943908870322 12.4
      vertex 98.74372115518653 28.99739151933832 8.4
    endloop
  endfacet
  facet normal -0.4275550934302762 0.9039892931234462 0
    outer loop
      vertex 98.74372115518653 28.99739151933832 8.4
      vertex 98.74372115518653 28.99739151933832 12.4
      vertex 99.03203939468449 29.133755890867846 8.4
    endloop
  endfacet
  facet normal -0.5141027441932234 0.8577286100002711 0
    outer loop
      vertex 99.03203939468449 29.133755890867846 8.4
      vertex 99.03203939468449 29.133755890867846 12.4
      vertex 99.3056032573137 29.29772376001673 8.4
    endloop
  endfacet
  facet normal -0.595699304492423 0.8032075314806526 0
    outer loop
      vertex 99.3056032573137 29.29772376001673 8.4
      vertex 99.3056032573137 29.29772376001673 12.4
      vertex 99.56177817353185 29.487716026571103 8.4
    endloop
  endfacet
  facet normal -0.6715589548470142 0.7409511253549628 0
    outer loop
      vertex 99.56177817353185 29.487716026571103 8.4
      vertex 99.56177817353185 29.487716026571103 12.4
      vertex 99.79809703885628 29.70190296114372 8.4
    endloop
  endfacet
  facet normal -0.7409511253549688 0.6715589548470076 0
    outer loop
      vertex 99.79809703885628 29.70190296114372 8.4
      vertex 99.79809703885628 29.70190296114372 12.4
      vertex 100.0122839734289 29.93822182646815 8.4
    endloop
  endfacet
  facet normal -0.8032075314806366 0.5956993044924446 0
    outer loop
      vertex 100.0122839734289 29.93822182646815 8.4
      vertex 100.0122839734289 29.93822182646815 12.4
      vertex 100.20227623998328 30.194396742686294 8.4
    endloop
  endfacet
  facet normal -0.857728610000278 0.514102744193212 0
    outer loop
      vertex 100.20227623998328 30.194396742686294 8.4
      vertex 100.20227623998328 30.194396742686294 12.4
      vertex 100.36624410913215 30.467960605315508 8.4
    endloop
  endfacet
  facet normal -0.9039892931234484 0.4275550934302714 0
    outer loop
      vertex 100.36624410913215 30.467960605315508 8.4
      vertex 100.36624410913215 30.467960605315508 12.4
      vertex 100.50260848066168 30.75627884481346 8.4
    endloop
  endfacet
  facet normal -0.9415440651830177 0.33688985339222843 0
    outer loop
      vertex 100.50260848066168 30.75627884481346 8.4
      vertex 100.50260848066168 30.75627884481346 12.4
      vertex 100.61005609112968 31.056574798923 8.4
    endloop
  endfacet
  facet normal -0.9700312531945485 0.242980179903246 0
    outer loop
      vertex 100.61005609112968 31.056574798923 8.4
      vertex 100.61005609112968 31.056574798923 12.4
      vertex 100.68755216131049 31.365956453447584 8.4
    endloop
  endfacet
  facet normal -0.9891765099647808 0.1467304744553637 0
    outer loop
      vertex 100.68755216131049 31.365956453447584 8.4
      vertex 100.68755216131049 31.365956453447584 12.4
      vertex 100.73435036168463 31.681444293928926 8.4
    endloop
  endfacet
  facet normal -0.9987954562051714 0.049067674327438006 0
    outer loop
      vertex 100.73435036168463 31.681444293928926 8.4
      vertex 100.73435036168463 31.681444293928926 12.4
      vertex 100.75 32 8.4
    endloop
  endfacet
  facet normal -0.9987954562051714 -0.049067674327438006 0
    outer loop
      vertex 100.75 32 8.4
      vertex 100.75 32 12.4
      vertex 100.73435036168463 32.31855570607107 8.4
    endloop
  endfacet
  facet normal -0.9891765099647809 -0.14673047445536205 0
    outer loop
      vertex 100.73435036168463 32.31855570607107 8.4
      vertex 100.73435036168463 32.31855570607107 12.4
      vertex 100.68755216131049 32.63404354655242 8.4
    endloop
  endfacet
  facet normal 0.595699304492423 0.8032075314806526 0
    outer loop
      vertex 95.6943967426863 29.29772376001673 8.4
      vertex 95.43822182646815 29.487716026571103 12.4
      vertex 95.6943967426863 29.29772376001673 12.4
    endloop
  endfacet
  facet normal 0.8032075314806366 0.5956993044924446 0
    outer loop
      vertex 94.9877160265711 29.93822182646815 8.4
      vertex 94.79772376001672 30.194396742686294 12.4
      vertex 94.9877160265711 29.93822182646815 12.4
    endloop
  endfacet
  facet normal 0.857728610000278 0.514102744193212 0
    outer loop
      vertex 94.79772376001672 30.194396742686294 8.4
      vertex 94.63375589086785 30.467960605315508 12.4
      vertex 94.79772376001672 30.194396742686294 12.4
    endloop
  endfacet
  facet normal 0.6715589548470142 0.7409511253549628 0
    outer loop
      vertex 95.43822182646815 29.487716026571103 8.4
      vertex 95.20190296114372 29.70190296114372 12.4
      vertex 95.43822182646815 29.487716026571103 12.4
    endloop
  endfacet
  facet normal 0.7409511253549688 0.6715589548470076 0
    outer loop
      vertex 95.20190296114372 29.70190296114372 8.4
      vertex 94.9877160265711 29.93822182646815 12.4
      vertex 95.20190296114372 29.70190296114372 12.4
    endloop
  endfacet
  facet normal 0.9415440651830177 0.33688985339222843 0
    outer loop
      vertex 94.49739151933832 30.75627884481346 8.4
      vertex 94.38994390887032 31.056574798923 12.4
      vertex 94.49739151933832 30.75627884481346 12.4
    endloop
  endfacet
  facet normal 0.9039892931234484 0.4275550934302714 0
    outer loop
      vertex 94.63375589086785 30.467960605315508 8.4
      vertex 94.49739151933832 30.75627884481346 12.4
      vertex 94.63375589086785 30.467960605315508 12.4
    endloop
  endfacet
  facet normal 0.9700312531945485 0.242980179903246 0
    outer loop
      vertex 94.38994390887032 31.056574798923 8.4
      vertex 94.31244783868951 31.365956453447584 12.4
      vertex 94.38994390887032 31.056574798923 12.4
    endloop
  endfacet
  facet normal 0.9891765099647808 0.1467304744553637 0
    outer loop
      vertex 94.31244783868951 31.365956453447584 8.4
      vertex 94.26564963831537 31.681444293928926 12.4
      vertex 94.31244783868951 31.365956453447584 12.4
    endloop
  endfacet
  facet normal 0.9987954562051714 0.049067674327438006 0
    outer loop
      vertex 94.26564963831537 31.681444293928926 8.4
      vertex 94.25 32 12.4
      vertex 94.26564963831537 31.681444293928926 12.4
    endloop
  endfacet
  facet normal 0.9987954562051714 -0.049067674327438006 0
    outer loop
      vertex 94.25 32 8.4
      vertex 94.26564963831537 32.31855570607107 12.4
      vertex 94.25 32 12.4
    endloop
  endfacet
  facet normal 0.9891765099647809 -0.14673047445536205 0
    outer loop
      vertex 94.26564963831537 32.31855570607107 8.4
      vertex 94.31244783868951 32.63404354655242 12.4
      vertex 94.26564963831537 32.31855570607107 12.4
    endloop
  endfacet
  facet normal 0.33688985339222915 0.9415440651830175 0
    outer loop
      vertex 96.556574798923 28.889943908870322 8.4
      vertex 96.25627884481347 28.99739151933832 12.4
      vertex 96.556574798923 28.889943908870322 12.4
    endloop
  endfacet
  facet normal 0.24298017990326692 0.9700312531945432 0
    outer loop
      vertex 96.86595645344758 28.8124478386895 8.4
      vertex 96.556574798923 28.889943908870322 12.4
      vertex 96.86595645344758 28.8124478386895 12.4
    endloop
  endfacet
  facet normal 0.5141027441932234 0.8577286100002711 0
    outer loop
      vertex 95.96796060531551 29.133755890867846 8.4
      vertex 95.6943967426863 29.29772376001673 12.4
      vertex 95.96796060531551 29.133755890867846 12.4
    endloop
  endfacet
  facet normal 0.4275550934302762 0.9039892931234462 0
    outer loop
      vertex 96.25627884481347 28.99739151933832 8.4
      vertex 95.96796060531551 29.133755890867846 12.4
      vertex 96.25627884481347 28.99739151933832 12.4
    endloop
  endfacet
  facet normal 0.14673047445535886 0.9891765099647815 0
    outer loop
      vertex 97.18144429392893 28.76564963831536 8.4
      vertex 96.86595645344758 28.8124478386895 12.4
      vertex 97.18144429392893 28.76564963831536 12.4
    endloop
  endfacet
  facet normal 0.04906767432741687 0.9987954562051725 0
    outer loop
      vertex 97.5 28.75 8.4
      vertex 97.18144429392893 28.76564963831536 12.4
      vertex 97.5 28.75 12.4
    endloop
  endfacet
  facet normal -0.04906767432741687 0.9987954562051725 0
    outer loop
      vertex 97.81855570607107 28.76564963831536 8.4
      vertex 97.5 28.75 12.4
      vertex 97.81855570607107 28.76564963831536 12.4
    endloop
  endfacet
  facet normal -0.14673047445535886 0.9891765099647815 0
    outer loop
      vertex 98.13404354655242 28.8124478386895 8.4
      vertex 97.81855570607107 28.76564963831536 12.4
      vertex 98.13404354655242 28.8124478386895 12.4
    endloop
  endfacet
  facet normal -0.24298017990326692 0.9700312531945432 0
    outer loop
      vertex 98.443425201077 28.889943908870322 8.4
      vertex 98.13404354655242 28.8124478386895 12.4
      vertex 98.443425201077 28.889943908870322 12.4
    endloop
  endfacet
  facet normal -0.33688985339222915 0.9415440651830175 0
    outer loop
      vertex 98.74372115518653 28.99739151933832 8.4
      vertex 98.443425201077 28.889943908870322 12.4
      vertex 98.74372115518653 28.99739151933832 12.4
    endloop
  endfacet
  facet normal -0.4275550934302762 0.9039892931234462 0
    outer loop
      vertex 99.03203939468449 29.133755890867846 8.4
      vertex 98.74372115518653 28.99739151933832 12.4
      vertex 99.03203939468449 29.133755890867846 12.4
    endloop
  endfacet
  facet normal -0.5141027441932234 0.8577286100002711 0
    outer loop
      vertex 99.3056032573137 29.29772376001673 8.4
      vertex 99.03203939468449 29.133755890867846 12.4
      vertex 99.3056032573137 29.29772376001673 12.4
    endloop
  endfacet
  facet normal -0.595699304492423 0.8032075314806526 0
    outer loop
      vertex 99.56177817353185 29.487716026571103 8.4
      vertex 99.3056032573137 29.29772376001673 12.4
      vertex 99.56177817353185 29.487716026571103 12.4
    endloop
  endfacet
  facet normal -0.6715589548470142 0.7409511253549628 0
    outer loop
      vertex 99.79809703885628 29.70190296114372 8.4
      vertex 99.56177817353185 29.487716026571103 12.4
      vertex 99.79809703885628 29.70190296114372 12.4
    endloop
  endfacet
  facet normal -0.7409511253549688 0.6715589548470076 0
    outer loop
      vertex 100.0122839734289 29.93822182646815 8.4
      vertex 99.79809703885628 29.70190296114372 12.4
      vertex 100.0122839734289 29.93822182646815 12.4
    endloop
  endfacet
  facet normal -0.8032075314806366 0.5956993044924446 0
    outer loop
      vertex 100.20227623998328 30.194396742686294 8.4
      vertex 100.0122839734289 29.93822182646815 12.4
      vertex 100.20227623998328 30.194396742686294 12.4
    endloop
  endfacet
  facet normal -0.857728610000278 0.514102744193212 0
    outer loop
      vertex 100.36624410913215 30.467960605315508 8.4
      vertex 100.20227623998328 30.194396742686294 12.4
      vertex 100.36624410913215 30.467960605315508 12.4
    endloop
  endfacet
  facet normal -0.9039892931234484 0.4275550934302714 0
    outer loop
      vertex 100.50260848066168 30.75627884481346 8.4
      vertex 100.36624410913215 30.467960605315508 12.4
      vertex 100.50260848066168 30.75627884481346 12.4
    endloop
  endfacet
  facet normal -0.9415440651830177 0.33688985339222843 0
    outer loop
      vertex 100.61005609112968 31.056574798923 8.4
      vertex 100.50260848066168 30.75627884481346 12.4
      vertex 100.61005609112968 31.056574798923 12.4
    endloop
  endfacet
  facet normal -0.9700312531945485 0.242980179903246 0
    outer loop
      vertex 100.68755216131049 31.365956453447584 8.4
      vertex 100.61005609112968 31.056574798923 12.4
      vertex 100.68755216131049 31.365956453447584 12.4
    endloop
  endfacet
  facet normal -0.9891765099647808 0.1467304744553637 0
    outer loop
      vertex 100.73435036168463 31.681444293928926 8.4
      vertex 100.68755216131049 31.365956453447584 12.4
      vertex 100.73435036168463 31.681444293928926 12.4
    endloop
  endfacet
  facet normal -0.9987954562051714 0.049067674327438006 0
    outer loop
      vertex 100.75 32 8.4
      vertex 100.73435036168463 31.681444293928926 12.4
      vertex 100.75 32 12.4
    endloop
  endfacet
  facet normal -0.9987954562051714 -0.049067674327438006 0
    outer loop
      vertex 100.73435036168463 32.31855570607107 8.4
      vertex 100.75 32 12.4
      vertex 100.73435036168463 32.31855570607107 12.4
    endloop
  endfacet
  facet normal 0 0 1
    outer loop
      vertex 94.49739151933832 30.75627884481346 8.4
      vertex 94.63375589086785 33.53203939468449 8.4
      vertex 94.49739151933832 33.24372115518654 8.4
    endloop
  endfacet
  facet normal 0 0 1
    outer loop
      vertex 94.63375589086785 30.467960605315508 8.4
      vertex 94.79772376001672 33.805603257313706 8.4
      vertex 94.63375589086785 33.53203939468449 8.4
    endloop
  endfacet
  facet normal 0 0 1
    outer loop
      vertex 94.79772376001672 30.194396742686294 8.4
      vertex 94.9877160265711 34.06177817353185 8.4
      vertex 94.79772376001672 33.805603257313706 8.4
    endloop
  endfacet
  facet normal 0 0 1
    outer loop
      vertex 94.9877160265711 29.93822182646815 8.4
      vertex 95.20190296114372 34.29809703885628 8.4
      vertex 94.9877160265711 34.06177817353185 8.4
    endloop
  endfacet
  facet normal 0 0 1
    outer loop
      vertex 95.20190296114372 29.70190296114372 8.4
      vertex 95.43822182646815 34.51228397342889 8.4
      vertex 95.20190296114372 34.29809703885628 8.4
    endloop
  endfacet
  facet normal 0 0 1
    outer loop
      vertex 95.43822182646815 29.487716026571103 8.4
      vertex 95.6943967426863 34.70227623998327 8.4
      vertex 95.43822182646815 34.51228397342889 8.4
    endloop
  endfacet
  facet normal 0 0 1
    outer loop
      vertex 95.8 32 8.4
      vertex 95.80818596465727 32.16662913856025 8.4
      vertex 95.6943967426863 34.70227623998327 8.4
    endloop
  endfacet
  facet normal 0 0 1
    outer loop
      vertex 95.80818596465727 32.16662913856025 8.4
      vertex 95.8326650233145 32.331653547427415 8.4
      vertex 95.6943967426863 34.70227623998327 8.4
    endloop
  endfacet
  facet normal 0 0 1
    outer loop
      vertex 95.8326650233145 32.331653547427415 8.4
      vertex 95.96796060531551 34.866244109132154 8.4
      vertex 95.6943967426863 34.70227623998327 8.4
    endloop
  endfacet
  facet normal 0 0 1
    outer loop
      vertex 95.8326650233145 32.331653547427415 8.4
      vertex 95.87320142925525 32.493483951332585 8.4
      vertex 95.96796060531551 34.866244109132154 8.4
    endloop
  endfacet
  facet normal 0 0 1
    outer loop
      vertex 95.87320142925525 32.493483951332585 8.4
      vertex 95.92940479473081 32.65056183502065 8.4
      vertex 95.96796060531551 34.866244109132154 8.4
    endloop
  endfacet
  facet normal 0 0 1
    outer loop
      vertex 95.92940479473081 32.65056183502065 8.4
      vertex 96.0007338506078 32.80137445260419 8.4
      vertex 95.96796060531551 34.866244109132154 8.4
    endloop
  endfacet
  facet normal 0 0 1
    outer loop
      vertex 96.0007338506078 32.80137445260419 8.4
      vertex 96.08650165908567 32.94446939613332 8.4
      vertex 95.96796060531551 34.866244109132154 8.4
    endloop
  endfacet
  facet normal 0 0 1
    outer loop
      vertex 96.08650165908567 32.94446939613332 8.4
      vertex 96.18588222928335 33.0784685830782 8.4
      vertex 96.25627884481347 35.002608480661685 8.4
    endloop
  endfacet
  facet normal 0 0 1
    outer loop
      vertex 96.18588222928335 33.0784685830782 8.4
      vertex 96.29791847198287 33.20208152801713 8.4
      vertex 96.25627884481347 35.002608480661685 8.4
    endloop
  endfacet
  facet normal 0 0 1
    outer loop
      vertex 96.29791847198287 33.20208152801713 8.4
      vertex 96.42153141692181 33.314117770716656 8.4
      vertex 96.25627884481347 35.002608480661685 8.4
    endloop
  endfacet
  facet normal 0 0 1
    outer loop
      vertex 96.42153141692181 33.314117770716656 8.4
      vertex 96.55553060386667 33.41349834091433 8.4
      vertex 96.556574798923 35.11005609112968 8.4
    endloop
  endfacet
  facet normal 0 0 1
    outer loop
      vertex 96.55553060386667 33.41349834091433 8.4
      vertex 96.6986255473958 33.499266149392206 8.4
      vertex 96.556574798923 35.11005609112968 8.4
    endloop
  endfacet
  facet normal 0 0 1
    outer loop
      vertex 96.08650165908567 32.94446939613332 8.4
      vertex 96.25627884481347 35.002608480661685 8.4
      vertex 95.96796060531551 34.866244109132154 8.4
    endloop
  endfacet
  facet normal 0 0 1
    outer loop
      vertex 96.42153141692181 33.314117770716656 8.4
      vertex 96.556574798923 35.11005609112968 8.4
      vertex 96.25627884481347 35.002608480661685 8.4
    endloop
  endfacet
  facet normal 0 0 1
    outer loop
      vertex 96.6986255473958 33.499266149392206 8.4
      vertex 96.84943816497935 33.570595205269186 8.4
      vertex 96.86595645344758 35.1875521613105 8.4
    endloop
  endfacet
  facet normal 0 0 1
    outer loop
      vertex 96.84943816497935 33.570595205269186 8.4
      vertex 97.00651604866741 33.626798570744754 8.4
      vertex 96.86595645344758 35.1875521613105 8.4
    endloop
  endfacet
  facet normal 0 0 1
    outer loop
      vertex 97.00651604866741 33.626798570744754 8.4
      vertex 97.16834645257258 33.66733497668549 8.4
      vertex 97.18144429392893 35.23435036168464 8.4
    endloop
  endfacet
  facet normal 0 0 1
    outer loop
      vertex 97.16834645257258 33.66733497668549 8.4
      vertex 97.33337086143975 33.69181403534274 8.4
      vertex 97.18144429392893 35.23435036168464 8.4
    endloop
  endfacet
  facet normal 0 0 1
    outer loop
      vertex 97.33337086143975 33.69181403534274 8.4
      vertex 97.5 33.7 8.4
      vertex 97.5 35.25 8.4
    endloop
  endfacet
  facet normal 0 0 1
    outer loop
      vertex 97.5 33.7 8.4
      vertex 97.66662913856025 33.69181403534274 8.4
      vertex 97.81855570607107 35.23435036168464 8.4
    endloop
  endfacet
  facet normal 0 0 1
    outer loop
      vertex 99.2 32 8.4
      vertex 99.3056032573137 34.70227623998327 8.4
      vertex 99.19181403534273 32.16662913856025 8.4
    endloop
  endfacet
  facet normal 0 0 1
    outer loop
      vertex 99.3056032573137 29.29772376001673 8.4
      vertex 99.56177817353185 34.51228397342889 8.4
      vertex 99.3056032573137 34.70227623998327 8.4
    endloop
  endfacet
  facet normal 0 0 1
    outer loop
      vertex 99.19181403534273 32.16662913856025 8.4
      vertex 99.3056032573137 34.70227623998327 8.4
      vertex 99.1673349766855 32.331653547427415 8.4
    endloop
  endfacet
  facet normal 0 0 1
    outer loop
      vertex 99.1673349766855 32.331653547427415 8.4
      vertex 99.3056032573137 34.70227623998327 8.4
      vertex 99.12679857074475 32.493483951332585 8.4
    endloop
  endfacet
  facet normal 0 0 1
    outer loop
      vertex 99.07059520526919 32.65056183502065 8.4
      vertex 99.12679857074475 32.493483951332585 8.4
      vertex 99.3056032573137 34.70227623998327 8.4
    endloop
  endfacet
  facet normal 0 0 1
    outer loop
      vertex 99.07059520526919 32.65056183502065 8.4
      vertex 99.3056032573137 34.70227623998327 8.4
      vertex 98.9992661493922 32.80137445260419 8.4
    endloop
  endfacet
  facet normal 0 0 1
    outer loop
      vertex 98.44446939613333 33.41349834091433 8.4
      vertex 98.74372115518653 35.002608480661685 8.4
      vertex 98.3013744526042 33.499266149392206 8.4
    endloop
  endfacet
  facet normal 0 0 1
    outer loop
      vertex 98.44446939613333 33.41349834091433 8.4
      vertex 98.57846858307819 33.314117770716656 8.4
      vertex 98.74372115518653 35.002608480661685 8.4
    endloop
  endfacet
  facet normal 0 0 1
    outer loop
      vertex 97.66662913856025 33.69181403534274 8.4
      vertex 97.83165354742742 33.66733497668549 8.4
      vertex 98.13404354655242 35.1875521613105 8.4
    endloop
  endfacet
  facet normal 0 0 1
    outer loop
      vertex 97.83165354742742 33.66733497668549 8.4
      vertex 97.99348395133259 33.626798570744754 8.4
      vertex 98.13404354655242 35.1875521613105 8.4
    endloop
  endfacet
  facet normal 0 0 1
    outer loop
      vertex 97.99348395133259 33.626798570744754 8.4
      vertex 98.15056183502065 33.570595205269186 8.4
      vertex 98.443425201077 35.11005609112968 8.4
    endloop
  endfacet
  facet normal 0 0 1
    outer loop
      vertex 98.15056183502065 33.570595205269186 8.4
      vertex 98.3013744526042 33.499266149392206 8.4
      vertex 98.443425201077 35.11005609112968 8.4
    endloop
  endfacet
  facet normal 0 0 1
    outer loop
      vertex 98.70208152801713 33.20208152801713 8.4
      vertex 98.81411777071665 33.0784685830782 8.4
      vertex 99.03203939468449 34.866244109132154 8.4
    endloop
  endfacet
  facet normal 0 0 1
    outer loop
      vertex 98.91349834091433 32.94446939613332 8.4
      vertex 98.9992661493922 32.80137445260419 8.4
      vertex 99.03203939468449 34.866244109132154 8.4
    endloop
  endfacet
  facet normal 0 0 1
    outer loop
      vertex 98.91349834091433 32.94446939613332 8.4
      vertex 99.03203939468449 34.866244109132154 8.4
      vertex 98.81411777071665 33.0784685830782 8.4
    endloop
  endfacet
  facet normal 0 0 1
    outer loop
      vertex 98.70208152801713 33.20208152801713 8.4
      vertex 98.74372115518653 35.002608480661685 8.4
      vertex 98.57846858307819 33.314117770716656 8.4
    endloop
  endfacet
  facet normal 0 0 1
    outer loop
      vertex 98.70208152801713 33.20208152801713 8.4
      vertex 99.03203939468449 34.866244109132154 8.4
      vertex 98.74372115518653 35.002608480661685 8.4
    endloop
  endfacet
  facet normal 0 0 1
    outer loop
      vertex 98.9992661493922 32.80137445260419 8.4
      vertex 99.3056032573137 34.70227623998327 8.4
      vertex 99.03203939468449 34.866244109132154 8.4
    endloop
  endfacet
  facet normal 0 0 1
    outer loop
      vertex 96.6986255473958 33.499266149392206 8.4
      vertex 96.86595645344758 35.1875521613105 8.4
      vertex 96.556574798923 35.11005609112968 8.4
    endloop
  endfacet
  facet normal 0 0 1
    outer loop
      vertex 97.00651604866741 33.626798570744754 8.4
      vertex 97.18144429392893 35.23435036168464 8.4
      vertex 96.86595645344758 35.1875521613105 8.4
    endloop
  endfacet
  facet normal 0 0 1
    outer loop
      vertex 97.33337086143975 33.69181403534274 8.4
      vertex 97.5 35.25 8.4
      vertex 97.18144429392893 35.23435036168464 8.4
    endloop
  endfacet
  facet normal 0 0 1
    outer loop
      vertex 97.5 33.7 8.4
      vertex 97.81855570607107 35.23435036168464 8.4
      vertex 97.5 35.25 8.4
    endloop
  endfacet
  facet normal 0 0 1
    outer loop
      vertex 97.66662913856025 33.69181403534274 8.4
      vertex 98.13404354655242 35.1875521613105 8.4
      vertex 97.81855570607107 35.23435036168464 8.4
    endloop
  endfacet
  facet normal 0 0 1
    outer loop
      vertex 97.99348395133259 33.626798570744754 8.4
      vertex 98.443425201077 35.11005609112968 8.4
      vertex 98.13404354655242 35.1875521613105 8.4
    endloop
  endfacet
  facet normal 0 0 1
    outer loop
      vertex 98.3013744526042 33.499266149392206 8.4
      vertex 98.74372115518653 35.002608480661685 8.4
      vertex 98.443425201077 35.11005609112968 8.4
    endloop
  endfacet
  facet normal 0 0 1
    outer loop
      vertex 99.79809703885628 29.70190296114372 8.4
      vertex 100.0122839734289 34.06177817353185 8.4
      vertex 99.79809703885628 34.29809703885628 8.4
    endloop
  endfacet
  facet normal 0 0 1
    outer loop
      vertex 99.56177817353185 29.487716026571103 8.4
      vertex 99.79809703885628 34.29809703885628 8.4
      vertex 99.56177817353185 34.51228397342889 8.4
    endloop
  endfacet
  facet normal 0 0 1
    outer loop
      vertex 100.0122839734289 29.93822182646815 8.4
      vertex 100.20227623998328 33.805603257313706 8.4
      vertex 100.0122839734289 34.06177817353185 8.4
    endloop
  endfacet
  facet normal 0 0 1
    outer loop
      vertex 100.20227623998328 30.194396742686294 8.4
      vertex 100.36624410913215 33.53203939468449 8.4
      vertex 100.20227623998328 33.805603257313706 8.4
    endloop
  endfacet
  facet normal 0.9891765099647809 -0.14673047445536205 -4.435707275547882e-19
    outer loop
      vertex 94.26564963831537 32.31855570607107 8.4
      vertex 94.31244783868951 32.63404354655242 8.4
      vertex 94.31244783868951 32.63404354655242 12.4
    endloop
  endfacet
  facet normal 0.9700312531945485 -0.242980179903246 -9.606965293599016e-19
    outer loop
      vertex 94.31244783868951 32.63404354655242 8.4
      vertex 94.38994390887032 32.943425201077005 8.4
      vertex 94.38994390887032 32.943425201077005 12.4
    endloop
  endfacet
  facet normal 0.9415440651830165 -0.336889853392232 -9.207317476500863e-19
    outer loop
      vertex 94.38994390887032 32.943425201077005 8.4
      vertex 94.49739151933832 33.24372115518654 8.4
      vertex 94.49739151933832 33.24372115518654 12.4
    endloop
  endfacet
  facet normal 0.9039892931234464 -0.42755509343027576 8.910908184989985e-19
    outer loop
      vertex 94.49739151933832 33.24372115518654 8.4
      vertex 94.63375589086785 33.53203939468449 8.4
      vertex 94.63375589086785 33.53203939468449 12.4
    endloop
  endfacet
  facet normal 0.8577286100002809 -0.5141027441932071 -1.98990330798299e-18
    outer loop
      vertex 94.63375589086785 33.53203939468449 8.4
      vertex 94.79772376001672 33.805603257313706 8.4
      vertex 94.79772376001672 33.805603257313706 12.4
    endloop
  endfacet
  facet normal 0.8032075314806366 -0.5956993044924446 4.4558022504245565e-19
    outer loop
      vertex 94.79772376001672 33.805603257313706 8.4
      vertex 94.9877160265711 34.06177817353185 8.4
      vertex 94.9877160265711 34.06177817353185 12.4
    endloop
  endfacet
  facet normal 0.7409511253549639 -0.6715589548470131 -1.3723516509471353e-18
    outer loop
      vertex 94.9877160265711 34.06177817353185 8.4
      vertex 95.20190296114372 34.29809703885628 8.4
      vertex 95.20190296114372 34.29809703885628 12.4
    endloop
  endfacet
  facet normal 0.6715589548470142 -0.7409511253549628 3.5692850642199025e-19
    outer loop
      vertex 95.20190296114372 34.29809703885628 8.4
      vertex 95.43822182646815 34.51228397342889 8.4
      vertex 95.43822182646815 34.51228397342889 12.4
    endloop
  endfacet
  facet normal 0.5956993044924302 -0.8032075314806473 -1.3118475242344606e-18
    outer loop
      vertex 95.43822182646815 34.51228397342889 8.4
      vertex 95.6943967426863 34.70227623998327 8.4
      vertex 95.6943967426863 34.70227623998327 12.4
    endloop
  endfacet
  facet normal 0.5141027441932234 -0.8577286100002711 -1.2861182609298292e-18
    outer loop
      vertex 95.6943967426863 34.70227623998327 8.4
      vertex 95.96796060531551 34.866244109132154 8.4
      vertex 95.96796060531551 34.866244109132154 12.4
    endloop
  endfacet
  facet normal 0.42755509343028536 -0.9039892931234419 2.1117780552899257e-19
    outer loop
      vertex 95.96796060531551 34.866244109132154 8.4
      vertex 96.25627884481347 35.002608480661685 8.4
      vertex 96.25627884481347 35.002608480661685 12.4
    endloop
  endfacet
  facet normal 0.33688985339221933 -0.941544065183021 1.6388205151969987e-18
    outer loop
      vertex 96.25627884481347 35.002608480661685 8.4
      vertex 96.556574798923 35.11005609112968 8.4
      vertex 96.556574798923 35.11005609112968 12.4
    endloop
  endfacet
  facet normal 0.24298017990326692 -0.9700312531945432 7.080751771875906e-19
    outer loop
      vertex 96.556574798923 35.11005609112968 8.4
      vertex 96.86595645344758 35.1875521613105 8.4
      vertex 96.86595645344758 35.1875521613105 12.4
    endloop
  endfacet
  facet normal 0.14673047445535886 -0.9891765099647815 4.88446069532304e-19
    outer loop
      vertex 96.86595645344758 35.1875521613105 8.4
      vertex 97.18144429392893 35.23435036168464 8.4
      vertex 97.18144429392893 35.23435036168464 12.4
    endloop
  endfacet
  facet normal 0.04906767432741687 -0.9987954562051725 -1.7808109554766628e-19
    outer loop
      vertex 97.18144429392893 35.23435036168464 8.4
      vertex 97.5 35.25 8.4
      vertex 97.5 35.25 12.4
    endloop
  endfacet
  facet normal -0.04906767432741687 -0.9987954562051725 1.7808109554766628e-19
    outer loop
      vertex 97.5 35.25 8.4
      vertex 97.81855570607107 35.23435036168464 8.4
      vertex 97.81855570607107 35.23435036168464 12.4
    endloop
  endfacet
  facet normal -0.14673047445535886 -0.9891765099647815 -4.88446069532304e-19
    outer loop
      vertex 97.81855570607107 35.23435036168464 8.4
      vertex 98.13404354655242 35.1875521613105 8.4
      vertex 98.13404354655242 35.1875521613105 12.4
    endloop
  endfacet
  facet normal -0.24298017990326692 -0.9700312531945432 -7.080751771875906e-19
    outer loop
      vertex 98.13404354655242 35.1875521613105 8.4
      vertex 98.443425201077 35.11005609112968 8.4
      vertex 98.443425201077 35.11005609112968 12.4
    endloop
  endfacet
  facet normal -0.33688985339221933 -0.941544065183021 -1.6388205151969987e-18
    outer loop
      vertex 98.443425201077 35.11005609112968 8.4
      vertex 98.74372115518653 35.002608480661685 8.4
      vertex 98.74372115518653 35.002608480661685 12.4
    endloop
  endfacet
  facet normal -0.42755509343028536 -0.9039892931234419 0
    outer loop
      vertex 99.03203939468449 34.866244109132154 8.4
      vertex 99.03203939468449 34.866244109132154 12.4
      vertex 98.74372115518653 35.002608480661685 8.4
    endloop
  endfacet
  facet normal -0.5141027441932234 -0.8577286100002711 1.2861182609298292e-18
    outer loop
      vertex 99.03203939468449 34.866244109132154 8.4
      vertex 99.3056032573137 34.70227623998327 8.4
      vertex 99.3056032573137 34.70227623998327 12.4
    endloop
  endfacet
  facet normal -0.5956993044924302 -0.8032075314806473 1.3118475242344606e-18
    outer loop
      vertex 99.3056032573137 34.70227623998327 8.4
      vertex 99.56177817353185 34.51228397342889 8.4
      vertex 99.56177817353185 34.51228397342889 12.4
    endloop
  endfacet
  facet normal -0.9039892931234464 -0.42755509343027576 -8.910908184989985e-19
    outer loop
      vertex 100.36624410913215 33.53203939468449 8.4
      vertex 100.50260848066168 33.24372115518654 8.4
      vertex 100.50260848066168 33.24372115518654 12.4
    endloop
  endfacet
  facet normal -0.9700312531945485 -0.242980179903246 9.606965293599016e-19
    outer loop
      vertex 100.61005609112968 32.943425201077005 8.4
      vertex 100.68755216131049 32.63404354655242 8.4
      vertex 100.68755216131049 32.63404354655242 12.4
    endloop
  endfacet
  facet normal -0.9415440651830165 -0.336889853392232 0
    outer loop
      vertex 100.61005609112968 32.943425201077005 8.4
      vertex 100.61005609112968 32.943425201077005 12.4
      vertex 100.50260848066168 33.24372115518654 8.4
    endloop
  endfacet
  facet normal -0.8577286100002809 -0.5141027441932071 0
    outer loop
      vertex 100.36624410913215 33.53203939468449 8.4
      vertex 100.36624410913215 33.53203939468449 12.4
      vertex 100.20227623998328 33.805603257313706 8.4
    endloop
  endfacet
  facet normal -0.8032075314806366 -0.5956993044924446 0
    outer loop
      vertex 100.20227623998328 33.805603257313706 8.4
      vertex 100.20227623998328 33.805603257313706 12.4
      vertex 100.0122839734289 34.06177817353185 8.4
    endloop
  endfacet
  facet normal -0.7409511253549639 -0.6715589548470131 1.3723516509471353e-18
    outer loop
      vertex 99.79809703885628 34.29809703885628 8.4
      vertex 100.0122839734289 34.06177817353185 8.4
      vertex 100.0122839734289 34.06177817353185 12.4
    endloop
  endfacet
  facet normal -0.6715589548470142 -0.7409511253549628 0
    outer loop
      vertex 99.79809703885628 34.29809703885628 8.4
      vertex 99.79809703885628 34.29809703885628 12.4
      vertex 99.56177817353185 34.51228397342889 8.4
    endloop
  endfacet
  facet normal 0.9700312531945485 -0.242980179903246 0
    outer loop
      vertex 94.31244783868951 32.63404354655242 8.4
      vertex 94.38994390887032 32.943425201077005 12.4
      vertex 94.31244783868951 32.63404354655242 12.4
    endloop
  endfacet
  facet normal 0.9415440651830165 -0.336889853392232 0
    outer loop
      vertex 94.38994390887032 32.943425201077005 8.4
      vertex 94.49739151933832 33.24372115518654 12.4
      vertex 94.38994390887032 32.943425201077005 12.4
    endloop
  endfacet
  facet normal 0.9039892931234464 -0.42755509343027576 0
    outer loop
      vertex 94.49739151933832 33.24372115518654 8.4
      vertex 94.63375589086785 33.53203939468449 12.4
      vertex 94.49739151933832 33.24372115518654 12.4
    endloop
  endfacet
  facet normal 0.8577286100002809 -0.5141027441932071 0
    outer loop
      vertex 94.63375589086785 33.53203939468449 8.4
      vertex 94.79772376001672 33.805603257313706 12.4
      vertex 94.63375589086785 33.53203939468449 12.4
    endloop
  endfacet
  facet normal 0.8032075314806366 -0.5956993044924446 0
    outer loop
      vertex 94.79772376001672 33.805603257313706 8.4
      vertex 94.9877160265711 34.06177817353185 12.4
      vertex 94.79772376001672 33.805603257313706 12.4
    endloop
  endfacet
  facet normal 0.7409511253549639 -0.6715589548470131 0
    outer loop
      vertex 94.9877160265711 34.06177817353185 8.4
      vertex 95.20190296114372 34.29809703885628 12.4
      vertex 94.9877160265711 34.06177817353185 12.4
    endloop
  endfacet
  facet normal 0.6715589548470142 -0.7409511253549628 0
    outer loop
      vertex 95.20190296114372 34.29809703885628 8.4
      vertex 95.43822182646815 34.51228397342889 12.4
      vertex 95.20190296114372 34.29809703885628 12.4
    endloop
  endfacet
  facet normal 0.5956993044924302 -0.8032075314806473 0
    outer loop
      vertex 95.43822182646815 34.51228397342889 8.4
      vertex 95.6943967426863 34.70227623998327 12.4
      vertex 95.43822182646815 34.51228397342889 12.4
    endloop
  endfacet
  facet normal 0.5141027441932234 -0.8577286100002711 0
    outer loop
      vertex 95.6943967426863 34.70227623998327 8.4
      vertex 95.96796060531551 34.866244109132154 12.4
      vertex 95.6943967426863 34.70227623998327 12.4
    endloop
  endfacet
  facet normal 0.42755509343028536 -0.9039892931234419 0
    outer loop
      vertex 95.96796060531551 34.866244109132154 8.4
      vertex 96.25627884481347 35.002608480661685 12.4
      vertex 95.96796060531551 34.866244109132154 12.4
    endloop
  endfacet
  facet normal 0.33688985339221933 -0.941544065183021 0
    outer loop
      vertex 96.25627884481347 35.002608480661685 8.4
      vertex 96.556574798923 35.11005609112968 12.4
      vertex 96.25627884481347 35.002608480661685 12.4
    endloop
  endfacet
  facet normal 0.24298017990326692 -0.9700312531945432 0
    outer loop
      vertex 96.556574798923 35.11005609112968 8.4
      vertex 96.86595645344758 35.1875521613105 12.4
      vertex 96.556574798923 35.11005609112968 12.4
    endloop
  endfacet
  facet normal 0.14673047445535886 -0.9891765099647815 0
    outer loop
      vertex 96.86595645344758 35.1875521613105 8.4
      vertex 97.18144429392893 35.23435036168464 12.4
      vertex 96.86595645344758 35.1875521613105 12.4
    endloop
  endfacet
  facet normal 0.04906767432741687 -0.9987954562051725 0
    outer loop
      vertex 97.18144429392893 35.23435036168464 8.4
      vertex 97.5 35.25 12.4
      vertex 97.18144429392893 35.23435036168464 12.4
    endloop
  endfacet
  facet normal -0.04906767432741687 -0.9987954562051725 0
    outer loop
      vertex 97.5 35.25 8.4
      vertex 97.81855570607107 35.23435036168464 12.4
      vertex 97.5 35.25 12.4
    endloop
  endfacet
  facet normal -0.14673047445535886 -0.9891765099647815 0
    outer loop
      vertex 97.81855570607107 35.23435036168464 8.4
      vertex 98.13404354655242 35.1875521613105 12.4
      vertex 97.81855570607107 35.23435036168464 12.4
    endloop
  endfacet
  facet normal -0.24298017990326692 -0.9700312531945432 0
    outer loop
      vertex 98.13404354655242 35.1875521613105 8.4
      vertex 98.443425201077 35.11005609112968 12.4
      vertex 98.13404354655242 35.1875521613105 12.4
    endloop
  endfacet
  facet normal -0.33688985339221933 -0.941544065183021 0
    outer loop
      vertex 98.443425201077 35.11005609112968 8.4
      vertex 98.74372115518653 35.002608480661685 12.4
      vertex 98.443425201077 35.11005609112968 12.4
    endloop
  endfacet
  facet normal -0.42755509343028536 -0.9039892931234419 0
    outer loop
      vertex 98.74372115518653 35.002608480661685 8.4
      vertex 99.03203939468449 34.866244109132154 12.4
      vertex 98.74372115518653 35.002608480661685 12.4
    endloop
  endfacet
  facet normal -0.5956993044924302 -0.8032075314806473 0
    outer loop
      vertex 99.3056032573137 34.70227623998327 8.4
      vertex 99.56177817353185 34.51228397342889 12.4
      vertex 99.3056032573137 34.70227623998327 12.4
    endloop
  endfacet
  facet normal -0.5141027441932234 -0.8577286100002711 0
    outer loop
      vertex 99.03203939468449 34.866244109132154 8.4
      vertex 99.3056032573137 34.70227623998327 12.4
      vertex 99.03203939468449 34.866244109132154 12.4
    endloop
  endfacet
  facet normal -0.9039892931234464 -0.42755509343027576 0
    outer loop
      vertex 100.36624410913215 33.53203939468449 8.4
      vertex 100.50260848066168 33.24372115518654 12.4
      vertex 100.36624410913215 33.53203939468449 12.4
    endloop
  endfacet
  facet normal -0.9891765099647809 -0.14673047445536205 0
    outer loop
      vertex 100.68755216131049 32.63404354655242 8.4
      vertex 100.73435036168463 32.31855570607107 12.4
      vertex 100.68755216131049 32.63404354655242 12.4
    endloop
  endfacet
  facet normal -0.9700312531945485 -0.242980179903246 0
    outer loop
      vertex 100.61005609112968 32.943425201077005 8.4
      vertex 100.68755216131049 32.63404354655242 12.4
      vertex 100.61005609112968 32.943425201077005 12.4
    endloop
  endfacet
  facet normal -0.9415440651830165 -0.336889853392232 0
    outer loop
      vertex 100.50260848066168 33.24372115518654 8.4
      vertex 100.61005609112968 32.943425201077005 12.4
      vertex 100.50260848066168 33.24372115518654 12.4
    endloop
  endfacet
  facet normal -0.8577286100002809 -0.5141027441932071 0
    outer loop
      vertex 100.20227623998328 33.805603257313706 8.4
      vertex 100.36624410913215 33.53203939468449 12.4
      vertex 100.20227623998328 33.805603257313706 12.4
    endloop
  endfacet
  facet normal -0.8032075314806366 -0.5956993044924446 0
    outer loop
      vertex 100.0122839734289 34.06177817353185 8.4
      vertex 100.20227623998328 33.805603257313706 12.4
      vertex 100.0122839734289 34.06177817353185 12.4
    endloop
  endfacet
  facet normal -0.7409511253549639 -0.6715589548470131 0
    outer loop
      vertex 99.79809703885628 34.29809703885628 8.4
      vertex 100.0122839734289 34.06177817353185 12.4
      vertex 99.79809703885628 34.29809703885628 12.4
    endloop
  endfacet
  facet normal -0.6715589548470142 -0.7409511253549628 0
    outer loop
      vertex 99.56177817353185 34.51228397342889 8.4
      vertex 99.79809703885628 34.29809703885628 12.4
      vertex 99.56177817353185 34.51228397342889 12.4
    endloop
  endfacet
  facet normal 0.9700312531945364 0.24298017990329382 0
    outer loop
      vertex 95.8326650233145 31.66834645257258 8.4
      vertex 95.87320142925525 31.506516048667415 0
      vertex 95.8326650233145 31.66834645257258 0
    endloop
  endfacet
  facet normal 0.9891765099647878 0.14673047445531523 0
    outer loop
      vertex 95.80818596465727 31.833370861439747 8.4
      vertex 95.8326650233145 31.66834645257258 0
      vertex 95.80818596465727 31.833370861439747 0
    endloop
  endfacet
  facet normal 0.9987954562051703 0.04906767432746035 0
    outer loop
      vertex 95.8 32 8.4
      vertex 95.80818596465727 31.833370861439747 0
      vertex 95.8 32 0
    endloop
  endfacet
  facet normal 0.9987954562051703 -0.04906767432746035 0
    outer loop
      vertex 95.80818596465727 32.16662913856025 8.4
      vertex 95.8 32 0
      vertex 95.80818596465727 32.16662913856025 0
    endloop
  endfacet
  facet normal 0.9891765099647875 -0.14673047445531834 0
    outer loop
      vertex 95.8326650233145 32.331653547427415 8.4
      vertex 95.80818596465727 32.16662913856025 0
      vertex 95.8326650233145 32.331653547427415 0
    endloop
  endfacet
  facet normal 0.9700312531945376 -0.2429801799032888 0
    outer loop
      vertex 95.87320142925525 32.493483951332585 8.4
      vertex 95.8326650233145 32.331653547427415 0
      vertex 95.87320142925525 32.493483951332585 0
    endloop
  endfacet
  facet normal 0.3368898533922337 0.9415440651830159 0
    outer loop
      vertex 96.84943816497935 30.429404794730814 8.4
      vertex 97.00651604866741 30.373201429255246 0
      vertex 96.84943816497935 30.429404794730814 0
    endloop
  endfacet
  facet normal 0.1467304744553538 0.9891765099647821 0
    outer loop
      vertex 97.16834645257258 30.332665023314508 8.4
      vertex 97.33337086143975 30.308185964657266 0
      vertex 97.16834645257258 30.332665023314508 0
    endloop
  endfacet
  facet normal 0.24298017990326876 0.9700312531945428 0
    outer loop
      vertex 97.00651604866741 30.373201429255246 8.4
      vertex 97.16834645257258 30.332665023314508 0
      vertex 97.00651604866741 30.373201429255246 0
    endloop
  endfacet
  facet normal 0.049067674327417855 0.9987954562051723 0
    outer loop
      vertex 97.33337086143975 30.308185964657266 8.4
      vertex 97.5 30.3 0
      vertex 97.33337086143975 30.308185964657266 0
    endloop
  endfacet
  facet normal -0.049067674327417855 0.9987954562051723 0
    outer loop
      vertex 97.5 30.3 8.4
      vertex 97.66662913856025 30.308185964657266 0
      vertex 97.5 30.3 0
    endloop
  endfacet
  facet normal -0.1467304744553538 0.9891765099647821 0
    outer loop
      vertex 97.66662913856025 30.308185964657266 8.4
      vertex 97.83165354742742 30.332665023314508 0
      vertex 97.66662913856025 30.308185964657266 0
    endloop
  endfacet
  facet normal -0.24298017990326876 0.9700312531945428 0
    outer loop
      vertex 97.83165354742742 30.332665023314508 8.4
      vertex 97.99348395133259 30.373201429255246 0
      vertex 97.83165354742742 30.332665023314508 0
    endloop
  endfacet
  facet normal -0.3368898533922337 0.9415440651830159 0
    outer loop
      vertex 97.99348395133259 30.373201429255246 8.4
      vertex 98.15056183502065 30.429404794730814 0
      vertex 97.99348395133259 30.373201429255246 0
    endloop
  endfacet
  facet normal -0.4275550934302876 0.9039892931234408 0
    outer loop
      vertex 98.15056183502065 30.429404794730814 8.4
      vertex 98.3013744526042 30.500733850607798 0
      vertex 98.15056183502065 30.429404794730814 0
    endloop
  endfacet
  facet normal 0.7409511253549746 0.6715589548470012 0
    outer loop
      vertex 96.18588222928335 30.921531416921802 8.4
      vertex 96.29791847198287 30.797918471982868 0
      vertex 96.18588222928335 30.921531416921802 0
    endloop
  endfacet
  facet normal 0.5956993044924649 0.8032075314806214 0
    outer loop
      vertex 96.42153141692181 30.685882229283347 8.4
      vertex 96.55553060386667 30.586501659085673 0
      vertex 96.42153141692181 30.685882229283347 0
    endloop
  endfacet
  facet normal 0.5141027441931965 0.8577286100002871 0
    outer loop
      vertex 96.55553060386667 30.586501659085673 8.4
      vertex 96.6986255473958 30.500733850607798 0
      vertex 96.55553060386667 30.586501659085673 0
    endloop
  endfacet
  facet normal 0.4275550934302876 0.9039892931234408 0
    outer loop
      vertex 96.6986255473958 30.500733850607798 8.4
      vertex 96.84943816497935 30.429404794730814 0
      vertex 96.6986255473958 30.500733850607798 0
    endloop
  endfacet
  facet normal 0.6715589548469917 0.7409511253549832 0
    outer loop
      vertex 96.29791847198287 30.797918471982868 8.4
      vertex 96.42153141692181 30.685882229283347 0
      vertex 96.29791847198287 30.797918471982868 0
    endloop
  endfacet
  facet normal 0.8577286100002947 0.514102744193184 0
    outer loop
      vertex 96.0007338506078 31.198625547395803 8.4
      vertex 96.08650165908567 31.055530603866675 0
      vertex 96.0007338506078 31.198625547395803 0
    endloop
  endfacet
  facet normal 0.8032075314806238 0.5956993044924619 0
    outer loop
      vertex 96.08650165908567 31.055530603866675 8.4
      vertex 96.18588222928335 30.921531416921802 0
      vertex 96.08650165908567 31.055530603866675 0
    endloop
  endfacet
  facet normal 0.9039892931234363 0.4275550934302967 0
    outer loop
      vertex 95.92940479473081 31.349438164979347 8.4
      vertex 96.0007338506078 31.198625547395803 0
      vertex 95.92940479473081 31.349438164979347 0
    endloop
  endfacet
  facet normal 0.9415440651830207 0.3368898533922203 0
    outer loop
      vertex 95.87320142925525 31.506516048667415 8.4
      vertex 95.92940479473081 31.349438164979347 0
      vertex 95.87320142925525 31.506516048667415 0
    endloop
  endfacet
  facet normal -0.5141027441931965 0.8577286100002871 0
    outer loop
      vertex 98.3013744526042 30.500733850607798 8.4
      vertex 98.44446939613333 30.586501659085673 0
      vertex 98.3013744526042 30.500733850607798 0
    endloop
  endfacet
  facet normal -0.5956993044924649 0.8032075314806214 0
    outer loop
      vertex 98.44446939613333 30.586501659085673 8.4
      vertex 98.57846858307819 30.685882229283347 0
      vertex 98.44446939613333 30.586501659085673 0
    endloop
  endfacet
  facet normal -0.6715589548469917 0.7409511253549832 0
    outer loop
      vertex 98.57846858307819 30.685882229283347 8.4
      vertex 98.70208152801713 30.797918471982868 0
      vertex 98.57846858307819 30.685882229283347 0
    endloop
  endfacet
  facet normal -0.7409511253549746 0.6715589548470012 0
    outer loop
      vertex 98.70208152801713 30.797918471982868 8.4
      vertex 98.81411777071665 30.921531416921802 0
      vertex 98.70208152801713 30.797918471982868 0
    endloop
  endfacet
  facet normal -0.8032075314806238 0.5956993044924619 0
    outer loop
      vertex 98.81411777071665 30.921531416921802 8.4
      vertex 98.91349834091433 31.055530603866675 0
      vertex 98.81411777071665 30.921531416921802 0
    endloop
  endfacet
  facet normal -0.8577286100002947 0.514102744193184 0
    outer loop
      vertex 98.91349834091433 31.055530603866675 8.4
      vertex 98.9992661493922 31.198625547395803 0
      vertex 98.91349834091433 31.055530603866675 0
    endloop
  endfacet
  facet normal -0.9039892931234363 0.4275550934302967 0
    outer loop
      vertex 98.9992661493922 31.198625547395803 8.4
      vertex 99.07059520526919 31.349438164979347 0
      vertex 98.9992661493922 31.198625547395803 0
    endloop
  endfacet
  facet normal -0.9415440651830207 0.3368898533922203 0
    outer loop
      vertex 99.07059520526919 31.349438164979347 8.4
      vertex 99.12679857074475 31.506516048667415 0
      vertex 99.07059520526919 31.349438164979347 0
    endloop
  endfacet
  facet normal -0.9700312531945364 0.24298017990329382 0
    outer loop
      vertex 99.12679857074475 31.506516048667415 8.4
      vertex 99.1673349766855 31.66834645257258 0
      vertex 99.12679857074475 31.506516048667415 0
    endloop
  endfacet
  facet normal -0.9891765099647878 0.14673047445531523 0
    outer loop
      vertex 99.1673349766855 31.66834645257258 8.4
      vertex 99.19181403534273 31.833370861439747 0
      vertex 99.1673349766855 31.66834645257258 0
    endloop
  endfacet
  facet normal -0.9987954562051703 0.04906767432746035 0
    outer loop
      vertex 99.19181403534273 31.833370861439747 8.4
      vertex 99.2 32 0
      vertex 99.19181403534273 31.833370861439747 0
    endloop
  endfacet
  facet normal -0.9987954562051703 -0.04906767432746035 0
    outer loop
      vertex 99.2 32 8.4
      vertex 99.19181403534273 32.16662913856025 0
      vertex 99.2 32 0
    endloop
  endfacet
  facet normal -0.9891765099647875 -0.14673047445531834 0
    outer loop
      vertex 99.19181403534273 32.16662913856025 8.4
      vertex 99.1673349766855 32.331653547427415 0
      vertex 99.19181403534273 32.16662913856025 0
    endloop
  endfacet
  facet normal -0.9700312531945376 -0.2429801799032888 0
    outer loop
      vertex 99.1673349766855 32.331653547427415 8.4
      vertex 99.12679857074475 32.493483951332585 0
      vertex 99.1673349766855 32.331653547427415 0
    endloop
  endfacet
  facet normal 0.9700312531945364 0.24298017990329382 0
    outer loop
      vertex 95.87320142925525 31.506516048667415 8.4
      vertex 95.87320142925525 31.506516048667415 0
      vertex 95.8326650233145 31.66834645257258 8.4
    endloop
  endfacet
  facet normal 0.9891765099647878 0.14673047445531523 0
    outer loop
      vertex 95.8326650233145 31.66834645257258 8.4
      vertex 95.8326650233145 31.66834645257258 0
      vertex 95.80818596465727 31.833370861439747 8.4
    endloop
  endfacet
  facet normal 0.9987954562051703 0.04906767432746035 0
    outer loop
      vertex 95.80818596465727 31.833370861439747 8.4
      vertex 95.80818596465727 31.833370861439747 0
      vertex 95.8 32 8.4
    endloop
  endfacet
  facet normal 0.9987954562051703 -0.04906767432746035 0
    outer loop
      vertex 95.8 32 8.4
      vertex 95.8 32 0
      vertex 95.80818596465727 32.16662913856025 8.4
    endloop
  endfacet
  facet normal 0.9891765099647875 -0.14673047445531834 0
    outer loop
      vertex 95.80818596465727 32.16662913856025 8.4
      vertex 95.80818596465727 32.16662913856025 0
      vertex 95.8326650233145 32.331653547427415 8.4
    endloop
  endfacet
  facet normal 0.9700312531945376 -0.2429801799032888 0
    outer loop
      vertex 95.8326650233145 32.331653547427415 8.4
      vertex 95.8326650233145 32.331653547427415 0
      vertex 95.87320142925525 32.493483951332585 8.4
    endloop
  endfacet
  facet normal 0.4275550934302876 0.9039892931234408 4.523917154541612e-19
    outer loop
      vertex 96.6986255473958 30.500733850607798 8.4
      vertex 96.84943816497935 30.429404794730814 8.4
      vertex 96.84943816497935 30.429404794730814 0
    endloop
  endfacet
  facet normal 0.3368898533922337 0.9415440651830159 8.57859134477427e-21
    outer loop
      vertex 96.84943816497935 30.429404794730814 8.4
      vertex 97.00651604866741 30.373201429255246 8.4
      vertex 97.00651604866741 30.373201429255246 0
    endloop
  endfacet
  facet normal 0.24298017990326876 0.9700312531945428 1.7987728191398342e-20
    outer loop
      vertex 97.00651604866741 30.373201429255246 8.4
      vertex 97.16834645257258 30.332665023314508 8.4
      vertex 97.16834645257258 30.332665023314508 0
    endloop
  endfacet
  facet normal 0.1467304744553538 0.9891765099647821 2.23717137977135e-19
    outer loop
      vertex 97.16834645257258 30.332665023314508 8.4
      vertex 97.33337086143975 30.308185964657266 8.4
      vertex 97.33337086143975 30.308185964657266 0
    endloop
  endfacet
  facet normal 0.049067674327417855 0.9987954562051723 -2.4227626242250496e-20
    outer loop
      vertex 97.33337086143975 30.308185964657266 8.4
      vertex 97.5 30.3 8.4
      vertex 97.5 30.3 0
    endloop
  endfacet
  facet normal -0.049067674327417855 0.9987954562051723 2.4227626242250496e-20
    outer loop
      vertex 97.5 30.3 8.4
      vertex 97.66662913856025 30.308185964657266 8.4
      vertex 97.66662913856025 30.308185964657266 0
    endloop
  endfacet
  facet normal -0.1467304744553538 0.9891765099647821 -2.23717137977135e-19
    outer loop
      vertex 97.66662913856025 30.308185964657266 8.4
      vertex 97.83165354742742 30.332665023314508 8.4
      vertex 97.83165354742742 30.332665023314508 0
    endloop
  endfacet
  facet normal -0.24298017990326876 0.9700312531945428 -1.7987728191398342e-20
    outer loop
      vertex 97.83165354742742 30.332665023314508 8.4
      vertex 97.99348395133259 30.373201429255246 8.4
      vertex 97.99348395133259 30.373201429255246 0
    endloop
  endfacet
  facet normal -0.3368898533922337 0.9415440651830159 -8.57859134477427e-21
    outer loop
      vertex 97.99348395133259 30.373201429255246 8.4
      vertex 98.15056183502065 30.429404794730814 8.4
      vertex 98.15056183502065 30.429404794730814 0
    endloop
  endfacet
  facet normal 0.7409511253549746 0.6715589548470012 -2.298376528337919e-19
    outer loop
      vertex 96.18588222928335 30.921531416921802 8.4
      vertex 96.29791847198287 30.797918471982868 8.4
      vertex 96.29791847198287 30.797918471982868 0
    endloop
  endfacet
  facet normal 0.8032075314806238 0.5956993044924619 0
    outer loop
      vertex 96.18588222928335 30.921531416921802 8.4
      vertex 96.18588222928335 30.921531416921802 0
      vertex 96.08650165908567 31.055530603866675 8.4
    endloop
  endfacet
  facet normal 0.5956993044924649 0.8032075314806214 3.496841106451533e-19
    outer loop
      vertex 96.42153141692181 30.685882229283347 8.4
      vertex 96.55553060386667 30.586501659085673 8.4
      vertex 96.55553060386667 30.586501659085673 0
    endloop
  endfacet
  facet normal 0.5141027441931965 0.8577286100002871 0
    outer loop
      vertex 96.6986255473958 30.500733850607798 8.4
      vertex 96.6986255473958 30.500733850607798 0
      vertex 96.55553060386667 30.586501659085673 8.4
    endloop
  endfacet
  facet normal 0.6715589548469917 0.7409511253549832 0
    outer loop
      vertex 96.42153141692181 30.685882229283347 8.4
      vertex 96.42153141692181 30.685882229283347 0
      vertex 96.29791847198287 30.797918471982868 8.4
    endloop
  endfacet
  facet normal 0.8577286100002947 0.514102744193184 -5.948967468951768e-19
    outer loop
      vertex 96.0007338506078 31.198625547395803 8.4
      vertex 96.08650165908567 31.055530603866675 8.4
      vertex 96.08650165908567 31.055530603866675 0
    endloop
  endfacet
  facet normal 0.9039892931234363 0.4275550934302967 0
    outer loop
      vertex 96.0007338506078 31.198625547395803 8.4
      vertex 96.0007338506078 31.198625547395803 0
      vertex 95.92940479473081 31.349438164979347 8.4
    endloop
  endfacet
  facet normal 0.9415440651830207 0.3368898533922203 -2.5011857344236435e-19
    outer loop
      vertex 95.87320142925525 31.506516048667415 8.4
      vertex 95.92940479473081 31.349438164979347 8.4
      vertex 95.92940479473081 31.349438164979347 0
    endloop
  endfacet
  facet normal -0.4275550934302876 0.9039892931234408 -4.523917154541612e-19
    outer loop
      vertex 98.15056183502065 30.429404794730814 8.4
      vertex 98.3013744526042 30.500733850607798 8.4
      vertex 98.3013744526042 30.500733850607798 0
    endloop
  endfacet
  facet normal -0.5141027441931965 0.8577286100002871 -1.2080234117529174e-19
    outer loop
      vertex 98.3013744526042 30.500733850607798 8.4
      vertex 98.44446939613333 30.586501659085673 8.4
      vertex 98.44446939613333 30.586501659085673 0
    endloop
  endfacet
  facet normal -0.5956993044924649 0.8032075314806214 -3.496841106451533e-19
    outer loop
      vertex 98.44446939613333 30.586501659085673 8.4
      vertex 98.57846858307819 30.685882229283347 8.4
      vertex 98.57846858307819 30.685882229283347 0
    endloop
  endfacet
  facet normal -0.6715589548469917 0.7409511253549832 3.038146755402001e-19
    outer loop
      vertex 98.57846858307819 30.685882229283347 8.4
      vertex 98.70208152801713 30.797918471982868 8.4
      vertex 98.70208152801713 30.797918471982868 0
    endloop
  endfacet
  facet normal -0.7409511253549746 0.6715589548470012 2.298376528337919e-19
    outer loop
      vertex 98.70208152801713 30.797918471982868 8.4
      vertex 98.81411777071665 30.921531416921802 8.4
      vertex 98.81411777071665 30.921531416921802 0
    endloop
  endfacet
  facet normal -0.8032075314806238 0.5956993044924619 2.1341631061689194e-19
    outer loop
      vertex 98.81411777071665 30.921531416921802 8.4
      vertex 98.91349834091433 31.055530603866675 8.4
      vertex 98.91349834091433 31.055530603866675 0
    endloop
  endfacet
  facet normal -0.8577286100002947 0.514102744193184 5.948967468951768e-19
    outer loop
      vertex 98.91349834091433 31.055530603866675 8.4
      vertex 98.9992661493922 31.198625547395803 8.4
      vertex 98.9992661493922 31.198625547395803 0
    endloop
  endfacet
  facet normal -0.9039892931234363 0.4275550934302967 -5.190546591137057e-19
    outer loop
      vertex 98.9992661493922 31.198625547395803 8.4
      vertex 99.07059520526919 31.349438164979347 8.4
      vertex 99.07059520526919 31.349438164979347 0
    endloop
  endfacet
  facet normal -0.9415440651830207 0.3368898533922203 2.5011857344236435e-19
    outer loop
      vertex 99.07059520526919 31.349438164979347 8.4
      vertex 99.12679857074475 31.506516048667415 8.4
      vertex 99.12679857074475 31.506516048667415 0
    endloop
  endfacet
  facet normal -0.9700312531945364 0.24298017990329382 -1.292629420172145e-19
    outer loop
      vertex 99.12679857074475 31.506516048667415 8.4
      vertex 99.1673349766855 31.66834645257258 8.4
      vertex 99.1673349766855 31.66834645257258 0
    endloop
  endfacet
  facet normal -0.9891765099647878 0.14673047445531523 3.0474276643098083e-19
    outer loop
      vertex 99.1673349766855 31.66834645257258 8.4
      vertex 99.19181403534273 31.833370861439747 8.4
      vertex 99.19181403534273 31.833370861439747 0
    endloop
  endfacet
  facet normal -0.9987954562051703 0.04906767432746035 4.026000940380202e-20
    outer loop
      vertex 99.19181403534273 31.833370861439747 8.4
      vertex 99.2 32 8.4
      vertex 99.2 32 0
    endloop
  endfacet
  facet normal -0.9987954562051703 -0.04906767432746035 -4.026000940380202e-20
    outer loop
      vertex 99.2 32 8.4
      vertex 99.19181403534273 32.16662913856025 8.4
      vertex 99.19181403534273 32.16662913856025 0
    endloop
  endfacet
  facet normal -0.9891765099647875 -0.14673047445531834 -1.399666694688238e-19
    outer loop
      vertex 99.19181403534273 32.16662913856025 8.4
      vertex 99.1673349766855 32.331653547427415 8.4
      vertex 99.1673349766855 32.331653547427415 0
    endloop
  endfacet
  facet normal -0.9700312531945376 -0.2429801799032888 1.062887773298398e-19
    outer loop
      vertex 99.1673349766855 32.331653547427415 8.4
      vertex 99.12679857074475 32.493483951332585 8.4
      vertex 99.12679857074475 32.493483951332585 0
    endloop
  endfacet
  facet normal 0.9415440651830207 -0.3368898533922203 0
    outer loop
      vertex 95.92940479473081 32.65056183502065 8.4
      vertex 95.87320142925525 32.493483951332585 0
      vertex 95.92940479473081 32.65056183502065 0
    endloop
  endfacet
  facet normal 0.9039892931234325 -0.42755509343030496 0
    outer loop
      vertex 96.0007338506078 32.80137445260419 8.4
      vertex 95.92940479473081 32.65056183502065 0
      vertex 96.0007338506078 32.80137445260419 0
    endloop
  endfacet
  facet normal 0.8577286100002947 -0.514102744193184 0
    outer loop
      vertex 96.08650165908567 32.94446939613332 8.4
      vertex 96.0007338506078 32.80137445260419 0
      vertex 96.08650165908567 32.94446939613332 0
    endloop
  endfacet
  facet normal 0.8032075314806314 -0.5956993044924516 0
    outer loop
      vertex 96.18588222928335 33.0784685830782 8.4
      vertex 96.08650165908567 32.94446939613332 0
      vertex 96.18588222928335 33.0784685830782 0
    endloop
  endfacet
  facet normal 0.7409511253549746 -0.6715589548470012 0
    outer loop
      vertex 96.29791847198287 33.20208152801713 8.4
      vertex 96.18588222928335 33.0784685830782 0
      vertex 96.29791847198287 33.20208152801713 0
    endloop
  endfacet
  facet normal 0.6715589548470035 -0.7409511253549728 0
    outer loop
      vertex 96.42153141692181 33.314117770716656 8.4
      vertex 96.29791847198287 33.20208152801713 0
      vertex 96.42153141692181 33.314117770716656 0
    endloop
  endfacet
  facet normal 0.5956993044924649 -0.8032075314806214 0
    outer loop
      vertex 96.55553060386667 33.41349834091433 8.4
      vertex 96.42153141692181 33.314117770716656 0
      vertex 96.55553060386667 33.41349834091433 0
    endloop
  endfacet
  facet normal 0.5141027441931965 -0.8577286100002871 0
    outer loop
      vertex 96.6986255473958 33.499266149392206 8.4
      vertex 96.55553060386667 33.41349834091433 0
      vertex 96.6986255473958 33.499266149392206 0
    endloop
  endfacet
  facet normal 0.42755509343027015 -0.9039892931234489 0
    outer loop
      vertex 96.84943816497935 33.570595205269186 8.4
      vertex 96.6986255473958 33.499266149392206 0
      vertex 96.84943816497935 33.570595205269186 0
    endloop
  endfacet
  facet normal 0.3368898533922337 -0.9415440651830159 0
    outer loop
      vertex 97.00651604866741 33.626798570744754 8.4
      vertex 96.84943816497935 33.570595205269186 0
      vertex 97.00651604866741 33.626798570744754 0
    endloop
  endfacet
  facet normal 0.24298017990324872 -0.9700312531945477 0
    outer loop
      vertex 97.16834645257258 33.66733497668549 8.4
      vertex 97.00651604866741 33.626798570744754 0
      vertex 97.16834645257258 33.66733497668549 0
    endloop
  endfacet
  facet normal 0.1467304744553955 -0.989176509964776 0
    outer loop
      vertex 97.33337086143975 33.69181403534274 8.4
      vertex 97.16834645257258 33.66733497668549 0
      vertex 97.33337086143975 33.69181403534274 0
    endloop
  endfacet
  facet normal 0.049067674327417855 -0.9987954562051723 0
    outer loop
      vertex 97.5 33.7 8.4
      vertex 97.33337086143975 33.69181403534274 0
      vertex 97.5 33.7 0
    endloop
  endfacet
  facet normal -0.049067674327417855 -0.9987954562051723 0
    outer loop
      vertex 97.66662913856025 33.69181403534274 8.4
      vertex 97.5 33.7 0
      vertex 97.66662913856025 33.69181403534274 0
    endloop
  endfacet
  facet normal -0.5141027441931965 -0.8577286100002871 0
    outer loop
      vertex 98.44446939613333 33.41349834091433 8.4
      vertex 98.3013744526042 33.499266149392206 0
      vertex 98.44446939613333 33.41349834091433 0
    endloop
  endfacet
  facet normal -0.5956993044924649 -0.8032075314806214 0
    outer loop
      vertex 98.57846858307819 33.314117770716656 8.4
      vertex 98.44446939613333 33.41349834091433 0
      vertex 98.57846858307819 33.314117770716656 0
    endloop
  endfacet
  facet normal -0.9039892931234325 -0.42755509343030496 0
    outer loop
      vertex 99.07059520526919 32.65056183502065 8.4
      vertex 98.9992661493922 32.80137445260419 0
      vertex 99.07059520526919 32.65056183502065 0
    endloop
  endfacet
  facet normal -0.8577286100002947 -0.514102744193184 0
    outer loop
      vertex 98.9992661493922 32.80137445260419 8.4
      vertex 98.91349834091433 32.94446939613332 0
      vertex 98.9992661493922 32.80137445260419 0
    endloop
  endfacet
  facet normal -0.8032075314806314 -0.5956993044924516 0
    outer loop
      vertex 98.91349834091433 32.94446939613332 8.4
      vertex 98.81411777071665 33.0784685830782 0
      vertex 98.91349834091433 32.94446939613332 0
    endloop
  endfacet
  facet normal -0.9415440651830207 -0.3368898533922203 0
    outer loop
      vertex 99.12679857074475 32.493483951332585 8.4
      vertex 99.07059520526919 32.65056183502065 0
      vertex 99.12679857074475 32.493483951332585 0
    endloop
  endfacet
  facet normal -0.7409511253549746 -0.6715589548470012 0
    outer loop
      vertex 98.81411777071665 33.0784685830782 8.4
      vertex 98.70208152801713 33.20208152801713 0
      vertex 98.81411777071665 33.0784685830782 0
    endloop
  endfacet
  facet normal -0.6715589548470035 -0.7409511253549728 0
    outer loop
      vertex 98.70208152801713 33.20208152801713 8.4
      vertex 98.57846858307819 33.314117770716656 0
      vertex 98.70208152801713 33.20208152801713 0
    endloop
  endfacet
  facet normal -0.24298017990324872 -0.9700312531945477 0
    outer loop
      vertex 97.99348395133259 33.626798570744754 8.4
      vertex 97.83165354742742 33.66733497668549 0
      vertex 97.99348395133259 33.626798570744754 0
    endloop
  endfacet
  facet normal -0.1467304744553955 -0.989176509964776 0
    outer loop
      vertex 97.83165354742742 33.66733497668549 8.4
      vertex 97.66662913856025 33.69181403534274 0
      vertex 97.83165354742742 33.66733497668549 0
    endloop
  endfacet
  facet normal -0.3368898533922337 -0.9415440651830159 0
    outer loop
      vertex 98.15056183502065 33.570595205269186 8.4
      vertex 97.99348395133259 33.626798570744754 0
      vertex 98.15056183502065 33.570595205269186 0
    endloop
  endfacet
  facet normal -0.42755509343027015 -0.9039892931234489 0
    outer loop
      vertex 98.3013744526042 33.499266149392206 8.4
      vertex 98.15056183502065 33.570595205269186 0
      vertex 98.3013744526042 33.499266149392206 0
    endloop
  endfacet
  facet normal 0.9415440651830207 -0.3368898533922203 0
    outer loop
      vertex 95.87320142925525 32.493483951332585 8.4
      vertex 95.87320142925525 32.493483951332585 0
      vertex 95.92940479473081 32.65056183502065 8.4
    endloop
  endfacet
  facet normal 0.9039892931234325 -0.42755509343030496 0
    outer loop
      vertex 95.92940479473081 32.65056183502065 8.4
      vertex 95.92940479473081 32.65056183502065 0
      vertex 96.0007338506078 32.80137445260419 8.4
    endloop
  endfacet
  facet normal 0.8577286100002947 -0.514102744193184 0
    outer loop
      vertex 96.0007338506078 32.80137445260419 8.4
      vertex 96.0007338506078 32.80137445260419 0
      vertex 96.08650165908567 32.94446939613332 8.4
    endloop
  endfacet
  facet normal 0.8032075314806314 -0.5956993044924516 0
    outer loop
      vertex 96.08650165908567 32.94446939613332 8.4
      vertex 96.08650165908567 32.94446939613332 0
      vertex 96.18588222928335 33.0784685830782 8.4
    endloop
  endfacet
  facet normal 0.7409511253549746 -0.6715589548470012 0
    outer loop
      vertex 96.18588222928335 33.0784685830782 8.4
      vertex 96.18588222928335 33.0784685830782 0
      vertex 96.29791847198287 33.20208152801713 8.4
    endloop
  endfacet
  facet normal 0.6715589548470035 -0.7409511253549728 0
    outer loop
      vertex 96.29791847198287 33.20208152801713 8.4
      vertex 96.29791847198287 33.20208152801713 0
      vertex 96.42153141692181 33.314117770716656 8.4
    endloop
  endfacet
  facet normal 0.5956993044924649 -0.8032075314806214 0
    outer loop
      vertex 96.42153141692181 33.314117770716656 8.4
      vertex 96.42153141692181 33.314117770716656 0
      vertex 96.55553060386667 33.41349834091433 8.4
    endloop
  endfacet
  facet normal 0.5141027441931965 -0.8577286100002871 0
    outer loop
      vertex 96.55553060386667 33.41349834091433 8.4
      vertex 96.55553060386667 33.41349834091433 0
      vertex 96.6986255473958 33.499266149392206 8.4
    endloop
  endfacet
  facet normal 0.42755509343027015 -0.9039892931234489 0
    outer loop
      vertex 96.6986255473958 33.499266149392206 8.4
      vertex 96.6986255473958 33.499266149392206 0
      vertex 96.84943816497935 33.570595205269186 8.4
    endloop
  endfacet
  facet normal 0.3368898533922337 -0.9415440651830159 0
    outer loop
      vertex 96.84943816497935 33.570595205269186 8.4
      vertex 96.84943816497935 33.570595205269186 0
      vertex 97.00651604866741 33.626798570744754 8.4
    endloop
  endfacet
  facet normal 0.24298017990324872 -0.9700312531945477 0
    outer loop
      vertex 97.00651604866741 33.626798570744754 8.4
      vertex 97.00651604866741 33.626798570744754 0
      vertex 97.16834645257258 33.66733497668549 8.4
    endloop
  endfacet
  facet normal 0.1467304744553955 -0.989176509964776 0
    outer loop
      vertex 97.16834645257258 33.66733497668549 8.4
      vertex 97.16834645257258 33.66733497668549 0
      vertex 97.33337086143975 33.69181403534274 8.4
    endloop
  endfacet
  facet normal 0.049067674327417855 -0.9987954562051723 0
    outer loop
      vertex 97.33337086143975 33.69181403534274 8.4
      vertex 97.33337086143975 33.69181403534274 0
      vertex 97.5 33.7 8.4
    endloop
  endfacet
  facet normal -0.049067674327417855 -0.9987954562051723 0
    outer loop
      vertex 97.5 33.7 8.4
      vertex 97.5 33.7 0
      vertex 97.66662913856025 33.69181403534274 8.4
    endloop
  endfacet
  facet normal -0.5141027441931965 -0.8577286100002871 1.2080234117529174e-19
    outer loop
      vertex 98.44446939613333 33.41349834091433 8.4
      vertex 98.3013744526042 33.499266149392206 8.4
      vertex 98.3013744526042 33.499266149392206 0
    endloop
  endfacet
  facet normal -0.5956993044924649 -0.8032075314806214 0
    outer loop
      vertex 98.44446939613333 33.41349834091433 8.4
      vertex 98.44446939613333 33.41349834091433 0
      vertex 98.57846858307819 33.314117770716656 8.4
    endloop
  endfacet
  facet normal -0.6715589548470035 -0.7409511253549728 -5.010219735831837e-19
    outer loop
      vertex 98.70208152801713 33.20208152801713 8.4
      vertex 98.57846858307819 33.314117770716656 8.4
      vertex 98.57846858307819 33.314117770716656 0
    endloop
  endfacet
  facet normal -0.9415440651830207 -0.3368898533922203 0
    outer loop
      vertex 99.07059520526919 32.65056183502065 8.4
      vertex 99.07059520526919 32.65056183502065 0
      vertex 99.12679857074475 32.493483951332585 8.4
    endloop
  endfacet
  facet normal -0.9039892931234325 -0.42755509343030496 -6.17429852785809e-19
    outer loop
      vertex 99.07059520526919 32.65056183502065 8.4
      vertex 98.9992661493922 32.80137445260419 8.4
      vertex 98.9992661493922 32.80137445260419 0
    endloop
  endfacet
  facet normal -0.8577286100002947 -0.514102744193184 0
    outer loop
      vertex 98.91349834091433 32.94446939613332 8.4
      vertex 98.91349834091433 32.94446939613332 0
      vertex 98.9992661493922 32.80137445260419 8.4
    endloop
  endfacet
  facet normal -0.8032075314806314 -0.5956993044924516 3.66642017385488e-19
    outer loop
      vertex 98.91349834091433 32.94446939613332 8.4
      vertex 98.81411777071665 33.0784685830782 8.4
      vertex 98.81411777071665 33.0784685830782 0
    endloop
  endfacet
  facet normal -0.7409511253549746 -0.6715589548470012 0
    outer loop
      vertex 98.70208152801713 33.20208152801713 8.4
      vertex 98.70208152801713 33.20208152801713 0
      vertex 98.81411777071665 33.0784685830782 8.4
    endloop
  endfacet
  facet normal -0.1467304744553955 -0.989176509964776 0
    outer loop
      vertex 97.66662913856025 33.69181403534274 8.4
      vertex 97.66662913856025 33.69181403534274 0
      vertex 97.83165354742742 33.66733497668549 8.4
    endloop
  endfacet
  facet normal -0.24298017990324872 -0.9700312531945477 0
    outer loop
      vertex 97.83165354742742 33.66733497668549 8.4
      vertex 97.83165354742742 33.66733497668549 0
      vertex 97.99348395133259 33.626798570744754 8.4
    endloop
  endfacet
  facet normal -0.3368898533922337 -0.9415440651830159 0
    outer loop
      vertex 97.99348395133259 33.626798570744754 8.4
      vertex 97.99348395133259 33.626798570744754 0
      vertex 98.15056183502065 33.570595205269186 8.4
    endloop
  endfacet
  facet normal -0.42755509343027015 -0.9039892931234489 0
    outer loop
      vertex 98.15056183502065 33.570595205269186 8.4
      vertex 98.15056183502065 33.570595205269186 0
      vertex 98.3013744526042 33.499266149392206 8.4
    endloop
  endfacet
endsolid OpenSCAD_Model
