solid OpenSCAD_Model
  facet normal -1 0 0
    outer loop
      vertex 0 0 0
      vertex 0 0 15
      vertex 0 8.3 2.3
    endloop
  endfacet
  facet normal -1 0 0
    outer loop
      vertex 0 0 0
      vertex 0 8.3 2.3
      vertex 0 18.3 2.3
    endloop
  endfacet
  facet normal -1 0 0
    outer loop
      vertex 0 8.3 2.3
      vertex 0 0 15
      vertex 0 8.3 7.3
    endloop
  endfacet
  facet normal 0 0 1
    outer loop
      vertex 0 0 15
      vertex 1.8 1.8 15
      vertex 1.8 24.8 15
    endloop
  endfacet
  facet normal -1 0 0
    outer loop
      vertex 0 8.3 7.3
      vertex 0 0 15
      vertex 0 26.6 15
    endloop
  endfacet
  facet normal 0 -1 0
    outer loop
      vertex 0 0 0
      vertex 80.1 0 15
      vertex 0 0 15
    endloop
  endfacet
  facet normal 0 0 1
    outer loop
      vertex 0 0 15
      vertex 80.1 0 15
      vertex 1.8 1.8 15
    endloop
  endfacet
  facet normal -1 0 0
    outer loop
      vertex 0 0 0
      vertex 0 18.3 2.3
      vertex 0 26.6 0
    endloop
  endfacet
  facet normal -1 0 0
    outer loop
      vertex 0 18.3 2.3
      vertex 0 18.3 7.3
      vertex 0 26.6 0
    endloop
  endfacet
  facet normal -1 0 0
    outer loop
      vertex 0 18.3 7.3
      vertex 0 26.6 15
      vertex 0 26.6 0
    endloop
  endfacet
  facet normal 0 0 -1
    outer loop
      vertex 0 0 0
      vertex 0 26.6 0
      vertex 80.1 26.6 0
    endloop
  endfacet
  facet normal 0 1 0
    outer loop
      vertex 0 26.6 0
      vertex 0 26.6 15
      vertex 80.1 26.6 0
    endloop
  endfacet
  facet normal -1 0 0
    outer loop
      vertex 0 8.3 7.3
      vertex 0 26.6 15
      vertex 0 18.3 7.3
    endloop
  endfacet
  facet normal 0 0 1
    outer loop
      vertex 0 0 15
      vertex 1.8 24.8 15
      vertex 0 26.6 15
    endloop
  endfacet
  facet normal 0 0 1
    outer loop
      vertex 1.8 24.8 15
      vertex 78.3 24.8 15
      vertex 0 26.6 15
    endloop
  endfacet
  facet normal 0 -1 0
    outer loop
      vertex 0 0 0
      vertex 80.1 0 0
      vertex 80.1 0 15
    endloop
  endfacet
  facet normal 0 0 -1
    outer loop
      vertex 0 0 0
      vertex 80.1 26.6 0
      vertex 80.1 0 0
    endloop
  endfacet
  facet normal 1 0 0
    outer loop
      vertex 80.1 0 0
      vertex 80.1 26.6 0
      vertex 80.1 0 15
    endloop
  endfacet
  facet normal 0 0 1
    outer loop
      vertex 1.8 1.8 15
      vertex 80.1 0 15
      vertex 78.3 1.8 15
    endloop
  endfacet
  facet normal 0 0 1
    outer loop
      vertex 80.1 0 15
      vertex 80.1 26.6 15
      vertex 78.3 1.8 15
    endloop
  endfacet
  facet normal 0 1 0
    outer loop
      vertex 0 26.6 15
      vertex 80.1 26.6 15
      vertex 80.1 26.6 0
    endloop
  endfacet
  facet normal 0 0 1
    outer loop
      vertex 0 26.6 15
      vertex 78.3 24.8 15
      vertex 80.1 26.6 15
    endloop
  endfacet
  facet normal 1 0 0
    outer loop
      vertex 80.1 0 15
      vertex 80.1 26.6 0
      vertex 80.1 26.6 15
    endloop
  endfacet
  facet normal 0 0 1
    outer loop
      vertex 78.3 1.8 15
      vertex 80.1 26.6 15
      vertex 78.3 24.8 15
    endloop
  endfacet
  facet normal 0 0 1
    outer loop
      vertex 1.8 1.8 1.8
      vertex 4.739357342141505 3.8156771552162008 1.8
      vertex 4.549966975705895 3.929193372319273 1.8
    endloop
  endfacet
  facet normal 0 0 1
    outer loop
      vertex 1.8 1.8 1.8
      vertex 4.549966975705895 3.929193372319273 1.8
      vertex 4.372615110631798 4.060726479933842 1.8
    endloop
  endfacet
  facet normal 0 0 1
    outer loop
      vertex 1.8 1.8 1.8
      vertex 4.938962277178548 3.721271051849605 1.8
      vertex 4.739357342141505 3.8156771552162008 1.8
    endloop
  endfacet
  facet normal 0 0 1
    outer loop
      vertex 1.8 1.8 1.8
      vertex 5.146859476177459 3.64688424460253 1.8
      vertex 4.938962277178548 3.721271051849605 1.8
    endloop
  endfacet
  facet normal 0 0 1
    outer loop
      vertex 1.8 1.8 1.8
      vertex 5.579461434258488 3.560834364987557 1.8
      vertex 5.361046775463711 3.5932331190927314 1.8
    endloop
  endfacet
  facet normal 0 0 1
    outer loop
      vertex 1.8 1.8 1.8
      vertex 5.361046775463711 3.5932331190927314 1.8
      vertex 5.146859476177459 3.64688424460253 1.8
    endloop
  endfacet
  facet normal 0 0 1
    outer loop
      vertex 1.8 1.8 1.8
      vertex 5.8 3.55 1.8
      vertex 5.579461434258488 3.560834364987557 1.8
    endloop
  endfacet
  facet normal 0 0 1
    outer loop
      vertex 1.8 1.8 1.8
      vertex 6.020538565741512 3.560834364987557 1.8
      vertex 5.8 3.55 1.8
    endloop
  endfacet
  facet normal 0 0 1
    outer loop
      vertex 1.8 1.8 1.8
      vertex 6.238953224536289 3.5932331190927314 1.8
      vertex 6.020538565741512 3.560834364987557 1.8
    endloop
  endfacet
  facet normal 0 0 1
    outer loop
      vertex 1.8 1.8 1.8
      vertex 6.45314052382254 3.64688424460253 1.8
      vertex 6.238953224536289 3.5932331190927314 1.8
    endloop
  endfacet
  facet normal 0 0 1
    outer loop
      vertex 1.8 1.8 1.8
      vertex 6.661037722821452 3.721271051849605 1.8
      vertex 6.45314052382254 3.64688424460253 1.8
    endloop
  endfacet
  facet normal 0 0 1
    outer loop
      vertex 1.8 1.8 1.8
      vertex 4.2090097423302675 4.2090097423302675 1.8
      vertex 4.060726479933842 4.372615110631798 1.8
    endloop
  endfacet
  facet normal 0 0 1
    outer loop
      vertex 1.8 1.8 1.8
      vertex 4.372615110631798 4.060726479933842 1.8
      vertex 4.2090097423302675 4.2090097423302675 1.8
    endloop
  endfacet
  facet normal 0 0 1
    outer loop
      vertex 1.8 1.8 1.8
      vertex 4.060726479933842 4.372615110631798 1.8
      vertex 3.929193372319273 4.549966975705895 1.8
    endloop
  endfacet
  facet normal 0 0 1
    outer loop
      vertex 1.8 1.8 1.8
      vertex 3.929193372319273 4.549966975705895 1.8
      vertex 3.8156771552162008 4.739357342141505 1.8
    endloop
  endfacet
  facet normal 0 0 1
    outer loop
      vertex 1.8 1.8 1.8
      vertex 3.8156771552162008 4.739357342141505 1.8
      vertex 3.721271051849605 4.938962277178548 1.8
    endloop
  endfacet
  facet normal 0 0 1
    outer loop
      vertex 1.8 1.8 1.8
      vertex 3.721271051849605 4.938962277178548 1.8
      vertex 3.64688424460253 5.146859476177459 1.8
    endloop
  endfacet
  facet normal 0 0 1
    outer loop
      vertex 1.8 1.8 1.8
      vertex 3.64688424460253 5.146859476177459 1.8
      vertex 3.5932331190927314 5.361046775463711 1.8
    endloop
  endfacet
  facet normal 0 0 1
    outer loop
      vertex 1.8 1.8 1.8
      vertex 3.5932331190927314 5.361046775463711 1.8
      vertex 3.560834364987557 5.579461434258488 1.8
    endloop
  endfacet
  facet normal 0 0 1
    outer loop
      vertex 5.585400645782259 4.721136191556447 1.8
      vertex 4.705296800660583 5.692181145637483 1.8
      vertex 4.721136191556447 5.585400645782259 1.8
    endloop
  endfacet
  facet normal 0 0 1
    outer loop
      vertex 5.585400645782259 4.721136191556447 1.8
      vertex 4.699999999999999 5.8 1.8
      vertex 4.705296800660583 5.692181145637483 1.8
    endloop
  endfacet
  facet normal 0 0 1
    outer loop
      vertex 5.585400645782259 4.721136191556447 1.8
      vertex 4.705296800660583 5.9078188543625165 1.8
      vertex 4.699999999999999 5.8 1.8
    endloop
  endfacet
  facet normal 0 0 1
    outer loop
      vertex 5.585400645782259 4.721136191556447 1.8
      vertex 4.721136191556447 6.014599354217741 1.8
      vertex 4.705296800660583 5.9078188543625165 1.8
    endloop
  endfacet
  facet normal 0 0 1
    outer loop
      vertex 5.379048224398401 4.783732514237585 1.8
      vertex 5.585400645782259 4.721136191556447 1.8
      vertex 5.281463589491402 4.82988660921681 1.8
    endloop
  endfacet
  facet normal 0 0 1
    outer loop
      vertex 5.379048224398401 4.783732514237585 1.8
      vertex 5.480686855020092 4.74736563069457 1.8
      vertex 5.585400645782259 4.721136191556447 1.8
    endloop
  endfacet
  facet normal 0 0 1
    outer loop
      vertex 5.10216738741999 4.949688501300989 1.8
      vertex 5.188872743678438 4.8853834264672 1.8
      vertex 5.585400645782259 4.721136191556447 1.8
    endloop
  endfacet
  facet normal 0 0 1
    outer loop
      vertex 5.10216738741999 4.949688501300989 1.8
      vertex 5.585400645782259 4.721136191556447 1.8
      vertex 5.022182540694797 5.022182540694797 1.8
    endloop
  endfacet
  facet normal 0 0 1
    outer loop
      vertex 5.022182540694797 5.022182540694797 1.8
      vertex 5.585400645782259 4.721136191556447 1.8
      vertex 4.949688501300989 5.10216738741999 1.8
    endloop
  endfacet
  facet normal 0 0 1
    outer loop
      vertex 5.188872743678438 4.8853834264672 1.8
      vertex 5.281463589491402 4.82988660921681 1.8
      vertex 5.585400645782259 4.721136191556447 1.8
    endloop
  endfacet
  facet normal 0 0 1
    outer loop
      vertex 5.585400645782259 4.721136191556447 1.8
      vertex 4.8853834264672 5.188872743678438 1.8
      vertex 4.949688501300989 5.10216738741999 1.8
    endloop
  endfacet
  facet normal 0 0 1
    outer loop
      vertex 5.585400645782259 4.721136191556447 1.8
      vertex 4.82988660921681 5.281463589491402 1.8
      vertex 4.8853834264672 5.188872743678438 1.8
    endloop
  endfacet
  facet normal 0 0 1
    outer loop
      vertex 5.585400645782259 4.721136191556447 1.8
      vertex 4.783732514237585 5.379048224398401 1.8
      vertex 4.82988660921681 5.281463589491402 1.8
    endloop
  endfacet
  facet normal 0 0 1
    outer loop
      vertex 5.585400645782259 4.721136191556447 1.8
      vertex 4.74736563069457 5.480686855020092 1.8
      vertex 4.783732514237585 5.379048224398401 1.8
    endloop
  endfacet
  facet normal 0 0 1
    outer loop
      vertex 5.585400645782259 4.721136191556447 1.8
      vertex 4.721136191556447 5.585400645782259 1.8
      vertex 4.74736563069457 5.480686855020092 1.8
    endloop
  endfacet
  facet normal 0 0 1
    outer loop
      vertex 5.585400645782259 4.721136191556447 1.8
      vertex 5.692181145637483 4.705296800660583 1.8
      vertex 6.318536410508598 6.77011339078319 1.8
    endloop
  endfacet
  facet normal 0 0 1
    outer loop
      vertex 5.692181145637483 4.705296800660583 1.8
      vertex 5.8 4.699999999999999 1.8
      vertex 6.411127256321562 6.714616573532799 1.8
    endloop
  endfacet
  facet normal 0 0 1
    outer loop
      vertex 5.8 4.699999999999999 1.8
      vertex 5.9078188543625165 4.705296800660583 1.8
      vertex 6.411127256321562 6.714616573532799 1.8
    endloop
  endfacet
  facet normal 0 0 1
    outer loop
      vertex 5.9078188543625165 4.705296800660583 1.8
      vertex 6.014599354217741 4.721136191556447 1.8
      vertex 6.49783261258001 6.65031149869901 1.8
    endloop
  endfacet
  facet normal 0 0 1
    outer loop
      vertex 5.585400645782259 4.721136191556447 1.8
      vertex 4.74736563069457 6.119313144979908 1.8
      vertex 4.721136191556447 6.014599354217741 1.8
    endloop
  endfacet
  facet normal 0 0 1
    outer loop
      vertex 5.585400645782259 4.721136191556447 1.8
      vertex 4.783732514237585 6.220951775601598 1.8
      vertex 4.74736563069457 6.119313144979908 1.8
    endloop
  endfacet
  facet normal 0 0 1
    outer loop
      vertex 5.585400645782259 4.721136191556447 1.8
      vertex 4.82988660921681 6.318536410508598 1.8
      vertex 4.783732514237585 6.220951775601598 1.8
    endloop
  endfacet
  facet normal 0 0 1
    outer loop
      vertex 5.585400645782259 4.721136191556447 1.8
      vertex 4.8853834264672 6.411127256321562 1.8
      vertex 4.82988660921681 6.318536410508598 1.8
    endloop
  endfacet
  facet normal 0 0 1
    outer loop
      vertex 6.014599354217741 4.721136191556447 1.8
      vertex 6.119313144979908 4.74736563069457 1.8
      vertex 6.65031149869901 6.49783261258001 1.8
    endloop
  endfacet
  facet normal 0 0 1
    outer loop
      vertex 6.119313144979908 4.74736563069457 1.8
      vertex 6.220951775601598 4.783732514237585 1.8
      vertex 6.714616573532799 6.411127256321562 1.8
    endloop
  endfacet
  facet normal 0 0 1
    outer loop
      vertex 6.220951775601598 4.783732514237585 1.8
      vertex 6.318536410508598 4.82988660921681 1.8
      vertex 6.77011339078319 6.318536410508598 1.8
    endloop
  endfacet
  facet normal 0 0 1
    outer loop
      vertex 6.318536410508598 4.82988660921681 1.8
      vertex 6.411127256321562 4.8853834264672 1.8
      vertex 6.77011339078319 6.318536410508598 1.8
    endloop
  endfacet
  facet normal 0 0 1
    outer loop
      vertex 6.411127256321562 4.8853834264672 1.8
      vertex 6.49783261258001 4.949688501300989 1.8
      vertex 6.85263436930543 6.119313144979908 1.8
    endloop
  endfacet
  facet normal 0 0 1
    outer loop
      vertex 6.49783261258001 4.949688501300989 1.8
      vertex 6.577817459305202 5.022182540694797 1.8
      vertex 6.878863808443553 6.014599354217741 1.8
    endloop
  endfacet
  facet normal 0 0 1
    outer loop
      vertex 6.577817459305202 5.022182540694797 1.8
      vertex 6.65031149869901 5.10216738741999 1.8
      vertex 6.878863808443553 6.014599354217741 1.8
    endloop
  endfacet
  facet normal 0 0 1
    outer loop
      vertex 6.65031149869901 5.10216738741999 1.8
      vertex 6.714616573532799 5.188872743678438 1.8
      vertex 6.9 5.8 1.8
    endloop
  endfacet
  facet normal 0 0 1
    outer loop
      vertex 6.714616573532799 5.188872743678438 1.8
      vertex 6.77011339078319 5.281463589491402 1.8
      vertex 6.894703199339417 5.692181145637483 1.8
    endloop
  endfacet
  facet normal 0 0 1
    outer loop
      vertex 6.77011339078319 5.281463589491402 1.8
      vertex 6.816267485762415 5.379048224398401 1.8
      vertex 6.894703199339417 5.692181145637483 1.8
    endloop
  endfacet
  facet normal 0 0 1
    outer loop
      vertex 6.816267485762415 5.379048224398401 1.8
      vertex 6.85263436930543 5.480686855020092 1.8
      vertex 6.878863808443553 5.585400645782259 1.8
    endloop
  endfacet
  facet normal 0 0 1
    outer loop
      vertex 6.816267485762415 5.379048224398401 1.8
      vertex 6.878863808443553 5.585400645782259 1.8
      vertex 6.894703199339417 5.692181145637483 1.8
    endloop
  endfacet
  facet normal 0 0 1
    outer loop
      vertex 6.714616573532799 5.188872743678438 1.8
      vertex 6.894703199339417 5.692181145637483 1.8
      vertex 6.9 5.8 1.8
    endloop
  endfacet
  facet normal 0 0 1
    outer loop
      vertex 6.65031149869901 5.10216738741999 1.8
      vertex 6.9 5.8 1.8
      vertex 6.894703199339417 5.9078188543625165 1.8
    endloop
  endfacet
  facet normal 0 0 1
    outer loop
      vertex 6.49783261258001 4.949688501300989 1.8
      vertex 6.878863808443553 6.014599354217741 1.8
      vertex 6.85263436930543 6.119313144979908 1.8
    endloop
  endfacet
  facet normal 0 0 1
    outer loop
      vertex 6.65031149869901 5.10216738741999 1.8
      vertex 6.894703199339417 5.9078188543625165 1.8
      vertex 6.878863808443553 6.014599354217741 1.8
    endloop
  endfacet
  facet normal 0 0 1
    outer loop
      vertex 6.411127256321562 4.8853834264672 1.8
      vertex 6.85263436930543 6.119313144979908 1.8
      vertex 6.816267485762415 6.220951775601598 1.8
    endloop
  endfacet
  facet normal 0 0 1
    outer loop
      vertex 6.411127256321562 4.8853834264672 1.8
      vertex 6.816267485762415 6.220951775601598 1.8
      vertex 6.77011339078319 6.318536410508598 1.8
    endloop
  endfacet
  facet normal 0 0 1
    outer loop
      vertex 5.585400645782259 4.721136191556447 1.8
      vertex 4.949688501300989 6.49783261258001 1.8
      vertex 4.8853834264672 6.411127256321562 1.8
    endloop
  endfacet
  facet normal 0 0 1
    outer loop
      vertex 5.585400645782259 4.721136191556447 1.8
      vertex 5.022182540694797 6.577817459305202 1.8
      vertex 4.949688501300989 6.49783261258001 1.8
    endloop
  endfacet
  facet normal 0 0 1
    outer loop
      vertex 5.585400645782259 4.721136191556447 1.8
      vertex 5.10216738741999 6.65031149869901 1.8
      vertex 5.022182540694797 6.577817459305202 1.8
    endloop
  endfacet
  facet normal 0 0 1
    outer loop
      vertex 5.585400645782259 4.721136191556447 1.8
      vertex 5.188872743678438 6.714616573532799 1.8
      vertex 5.10216738741999 6.65031149869901 1.8
    endloop
  endfacet
  facet normal 0 0 1
    outer loop
      vertex 5.585400645782259 4.721136191556447 1.8
      vertex 5.281463589491402 6.77011339078319 1.8
      vertex 5.188872743678438 6.714616573532799 1.8
    endloop
  endfacet
  facet normal 0 0 1
    outer loop
      vertex 5.585400645782259 4.721136191556447 1.8
      vertex 5.379048224398401 6.816267485762415 1.8
      vertex 5.281463589491402 6.77011339078319 1.8
    endloop
  endfacet
  facet normal 0 0 1
    outer loop
      vertex 5.585400645782259 4.721136191556447 1.8
      vertex 5.480686855020092 6.85263436930543 1.8
      vertex 5.379048224398401 6.816267485762415 1.8
    endloop
  endfacet
  facet normal 0 0 1
    outer loop
      vertex 5.585400645782259 4.721136191556447 1.8
      vertex 5.585400645782259 6.878863808443553 1.8
      vertex 5.480686855020092 6.85263436930543 1.8
    endloop
  endfacet
  facet normal 0 0 1
    outer loop
      vertex 5.585400645782259 4.721136191556447 1.8
      vertex 5.692181145637483 6.894703199339417 1.8
      vertex 5.585400645782259 6.878863808443553 1.8
    endloop
  endfacet
  facet normal 0 0 1
    outer loop
      vertex 5.585400645782259 4.721136191556447 1.8
      vertex 5.8 6.9 1.8
      vertex 5.692181145637483 6.894703199339417 1.8
    endloop
  endfacet
  facet normal 0 0 1
    outer loop
      vertex 5.585400645782259 4.721136191556447 1.8
      vertex 5.9078188543625165 6.894703199339417 1.8
      vertex 5.8 6.9 1.8
    endloop
  endfacet
  facet normal 0 0 1
    outer loop
      vertex 5.585400645782259 4.721136191556447 1.8
      vertex 6.014599354217741 6.878863808443553 1.8
      vertex 5.9078188543625165 6.894703199339417 1.8
    endloop
  endfacet
  facet normal 0 0 1
    outer loop
      vertex 5.585400645782259 4.721136191556447 1.8
      vertex 6.119313144979908 6.85263436930543 1.8
      vertex 6.014599354217741 6.878863808443553 1.8
    endloop
  endfacet
  facet normal 0 0 1
    outer loop
      vertex 5.585400645782259 4.721136191556447 1.8
      vertex 6.220951775601598 6.816267485762415 1.8
      vertex 6.119313144979908 6.85263436930543 1.8
    endloop
  endfacet
  facet normal 0 0 1
    outer loop
      vertex 5.585400645782259 4.721136191556447 1.8
      vertex 6.318536410508598 6.77011339078319 1.8
      vertex 6.220951775601598 6.816267485762415 1.8
    endloop
  endfacet
  facet normal 0 0 1
    outer loop
      vertex 5.692181145637483 4.705296800660583 1.8
      vertex 6.411127256321562 6.714616573532799 1.8
      vertex 6.318536410508598 6.77011339078319 1.8
    endloop
  endfacet
  facet normal 0 0 1
    outer loop
      vertex 6.220951775601598 4.783732514237585 1.8
      vertex 6.77011339078319 6.318536410508598 1.8
      vertex 6.714616573532799 6.411127256321562 1.8
    endloop
  endfacet
  facet normal 0 0 1
    outer loop
      vertex 6.119313144979908 4.74736563069457 1.8
      vertex 6.714616573532799 6.411127256321562 1.8
      vertex 6.65031149869901 6.49783261258001 1.8
    endloop
  endfacet
  facet normal 0 0 1
    outer loop
      vertex 6.014599354217741 4.721136191556447 1.8
      vertex 6.65031149869901 6.49783261258001 1.8
      vertex 6.577817459305202 6.577817459305202 1.8
    endloop
  endfacet
  facet normal 0 0 1
    outer loop
      vertex 5.9078188543625165 4.705296800660583 1.8
      vertex 6.49783261258001 6.65031149869901 1.8
      vertex 6.411127256321562 6.714616573532799 1.8
    endloop
  endfacet
  facet normal 0 0 1
    outer loop
      vertex 6.014599354217741 4.721136191556447 1.8
      vertex 6.577817459305202 6.577817459305202 1.8
      vertex 6.49783261258001 6.65031149869901 1.8
    endloop
  endfacet
  facet normal 1 0 0
    outer loop
      vertex 1.8 1.8 1.8
      vertex 1.8 8.3 2.3
      vertex 1.8 8.3 7.3
    endloop
  endfacet
  facet normal 1 0 0
    outer loop
      vertex 1.8 1.8 1.8
      vertex 1.8 18.3 2.3
      vertex 1.8 8.3 2.3
    endloop
  endfacet
  facet normal 0 0 1
    outer loop
      vertex 1.8 1.8 1.8
      vertex 3.560834364987557 5.579461434258488 1.8
      vertex 1.8 24.8 1.8
    endloop
  endfacet
  facet normal 0 0 1
    outer loop
      vertex 3.5932331190927314 6.238953224536289 1.8
      vertex 3.64688424460253 6.45314052382254 1.8
      vertex 3.64688424460253 20.14685947617746 1.8
    endloop
  endfacet
  facet normal 0 0 1
    outer loop
      vertex 3.64688424460253 6.45314052382254 1.8
      vertex 3.721271051849605 6.661037722821452 1.8
      vertex 3.64688424460253 20.14685947617746 1.8
    endloop
  endfacet
  facet normal 0 0 1
    outer loop
      vertex 3.721271051849605 6.661037722821452 1.8
      vertex 3.8156771552162008 6.860642657858494 1.8
      vertex 3.8156771552162008 19.739357342141506 1.8
    endloop
  endfacet
  facet normal 0 0 1
    outer loop
      vertex 3.8156771552162008 6.860642657858494 1.8
      vertex 3.929193372319273 7.0500330242941045 1.8
      vertex 3.929193372319273 19.549966975705896 1.8
    endloop
  endfacet
  facet normal 0 0 1
    outer loop
      vertex 3.929193372319273 7.0500330242941045 1.8
      vertex 4.060726479933842 7.227384889368202 1.8
      vertex 4.060726479933842 19.3726151106318 1.8
    endloop
  endfacet
  facet normal 0 0 1
    outer loop
      vertex 4.060726479933842 7.227384889368202 1.8
      vertex 4.2090097423302675 7.390990257669732 1.8
      vertex 4.060726479933842 19.3726151106318 1.8
    endloop
  endfacet
  facet normal 0 0 1
    outer loop
      vertex 4.2090097423302675 7.390990257669732 1.8
      vertex 4.372615110631798 7.539273520066158 1.8
      vertex 4.372615110631798 19.06072647993384 1.8
    endloop
  endfacet
  facet normal 0 0 1
    outer loop
      vertex 4.372615110631798 7.539273520066158 1.8
      vertex 4.549966975705895 7.670806627680727 1.8
      vertex 4.372615110631798 19.06072647993384 1.8
    endloop
  endfacet
  facet normal 0 0 1
    outer loop
      vertex 4.549966975705895 7.670806627680727 1.8
      vertex 4.739357342141505 7.784322844783799 1.8
      vertex 4.739357342141505 18.815677155216203 1.8
    endloop
  endfacet
  facet normal 0 0 1
    outer loop
      vertex 4.739357342141505 7.784322844783799 1.8
      vertex 4.938962277178548 7.878728948150394 1.8
      vertex 4.938962277178548 18.721271051849605 1.8
    endloop
  endfacet
  facet normal 0 0 1
    outer loop
      vertex 1.8 24.8 1.8
      vertex 3.560834364987557 5.579461434258488 1.8
      vertex 3.55 5.8 1.8
    endloop
  endfacet
  facet normal 0 0 1
    outer loop
      vertex 1.8 24.8 1.8
      vertex 3.55 5.8 1.8
      vertex 3.560834364987557 6.020538565741512 1.8
    endloop
  endfacet
  facet normal 0 0 1
    outer loop
      vertex 1.8 24.8 1.8
      vertex 3.560834364987557 6.020538565741512 1.8
      vertex 3.5932331190927314 6.238953224536289 1.8
    endloop
  endfacet
  facet normal 0 0 1
    outer loop
      vertex 4.938962277178548 7.878728948150394 1.8
      vertex 5.146859476177459 7.953115755397469 1.8
      vertex 4.938962277178548 18.721271051849605 1.8
    endloop
  endfacet
  facet normal 0 0 1
    outer loop
      vertex 5.146859476177459 7.953115755397469 1.8
      vertex 5.361046775463711 8.006766880907268 1.8
      vertex 5.361046775463711 18.593233119092734 1.8
    endloop
  endfacet
  facet normal 0 0 1
    outer loop
      vertex 5.361046775463711 8.006766880907268 1.8
      vertex 5.579461434258488 8.039165635012443 1.8
      vertex 5.579461434258488 18.560834364987556 1.8
    endloop
  endfacet
  facet normal 0 0 1
    outer loop
      vertex 5.579461434258488 8.039165635012443 1.8
      vertex 5.8 8.05 1.8
      vertex 5.579461434258488 18.560834364987556 1.8
    endloop
  endfacet
  facet normal 0 0 1
    outer loop
      vertex 5.8 8.05 1.8
      vertex 6.020538565741512 8.039165635012443 1.8
      vertex 6.020538565741512 18.560834364987556 1.8
    endloop
  endfacet
  facet normal 0 0 1
    outer loop
      vertex 1.8 1.8 1.8
      vertex 49.7393573421415 3.8156771552162008 1.8
      vertex 49.54996697570589 3.929193372319273 1.8
    endloop
  endfacet
  facet normal 0 0 1
    outer loop
      vertex 1.8 1.8 1.8
      vertex 49.54996697570589 3.929193372319273 1.8
      vertex 49.37261511063179 4.060726479933842 1.8
    endloop
  endfacet
  facet normal 0 0 1
    outer loop
      vertex 1.8 1.8 1.8
      vertex 49.93896227717855 3.721271051849605 1.8
      vertex 49.7393573421415 3.8156771552162008 1.8
    endloop
  endfacet
  facet normal 0 0 1
    outer loop
      vertex 1.8 1.8 1.8
      vertex 50.146859476177454 3.64688424460253 1.8
      vertex 49.93896227717855 3.721271051849605 1.8
    endloop
  endfacet
  facet normal 0 0 1
    outer loop
      vertex 1.8 1.8 1.8
      vertex 50.361046775463706 3.5932331190927314 1.8
      vertex 50.146859476177454 3.64688424460253 1.8
    endloop
  endfacet
  facet normal 0 0 1
    outer loop
      vertex 1.8 1.8 1.8
      vertex 50.579461434258484 3.560834364987557 1.8
      vertex 50.361046775463706 3.5932331190927314 1.8
    endloop
  endfacet
  facet normal 0 0 1
    outer loop
      vertex 1.8 1.8 1.8
      vertex 50.8 3.55 1.8
      vertex 50.579461434258484 3.560834364987557 1.8
    endloop
  endfacet
  facet normal 0 0 1
    outer loop
      vertex 1.8 1.8 1.8
      vertex 56.3 2.8 1.8
      vertex 50.8 3.55 1.8
    endloop
  endfacet
  facet normal 0 0 1
    outer loop
      vertex 1.8 1.8 1.8
      vertex 49.37261511063179 4.060726479933842 1.8
      vertex 49.20900974233027 4.2090097423302675 1.8
    endloop
  endfacet
  facet normal 0 0 1
    outer loop
      vertex 1.8 1.8 1.8
      vertex 49.20900974233027 4.2090097423302675 1.8
      vertex 49.06072647993384 4.372615110631798 1.8
    endloop
  endfacet
  facet normal 0 0 1
    outer loop
      vertex 1.8 1.8 1.8
      vertex 49.06072647993384 4.372615110631798 1.8
      vertex 48.92919337231927 4.549966975705895 1.8
    endloop
  endfacet
  facet normal 0 0 1
    outer loop
      vertex 1.8 1.8 1.8
      vertex 48.92919337231927 4.549966975705895 1.8
      vertex 48.8156771552162 4.739357342141505 1.8
    endloop
  endfacet
  facet normal 0 0 1
    outer loop
      vertex 1.8 1.8 1.8
      vertex 48.8156771552162 4.739357342141505 1.8
      vertex 48.721271051849605 4.938962277178548 1.8
    endloop
  endfacet
  facet normal 0 0 1
    outer loop
      vertex 1.8 1.8 1.8
      vertex 48.721271051849605 4.938962277178548 1.8
      vertex 48.646884244602525 5.146859476177459 1.8
    endloop
  endfacet
  facet normal 0 0 1
    outer loop
      vertex 1.8 1.8 1.8
      vertex 48.646884244602525 5.146859476177459 1.8
      vertex 48.59323311909273 5.361046775463711 1.8
    endloop
  endfacet
  facet normal 0 0 1
    outer loop
      vertex 1.8 1.8 1.8
      vertex 48.59323311909273 5.361046775463711 1.8
      vertex 48.56083436498756 5.579461434258488 1.8
    endloop
  endfacet
  facet normal 0 0 1
    outer loop
      vertex 1.8 1.8 1.8
      vertex 48.56083436498756 5.579461434258488 1.8
      vertex 48.55 5.8 1.8
    endloop
  endfacet
  facet normal 0 0 1
    outer loop
      vertex 1.8 1.8 1.8
      vertex 48.55 5.8 1.8
      vertex 48.56083436498756 6.020538565741512 1.8
    endloop
  endfacet
  facet normal 0 0 1
    outer loop
      vertex 1.8 1.8 1.8
      vertex 48.56083436498756 6.020538565741512 1.8
      vertex 48.59323311909273 6.238953224536289 1.8
    endloop
  endfacet
  facet normal 0 0 1
    outer loop
      vertex 1.8 1.8 1.8
      vertex 48.59323311909273 6.238953224536289 1.8
      vertex 48.646884244602525 6.45314052382254 1.8
    endloop
  endfacet
  facet normal 0 0 1
    outer loop
      vertex 1.8 1.8 1.8
      vertex 48.646884244602525 6.45314052382254 1.8
      vertex 48.721271051849605 6.661037722821452 1.8
    endloop
  endfacet
  facet normal 0 0 1
    outer loop
      vertex 1.8 1.8 1.8
      vertex 48.721271051849605 6.661037722821452 1.8
      vertex 48.8156771552162 6.860642657858494 1.8
    endloop
  endfacet
  facet normal 0 0 1
    outer loop
      vertex 1.8 1.8 1.8
      vertex 48.8156771552162 6.860642657858494 1.8
      vertex 48.92919337231927 7.0500330242941045 1.8
    endloop
  endfacet
  facet normal 0 0 1
    outer loop
      vertex 1.8 1.8 1.8
      vertex 48.92919337231927 7.0500330242941045 1.8
      vertex 49.06072647993384 7.227384889368202 1.8
    endloop
  endfacet
  facet normal 0 0 1
    outer loop
      vertex 1.8 1.8 1.8
      vertex 49.06072647993384 7.227384889368202 1.8
      vertex 49.20900974233027 7.390990257669732 1.8
    endloop
  endfacet
  facet normal 0 0 1
    outer loop
      vertex 1.8 1.8 1.8
      vertex 49.20900974233027 7.390990257669732 1.8
      vertex 49.37261511063179 7.539273520066158 1.8
    endloop
  endfacet
  facet normal 0 0 1
    outer loop
      vertex 1.8 1.8 1.8
      vertex 49.37261511063179 7.539273520066158 1.8
      vertex 49.54996697570589 7.670806627680727 1.8
    endloop
  endfacet
  facet normal 0 0 1
    outer loop
      vertex 1.8 1.8 1.8
      vertex 49.54996697570589 7.670806627680727 1.8
      vertex 49.7393573421415 7.784322844783799 1.8
    endloop
  endfacet
  facet normal 0 0 1
    outer loop
      vertex 1.8 1.8 1.8
      vertex 49.7393573421415 7.784322844783799 1.8
      vertex 49.93896227717855 7.878728948150394 1.8
    endloop
  endfacet
  facet normal 0 0 1
    outer loop
      vertex 1.8 1.8 1.8
      vertex 49.93896227717855 7.878728948150394 1.8
      vertex 50.146859476177454 7.953115755397469 1.8
    endloop
  endfacet
  facet normal 0 0 1
    outer loop
      vertex 1.8 1.8 1.8
      vertex 50.146859476177454 7.953115755397469 1.8
      vertex 50.361046775463706 8.006766880907268 1.8
    endloop
  endfacet
  facet normal 0 0 1
    outer loop
      vertex 1.8 1.8 1.8
      vertex 50.361046775463706 8.006766880907268 1.8
      vertex 50.579461434258484 8.039165635012443 1.8
    endloop
  endfacet
  facet normal 0 1 0
    outer loop
      vertex 1.8 1.8 1.8
      vertex 1.8 1.8 15
      vertex 78.3 1.8 1.8
    endloop
  endfacet
  facet normal 0 0 1
    outer loop
      vertex 1.8 1.8 1.8
      vertex 56.3 18.18562091503268 1.8
      vertex 6.661037722821452 3.721271051849605 1.8
    endloop
  endfacet
  facet normal 0 0 1
    outer loop
      vertex 6.661037722821452 3.721271051849605 1.8
      vertex 56.3 18.18562091503268 1.8
      vertex 6.860642657858494 3.8156771552162008 1.8
    endloop
  endfacet
  facet normal 0 0 1
    outer loop
      vertex 6.860642657858494 3.8156771552162008 1.8
      vertex 56.3 18.18562091503268 1.8
      vertex 7.0500330242941045 3.929193372319273 1.8
    endloop
  endfacet
  facet normal 0 0 1
    outer loop
      vertex 7.0500330242941045 3.929193372319273 1.8
      vertex 56.3 18.18562091503268 1.8
      vertex 7.227384889368202 4.060726479933842 1.8
    endloop
  endfacet
  facet normal 0 0 1
    outer loop
      vertex 7.227384889368202 4.060726479933842 1.8
      vertex 56.3 18.18562091503268 1.8
      vertex 7.390990257669732 4.2090097423302675 1.8
    endloop
  endfacet
  facet normal 0 0 1
    outer loop
      vertex 7.390990257669732 4.2090097423302675 1.8
      vertex 56.3 18.18562091503268 1.8
      vertex 7.539273520066158 4.372615110631798 1.8
    endloop
  endfacet
  facet normal 0 0 1
    outer loop
      vertex 7.539273520066158 4.372615110631798 1.8
      vertex 56.3 18.18562091503268 1.8
      vertex 7.670806627680727 4.549966975705895 1.8
    endloop
  endfacet
  facet normal 0 0 1
    outer loop
      vertex 7.670806627680727 4.549966975705895 1.8
      vertex 56.3 18.18562091503268 1.8
      vertex 7.784322844783799 4.739357342141505 1.8
    endloop
  endfacet
  facet normal 0 0 1
    outer loop
      vertex 7.784322844783799 4.739357342141505 1.8
      vertex 56.3 18.18562091503268 1.8
      vertex 7.878728948150394 4.938962277178548 1.8
    endloop
  endfacet
  facet normal 0 0 1
    outer loop
      vertex 7.878728948150394 4.938962277178548 1.8
      vertex 56.3 18.18562091503268 1.8
      vertex 7.953115755397469 5.146859476177459 1.8
    endloop
  endfacet
  facet normal 0 0 1
    outer loop
      vertex 7.953115755397469 5.146859476177459 1.8
      vertex 56.3 18.18562091503268 1.8
      vertex 8.006766880907268 5.361046775463711 1.8
    endloop
  endfacet
  facet normal 0 0 1
    outer loop
      vertex 8.006766880907268 5.361046775463711 1.8
      vertex 56.3 18.18562091503268 1.8
      vertex 8.039165635012443 5.579461434258488 1.8
    endloop
  endfacet
  facet normal 0 0 1
    outer loop
      vertex 8.039165635012443 5.579461434258488 1.8
      vertex 56.3 18.18562091503268 1.8
      vertex 8.05 5.8 1.8
    endloop
  endfacet
  facet normal 0 0 1
    outer loop
      vertex 8.05 5.8 1.8
      vertex 56.3 18.18562091503268 1.8
      vertex 8.039165635012443 6.020538565741512 1.8
    endloop
  endfacet
  facet normal 0 0 1
    outer loop
      vertex 8.039165635012443 6.020538565741512 1.8
      vertex 56.3 18.18562091503268 1.8
      vertex 8.006766880907268 6.238953224536289 1.8
    endloop
  endfacet
  facet normal 0 0 1
    outer loop
      vertex 8.006766880907268 6.238953224536289 1.8
      vertex 56.3 18.18562091503268 1.8
      vertex 7.953115755397469 6.45314052382254 1.8
    endloop
  endfacet
  facet normal 0 0 1
    outer loop
      vertex 7.953115755397469 6.45314052382254 1.8
      vertex 56.3 18.18562091503268 1.8
      vertex 7.878728948150394 6.661037722821452 1.8
    endloop
  endfacet
  facet normal 0 0 1
    outer loop
      vertex 7.878728948150394 6.661037722821452 1.8
      vertex 56.3 18.18562091503268 1.8
      vertex 7.784322844783799 6.860642657858494 1.8
    endloop
  endfacet
  facet normal 0 0 1
    outer loop
      vertex 7.784322844783799 6.860642657858494 1.8
      vertex 56.3 18.18562091503268 1.8
      vertex 7.670806627680727 7.0500330242941045 1.8
    endloop
  endfacet
  facet normal 0 0 1
    outer loop
      vertex 7.539273520066158 7.227384889368202 1.8
      vertex 56.3 18.18562091503268 1.8
      vertex 7.390990257669732 7.390990257669732 1.8
    endloop
  endfacet
  facet normal 0 0 1
    outer loop
      vertex 6.860642657858494 7.784322844783799 1.8
      vertex 7.0500330242941045 7.670806627680727 1.8
      vertex 56.3 18.18562091503268 1.8
    endloop
  endfacet
  facet normal 0 0 1
    outer loop
      vertex 7.390990257669732 7.390990257669732 1.8
      vertex 56.3 18.18562091503268 1.8
      vertex 7.227384889368202 7.539273520066158 1.8
    endloop
  endfacet
  facet normal 0 0 1
    outer loop
      vertex 7.227384889368202 7.539273520066158 1.8
      vertex 56.3 18.18562091503268 1.8
      vertex 7.0500330242941045 7.670806627680727 1.8
    endloop
  endfacet
  facet normal 0 0 1
    outer loop
      vertex 6.238953224536289 8.006766880907268 1.8
      vertex 56.3 18.18562091503268 1.8
      vertex 6.020538565741512 8.039165635012443 1.8
    endloop
  endfacet
  facet normal 0 0 1
    outer loop
      vertex 6.238953224536289 8.006766880907268 1.8
      vertex 6.45314052382254 7.953115755397469 1.8
      vertex 56.3 18.18562091503268 1.8
    endloop
  endfacet
  facet normal 0 0 1
    outer loop
      vertex 6.661037722821452 7.878728948150394 1.8
      vertex 56.3 18.18562091503268 1.8
      vertex 6.45314052382254 7.953115755397469 1.8
    endloop
  endfacet
  facet normal 0 0 1
    outer loop
      vertex 6.860642657858494 7.784322844783799 1.8
      vertex 56.3 18.18562091503268 1.8
      vertex 6.661037722821452 7.878728948150394 1.8
    endloop
  endfacet
  facet normal 0 0 1
    outer loop
      vertex 7.670806627680727 7.0500330242941045 1.8
      vertex 56.3 18.18562091503268 1.8
      vertex 7.539273520066158 7.227384889368202 1.8
    endloop
  endfacet
  facet normal 0 0 1
    outer loop
      vertex 1.8 1.8 1.8
      vertex 50.579461434258484 8.039165635012443 1.8
      vertex 56.3 18.18562091503268 1.8
    endloop
  endfacet
  facet normal 1 0 0
    outer loop
      vertex 1.8 1.8 1.8
      vertex 1.8 8.3 7.3
      vertex 1.8 1.8 15
    endloop
  endfacet
  facet normal 1 0 0
    outer loop
      vertex 1.8 8.3 7.3
      vertex 1.8 24.8 15
      vertex 1.8 1.8 15
    endloop
  endfacet
  facet normal 0 0 1
    outer loop
      vertex 3.721271051849605 6.661037722821452 1.8
      vertex 3.8156771552162008 19.739357342141506 1.8
      vertex 3.721271051849605 19.93896227717855 1.8
    endloop
  endfacet
  facet normal 0 0 1
    outer loop
      vertex 3.5932331190927314 6.238953224536289 1.8
      vertex 3.64688424460253 20.14685947617746 1.8
      vertex 3.5932331190927314 20.361046775463713 1.8
    endloop
  endfacet
  facet normal 0 0 1
    outer loop
      vertex 3.721271051849605 6.661037722821452 1.8
      vertex 3.721271051849605 19.93896227717855 1.8
      vertex 3.64688424460253 20.14685947617746 1.8
    endloop
  endfacet
  facet normal 0 0 1
    outer loop
      vertex 3.929193372319273 7.0500330242941045 1.8
      vertex 4.060726479933842 19.3726151106318 1.8
      vertex 3.929193372319273 19.549966975705896 1.8
    endloop
  endfacet
  facet normal 0 0 1
    outer loop
      vertex 4.2090097423302675 7.390990257669732 1.8
      vertex 4.372615110631798 19.06072647993384 1.8
      vertex 4.2090097423302675 19.20900974233027 1.8
    endloop
  endfacet
  facet normal 0 0 1
    outer loop
      vertex 4.2090097423302675 7.390990257669732 1.8
      vertex 4.2090097423302675 19.20900974233027 1.8
      vertex 4.060726479933842 19.3726151106318 1.8
    endloop
  endfacet
  facet normal 0 0 1
    outer loop
      vertex 4.549966975705895 7.670806627680727 1.8
      vertex 4.739357342141505 18.815677155216203 1.8
      vertex 4.549966975705895 18.929193372319276 1.8
    endloop
  endfacet
  facet normal 0 0 1
    outer loop
      vertex 4.739357342141505 7.784322844783799 1.8
      vertex 4.938962277178548 18.721271051849605 1.8
      vertex 4.739357342141505 18.815677155216203 1.8
    endloop
  endfacet
  facet normal 0 0 1
    outer loop
      vertex 4.549966975705895 7.670806627680727 1.8
      vertex 4.549966975705895 18.929193372319276 1.8
      vertex 4.372615110631798 19.06072647993384 1.8
    endloop
  endfacet
  facet normal 0 0 1
    outer loop
      vertex 3.8156771552162008 6.860642657858494 1.8
      vertex 3.929193372319273 19.549966975705896 1.8
      vertex 3.8156771552162008 19.739357342141506 1.8
    endloop
  endfacet
  facet normal 0 0 1
    outer loop
      vertex 5.146859476177459 7.953115755397469 1.8
      vertex 5.361046775463711 18.593233119092734 1.8
      vertex 5.146859476177459 18.646884244602532 1.8
    endloop
  endfacet
  facet normal 0 0 1
    outer loop
      vertex 5.146859476177459 7.953115755397469 1.8
      vertex 5.146859476177459 18.646884244602532 1.8
      vertex 4.938962277178548 18.721271051849605 1.8
    endloop
  endfacet
  facet normal 0 0 1
    outer loop
      vertex 5.361046775463711 8.006766880907268 1.8
      vertex 5.579461434258488 18.560834364987556 1.8
      vertex 5.361046775463711 18.593233119092734 1.8
    endloop
  endfacet
  facet normal 0 0 1
    outer loop
      vertex 5.8 8.05 1.8
      vertex 5.8 18.55 1.8
      vertex 5.579461434258488 18.560834364987556 1.8
    endloop
  endfacet
  facet normal 0 0 1
    outer loop
      vertex 5.8 8.05 1.8
      vertex 6.020538565741512 18.560834364987556 1.8
      vertex 5.8 18.55 1.8
    endloop
  endfacet
  facet normal 0 0 1
    outer loop
      vertex 6.020538565741512 8.039165635012443 1.8
      vertex 6.238953224536289 18.593233119092734 1.8
      vertex 6.020538565741512 18.560834364987556 1.8
    endloop
  endfacet
  facet normal 0 0 1
    outer loop
      vertex 6.020538565741512 8.039165635012443 1.8
      vertex 6.45314052382254 18.646884244602532 1.8
      vertex 6.238953224536289 18.593233119092734 1.8
    endloop
  endfacet
  facet normal 1 0 0
    outer loop
      vertex 1.8 1.8 1.8
      vertex 1.8 24.8 1.8
      vertex 1.8 18.3 2.3
    endloop
  endfacet
  facet normal 0 0 1
    outer loop
      vertex 1.8 24.8 1.8
      vertex 3.5932331190927314 6.238953224536289 1.8
      vertex 3.5932331190927314 20.361046775463713 1.8
    endloop
  endfacet
  facet normal 0 0 1
    outer loop
      vertex 5.9078188543625165 19.705296800660584 1.8
      vertex 6.014599354217741 19.721136191556447 1.8
      vertex 6.816267485762415 20.379048224398403 1.8
    endloop
  endfacet
  facet normal 0 0 1
    outer loop
      vertex 6.014599354217741 19.721136191556447 1.8
      vertex 6.119313144979908 19.74736563069457 1.8
      vertex 6.816267485762415 20.379048224398403 1.8
    endloop
  endfacet
  facet normal 0 0 1
    outer loop
      vertex 1.8 24.8 1.8
      vertex 3.5932331190927314 20.361046775463713 1.8
      vertex 3.560834364987557 20.57946143425849 1.8
    endloop
  endfacet
  facet normal 0 0 1
    outer loop
      vertex 1.8 24.8 1.8
      vertex 3.560834364987557 20.57946143425849 1.8
      vertex 3.55 20.8 1.8
    endloop
  endfacet
  facet normal 0 0 1
    outer loop
      vertex 1.8 24.8 1.8
      vertex 3.55 20.8 1.8
      vertex 3.560834364987557 21.02053856574151 1.8
    endloop
  endfacet
  facet normal 0 0 1
    outer loop
      vertex 1.8 24.8 1.8
      vertex 3.560834364987557 21.02053856574151 1.8
      vertex 3.5932331190927314 21.23895322453629 1.8
    endloop
  endfacet
  facet normal 0 0 1
    outer loop
      vertex 1.8 24.8 1.8
      vertex 3.5932331190927314 21.23895322453629 1.8
      vertex 3.64688424460253 21.45314052382254 1.8
    endloop
  endfacet
  facet normal 0 0 1
    outer loop
      vertex 1.8 24.8 1.8
      vertex 3.64688424460253 21.45314052382254 1.8
      vertex 3.721271051849605 21.66103772282145 1.8
    endloop
  endfacet
  facet normal 0 0 1
    outer loop
      vertex 1.8 24.8 1.8
      vertex 3.721271051849605 21.66103772282145 1.8
      vertex 3.8156771552162008 21.860642657858495 1.8
    endloop
  endfacet
  facet normal 0 0 1
    outer loop
      vertex 1.8 24.8 1.8
      vertex 3.8156771552162008 21.860642657858495 1.8
      vertex 3.929193372319273 22.050033024294105 1.8
    endloop
  endfacet
  facet normal 0 0 1
    outer loop
      vertex 1.8 24.8 1.8
      vertex 3.929193372319273 22.050033024294105 1.8
      vertex 4.060726479933842 22.227384889368203 1.8
    endloop
  endfacet
  facet normal 0 0 1
    outer loop
      vertex 1.8 24.8 1.8
      vertex 4.060726479933842 22.227384889368203 1.8
      vertex 4.2090097423302675 22.39099025766973 1.8
    endloop
  endfacet
  facet normal 0 0 1
    outer loop
      vertex 1.8 24.8 1.8
      vertex 4.2090097423302675 22.39099025766973 1.8
      vertex 4.372615110631798 22.53927352006616 1.8
    endloop
  endfacet
  facet normal 0 0 1
    outer loop
      vertex 5.379048224398401 19.783732514237585 1.8
      vertex 5.480686855020092 19.74736563069457 1.8
      vertex 6.878863808443553 20.58540064578226 1.8
    endloop
  endfacet
  facet normal 0 0 1
    outer loop
      vertex 5.188872743678438 19.8853834264672 1.8
      vertex 5.281463589491402 19.82988660921681 1.8
      vertex 6.878863808443553 20.58540064578226 1.8
    endloop
  endfacet
  facet normal 0 0 1
    outer loop
      vertex 5.188872743678438 19.8853834264672 1.8
      vertex 6.878863808443553 20.58540064578226 1.8
      vertex 5.10216738741999 19.94968850130099 1.8
    endloop
  endfacet
  facet normal 0 0 1
    outer loop
      vertex 5.379048224398401 19.783732514237585 1.8
      vertex 6.878863808443553 20.58540064578226 1.8
      vertex 5.281463589491402 19.82988660921681 1.8
    endloop
  endfacet
  facet normal 0 0 1
    outer loop
      vertex 5.585400645782259 19.721136191556447 1.8
      vertex 6.878863808443553 20.58540064578226 1.8
      vertex 5.480686855020092 19.74736563069457 1.8
    endloop
  endfacet
  facet normal 0 0 1
    outer loop
      vertex 5.585400645782259 19.721136191556447 1.8
      vertex 5.692181145637483 19.705296800660584 1.8
      vertex 6.878863808443553 20.58540064578226 1.8
    endloop
  endfacet
  facet normal 0 0 1
    outer loop
      vertex 5.692181145637483 19.705296800660584 1.8
      vertex 5.8 19.7 1.8
      vertex 6.878863808443553 20.58540064578226 1.8
    endloop
  endfacet
  facet normal 0 0 1
    outer loop
      vertex 5.8 19.7 1.8
      vertex 5.9078188543625165 19.705296800660584 1.8
      vertex 6.878863808443553 20.58540064578226 1.8
    endloop
  endfacet
  facet normal 0 0 1
    outer loop
      vertex 5.10216738741999 19.94968850130099 1.8
      vertex 6.878863808443553 20.58540064578226 1.8
      vertex 5.022182540694797 20.0221825406948 1.8
    endloop
  endfacet
  facet normal 0 0 1
    outer loop
      vertex 5.022182540694797 20.0221825406948 1.8
      vertex 6.577817459305202 21.5778174593052 1.8
      vertex 4.949688501300989 20.10216738741999 1.8
    endloop
  endfacet
  facet normal 0 0 1
    outer loop
      vertex 4.949688501300989 20.10216738741999 1.8
      vertex 6.577817459305202 21.5778174593052 1.8
      vertex 4.8853834264672 20.188872743678438 1.8
    endloop
  endfacet
  facet normal 0 0 1
    outer loop
      vertex 4.8853834264672 20.188872743678438 1.8
      vertex 6.577817459305202 21.5778174593052 1.8
      vertex 4.82988660921681 20.281463589491402 1.8
    endloop
  endfacet
  facet normal 0 0 1
    outer loop
      vertex 4.82988660921681 20.281463589491402 1.8
      vertex 6.577817459305202 21.5778174593052 1.8
      vertex 4.783732514237585 20.379048224398403 1.8
    endloop
  endfacet
  facet normal 0 0 1
    outer loop
      vertex 5.022182540694797 20.0221825406948 1.8
      vertex 6.878863808443553 21.01459935421774 1.8
      vertex 6.85263436930543 21.11931314497991 1.8
    endloop
  endfacet
  facet normal 0 0 1
    outer loop
      vertex 6.119313144979908 19.74736563069457 1.8
      vertex 6.220951775601598 19.783732514237585 1.8
      vertex 6.816267485762415 20.379048224398403 1.8
    endloop
  endfacet
  facet normal 0 0 1
    outer loop
      vertex 6.220951775601598 19.783732514237585 1.8
      vertex 6.318536410508598 19.82988660921681 1.8
      vertex 6.816267485762415 20.379048224398403 1.8
    endloop
  endfacet
  facet normal 0 0 1
    outer loop
      vertex 6.318536410508598 19.82988660921681 1.8
      vertex 6.411127256321562 19.8853834264672 1.8
      vertex 6.816267485762415 20.379048224398403 1.8
    endloop
  endfacet
  facet normal 0 0 1
    outer loop
      vertex 6.411127256321562 19.8853834264672 1.8
      vertex 6.49783261258001 19.94968850130099 1.8
      vertex 6.816267485762415 20.379048224398403 1.8
    endloop
  endfacet
  facet normal 0 0 1
    outer loop
      vertex 6.577817459305202 20.0221825406948 1.8
      vertex 6.65031149869901 20.10216738741999 1.8
      vertex 6.714616573532799 20.188872743678438 1.8
    endloop
  endfacet
  facet normal 0 0 1
    outer loop
      vertex 6.49783261258001 19.94968850130099 1.8
      vertex 6.577817459305202 20.0221825406948 1.8
      vertex 6.816267485762415 20.379048224398403 1.8
    endloop
  endfacet
  facet normal 0 0 1
    outer loop
      vertex 5.9078188543625165 19.705296800660584 1.8
      vertex 6.816267485762415 20.379048224398403 1.8
      vertex 6.85263436930543 20.480686855020092 1.8
    endloop
  endfacet
  facet normal 0 0 1
    outer loop
      vertex 5.9078188543625165 19.705296800660584 1.8
      vertex 6.85263436930543 20.480686855020092 1.8
      vertex 6.878863808443553 20.58540064578226 1.8
    endloop
  endfacet
  facet normal 0 0 1
    outer loop
      vertex 6.577817459305202 20.0221825406948 1.8
      vertex 6.714616573532799 20.188872743678438 1.8
      vertex 6.77011339078319 20.281463589491402 1.8
    endloop
  endfacet
  facet normal 0 0 1
    outer loop
      vertex 6.577817459305202 20.0221825406948 1.8
      vertex 6.77011339078319 20.281463589491402 1.8
      vertex 6.816267485762415 20.379048224398403 1.8
    endloop
  endfacet
  facet normal 0 0 1
    outer loop
      vertex 5.022182540694797 20.0221825406948 1.8
      vertex 6.878863808443553 20.58540064578226 1.8
      vertex 6.894703199339417 20.692181145637484 1.8
    endloop
  endfacet
  facet normal 0 0 1
    outer loop
      vertex 5.022182540694797 20.0221825406948 1.8
      vertex 6.894703199339417 20.692181145637484 1.8
      vertex 6.9 20.8 1.8
    endloop
  endfacet
  facet normal 0 0 1
    outer loop
      vertex 5.022182540694797 20.0221825406948 1.8
      vertex 6.9 20.8 1.8
      vertex 6.894703199339417 20.907818854362517 1.8
    endloop
  endfacet
  facet normal 0 0 1
    outer loop
      vertex 5.022182540694797 20.0221825406948 1.8
      vertex 6.894703199339417 20.907818854362517 1.8
      vertex 6.878863808443553 21.01459935421774 1.8
    endloop
  endfacet
  facet normal 0 0 1
    outer loop
      vertex 4.721136191556447 20.58540064578226 1.8
      vertex 6.49783261258001 21.65031149869901 1.8
      vertex 4.705296800660583 20.692181145637484 1.8
    endloop
  endfacet
  facet normal 0 0 1
    outer loop
      vertex 4.783732514237585 20.379048224398403 1.8
      vertex 6.577817459305202 21.5778174593052 1.8
      vertex 4.74736563069457 20.480686855020092 1.8
    endloop
  endfacet
  facet normal 0 0 1
    outer loop
      vertex 4.74736563069457 20.480686855020092 1.8
      vertex 6.577817459305202 21.5778174593052 1.8
      vertex 4.721136191556447 20.58540064578226 1.8
    endloop
  endfacet
  facet normal 0 0 1
    outer loop
      vertex 4.699999999999999 20.8 1.8
      vertex 4.705296800660583 20.692181145637484 1.8
      vertex 6.49783261258001 21.65031149869901 1.8
    endloop
  endfacet
  facet normal 0 0 1
    outer loop
      vertex 4.699999999999999 20.8 1.8
      vertex 6.49783261258001 21.65031149869901 1.8
      vertex 4.705296800660583 20.907818854362517 1.8
    endloop
  endfacet
  facet normal 0 0 1
    outer loop
      vertex 4.705296800660583 20.907818854362517 1.8
      vertex 6.49783261258001 21.65031149869901 1.8
      vertex 4.721136191556447 21.01459935421774 1.8
    endloop
  endfacet
  facet normal 0 0 1
    outer loop
      vertex 5.022182540694797 20.0221825406948 1.8
      vertex 6.85263436930543 21.11931314497991 1.8
      vertex 6.816267485762415 21.2209517756016 1.8
    endloop
  endfacet
  facet normal 0 0 1
    outer loop
      vertex 5.022182540694797 20.0221825406948 1.8
      vertex 6.816267485762415 21.2209517756016 1.8
      vertex 6.77011339078319 21.3185364105086 1.8
    endloop
  endfacet
  facet normal 0 0 1
    outer loop
      vertex 5.022182540694797 20.0221825406948 1.8
      vertex 6.77011339078319 21.3185364105086 1.8
      vertex 6.714616573532799 21.411127256321564 1.8
    endloop
  endfacet
  facet normal 0 0 1
    outer loop
      vertex 5.022182540694797 20.0221825406948 1.8
      vertex 6.714616573532799 21.411127256321564 1.8
      vertex 6.65031149869901 21.497832612580012 1.8
    endloop
  endfacet
  facet normal 0 0 1
    outer loop
      vertex 5.022182540694797 20.0221825406948 1.8
      vertex 6.65031149869901 21.497832612580012 1.8
      vertex 6.577817459305202 21.5778174593052 1.8
    endloop
  endfacet
  facet normal 0 0 1
    outer loop
      vertex 4.721136191556447 21.01459935421774 1.8
      vertex 6.411127256321562 21.7146165735328 1.8
      vertex 4.74736563069457 21.11931314497991 1.8
    endloop
  endfacet
  facet normal 0 0 1
    outer loop
      vertex 4.74736563069457 21.11931314497991 1.8
      vertex 6.318536410508598 21.77011339078319 1.8
      vertex 4.783732514237585 21.2209517756016 1.8
    endloop
  endfacet
  facet normal 0 0 1
    outer loop
      vertex 4.783732514237585 21.2209517756016 1.8
      vertex 5.692181145637483 21.894703199339418 1.8
      vertex 4.82988660921681 21.3185364105086 1.8
    endloop
  endfacet
  facet normal 0 0 1
    outer loop
      vertex 4.82988660921681 21.3185364105086 1.8
      vertex 5.585400645782259 21.878863808443555 1.8
      vertex 4.8853834264672 21.411127256321564 1.8
    endloop
  endfacet
  facet normal 0 0 1
    outer loop
      vertex 4.8853834264672 21.411127256321564 1.8
      vertex 5.585400645782259 21.878863808443555 1.8
      vertex 4.949688501300989 21.497832612580012 1.8
    endloop
  endfacet
  facet normal 0 0 1
    outer loop
      vertex 4.721136191556447 20.58540064578226 1.8
      vertex 6.577817459305202 21.5778174593052 1.8
      vertex 6.49783261258001 21.65031149869901 1.8
    endloop
  endfacet
  facet normal 0 0 1
    outer loop
      vertex 4.721136191556447 21.01459935421774 1.8
      vertex 6.49783261258001 21.65031149869901 1.8
      vertex 6.411127256321562 21.7146165735328 1.8
    endloop
  endfacet
  facet normal 0 0 1
    outer loop
      vertex 4.783732514237585 21.2209517756016 1.8
      vertex 6.318536410508598 21.77011339078319 1.8
      vertex 6.220951775601598 21.816267485762417 1.8
    endloop
  endfacet
  facet normal 0 0 1
    outer loop
      vertex 4.74736563069457 21.11931314497991 1.8
      vertex 6.411127256321562 21.7146165735328 1.8
      vertex 6.318536410508598 21.77011339078319 1.8
    endloop
  endfacet
  facet normal 0 0 1
    outer loop
      vertex 4.949688501300989 21.497832612580012 1.8
      vertex 5.585400645782259 21.878863808443555 1.8
      vertex 5.022182540694797 21.5778174593052 1.8
    endloop
  endfacet
  facet normal 0 0 1
    outer loop
      vertex 5.022182540694797 21.5778174593052 1.8
      vertex 5.585400645782259 21.878863808443555 1.8
      vertex 5.10216738741999 21.65031149869901 1.8
    endloop
  endfacet
  facet normal 0 0 1
    outer loop
      vertex 5.10216738741999 21.65031149869901 1.8
      vertex 5.585400645782259 21.878863808443555 1.8
      vertex 5.188872743678438 21.7146165735328 1.8
    endloop
  endfacet
  facet normal 0 0 1
    outer loop
      vertex 5.188872743678438 21.7146165735328 1.8
      vertex 5.480686855020092 21.85263436930543 1.8
      vertex 5.281463589491402 21.77011339078319 1.8
    endloop
  endfacet
  facet normal 0 0 1
    outer loop
      vertex 4.82988660921681 21.3185364105086 1.8
      vertex 5.692181145637483 21.894703199339418 1.8
      vertex 5.585400645782259 21.878863808443555 1.8
    endloop
  endfacet
  facet normal 0 0 1
    outer loop
      vertex 4.783732514237585 21.2209517756016 1.8
      vertex 5.8 21.900000000000002 1.8
      vertex 5.692181145637483 21.894703199339418 1.8
    endloop
  endfacet
  facet normal 0 0 1
    outer loop
      vertex 4.783732514237585 21.2209517756016 1.8
      vertex 5.9078188543625165 21.894703199339418 1.8
      vertex 5.8 21.900000000000002 1.8
    endloop
  endfacet
  facet normal 0 0 1
    outer loop
      vertex 4.783732514237585 21.2209517756016 1.8
      vertex 6.014599354217741 21.878863808443555 1.8
      vertex 5.9078188543625165 21.894703199339418 1.8
    endloop
  endfacet
  facet normal 0 0 1
    outer loop
      vertex 5.281463589491402 21.77011339078319 1.8
      vertex 5.480686855020092 21.85263436930543 1.8
      vertex 5.379048224398401 21.816267485762417 1.8
    endloop
  endfacet
  facet normal 0 0 1
    outer loop
      vertex 5.188872743678438 21.7146165735328 1.8
      vertex 5.585400645782259 21.878863808443555 1.8
      vertex 5.480686855020092 21.85263436930543 1.8
    endloop
  endfacet
  facet normal 0 0 1
    outer loop
      vertex 4.783732514237585 21.2209517756016 1.8
      vertex 6.220951775601598 21.816267485762417 1.8
      vertex 6.119313144979908 21.85263436930543 1.8
    endloop
  endfacet
  facet normal 0 0 1
    outer loop
      vertex 4.783732514237585 21.2209517756016 1.8
      vertex 6.119313144979908 21.85263436930543 1.8
      vertex 6.014599354217741 21.878863808443555 1.8
    endloop
  endfacet
  facet normal 0 0 1
    outer loop
      vertex 1.8 24.8 1.8
      vertex 4.372615110631798 22.53927352006616 1.8
      vertex 4.549966975705895 22.670806627680726 1.8
    endloop
  endfacet
  facet normal 0 0 1
    outer loop
      vertex 1.8 24.8 1.8
      vertex 4.549966975705895 22.670806627680726 1.8
      vertex 4.739357342141505 22.784322844783798 1.8
    endloop
  endfacet
  facet normal 0 0 1
    outer loop
      vertex 1.8 24.8 1.8
      vertex 4.739357342141505 22.784322844783798 1.8
      vertex 4.938962277178548 22.878728948150396 1.8
    endloop
  endfacet
  facet normal 0 0 1
    outer loop
      vertex 1.8 24.8 1.8
      vertex 4.938962277178548 22.878728948150396 1.8
      vertex 5.146859476177459 22.95311575539747 1.8
    endloop
  endfacet
  facet normal 0 0 1
    outer loop
      vertex 1.8 24.8 1.8
      vertex 5.146859476177459 22.95311575539747 1.8
      vertex 5.361046775463711 23.006766880907268 1.8
    endloop
  endfacet
  facet normal 0 0 1
    outer loop
      vertex 1.8 24.8 1.8
      vertex 5.361046775463711 23.006766880907268 1.8
      vertex 5.579461434258488 23.039165635012445 1.8
    endloop
  endfacet
  facet normal 0 0 1
    outer loop
      vertex 1.8 24.8 1.8
      vertex 5.579461434258488 23.039165635012445 1.8
      vertex 5.8 23.05 1.8
    endloop
  endfacet
  facet normal 0 0 1
    outer loop
      vertex 1.8 24.8 1.8
      vertex 5.8 23.05 1.8
      vertex 6.020538565741512 23.039165635012445 1.8
    endloop
  endfacet
  facet normal 1 0 0
    outer loop
      vertex 1.8 18.3 2.3
      vertex 1.8 24.8 1.8
      vertex 1.8 18.3 7.3
    endloop
  endfacet
  facet normal 0 0 1
    outer loop
      vertex 6.020538565741512 8.039165635012443 1.8
      vertex 50.146859476177454 18.646884244602532 1.8
      vertex 6.45314052382254 18.646884244602532 1.8
    endloop
  endfacet
  facet normal 0 0 1
    outer loop
      vertex 6.45314052382254 18.646884244602532 1.8
      vertex 50.146859476177454 18.646884244602532 1.8
      vertex 6.661037722821452 18.721271051849605 1.8
    endloop
  endfacet
  facet normal 0 0 1
    outer loop
      vertex 6.661037722821452 18.721271051849605 1.8
      vertex 49.7393573421415 18.815677155216203 1.8
      vertex 6.860642657858494 18.815677155216203 1.8
    endloop
  endfacet
  facet normal 0 0 1
    outer loop
      vertex 6.860642657858494 18.815677155216203 1.8
      vertex 49.7393573421415 18.815677155216203 1.8
      vertex 7.0500330242941045 18.929193372319276 1.8
    endloop
  endfacet
  facet normal 0 0 1
    outer loop
      vertex 7.0500330242941045 18.929193372319276 1.8
      vertex 49.37261511063179 19.06072647993384 1.8
      vertex 7.227384889368202 19.06072647993384 1.8
    endloop
  endfacet
  facet normal 0 0 1
    outer loop
      vertex 7.227384889368202 19.06072647993384 1.8
      vertex 49.37261511063179 19.06072647993384 1.8
      vertex 7.390990257669732 19.20900974233027 1.8
    endloop
  endfacet
  facet normal 0 0 1
    outer loop
      vertex 7.390990257669732 19.20900974233027 1.8
      vertex 49.20900974233027 19.20900974233027 1.8
      vertex 7.539273520066158 19.3726151106318 1.8
    endloop
  endfacet
  facet normal 0 0 1
    outer loop
      vertex 7.539273520066158 19.3726151106318 1.8
      vertex 48.92919337231927 19.549966975705896 1.8
      vertex 7.670806627680727 19.549966975705896 1.8
    endloop
  endfacet
  facet normal 0 0 1
    outer loop
      vertex 7.670806627680727 19.549966975705896 1.8
      vertex 48.92919337231927 19.549966975705896 1.8
      vertex 7.784322844783799 19.739357342141506 1.8
    endloop
  endfacet
  facet normal 0 0 1
    outer loop
      vertex 7.784322844783799 19.739357342141506 1.8
      vertex 48.8156771552162 19.739357342141506 1.8
      vertex 7.878728948150394 19.93896227717855 1.8
    endloop
  endfacet
  facet normal 0 0 1
    outer loop
      vertex 6.020538565741512 8.039165635012443 1.8
      vertex 56.3 18.18562091503268 1.8
      vertex 51.23895322453629 18.593233119092734 1.8
    endloop
  endfacet
  facet normal 0 0 1
    outer loop
      vertex 6.020538565741512 8.039165635012443 1.8
      vertex 50.579461434258484 18.560834364987556 1.8
      vertex 50.361046775463706 18.593233119092734 1.8
    endloop
  endfacet
  facet normal 0 0 1
    outer loop
      vertex 6.020538565741512 8.039165635012443 1.8
      vertex 50.361046775463706 18.593233119092734 1.8
      vertex 50.146859476177454 18.646884244602532 1.8
    endloop
  endfacet
  facet normal 0 0 1
    outer loop
      vertex 6.020538565741512 8.039165635012443 1.8
      vertex 50.8 18.55 1.8
      vertex 50.579461434258484 18.560834364987556 1.8
    endloop
  endfacet
  facet normal 0 0 1
    outer loop
      vertex 6.020538565741512 8.039165635012443 1.8
      vertex 51.02053856574151 18.560834364987556 1.8
      vertex 50.8 18.55 1.8
    endloop
  endfacet
  facet normal 0 0 1
    outer loop
      vertex 6.020538565741512 8.039165635012443 1.8
      vertex 51.23895322453629 18.593233119092734 1.8
      vertex 51.02053856574151 18.560834364987556 1.8
    endloop
  endfacet
  facet normal 0 0 1
    outer loop
      vertex 6.661037722821452 18.721271051849605 1.8
      vertex 50.146859476177454 18.646884244602532 1.8
      vertex 49.93896227717855 18.721271051849605 1.8
    endloop
  endfacet
  facet normal 0 0 1
    outer loop
      vertex 6.661037722821452 18.721271051849605 1.8
      vertex 49.93896227717855 18.721271051849605 1.8
      vertex 49.7393573421415 18.815677155216203 1.8
    endloop
  endfacet
  facet normal 0 0 1
    outer loop
      vertex 7.0500330242941045 18.929193372319276 1.8
      vertex 49.7393573421415 18.815677155216203 1.8
      vertex 49.54996697570589 18.929193372319276 1.8
    endloop
  endfacet
  facet normal 0 0 1
    outer loop
      vertex 7.0500330242941045 18.929193372319276 1.8
      vertex 49.54996697570589 18.929193372319276 1.8
      vertex 49.37261511063179 19.06072647993384 1.8
    endloop
  endfacet
  facet normal 0 0 1
    outer loop
      vertex 7.390990257669732 19.20900974233027 1.8
      vertex 49.37261511063179 19.06072647993384 1.8
      vertex 49.20900974233027 19.20900974233027 1.8
    endloop
  endfacet
  facet normal 0 0 1
    outer loop
      vertex 7.539273520066158 19.3726151106318 1.8
      vertex 49.20900974233027 19.20900974233027 1.8
      vertex 49.06072647993384 19.3726151106318 1.8
    endloop
  endfacet
  facet normal 0 0 1
    outer loop
      vertex 7.539273520066158 19.3726151106318 1.8
      vertex 49.06072647993384 19.3726151106318 1.8
      vertex 48.92919337231927 19.549966975705896 1.8
    endloop
  endfacet
  facet normal 0 0 1
    outer loop
      vertex 7.784322844783799 19.739357342141506 1.8
      vertex 48.92919337231927 19.549966975705896 1.8
      vertex 48.8156771552162 19.739357342141506 1.8
    endloop
  endfacet
  facet normal 0 0 1
    outer loop
      vertex 7.878728948150394 19.93896227717855 1.8
      vertex 48.8156771552162 19.739357342141506 1.8
      vertex 48.721271051849605 19.93896227717855 1.8
    endloop
  endfacet
  facet normal 0 0 1
    outer loop
      vertex 7.878728948150394 19.93896227717855 1.8
      vertex 48.646884244602525 20.14685947617746 1.8
      vertex 7.953115755397469 20.14685947617746 1.8
    endloop
  endfacet
  facet normal 0 0 1
    outer loop
      vertex 7.953115755397469 20.14685947617746 1.8
      vertex 48.646884244602525 20.14685947617746 1.8
      vertex 8.006766880907268 20.361046775463713 1.8
    endloop
  endfacet
  facet normal 0 0 1
    outer loop
      vertex 8.006766880907268 20.361046775463713 1.8
      vertex 48.59323311909273 20.361046775463713 1.8
      vertex 8.039165635012443 20.57946143425849 1.8
    endloop
  endfacet
  facet normal 0 0 1
    outer loop
      vertex 8.039165635012443 20.57946143425849 1.8
      vertex 48.55 20.8 1.8
      vertex 8.05 20.8 1.8
    endloop
  endfacet
  facet normal 0 0 1
    outer loop
      vertex 8.05 20.8 1.8
      vertex 48.55 20.8 1.8
      vertex 8.039165635012443 21.02053856574151 1.8
    endloop
  endfacet
  facet normal 0 0 1
    outer loop
      vertex 8.039165635012443 21.02053856574151 1.8
      vertex 48.59323311909273 21.23895322453629 1.8
      vertex 8.006766880907268 21.23895322453629 1.8
    endloop
  endfacet
  facet normal 0 0 1
    outer loop
      vertex 8.006766880907268 21.23895322453629 1.8
      vertex 48.646884244602525 21.45314052382254 1.8
      vertex 7.953115755397469 21.45314052382254 1.8
    endloop
  endfacet
  facet normal 0 0 1
    outer loop
      vertex 7.953115755397469 21.45314052382254 1.8
      vertex 48.646884244602525 21.45314052382254 1.8
      vertex 7.878728948150394 21.66103772282145 1.8
    endloop
  endfacet
  facet normal 0 0 1
    outer loop
      vertex 7.878728948150394 21.66103772282145 1.8
      vertex 48.8156771552162 21.860642657858495 1.8
      vertex 7.784322844783799 21.860642657858495 1.8
    endloop
  endfacet
  facet normal 0 0 1
    outer loop
      vertex 7.784322844783799 21.860642657858495 1.8
      vertex 48.92919337231927 22.050033024294105 1.8
      vertex 7.670806627680727 22.050033024294105 1.8
    endloop
  endfacet
  facet normal 0 0 1
    outer loop
      vertex 7.670806627680727 22.050033024294105 1.8
      vertex 48.92919337231927 22.050033024294105 1.8
      vertex 7.539273520066158 22.227384889368203 1.8
    endloop
  endfacet
  facet normal 0 0 1
    outer loop
      vertex 7.390990257669732 22.39099025766973 1.8
      vertex 7.539273520066158 22.227384889368203 1.8
      vertex 49.06072647993384 22.227384889368203 1.8
    endloop
  endfacet
  facet normal 0 0 1
    outer loop
      vertex 7.227384889368202 22.53927352006616 1.8
      vertex 49.37261511063179 22.53927352006616 1.8
      vertex 7.0500330242941045 22.670806627680726 1.8
    endloop
  endfacet
  facet normal 0 0 1
    outer loop
      vertex 6.860642657858494 22.784322844783798 1.8
      vertex 7.0500330242941045 22.670806627680726 1.8
      vertex 49.54996697570589 22.670806627680726 1.8
    endloop
  endfacet
  facet normal 0 0 1
    outer loop
      vertex 6.860642657858494 22.784322844783798 1.8
      vertex 49.7393573421415 22.784322844783798 1.8
      vertex 6.661037722821452 22.878728948150396 1.8
    endloop
  endfacet
  facet normal 0 0 1
    outer loop
      vertex 6.238953224536289 23.006766880907268 1.8
      vertex 6.45314052382254 22.95311575539747 1.8
      vertex 50.146859476177454 22.95311575539747 1.8
    endloop
  endfacet
  facet normal 0 0 1
    outer loop
      vertex 6.661037722821452 22.878728948150396 1.8
      vertex 50.146859476177454 22.95311575539747 1.8
      vertex 6.45314052382254 22.95311575539747 1.8
    endloop
  endfacet
  facet normal 0 0 1
    outer loop
      vertex 7.390990257669732 22.39099025766973 1.8
      vertex 49.37261511063179 22.53927352006616 1.8
      vertex 7.227384889368202 22.53927352006616 1.8
    endloop
  endfacet
  facet normal 0 0 1
    outer loop
      vertex 1.8 24.8 1.8
      vertex 6.020538565741512 23.039165635012445 1.8
      vertex 78.3 24.8 1.8
    endloop
  endfacet
  facet normal 0 0 1
    outer loop
      vertex 7.878728948150394 19.93896227717855 1.8
      vertex 48.721271051849605 19.93896227717855 1.8
      vertex 48.646884244602525 20.14685947617746 1.8
    endloop
  endfacet
  facet normal 0 0 1
    outer loop
      vertex 8.006766880907268 20.361046775463713 1.8
      vertex 48.646884244602525 20.14685947617746 1.8
      vertex 48.59323311909273 20.361046775463713 1.8
    endloop
  endfacet
  facet normal 0 0 1
    outer loop
      vertex 8.039165635012443 20.57946143425849 1.8
      vertex 48.59323311909273 20.361046775463713 1.8
      vertex 48.56083436498756 20.57946143425849 1.8
    endloop
  endfacet
  facet normal 0 0 1
    outer loop
      vertex 8.039165635012443 20.57946143425849 1.8
      vertex 48.56083436498756 20.57946143425849 1.8
      vertex 48.55 20.8 1.8
    endloop
  endfacet
  facet normal 0 0 1
    outer loop
      vertex 8.039165635012443 21.02053856574151 1.8
      vertex 48.55 20.8 1.8
      vertex 48.56083436498756 21.02053856574151 1.8
    endloop
  endfacet
  facet normal 0 0 1
    outer loop
      vertex 8.039165635012443 21.02053856574151 1.8
      vertex 48.56083436498756 21.02053856574151 1.8
      vertex 48.59323311909273 21.23895322453629 1.8
    endloop
  endfacet
  facet normal 0 0 1
    outer loop
      vertex 8.006766880907268 21.23895322453629 1.8
      vertex 48.59323311909273 21.23895322453629 1.8
      vertex 48.646884244602525 21.45314052382254 1.8
    endloop
  endfacet
  facet normal 0 0 1
    outer loop
      vertex 7.878728948150394 21.66103772282145 1.8
      vertex 48.646884244602525 21.45314052382254 1.8
      vertex 48.721271051849605 21.66103772282145 1.8
    endloop
  endfacet
  facet normal 0 0 1
    outer loop
      vertex 7.878728948150394 21.66103772282145 1.8
      vertex 48.721271051849605 21.66103772282145 1.8
      vertex 48.8156771552162 21.860642657858495 1.8
    endloop
  endfacet
  facet normal 0 0 1
    outer loop
      vertex 7.784322844783799 21.860642657858495 1.8
      vertex 48.8156771552162 21.860642657858495 1.8
      vertex 48.92919337231927 22.050033024294105 1.8
    endloop
  endfacet
  facet normal 0 0 1
    outer loop
      vertex 7.539273520066158 22.227384889368203 1.8
      vertex 48.92919337231927 22.050033024294105 1.8
      vertex 49.06072647993384 22.227384889368203 1.8
    endloop
  endfacet
  facet normal 0 0 1
    outer loop
      vertex 7.390990257669732 22.39099025766973 1.8
      vertex 49.06072647993384 22.227384889368203 1.8
      vertex 49.20900974233027 22.39099025766973 1.8
    endloop
  endfacet
  facet normal 0 0 1
    outer loop
      vertex 7.390990257669732 22.39099025766973 1.8
      vertex 49.20900974233027 22.39099025766973 1.8
      vertex 49.37261511063179 22.53927352006616 1.8
    endloop
  endfacet
  facet normal 0 0 1
    outer loop
      vertex 7.0500330242941045 22.670806627680726 1.8
      vertex 49.37261511063179 22.53927352006616 1.8
      vertex 49.54996697570589 22.670806627680726 1.8
    endloop
  endfacet
  facet normal 0 0 1
    outer loop
      vertex 6.860642657858494 22.784322844783798 1.8
      vertex 49.54996697570589 22.670806627680726 1.8
      vertex 49.7393573421415 22.784322844783798 1.8
    endloop
  endfacet
  facet normal 0 0 1
    outer loop
      vertex 6.661037722821452 22.878728948150396 1.8
      vertex 49.7393573421415 22.784322844783798 1.8
      vertex 49.93896227717855 22.878728948150396 1.8
    endloop
  endfacet
  facet normal 0 0 1
    outer loop
      vertex 6.661037722821452 22.878728948150396 1.8
      vertex 49.93896227717855 22.878728948150396 1.8
      vertex 50.146859476177454 22.95311575539747 1.8
    endloop
  endfacet
  facet normal 0 0 1
    outer loop
      vertex 6.238953224536289 23.006766880907268 1.8
      vertex 50.146859476177454 22.95311575539747 1.8
      vertex 50.361046775463706 23.006766880907268 1.8
    endloop
  endfacet
  facet normal 0 0 1
    outer loop
      vertex 6.238953224536289 23.006766880907268 1.8
      vertex 50.361046775463706 23.006766880907268 1.8
      vertex 50.579461434258484 23.039165635012445 1.8
    endloop
  endfacet
  facet normal 0 0 1
    outer loop
      vertex 78.3 24.8 1.8
      vertex 6.020538565741512 23.039165635012445 1.8
      vertex 6.238953224536289 23.006766880907268 1.8
    endloop
  endfacet
  facet normal 1 0 0
    outer loop
      vertex 1.8 8.3 7.3
      vertex 1.8 18.3 7.3
      vertex 1.8 24.8 15
    endloop
  endfacet
  facet normal 1 0 0
    outer loop
      vertex 1.8 18.3 7.3
      vertex 1.8 24.8 1.8
      vertex 1.8 24.8 15
    endloop
  endfacet
  facet normal 0 -1 0
    outer loop
      vertex 1.8 24.8 1.8
      vertex 78.3 24.8 15
      vertex 1.8 24.8 15
    endloop
  endfacet
  facet normal 0 0 1
    outer loop
      vertex 1.8 1.8 1.8
      vertex 78.3 1.8 1.8
      vertex 56.3 2.8 1.8
    endloop
  endfacet
  facet normal 0 0 1
    outer loop
      vertex 49.705296800660584 5.692181145637483 1.8
      vertex 50.692181145637484 6.894703199339417 1.8
      vertex 49.699999999999996 5.8 1.8
    endloop
  endfacet
  facet normal 0 0 1
    outer loop
      vertex 49.699999999999996 5.8 1.8
      vertex 50.58540064578226 6.878863808443553 1.8
      vertex 49.705296800660584 5.9078188543625165 1.8
    endloop
  endfacet
  facet normal 0 0 1
    outer loop
      vertex 49.705296800660584 5.9078188543625165 1.8
      vertex 50.58540064578226 6.878863808443553 1.8
      vertex 49.72113619155645 6.014599354217741 1.8
    endloop
  endfacet
  facet normal 0 0 1
    outer loop
      vertex 49.72113619155645 6.014599354217741 1.8
      vertex 50.379048224398396 6.816267485762415 1.8
      vertex 49.74736563069457 6.119313144979908 1.8
    endloop
  endfacet
  facet normal 0 0 1
    outer loop
      vertex 49.74736563069457 6.119313144979908 1.8
      vertex 50.2814635894914 6.77011339078319 1.8
      vertex 49.783732514237585 6.220951775601598 1.8
    endloop
  endfacet
  facet normal 0 0 1
    outer loop
      vertex 49.783732514237585 6.220951775601598 1.8
      vertex 50.18887274367844 6.714616573532799 1.8
      vertex 49.82988660921681 6.318536410508598 1.8
    endloop
  endfacet
  facet normal 0 0 1
    outer loop
      vertex 49.82988660921681 6.318536410508598 1.8
      vertex 50.18887274367844 6.714616573532799 1.8
      vertex 49.8853834264672 6.411127256321562 1.8
    endloop
  endfacet
  facet normal 0 0 1
    outer loop
      vertex 49.8853834264672 6.411127256321562 1.8
      vertex 50.18887274367844 6.714616573532799 1.8
      vertex 49.94968850130098 6.49783261258001 1.8
    endloop
  endfacet
  facet normal 0 0 1
    outer loop
      vertex 49.94968850130098 6.49783261258001 1.8
      vertex 50.10216738741999 6.65031149869901 1.8
      vertex 50.02218254069479 6.577817459305202 1.8
    endloop
  endfacet
  facet normal 0 0 1
    outer loop
      vertex 50.8 3.55 1.8
      vertex 56.3 2.8 1.8
      vertex 51.02053856574151 3.560834364987557 1.8
    endloop
  endfacet
  facet normal 0 0 1
    outer loop
      vertex 51.02053856574151 3.560834364987557 1.8
      vertex 56.3 2.8 1.8
      vertex 51.23895322453629 3.5932331190927314 1.8
    endloop
  endfacet
  facet normal 0 0 1
    outer loop
      vertex 51.23895322453629 3.5932331190927314 1.8
      vertex 56.3 2.8 1.8
      vertex 51.45314052382254 3.64688424460253 1.8
    endloop
  endfacet
  facet normal 0 0 1
    outer loop
      vertex 51.45314052382254 3.64688424460253 1.8
      vertex 56.3 2.8 1.8
      vertex 51.66103772282145 3.721271051849605 1.8
    endloop
  endfacet
  facet normal 0 0 1
    outer loop
      vertex 51.66103772282145 3.721271051849605 1.8
      vertex 56.3 2.8 1.8
      vertex 51.86064265785849 3.8156771552162008 1.8
    endloop
  endfacet
  facet normal 0 0 1
    outer loop
      vertex 51.86064265785849 3.8156771552162008 1.8
      vertex 56.3 2.8 1.8
      vertex 52.0500330242941 3.929193372319273 1.8
    endloop
  endfacet
  facet normal 0 0 1
    outer loop
      vertex 52.0500330242941 3.929193372319273 1.8
      vertex 56.3 2.8 1.8
      vertex 52.2273848893682 4.060726479933842 1.8
    endloop
  endfacet
  facet normal 0 0 1
    outer loop
      vertex 52.2273848893682 4.060726479933842 1.8
      vertex 56.3 2.8 1.8
      vertex 52.39099025766973 4.2090097423302675 1.8
    endloop
  endfacet
  facet normal 0 0 1
    outer loop
      vertex 52.39099025766973 4.2090097423302675 1.8
      vertex 56.3 2.8 1.8
      vertex 52.53927352006615 4.372615110631798 1.8
    endloop
  endfacet
  facet normal 0 0 1
    outer loop
      vertex 52.53927352006615 4.372615110631798 1.8
      vertex 56.3 2.8 1.8
      vertex 52.670806627680726 4.549966975705895 1.8
    endloop
  endfacet
  facet normal 0 0 1
    outer loop
      vertex 52.670806627680726 4.549966975705895 1.8
      vertex 56.3 2.8 1.8
      vertex 52.784322844783794 4.739357342141505 1.8
    endloop
  endfacet
  facet normal 0 0 1
    outer loop
      vertex 52.784322844783794 4.739357342141505 1.8
      vertex 56.3 2.8 1.8
      vertex 52.87872894815039 4.938962277178548 1.8
    endloop
  endfacet
  facet normal 0 0 1
    outer loop
      vertex 52.87872894815039 4.938962277178548 1.8
      vertex 56.3 2.8 1.8
      vertex 52.95311575539747 5.146859476177459 1.8
    endloop
  endfacet
  facet normal 0 0 1
    outer loop
      vertex 52.95311575539747 5.146859476177459 1.8
      vertex 56.3 2.8 1.8
      vertex 53.006766880907264 5.361046775463711 1.8
    endloop
  endfacet
  facet normal 0 0 1
    outer loop
      vertex 53.006766880907264 5.361046775463711 1.8
      vertex 56.3 2.8 1.8
      vertex 53.03916563501244 5.579461434258488 1.8
    endloop
  endfacet
  facet normal 0 0 1
    outer loop
      vertex 53.03916563501244 5.579461434258488 1.8
      vertex 56.3 2.8 1.8
      vertex 53.05 5.8 1.8
    endloop
  endfacet
  facet normal 0 0 1
    outer loop
      vertex 50.58540064578226 4.721136191556447 1.8
      vertex 50.692181145637484 4.705296800660583 1.8
      vertex 51.714616573532794 6.411127256321562 1.8
    endloop
  endfacet
  facet normal 0 0 1
    outer loop
      vertex 50.58540064578226 4.721136191556447 1.8
      vertex 51.714616573532794 6.411127256321562 1.8
      vertex 50.48068685502009 4.74736563069457 1.8
    endloop
  endfacet
  facet normal 0 0 1
    outer loop
      vertex 50.379048224398396 4.783732514237585 1.8
      vertex 51.714616573532794 6.411127256321562 1.8
      vertex 50.2814635894914 4.82988660921681 1.8
    endloop
  endfacet
  facet normal 0 0 1
    outer loop
      vertex 50.18887274367844 4.8853834264672 1.8
      vertex 50.2814635894914 4.82988660921681 1.8
      vertex 51.714616573532794 6.411127256321562 1.8
    endloop
  endfacet
  facet normal 0 0 1
    outer loop
      vertex 50.379048224398396 4.783732514237585 1.8
      vertex 50.48068685502009 4.74736563069457 1.8
      vertex 51.714616573532794 6.411127256321562 1.8
    endloop
  endfacet
  facet normal 0 0 1
    outer loop
      vertex 50.692181145637484 4.705296800660583 1.8
      vertex 50.8 4.699999999999999 1.8
      vertex 51.714616573532794 6.411127256321562 1.8
    endloop
  endfacet
  facet normal 0 0 1
    outer loop
      vertex 50.8 4.699999999999999 1.8
      vertex 50.90781885436251 4.705296800660583 1.8
      vertex 51.714616573532794 6.411127256321562 1.8
    endloop
  endfacet
  facet normal 0 0 1
    outer loop
      vertex 50.90781885436251 4.705296800660583 1.8
      vertex 51.01459935421774 4.721136191556447 1.8
      vertex 51.714616573532794 6.411127256321562 1.8
    endloop
  endfacet
  facet normal 0 0 1
    outer loop
      vertex 51.01459935421774 4.721136191556447 1.8
      vertex 51.119313144979905 4.74736563069457 1.8
      vertex 51.714616573532794 6.411127256321562 1.8
    endloop
  endfacet
  facet normal 0 0 1
    outer loop
      vertex 50.18887274367844 4.8853834264672 1.8
      vertex 51.714616573532794 6.411127256321562 1.8
      vertex 50.10216738741999 4.949688501300989 1.8
    endloop
  endfacet
  facet normal 0 0 1
    outer loop
      vertex 50.10216738741999 4.949688501300989 1.8
      vertex 51.714616573532794 6.411127256321562 1.8
      vertex 50.02218254069479 5.022182540694797 1.8
    endloop
  endfacet
  facet normal 0 0 1
    outer loop
      vertex 49.8853834264672 5.188872743678438 1.8
      vertex 49.94968850130098 5.10216738741999 1.8
      vertex 51.714616573532794 6.411127256321562 1.8
    endloop
  endfacet
  facet normal 0 0 1
    outer loop
      vertex 50.02218254069479 5.022182540694797 1.8
      vertex 51.714616573532794 6.411127256321562 1.8
      vertex 49.94968850130098 5.10216738741999 1.8
    endloop
  endfacet
  facet normal 0 0 1
    outer loop
      vertex 49.8853834264672 5.188872743678438 1.8
      vertex 51.5778174593052 6.577817459305202 1.8
      vertex 49.82988660921681 5.281463589491402 1.8
    endloop
  endfacet
  facet normal 0 0 1
    outer loop
      vertex 49.82988660921681 5.281463589491402 1.8
      vertex 51.5778174593052 6.577817459305202 1.8
      vertex 49.783732514237585 5.379048224398401 1.8
    endloop
  endfacet
  facet normal 0 0 1
    outer loop
      vertex 51.119313144979905 4.74736563069457 1.8
      vertex 51.2209517756016 4.783732514237585 1.8
      vertex 51.714616573532794 6.411127256321562 1.8
    endloop
  endfacet
  facet normal 0 0 1
    outer loop
      vertex 51.2209517756016 4.783732514237585 1.8
      vertex 51.31853641050859 4.82988660921681 1.8
      vertex 51.714616573532794 6.411127256321562 1.8
    endloop
  endfacet
  facet normal 0 0 1
    outer loop
      vertex 51.31853641050859 4.82988660921681 1.8
      vertex 51.411127256321556 4.8853834264672 1.8
      vertex 51.714616573532794 6.411127256321562 1.8
    endloop
  endfacet
  facet normal 0 0 1
    outer loop
      vertex 51.411127256321556 4.8853834264672 1.8
      vertex 51.497832612580005 4.949688501300989 1.8
      vertex 51.714616573532794 6.411127256321562 1.8
    endloop
  endfacet
  facet normal 0 0 1
    outer loop
      vertex 51.497832612580005 4.949688501300989 1.8
      vertex 51.5778174593052 5.022182540694797 1.8
      vertex 51.714616573532794 6.411127256321562 1.8
    endloop
  endfacet
  facet normal 0 0 1
    outer loop
      vertex 51.714616573532794 5.188872743678438 1.8
      vertex 51.77011339078319 5.281463589491402 1.8
      vertex 51.87886380844355 6.014599354217741 1.8
    endloop
  endfacet
  facet normal 0 0 1
    outer loop
      vertex 51.5778174593052 5.022182540694797 1.8
      vertex 51.65031149869901 5.10216738741999 1.8
      vertex 51.714616573532794 6.411127256321562 1.8
    endloop
  endfacet
  facet normal 0 0 1
    outer loop
      vertex 51.65031149869901 5.10216738741999 1.8
      vertex 51.714616573532794 5.188872743678438 1.8
      vertex 51.714616573532794 6.411127256321562 1.8
    endloop
  endfacet
  facet normal 0 0 1
    outer loop
      vertex 51.77011339078319 5.281463589491402 1.8
      vertex 51.81626748576241 5.379048224398401 1.8
      vertex 51.87886380844355 6.014599354217741 1.8
    endloop
  endfacet
  facet normal 0 0 1
    outer loop
      vertex 51.81626748576241 5.379048224398401 1.8
      vertex 51.85263436930543 5.480686855020092 1.8
      vertex 51.87886380844355 6.014599354217741 1.8
    endloop
  endfacet
  facet normal 0 0 1
    outer loop
      vertex 51.85263436930543 5.480686855020092 1.8
      vertex 51.87886380844355 5.585400645782259 1.8
      vertex 51.87886380844355 6.014599354217741 1.8
    endloop
  endfacet
  facet normal 0 0 1
    outer loop
      vertex 51.87886380844355 5.585400645782259 1.8
      vertex 51.89470319933941 5.692181145637483 1.8
      vertex 51.89470319933941 5.9078188543625165 1.8
    endloop
  endfacet
  facet normal 0 0 1
    outer loop
      vertex 51.714616573532794 5.188872743678438 1.8
      vertex 51.87886380844355 6.014599354217741 1.8
      vertex 51.85263436930543 6.119313144979908 1.8
    endloop
  endfacet
  facet normal 0 0 1
    outer loop
      vertex 51.89470319933941 5.692181145637483 1.8
      vertex 51.9 5.8 1.8
      vertex 51.89470319933941 5.9078188543625165 1.8
    endloop
  endfacet
  facet normal 0 0 1
    outer loop
      vertex 49.783732514237585 5.379048224398401 1.8
      vertex 51.01459935421774 6.878863808443553 1.8
      vertex 49.74736563069457 5.480686855020092 1.8
    endloop
  endfacet
  facet normal 0 0 1
    outer loop
      vertex 49.74736563069457 5.480686855020092 1.8
      vertex 51.01459935421774 6.878863808443553 1.8
      vertex 49.72113619155645 5.585400645782259 1.8
    endloop
  endfacet
  facet normal 0 0 1
    outer loop
      vertex 49.72113619155645 5.585400645782259 1.8
      vertex 50.8 6.9 1.8
      vertex 49.705296800660584 5.692181145637483 1.8
    endloop
  endfacet
  facet normal 0 0 1
    outer loop
      vertex 49.783732514237585 5.379048224398401 1.8
      vertex 51.5778174593052 6.577817459305202 1.8
      vertex 51.497832612580005 6.65031149869901 1.8
    endloop
  endfacet
  facet normal 0 0 1
    outer loop
      vertex 49.8853834264672 5.188872743678438 1.8
      vertex 51.714616573532794 6.411127256321562 1.8
      vertex 51.65031149869901 6.49783261258001 1.8
    endloop
  endfacet
  facet normal 0 0 1
    outer loop
      vertex 49.8853834264672 5.188872743678438 1.8
      vertex 51.65031149869901 6.49783261258001 1.8
      vertex 51.5778174593052 6.577817459305202 1.8
    endloop
  endfacet
  facet normal 0 0 1
    outer loop
      vertex 49.783732514237585 5.379048224398401 1.8
      vertex 51.119313144979905 6.85263436930543 1.8
      vertex 51.01459935421774 6.878863808443553 1.8
    endloop
  endfacet
  facet normal 0 0 1
    outer loop
      vertex 49.699999999999996 5.8 1.8
      vertex 50.692181145637484 6.894703199339417 1.8
      vertex 50.58540064578226 6.878863808443553 1.8
    endloop
  endfacet
  facet normal 0 0 1
    outer loop
      vertex 49.74736563069457 6.119313144979908 1.8
      vertex 50.379048224398396 6.816267485762415 1.8
      vertex 50.2814635894914 6.77011339078319 1.8
    endloop
  endfacet
  facet normal 0 0 1
    outer loop
      vertex 49.783732514237585 6.220951775601598 1.8
      vertex 50.2814635894914 6.77011339078319 1.8
      vertex 50.18887274367844 6.714616573532799 1.8
    endloop
  endfacet
  facet normal 0 0 1
    outer loop
      vertex 49.72113619155645 6.014599354217741 1.8
      vertex 50.48068685502009 6.85263436930543 1.8
      vertex 50.379048224398396 6.816267485762415 1.8
    endloop
  endfacet
  facet normal 0 0 1
    outer loop
      vertex 49.94968850130098 6.49783261258001 1.8
      vertex 50.18887274367844 6.714616573532799 1.8
      vertex 50.10216738741999 6.65031149869901 1.8
    endloop
  endfacet
  facet normal 0 0 1
    outer loop
      vertex 49.72113619155645 6.014599354217741 1.8
      vertex 50.58540064578226 6.878863808443553 1.8
      vertex 50.48068685502009 6.85263436930543 1.8
    endloop
  endfacet
  facet normal 0 0 1
    outer loop
      vertex 49.72113619155645 5.585400645782259 1.8
      vertex 50.90781885436251 6.894703199339417 1.8
      vertex 50.8 6.9 1.8
    endloop
  endfacet
  facet normal 0 0 1
    outer loop
      vertex 49.705296800660584 5.692181145637483 1.8
      vertex 50.8 6.9 1.8
      vertex 50.692181145637484 6.894703199339417 1.8
    endloop
  endfacet
  facet normal 0 0 1
    outer loop
      vertex 49.72113619155645 5.585400645782259 1.8
      vertex 51.01459935421774 6.878863808443553 1.8
      vertex 50.90781885436251 6.894703199339417 1.8
    endloop
  endfacet
  facet normal 0 0 1
    outer loop
      vertex 49.783732514237585 5.379048224398401 1.8
      vertex 51.411127256321556 6.714616573532799 1.8
      vertex 51.31853641050859 6.77011339078319 1.8
    endloop
  endfacet
  facet normal 0 0 1
    outer loop
      vertex 49.783732514237585 5.379048224398401 1.8
      vertex 51.31853641050859 6.77011339078319 1.8
      vertex 51.2209517756016 6.816267485762415 1.8
    endloop
  endfacet
  facet normal 0 0 1
    outer loop
      vertex 49.783732514237585 5.379048224398401 1.8
      vertex 51.497832612580005 6.65031149869901 1.8
      vertex 51.411127256321556 6.714616573532799 1.8
    endloop
  endfacet
  facet normal 0 0 1
    outer loop
      vertex 49.783732514237585 5.379048224398401 1.8
      vertex 51.2209517756016 6.816267485762415 1.8
      vertex 51.119313144979905 6.85263436930543 1.8
    endloop
  endfacet
  facet normal 0 0 1
    outer loop
      vertex 51.714616573532794 5.188872743678438 1.8
      vertex 51.81626748576241 6.220951775601598 1.8
      vertex 51.77011339078319 6.318536410508598 1.8
    endloop
  endfacet
  facet normal 0 0 1
    outer loop
      vertex 51.714616573532794 5.188872743678438 1.8
      vertex 51.85263436930543 6.119313144979908 1.8
      vertex 51.81626748576241 6.220951775601598 1.8
    endloop
  endfacet
  facet normal 0 0 1
    outer loop
      vertex 51.87886380844355 5.585400645782259 1.8
      vertex 51.89470319933941 5.9078188543625165 1.8
      vertex 51.87886380844355 6.014599354217741 1.8
    endloop
  endfacet
  facet normal 0 0 1
    outer loop
      vertex 51.714616573532794 5.188872743678438 1.8
      vertex 51.77011339078319 6.318536410508598 1.8
      vertex 51.714616573532794 6.411127256321562 1.8
    endloop
  endfacet
  facet normal 0 0 1
    outer loop
      vertex 53.05 5.8 1.8
      vertex 56.3 2.8 1.8
      vertex 56.3 18.18562091503268 1.8
    endloop
  endfacet
  facet normal 0 0 1
    outer loop
      vertex 50.579461434258484 8.039165635012443 1.8
      vertex 50.8 8.05 1.8
      vertex 56.3 18.18562091503268 1.8
    endloop
  endfacet
  facet normal 0 0 1
    outer loop
      vertex 53.05 5.8 1.8
      vertex 56.3 18.18562091503268 1.8
      vertex 53.03916563501244 6.020538565741512 1.8
    endloop
  endfacet
  facet normal 0 0 1
    outer loop
      vertex 53.03916563501244 6.020538565741512 1.8
      vertex 56.3 18.18562091503268 1.8
      vertex 53.006766880907264 6.238953224536289 1.8
    endloop
  endfacet
  facet normal 0 0 1
    outer loop
      vertex 53.006766880907264 6.238953224536289 1.8
      vertex 56.3 18.18562091503268 1.8
      vertex 52.95311575539747 6.45314052382254 1.8
    endloop
  endfacet
  facet normal 0 0 1
    outer loop
      vertex 52.95311575539747 6.45314052382254 1.8
      vertex 56.3 18.18562091503268 1.8
      vertex 52.87872894815039 6.661037722821452 1.8
    endloop
  endfacet
  facet normal 0 0 1
    outer loop
      vertex 52.87872894815039 6.661037722821452 1.8
      vertex 56.3 18.18562091503268 1.8
      vertex 52.784322844783794 6.860642657858494 1.8
    endloop
  endfacet
  facet normal 0 0 1
    outer loop
      vertex 52.784322844783794 6.860642657858494 1.8
      vertex 56.3 18.18562091503268 1.8
      vertex 52.670806627680726 7.0500330242941045 1.8
    endloop
  endfacet
  facet normal 0 0 1
    outer loop
      vertex 52.53927352006615 7.227384889368202 1.8
      vertex 56.3 18.18562091503268 1.8
      vertex 52.39099025766973 7.390990257669732 1.8
    endloop
  endfacet
  facet normal 0 0 1
    outer loop
      vertex 51.86064265785849 7.784322844783799 1.8
      vertex 52.0500330242941 7.670806627680727 1.8
      vertex 56.3 18.18562091503268 1.8
    endloop
  endfacet
  facet normal 0 0 1
    outer loop
      vertex 52.39099025766973 7.390990257669732 1.8
      vertex 56.3 18.18562091503268 1.8
      vertex 52.2273848893682 7.539273520066158 1.8
    endloop
  endfacet
  facet normal 0 0 1
    outer loop
      vertex 52.2273848893682 7.539273520066158 1.8
      vertex 56.3 18.18562091503268 1.8
      vertex 52.0500330242941 7.670806627680727 1.8
    endloop
  endfacet
  facet normal 0 0 1
    outer loop
      vertex 50.8 8.05 1.8
      vertex 51.02053856574151 8.039165635012443 1.8
      vertex 56.3 18.18562091503268 1.8
    endloop
  endfacet
  facet normal 0 0 1
    outer loop
      vertex 51.23895322453629 8.006766880907268 1.8
      vertex 56.3 18.18562091503268 1.8
      vertex 51.02053856574151 8.039165635012443 1.8
    endloop
  endfacet
  facet normal 0 0 1
    outer loop
      vertex 51.23895322453629 8.006766880907268 1.8
      vertex 51.45314052382254 7.953115755397469 1.8
      vertex 56.3 18.18562091503268 1.8
    endloop
  endfacet
  facet normal 0 0 1
    outer loop
      vertex 51.66103772282145 7.878728948150394 1.8
      vertex 56.3 18.18562091503268 1.8
      vertex 51.45314052382254 7.953115755397469 1.8
    endloop
  endfacet
  facet normal 0 0 1
    outer loop
      vertex 51.86064265785849 7.784322844783799 1.8
      vertex 56.3 18.18562091503268 1.8
      vertex 51.66103772282145 7.878728948150394 1.8
    endloop
  endfacet
  facet normal 0 0 1
    outer loop
      vertex 52.670806627680726 7.0500330242941045 1.8
      vertex 56.3 18.18562091503268 1.8
      vertex 52.53927352006615 7.227384889368202 1.8
    endloop
  endfacet
  facet normal 0 0 1
    outer loop
      vertex 78.3 1.8 1.8
      vertex 77.3 2.8 1.8
      vertex 56.3 2.8 1.8
    endloop
  endfacet
  facet normal 0 0 1
    outer loop
      vertex 78.3 1.8 1.8
      vertex 77.3 20.8 1.8
      vertex 77.3 2.8 1.8
    endloop
  endfacet
  facet normal -1 0 0
    outer loop
      vertex 78.3 1.8 1.8
      vertex 78.3 1.8 15
      vertex 78.3 24.8 1.8
    endloop
  endfacet
  facet normal 0 1 0
    outer loop
      vertex 1.8 1.8 15
      vertex 78.3 1.8 15
      vertex 78.3 1.8 1.8
    endloop
  endfacet
  facet normal 0 0 1
    outer loop
      vertex 51.23895322453629 18.593233119092734 1.8
      vertex 56.3 18.18562091503268 1.8
      vertex 51.45314052382254 18.646884244602532 1.8
    endloop
  endfacet
  facet normal 0 0 1
    outer loop
      vertex 51.45314052382254 18.646884244602532 1.8
      vertex 56.3 18.18562091503268 1.8
      vertex 51.66103772282145 18.721271051849605 1.8
    endloop
  endfacet
  facet normal 0 0 1
    outer loop
      vertex 51.66103772282145 18.721271051849605 1.8
      vertex 56.3 18.18562091503268 1.8
      vertex 51.86064265785849 18.815677155216203 1.8
    endloop
  endfacet
  facet normal 0 0 1
    outer loop
      vertex 51.86064265785849 18.815677155216203 1.8
      vertex 56.3 18.18562091503268 1.8
      vertex 52.0500330242941 18.929193372319276 1.8
    endloop
  endfacet
  facet normal 0 0 1
    outer loop
      vertex 52.0500330242941 18.929193372319276 1.8
      vertex 56.3 18.18562091503268 1.8
      vertex 52.2273848893682 19.06072647993384 1.8
    endloop
  endfacet
  facet normal 0 0 1
    outer loop
      vertex 52.2273848893682 19.06072647993384 1.8
      vertex 56.3 18.18562091503268 1.8
      vertex 52.39099025766973 19.20900974233027 1.8
    endloop
  endfacet
  facet normal 0 0 1
    outer loop
      vertex 52.39099025766973 19.20900974233027 1.8
      vertex 56.3 18.18562091503268 1.8
      vertex 52.53927352006615 19.3726151106318 1.8
    endloop
  endfacet
  facet normal 0 0 1
    outer loop
      vertex 52.53927352006615 19.3726151106318 1.8
      vertex 56.3 18.18562091503268 1.8
      vertex 52.670806627680726 19.549966975705896 1.8
    endloop
  endfacet
  facet normal 0 0 1
    outer loop
      vertex 52.670806627680726 19.549966975705896 1.8
      vertex 56.3 18.18562091503268 1.8
      vertex 52.784322844783794 19.739357342141506 1.8
    endloop
  endfacet
  facet normal 0 0 1
    outer loop
      vertex 52.784322844783794 19.739357342141506 1.8
      vertex 56.3 18.18562091503268 1.8
      vertex 52.87872894815039 19.93896227717855 1.8
    endloop
  endfacet
  facet normal 0 0 1
    outer loop
      vertex 52.87872894815039 19.93896227717855 1.8
      vertex 56.3 18.18562091503268 1.8
      vertex 52.95311575539747 20.14685947617746 1.8
    endloop
  endfacet
  facet normal 0 0 1
    outer loop
      vertex 52.95311575539747 20.14685947617746 1.8
      vertex 56.3 18.18562091503268 1.8
      vertex 53.006766880907264 20.361046775463713 1.8
    endloop
  endfacet
  facet normal 0 0 1
    outer loop
      vertex 53.006766880907264 20.361046775463713 1.8
      vertex 56.3 18.18562091503268 1.8
      vertex 53.03916563501244 20.57946143425849 1.8
    endloop
  endfacet
  facet normal 0 0 1
    outer loop
      vertex 53.03916563501244 20.57946143425849 1.8
      vertex 56.3 18.18562091503268 1.8
      vertex 56.3 20.8 1.8
    endloop
  endfacet
  facet normal 0 0 1
    outer loop
      vertex 49.705296800660584 20.692181145637484 1.8
      vertex 50.692181145637484 21.894703199339418 1.8
      vertex 49.699999999999996 20.8 1.8
    endloop
  endfacet
  facet normal 0 0 1
    outer loop
      vertex 49.699999999999996 20.8 1.8
      vertex 50.58540064578226 21.878863808443555 1.8
      vertex 49.705296800660584 20.907818854362517 1.8
    endloop
  endfacet
  facet normal 0 0 1
    outer loop
      vertex 49.705296800660584 20.907818854362517 1.8
      vertex 50.58540064578226 21.878863808443555 1.8
      vertex 49.72113619155645 21.01459935421774 1.8
    endloop
  endfacet
  facet normal 0 0 1
    outer loop
      vertex 49.783732514237585 21.2209517756016 1.8
      vertex 50.10216738741999 21.65031149869901 1.8
      vertex 49.82988660921681 21.3185364105086 1.8
    endloop
  endfacet
  facet normal 0 0 1
    outer loop
      vertex 49.72113619155645 21.01459935421774 1.8
      vertex 50.379048224398396 21.816267485762417 1.8
      vertex 49.74736563069457 21.11931314497991 1.8
    endloop
  endfacet
  facet normal 0 0 1
    outer loop
      vertex 49.74736563069457 21.11931314497991 1.8
      vertex 50.2814635894914 21.77011339078319 1.8
      vertex 49.783732514237585 21.2209517756016 1.8
    endloop
  endfacet
  facet normal 0 0 1
    outer loop
      vertex 49.82988660921681 21.3185364105086 1.8
      vertex 50.02218254069479 21.5778174593052 1.8
      vertex 49.8853834264672 21.411127256321564 1.8
    endloop
  endfacet
  facet normal 0 0 1
    outer loop
      vertex 49.8853834264672 21.411127256321564 1.8
      vertex 50.02218254069479 21.5778174593052 1.8
      vertex 49.94968850130098 21.497832612580012 1.8
    endloop
  endfacet
  facet normal 0 0 1
    outer loop
      vertex 49.783732514237585 21.2209517756016 1.8
      vertex 50.18887274367844 21.7146165735328 1.8
      vertex 50.10216738741999 21.65031149869901 1.8
    endloop
  endfacet
  facet normal 0 0 1
    outer loop
      vertex 49.82988660921681 21.3185364105086 1.8
      vertex 50.10216738741999 21.65031149869901 1.8
      vertex 50.02218254069479 21.5778174593052 1.8
    endloop
  endfacet
  facet normal 0 0 1
    outer loop
      vertex 78.3 24.8 1.8
      vertex 6.238953224536289 23.006766880907268 1.8
      vertex 50.579461434258484 23.039165635012445 1.8
    endloop
  endfacet
  facet normal 0 0 1
    outer loop
      vertex 50.379048224398396 19.783732514237585 1.8
      vertex 51.714616573532794 21.411127256321564 1.8
      vertex 50.2814635894914 19.82988660921681 1.8
    endloop
  endfacet
  facet normal 0 0 1
    outer loop
      vertex 50.58540064578226 19.721136191556447 1.8
      vertex 50.692181145637484 19.705296800660584 1.8
      vertex 51.714616573532794 21.411127256321564 1.8
    endloop
  endfacet
  facet normal 0 0 1
    outer loop
      vertex 50.58540064578226 19.721136191556447 1.8
      vertex 51.714616573532794 21.411127256321564 1.8
      vertex 50.48068685502009 19.74736563069457 1.8
    endloop
  endfacet
  facet normal 0 0 1
    outer loop
      vertex 50.379048224398396 19.783732514237585 1.8
      vertex 50.48068685502009 19.74736563069457 1.8
      vertex 51.714616573532794 21.411127256321564 1.8
    endloop
  endfacet
  facet normal 0 0 1
    outer loop
      vertex 50.692181145637484 19.705296800660584 1.8
      vertex 50.8 19.7 1.8
      vertex 51.714616573532794 21.411127256321564 1.8
    endloop
  endfacet
  facet normal 0 0 1
    outer loop
      vertex 50.8 19.7 1.8
      vertex 50.90781885436251 19.705296800660584 1.8
      vertex 51.714616573532794 21.411127256321564 1.8
    endloop
  endfacet
  facet normal 0 0 1
    outer loop
      vertex 50.90781885436251 19.705296800660584 1.8
      vertex 51.01459935421774 19.721136191556447 1.8
      vertex 51.714616573532794 21.411127256321564 1.8
    endloop
  endfacet
  facet normal 0 0 1
    outer loop
      vertex 51.01459935421774 19.721136191556447 1.8
      vertex 51.119313144979905 19.74736563069457 1.8
      vertex 51.714616573532794 21.411127256321564 1.8
    endloop
  endfacet
  facet normal 0 0 1
    outer loop
      vertex 50.18887274367844 19.8853834264672 1.8
      vertex 51.714616573532794 21.411127256321564 1.8
      vertex 50.10216738741999 19.94968850130099 1.8
    endloop
  endfacet
  facet normal 0 0 1
    outer loop
      vertex 50.10216738741999 19.94968850130099 1.8
      vertex 51.714616573532794 21.411127256321564 1.8
      vertex 50.02218254069479 20.0221825406948 1.8
    endloop
  endfacet
  facet normal 0 0 1
    outer loop
      vertex 49.8853834264672 20.188872743678438 1.8
      vertex 49.94968850130098 20.10216738741999 1.8
      vertex 51.714616573532794 21.411127256321564 1.8
    endloop
  endfacet
  facet normal 0 0 1
    outer loop
      vertex 50.02218254069479 20.0221825406948 1.8
      vertex 51.714616573532794 21.411127256321564 1.8
      vertex 49.94968850130098 20.10216738741999 1.8
    endloop
  endfacet
  facet normal 0 0 1
    outer loop
      vertex 49.8853834264672 20.188872743678438 1.8
      vertex 51.5778174593052 21.5778174593052 1.8
      vertex 49.82988660921681 20.281463589491402 1.8
    endloop
  endfacet
  facet normal 0 0 1
    outer loop
      vertex 49.82988660921681 20.281463589491402 1.8
      vertex 51.5778174593052 21.5778174593052 1.8
      vertex 49.783732514237585 20.379048224398403 1.8
    endloop
  endfacet
  facet normal 0 0 1
    outer loop
      vertex 50.18887274367844 19.8853834264672 1.8
      vertex 50.2814635894914 19.82988660921681 1.8
      vertex 51.714616573532794 21.411127256321564 1.8
    endloop
  endfacet
  facet normal 0 0 1
    outer loop
      vertex 51.119313144979905 19.74736563069457 1.8
      vertex 51.2209517756016 19.783732514237585 1.8
      vertex 51.714616573532794 21.411127256321564 1.8
    endloop
  endfacet
  facet normal 0 0 1
    outer loop
      vertex 51.2209517756016 19.783732514237585 1.8
      vertex 51.31853641050859 19.82988660921681 1.8
      vertex 51.714616573532794 21.411127256321564 1.8
    endloop
  endfacet
  facet normal 0 0 1
    outer loop
      vertex 51.31853641050859 19.82988660921681 1.8
      vertex 51.411127256321556 19.8853834264672 1.8
      vertex 51.714616573532794 21.411127256321564 1.8
    endloop
  endfacet
  facet normal 0 0 1
    outer loop
      vertex 51.411127256321556 19.8853834264672 1.8
      vertex 51.497832612580005 19.94968850130099 1.8
      vertex 51.714616573532794 21.411127256321564 1.8
    endloop
  endfacet
  facet normal 0 0 1
    outer loop
      vertex 51.497832612580005 19.94968850130099 1.8
      vertex 51.5778174593052 20.0221825406948 1.8
      vertex 51.714616573532794 21.411127256321564 1.8
    endloop
  endfacet
  facet normal 0 0 1
    outer loop
      vertex 51.5778174593052 20.0221825406948 1.8
      vertex 51.65031149869901 20.10216738741999 1.8
      vertex 51.714616573532794 21.411127256321564 1.8
    endloop
  endfacet
  facet normal 0 0 1
    outer loop
      vertex 51.65031149869901 20.10216738741999 1.8
      vertex 51.714616573532794 20.188872743678438 1.8
      vertex 51.714616573532794 21.411127256321564 1.8
    endloop
  endfacet
  facet normal 0 0 1
    outer loop
      vertex 51.714616573532794 20.188872743678438 1.8
      vertex 51.77011339078319 20.281463589491402 1.8
      vertex 51.87886380844355 21.01459935421774 1.8
    endloop
  endfacet
  facet normal 0 0 1
    outer loop
      vertex 51.77011339078319 20.281463589491402 1.8
      vertex 51.81626748576241 20.379048224398403 1.8
      vertex 51.87886380844355 21.01459935421774 1.8
    endloop
  endfacet
  facet normal 0 0 1
    outer loop
      vertex 51.81626748576241 20.379048224398403 1.8
      vertex 51.85263436930543 20.480686855020092 1.8
      vertex 51.87886380844355 21.01459935421774 1.8
    endloop
  endfacet
  facet normal 0 0 1
    outer loop
      vertex 51.85263436930543 20.480686855020092 1.8
      vertex 51.87886380844355 20.58540064578226 1.8
      vertex 51.87886380844355 21.01459935421774 1.8
    endloop
  endfacet
  facet normal 0 0 1
    outer loop
      vertex 51.87886380844355 20.58540064578226 1.8
      vertex 51.89470319933941 20.692181145637484 1.8
      vertex 51.89470319933941 20.907818854362517 1.8
    endloop
  endfacet
  facet normal 0 0 1
    outer loop
      vertex 51.714616573532794 20.188872743678438 1.8
      vertex 51.87886380844355 21.01459935421774 1.8
      vertex 51.85263436930543 21.11931314497991 1.8
    endloop
  endfacet
  facet normal 0 0 1
    outer loop
      vertex 49.783732514237585 20.379048224398403 1.8
      vertex 51.5778174593052 21.5778174593052 1.8
      vertex 49.74736563069457 20.480686855020092 1.8
    endloop
  endfacet
  facet normal 0 0 1
    outer loop
      vertex 49.74736563069457 20.480686855020092 1.8
      vertex 51.5778174593052 21.5778174593052 1.8
      vertex 49.72113619155645 20.58540064578226 1.8
    endloop
  endfacet
  facet normal 0 0 1
    outer loop
      vertex 49.72113619155645 20.58540064578226 1.8
      vertex 51.497832612580005 21.65031149869901 1.8
      vertex 49.705296800660584 20.692181145637484 1.8
    endloop
  endfacet
  facet normal 0 0 1
    outer loop
      vertex 49.8853834264672 20.188872743678438 1.8
      vertex 51.714616573532794 21.411127256321564 1.8
      vertex 51.65031149869901 21.497832612580012 1.8
    endloop
  endfacet
  facet normal 0 0 1
    outer loop
      vertex 49.8853834264672 20.188872743678438 1.8
      vertex 51.65031149869901 21.497832612580012 1.8
      vertex 51.5778174593052 21.5778174593052 1.8
    endloop
  endfacet
  facet normal 0 0 1
    outer loop
      vertex 49.74736563069457 21.11931314497991 1.8
      vertex 50.379048224398396 21.816267485762417 1.8
      vertex 50.2814635894914 21.77011339078319 1.8
    endloop
  endfacet
  facet normal 0 0 1
    outer loop
      vertex 49.783732514237585 21.2209517756016 1.8
      vertex 50.2814635894914 21.77011339078319 1.8
      vertex 50.18887274367844 21.7146165735328 1.8
    endloop
  endfacet
  facet normal 0 0 1
    outer loop
      vertex 49.72113619155645 21.01459935421774 1.8
      vertex 50.48068685502009 21.85263436930543 1.8
      vertex 50.379048224398396 21.816267485762417 1.8
    endloop
  endfacet
  facet normal 0 0 1
    outer loop
      vertex 49.699999999999996 20.8 1.8
      vertex 50.692181145637484 21.894703199339418 1.8
      vertex 50.58540064578226 21.878863808443555 1.8
    endloop
  endfacet
  facet normal 0 0 1
    outer loop
      vertex 49.72113619155645 21.01459935421774 1.8
      vertex 50.58540064578226 21.878863808443555 1.8
      vertex 50.48068685502009 21.85263436930543 1.8
    endloop
  endfacet
  facet normal 0 0 1
    outer loop
      vertex 49.705296800660584 20.692181145637484 1.8
      vertex 50.8 21.900000000000002 1.8
      vertex 50.692181145637484 21.894703199339418 1.8
    endloop
  endfacet
  facet normal 0 0 1
    outer loop
      vertex 49.705296800660584 20.692181145637484 1.8
      vertex 50.90781885436251 21.894703199339418 1.8
      vertex 50.8 21.900000000000002 1.8
    endloop
  endfacet
  facet normal 0 0 1
    outer loop
      vertex 49.705296800660584 20.692181145637484 1.8
      vertex 51.2209517756016 21.816267485762417 1.8
      vertex 51.119313144979905 21.85263436930543 1.8
    endloop
  endfacet
  facet normal 0 0 1
    outer loop
      vertex 49.705296800660584 20.692181145637484 1.8
      vertex 51.01459935421774 21.878863808443555 1.8
      vertex 50.90781885436251 21.894703199339418 1.8
    endloop
  endfacet
  facet normal 0 0 1
    outer loop
      vertex 49.705296800660584 20.692181145637484 1.8
      vertex 51.119313144979905 21.85263436930543 1.8
      vertex 51.01459935421774 21.878863808443555 1.8
    endloop
  endfacet
  facet normal 0 0 1
    outer loop
      vertex 49.72113619155645 20.58540064578226 1.8
      vertex 51.5778174593052 21.5778174593052 1.8
      vertex 51.497832612580005 21.65031149869901 1.8
    endloop
  endfacet
  facet normal 0 0 1
    outer loop
      vertex 49.705296800660584 20.692181145637484 1.8
      vertex 51.411127256321556 21.7146165735328 1.8
      vertex 51.31853641050859 21.77011339078319 1.8
    endloop
  endfacet
  facet normal 0 0 1
    outer loop
      vertex 49.705296800660584 20.692181145637484 1.8
      vertex 51.497832612580005 21.65031149869901 1.8
      vertex 51.411127256321556 21.7146165735328 1.8
    endloop
  endfacet
  facet normal 0 0 1
    outer loop
      vertex 49.705296800660584 20.692181145637484 1.8
      vertex 51.31853641050859 21.77011339078319 1.8
      vertex 51.2209517756016 21.816267485762417 1.8
    endloop
  endfacet
  facet normal 0 0 1
    outer loop
      vertex 51.89470319933941 20.692181145637484 1.8
      vertex 51.9 20.8 1.8
      vertex 51.89470319933941 20.907818854362517 1.8
    endloop
  endfacet
  facet normal 0 0 1
    outer loop
      vertex 51.714616573532794 20.188872743678438 1.8
      vertex 51.85263436930543 21.11931314497991 1.8
      vertex 51.81626748576241 21.2209517756016 1.8
    endloop
  endfacet
  facet normal 0 0 1
    outer loop
      vertex 51.87886380844355 20.58540064578226 1.8
      vertex 51.89470319933941 20.907818854362517 1.8
      vertex 51.87886380844355 21.01459935421774 1.8
    endloop
  endfacet
  facet normal 0 0 1
    outer loop
      vertex 51.714616573532794 20.188872743678438 1.8
      vertex 51.81626748576241 21.2209517756016 1.8
      vertex 51.77011339078319 21.3185364105086 1.8
    endloop
  endfacet
  facet normal 0 0 1
    outer loop
      vertex 51.714616573532794 20.188872743678438 1.8
      vertex 51.77011339078319 21.3185364105086 1.8
      vertex 51.714616573532794 21.411127256321564 1.8
    endloop
  endfacet
  facet normal 0 0 1
    outer loop
      vertex 53.03916563501244 20.57946143425849 1.8
      vertex 56.3 20.8 1.8
      vertex 53.05 20.8 1.8
    endloop
  endfacet
  facet normal 0 0 1
    outer loop
      vertex 53.05 20.8 1.8
      vertex 56.3 20.8 1.8
      vertex 53.03916563501244 21.02053856574151 1.8
    endloop
  endfacet
  facet normal 0 0 1
    outer loop
      vertex 53.03916563501244 21.02053856574151 1.8
      vertex 56.3 20.8 1.8
      vertex 53.006766880907264 21.23895322453629 1.8
    endloop
  endfacet
  facet normal 0 0 1
    outer loop
      vertex 53.006766880907264 21.23895322453629 1.8
      vertex 56.3 20.8 1.8
      vertex 52.95311575539747 21.45314052382254 1.8
    endloop
  endfacet
  facet normal 0 0 1
    outer loop
      vertex 52.95311575539747 21.45314052382254 1.8
      vertex 56.3 20.8 1.8
      vertex 52.87872894815039 21.66103772282145 1.8
    endloop
  endfacet
  facet normal 0 0 1
    outer loop
      vertex 52.87872894815039 21.66103772282145 1.8
      vertex 56.3 20.8 1.8
      vertex 52.784322844783794 21.860642657858495 1.8
    endloop
  endfacet
  facet normal 0 0 1
    outer loop
      vertex 52.784322844783794 21.860642657858495 1.8
      vertex 56.3 20.8 1.8
      vertex 52.670806627680726 22.050033024294105 1.8
    endloop
  endfacet
  facet normal 0 0 1
    outer loop
      vertex 52.39099025766973 22.39099025766973 1.8
      vertex 52.53927352006615 22.227384889368203 1.8
      vertex 56.3 20.8 1.8
    endloop
  endfacet
  facet normal 0 0 1
    outer loop
      vertex 52.39099025766973 22.39099025766973 1.8
      vertex 56.3 20.8 1.8
      vertex 52.2273848893682 22.53927352006616 1.8
    endloop
  endfacet
  facet normal 0 0 1
    outer loop
      vertex 52.2273848893682 22.53927352006616 1.8
      vertex 56.3 20.8 1.8
      vertex 52.0500330242941 22.670806627680726 1.8
    endloop
  endfacet
  facet normal 0 0 1
    outer loop
      vertex 52.670806627680726 22.050033024294105 1.8
      vertex 56.3 20.8 1.8
      vertex 52.53927352006615 22.227384889368203 1.8
    endloop
  endfacet
  facet normal 0 0 1
    outer loop
      vertex 78.3 24.8 1.8
      vertex 50.579461434258484 23.039165635012445 1.8
      vertex 50.8 23.05 1.8
    endloop
  endfacet
  facet normal 0 0 1
    outer loop
      vertex 78.3 24.8 1.8
      vertex 50.8 23.05 1.8
      vertex 51.02053856574151 23.039165635012445 1.8
    endloop
  endfacet
  facet normal 0 -1 0
    outer loop
      vertex 1.8 24.8 1.8
      vertex 78.3 24.8 1.8
      vertex 78.3 24.8 15
    endloop
  endfacet
  facet normal 0 0 1
    outer loop
      vertex 78.3 1.8 1.8
      vertex 78.3 24.8 1.8
      vertex 77.3 20.8 1.8
    endloop
  endfacet
  facet normal 0 0 1
    outer loop
      vertex 78.3 24.8 1.8
      vertex 52.0500330242941 22.670806627680726 1.8
      vertex 56.3 20.8 1.8
    endloop
  endfacet
  facet normal 0 0 1
    outer loop
      vertex 78.3 24.8 1.8
      vertex 51.23895322453629 23.006766880907268 1.8
      vertex 51.45314052382254 22.95311575539747 1.8
    endloop
  endfacet
  facet normal 0 0 1
    outer loop
      vertex 78.3 24.8 1.8
      vertex 51.02053856574151 23.039165635012445 1.8
      vertex 51.23895322453629 23.006766880907268 1.8
    endloop
  endfacet
  facet normal 0 0 1
    outer loop
      vertex 78.3 24.8 1.8
      vertex 51.45314052382254 22.95311575539747 1.8
      vertex 51.66103772282145 22.878728948150396 1.8
    endloop
  endfacet
  facet normal 0 0 1
    outer loop
      vertex 78.3 24.8 1.8
      vertex 51.66103772282145 22.878728948150396 1.8
      vertex 51.86064265785849 22.784322844783798 1.8
    endloop
  endfacet
  facet normal 0 0 1
    outer loop
      vertex 78.3 24.8 1.8
      vertex 51.86064265785849 22.784322844783798 1.8
      vertex 52.0500330242941 22.670806627680726 1.8
    endloop
  endfacet
  facet normal 0 0 1
    outer loop
      vertex 78.3 24.8 1.8
      vertex 56.3 20.8 1.8
      vertex 77.3 20.8 1.8
    endloop
  endfacet
  facet normal -1 0 0
    outer loop
      vertex 78.3 1.8 15
      vertex 78.3 24.8 15
      vertex 78.3 24.8 1.8
    endloop
  endfacet
  facet normal 0 0 1
    outer loop
      vertex 0 8.3 2.3
      vertex 1.8 8.3 2.3
      vertex 0 18.3 2.3
    endloop
  endfacet
  facet normal 0 1 0
    outer loop
      vertex 0 8.3 2.3
      vertex 1.8 8.3 7.3
      vertex 1.8 8.3 2.3
    endloop
  endfacet
  facet normal 0 1 0
    outer loop
      vertex 0 8.3 2.3
      vertex 0 8.3 7.3
      vertex 1.8 8.3 7.3
    endloop
  endfacet
  facet normal 0 0 -1
    outer loop
      vertex 0 8.3 7.3
      vertex 1.8 18.3 7.3
      vertex 1.8 8.3 7.3
    endloop
  endfacet
  facet normal 0 0 1
    outer loop
      vertex 1.8 8.3 2.3
      vertex 1.8 18.3 2.3
      vertex 0 18.3 2.3
    endloop
  endfacet
  facet normal 0 0 -1
    outer loop
      vertex 0 8.3 7.3
      vertex 0 18.3 7.3
      vertex 1.8 18.3 7.3
    endloop
  endfacet
  facet normal 0 -1 0
    outer loop
      vertex 0 18.3 2.3
      vertex 1.8 18.3 2.3
      vertex 0 18.3 7.3
    endloop
  endfacet
  facet normal 0 -1 0
    outer loop
      vertex 1.8 18.3 2.3
      vertex 1.8 18.3 7.3
      vertex 0 18.3 7.3
    endloop
  endfacet
  facet normal -0.6715589548470156 -0.7409511253549617 0
    outer loop
      vertex 4.372615110631798 4.060726479933842 6.8
      vertex 4.2090097423302675 4.2090097423302675 1.8
      vertex 4.372615110631798 4.060726479933842 1.8
    endloop
  endfacet
  facet normal -0.5141027441932222 -0.8577286100002719 0
    outer loop
      vertex 4.739357342141505 3.8156771552162008 6.8
      vertex 4.549966975705895 3.929193372319273 1.8
      vertex 4.739357342141505 3.8156771552162008 1.8
    endloop
  endfacet
  facet normal -0.4275550934302811 -0.9039892931234438 0
    outer loop
      vertex 4.938962277178548 3.721271051849605 6.8
      vertex 4.739357342141505 3.8156771552162008 1.8
      vertex 4.938962277178548 3.721271051849605 1.8
    endloop
  endfacet
  facet normal -0.5956993044924339 -0.8032075314806444 0
    outer loop
      vertex 4.549966975705895 3.929193372319273 6.8
      vertex 4.372615110631798 4.060726479933842 1.8
      vertex 4.549966975705895 3.929193372319273 1.8
    endloop
  endfacet
  facet normal -0.9039892931234438 -0.4275550934302811 0
    outer loop
      vertex 3.721271051849605 4.938962277178548 6.8
      vertex 3.721271051849605 4.938962277178548 1.8
      vertex 3.8156771552162008 4.739357342141505 1.8
    endloop
  endfacet
  facet normal -0.7409511253549617 -0.6715589548470156 0
    outer loop
      vertex 4.060726479933842 4.372615110631798 6.8
      vertex 4.060726479933842 4.372615110631798 1.8
      vertex 4.2090097423302675 4.2090097423302675 1.8
    endloop
  endfacet
  facet normal -0.8032075314806444 -0.5956993044924339 0
    outer loop
      vertex 3.929193372319273 4.549966975705895 6.8
      vertex 3.929193372319273 4.549966975705895 1.8
      vertex 4.060726479933842 4.372615110631798 1.8
    endloop
  endfacet
  facet normal -0.8577286100002719 -0.5141027441932222 0
    outer loop
      vertex 3.8156771552162008 4.739357342141505 6.8
      vertex 3.8156771552162008 4.739357342141505 1.8
      vertex 3.929193372319273 4.549966975705895 1.8
    endloop
  endfacet
  facet normal -0.9415440651830204 -0.33688985339222133 0
    outer loop
      vertex 3.64688424460253 5.146859476177459 6.8
      vertex 3.64688424460253 5.146859476177459 1.8
      vertex 3.721271051849605 4.938962277178548 1.8
    endloop
  endfacet
  facet normal -0.9700312531945442 -0.24298017990326345 0
    outer loop
      vertex 3.5932331190927314 5.361046775463711 6.8
      vertex 3.5932331190927314 5.361046775463711 1.8
      vertex 3.64688424460253 5.146859476177459 1.8
    endloop
  endfacet
  facet normal -0.9891765099647809 -0.14673047445536175 0
    outer loop
      vertex 3.560834364987557 5.579461434258488 6.8
      vertex 3.560834364987557 5.579461434258488 1.8
      vertex 3.5932331190927314 5.361046775463711 1.8
    endloop
  endfacet
  facet normal -0.9987954562051724 -0.049067674327418244 0
    outer loop
      vertex 3.55 5.8 6.8
      vertex 3.55 5.8 1.8
      vertex 3.560834364987557 5.579461434258488 1.8
    endloop
  endfacet
  facet normal -0.9987954562051724 0.049067674327418244 0
    outer loop
      vertex 3.560834364987557 6.020538565741512 6.8
      vertex 3.560834364987557 6.020538565741512 1.8
      vertex 3.55 5.8 1.8
    endloop
  endfacet
  facet normal -0.9891765099647809 0.14673047445536175 0
    outer loop
      vertex 3.5932331190927314 6.238953224536289 6.8
      vertex 3.5932331190927314 6.238953224536289 1.8
      vertex 3.560834364987557 6.020538565741512 1.8
    endloop
  endfacet
  facet normal -0.9700312531945442 0.24298017990326345 0
    outer loop
      vertex 3.64688424460253 6.45314052382254 6.8
      vertex 3.64688424460253 6.45314052382254 1.8
      vertex 3.5932331190927314 6.238953224536289 1.8
    endloop
  endfacet
  facet normal -0.9415440651830204 0.33688985339222133 0
    outer loop
      vertex 3.721271051849605 6.661037722821452 6.8
      vertex 3.721271051849605 6.661037722821452 1.8
      vertex 3.64688424460253 6.45314052382254 1.8
    endloop
  endfacet
  facet normal -0.24298017990326345 -0.9700312531945442 0
    outer loop
      vertex 5.361046775463711 3.5932331190927314 6.8
      vertex 5.146859476177459 3.64688424460253 1.8
      vertex 5.361046775463711 3.5932331190927314 1.8
    endloop
  endfacet
  facet normal -0.33688985339222133 -0.9415440651830204 0
    outer loop
      vertex 5.146859476177459 3.64688424460253 6.8
      vertex 4.938962277178548 3.721271051849605 1.8
      vertex 5.146859476177459 3.64688424460253 1.8
    endloop
  endfacet
  facet normal -0.14673047445536175 -0.9891765099647809 0
    outer loop
      vertex 5.579461434258488 3.560834364987557 6.8
      vertex 5.361046775463711 3.5932331190927314 1.8
      vertex 5.579461434258488 3.560834364987557 1.8
    endloop
  endfacet
  facet normal -0.049067674327418244 -0.9987954562051724 0
    outer loop
      vertex 5.8 3.55 6.8
      vertex 5.579461434258488 3.560834364987557 1.8
      vertex 5.8 3.55 1.8
    endloop
  endfacet
  facet normal 0.049067674327418244 -0.9987954562051724 0
    outer loop
      vertex 6.020538565741512 3.560834364987557 6.8
      vertex 5.8 3.55 1.8
      vertex 6.020538565741512 3.560834364987557 1.8
    endloop
  endfacet
  facet normal 0.14673047445536175 -0.9891765099647809 0
    outer loop
      vertex 6.238953224536289 3.5932331190927314 6.8
      vertex 6.020538565741512 3.560834364987557 1.8
      vertex 6.238953224536289 3.5932331190927314 1.8
    endloop
  endfacet
  facet normal 0.24298017990326345 -0.9700312531945442 0
    outer loop
      vertex 6.45314052382254 3.64688424460253 6.8
      vertex 6.238953224536289 3.5932331190927314 1.8
      vertex 6.45314052382254 3.64688424460253 1.8
    endloop
  endfacet
  facet normal 0.33688985339222133 -0.9415440651830204 0
    outer loop
      vertex 6.661037722821452 3.721271051849605 6.8
      vertex 6.45314052382254 3.64688424460253 1.8
      vertex 6.661037722821452 3.721271051849605 1.8
    endloop
  endfacet
  facet normal 0.4275550934302811 -0.9039892931234438 0
    outer loop
      vertex 6.860642657858494 3.8156771552162008 6.8
      vertex 6.661037722821452 3.721271051849605 1.8
      vertex 6.860642657858494 3.8156771552162008 1.8
    endloop
  endfacet
  facet normal 0.5141027441932222 -0.8577286100002719 0
    outer loop
      vertex 7.0500330242941045 3.929193372319273 6.8
      vertex 6.860642657858494 3.8156771552162008 1.8
      vertex 7.0500330242941045 3.929193372319273 1.8
    endloop
  endfacet
  facet normal 0.5956993044924339 -0.8032075314806444 0
    outer loop
      vertex 7.227384889368202 4.060726479933842 6.8
      vertex 7.0500330242941045 3.929193372319273 1.8
      vertex 7.227384889368202 4.060726479933842 1.8
    endloop
  endfacet
  facet normal 0.6715589548470156 -0.7409511253549617 0
    outer loop
      vertex 7.390990257669732 4.2090097423302675 6.8
      vertex 7.227384889368202 4.060726479933842 1.8
      vertex 7.390990257669732 4.2090097423302675 1.8
    endloop
  endfacet
  facet normal 0.7409511253549617 -0.6715589548470156 0
    outer loop
      vertex 7.390990257669732 4.2090097423302675 6.8
      vertex 7.390990257669732 4.2090097423302675 1.8
      vertex 7.539273520066158 4.372615110631798 1.8
    endloop
  endfacet
  facet normal 0.8032075314806444 -0.5956993044924339 0
    outer loop
      vertex 7.539273520066158 4.372615110631798 6.8
      vertex 7.539273520066158 4.372615110631798 1.8
      vertex 7.670806627680727 4.549966975705895 1.8
    endloop
  endfacet
  facet normal 0.8577286100002719 -0.5141027441932222 0
    outer loop
      vertex 7.670806627680727 4.549966975705895 6.8
      vertex 7.670806627680727 4.549966975705895 1.8
      vertex 7.784322844783799 4.739357342141505 1.8
    endloop
  endfacet
  facet normal 0.9039892931234446 -0.4275550934302794 0
    outer loop
      vertex 7.784322844783799 4.739357342141505 6.8
      vertex 7.784322844783799 4.739357342141505 1.8
      vertex 7.878728948150394 4.938962277178548 1.8
    endloop
  endfacet
  facet normal 0.9415440651830204 -0.33688985339222133 0
    outer loop
      vertex 7.878728948150394 4.938962277178548 6.8
      vertex 7.878728948150394 4.938962277178548 1.8
      vertex 7.953115755397469 5.146859476177459 1.8
    endloop
  endfacet
  facet normal 0.9700312531945442 -0.24298017990326345 0
    outer loop
      vertex 7.953115755397469 5.146859476177459 6.8
      vertex 7.953115755397469 5.146859476177459 1.8
      vertex 8.006766880907268 5.361046775463711 1.8
    endloop
  endfacet
  facet normal 0.9891765099647803 -0.14673047445536566 0
    outer loop
      vertex 8.006766880907268 5.361046775463711 6.8
      vertex 8.006766880907268 5.361046775463711 1.8
      vertex 8.039165635012443 5.579461434258488 1.8
    endloop
  endfacet
  facet normal 0.9987954562051724 -0.049067674327420256 0
    outer loop
      vertex 8.039165635012443 5.579461434258488 6.8
      vertex 8.039165635012443 5.579461434258488 1.8
      vertex 8.05 5.8 1.8
    endloop
  endfacet
  facet normal 0.9987954562051724 0.049067674327420256 0
    outer loop
      vertex 8.05 5.8 6.8
      vertex 8.05 5.8 1.8
      vertex 8.039165635012443 6.020538565741512 1.8
    endloop
  endfacet
  facet normal 0.9891765099647803 0.14673047445536566 0
    outer loop
      vertex 8.039165635012443 6.020538565741512 6.8
      vertex 8.039165635012443 6.020538565741512 1.8
      vertex 8.006766880907268 6.238953224536289 1.8
    endloop
  endfacet
  facet normal 0.9700312531945442 0.24298017990326345 0
    outer loop
      vertex 8.006766880907268 6.238953224536289 6.8
      vertex 8.006766880907268 6.238953224536289 1.8
      vertex 7.953115755397469 6.45314052382254 1.8
    endloop
  endfacet
  facet normal 0.9415440651830204 0.33688985339222133 0
    outer loop
      vertex 7.953115755397469 6.45314052382254 6.8
      vertex 7.953115755397469 6.45314052382254 1.8
      vertex 7.878728948150394 6.661037722821452 1.8
    endloop
  endfacet
  facet normal -0.5141027441932222 -0.8577286100002719 0
    outer loop
      vertex 4.549966975705895 3.929193372319273 6.8
      vertex 4.549966975705895 3.929193372319273 1.8
      vertex 4.739357342141505 3.8156771552162008 6.8
    endloop
  endfacet
  facet normal -0.4275550934302811 -0.9039892931234438 -9.616761870252652e-20
    outer loop
      vertex 4.938962277178548 3.721271051849605 6.8
      vertex 4.739357342141505 3.8156771552162008 6.8
      vertex 4.739357342141505 3.8156771552162008 1.8
    endloop
  endfacet
  facet normal -0.5956993044924339 -0.8032075314806444 0
    outer loop
      vertex 4.372615110631798 4.060726479933842 6.8
      vertex 4.372615110631798 4.060726479933842 1.8
      vertex 4.549966975705895 3.929193372319273 6.8
    endloop
  endfacet
  facet normal -0.6715589548470156 -0.7409511253549617 -1.3819456245880546e-18
    outer loop
      vertex 4.372615110631798 4.060726479933842 6.8
      vertex 4.2090097423302675 4.2090097423302675 6.8
      vertex 4.2090097423302675 4.2090097423302675 1.8
    endloop
  endfacet
  facet normal -0.7409511253549617 -0.6715589548470156 -1.3819456245880546e-18
    outer loop
      vertex 4.060726479933842 4.372615110631798 6.8
      vertex 4.2090097423302675 4.2090097423302675 1.8
      vertex 4.2090097423302675 4.2090097423302675 6.8
    endloop
  endfacet
  facet normal -0.8032075314806444 -0.5956993044924339 0
    outer loop
      vertex 4.060726479933842 4.372615110631798 6.8
      vertex 3.929193372319273 4.549966975705895 6.8
      vertex 4.060726479933842 4.372615110631798 1.8
    endloop
  endfacet
  facet normal -0.8577286100002719 -0.5141027441932222 0
    outer loop
      vertex 3.929193372319273 4.549966975705895 6.8
      vertex 3.8156771552162008 4.739357342141505 6.8
      vertex 3.929193372319273 4.549966975705895 1.8
    endloop
  endfacet
  facet normal -0.9039892931234438 -0.4275550934302811 0
    outer loop
      vertex 3.8156771552162008 4.739357342141505 6.8
      vertex 3.721271051849605 4.938962277178548 6.8
      vertex 3.8156771552162008 4.739357342141505 1.8
    endloop
  endfacet
  facet normal -0.9415440651830204 -0.33688985339222133 0
    outer loop
      vertex 3.721271051849605 4.938962277178548 6.8
      vertex 3.64688424460253 5.146859476177459 6.8
      vertex 3.721271051849605 4.938962277178548 1.8
    endloop
  endfacet
  facet normal -0.9700312531945442 -0.24298017990326345 0
    outer loop
      vertex 3.64688424460253 5.146859476177459 6.8
      vertex 3.5932331190927314 5.361046775463711 6.8
      vertex 3.64688424460253 5.146859476177459 1.8
    endloop
  endfacet
  facet normal -0.9891765099647809 -0.14673047445536175 0
    outer loop
      vertex 3.5932331190927314 5.361046775463711 6.8
      vertex 3.560834364987557 5.579461434258488 6.8
      vertex 3.5932331190927314 5.361046775463711 1.8
    endloop
  endfacet
  facet normal -0.9987954562051724 -0.049067674327418244 0
    outer loop
      vertex 3.560834364987557 5.579461434258488 6.8
      vertex 3.55 5.8 6.8
      vertex 3.560834364987557 5.579461434258488 1.8
    endloop
  endfacet
  facet normal -0.9987954562051724 0.049067674327418244 0
    outer loop
      vertex 3.55 5.8 6.8
      vertex 3.560834364987557 6.020538565741512 6.8
      vertex 3.55 5.8 1.8
    endloop
  endfacet
  facet normal -0.9891765099647809 0.14673047445536175 0
    outer loop
      vertex 3.560834364987557 6.020538565741512 6.8
      vertex 3.5932331190927314 6.238953224536289 6.8
      vertex 3.560834364987557 6.020538565741512 1.8
    endloop
  endfacet
  facet normal -0.9700312531945442 0.24298017990326345 0
    outer loop
      vertex 3.5932331190927314 6.238953224536289 6.8
      vertex 3.64688424460253 6.45314052382254 6.8
      vertex 3.5932331190927314 6.238953224536289 1.8
    endloop
  endfacet
  facet normal -0.9415440651830204 0.33688985339222133 0
    outer loop
      vertex 3.64688424460253 6.45314052382254 6.8
      vertex 3.721271051849605 6.661037722821452 6.8
      vertex 3.64688424460253 6.45314052382254 1.8
    endloop
  endfacet
  facet normal -0.24298017990326345 -0.9700312531945442 0
    outer loop
      vertex 5.146859476177459 3.64688424460253 6.8
      vertex 5.146859476177459 3.64688424460253 1.8
      vertex 5.361046775463711 3.5932331190927314 6.8
    endloop
  endfacet
  facet normal -0.33688985339222133 -0.9415440651830204 0
    outer loop
      vertex 4.938962277178548 3.721271051849605 6.8
      vertex 4.938962277178548 3.721271051849605 1.8
      vertex 5.146859476177459 3.64688424460253 6.8
    endloop
  endfacet
  facet normal -0.14673047445536175 -0.9891765099647809 1.266928140620094e-19
    outer loop
      vertex 5.579461434258488 3.560834364987557 6.8
      vertex 5.361046775463711 3.5932331190927314 6.8
      vertex 5.361046775463711 3.5932331190927314 1.8
    endloop
  endfacet
  facet normal -0.049067674327418244 -0.9987954562051724 0
    outer loop
      vertex 5.579461434258488 3.560834364987557 6.8
      vertex 5.579461434258488 3.560834364987557 1.8
      vertex 5.8 3.55 6.8
    endloop
  endfacet
  facet normal 0.049067674327418244 -0.9987954562051724 0
    outer loop
      vertex 5.8 3.55 6.8
      vertex 5.8 3.55 1.8
      vertex 6.020538565741512 3.560834364987557 6.8
    endloop
  endfacet
  facet normal 0.14673047445536175 -0.9891765099647809 0
    outer loop
      vertex 6.020538565741512 3.560834364987557 6.8
      vertex 6.020538565741512 3.560834364987557 1.8
      vertex 6.238953224536289 3.5932331190927314 6.8
    endloop
  endfacet
  facet normal 0.24298017990326345 -0.9700312531945442 0
    outer loop
      vertex 6.238953224536289 3.5932331190927314 6.8
      vertex 6.238953224536289 3.5932331190927314 1.8
      vertex 6.45314052382254 3.64688424460253 6.8
    endloop
  endfacet
  facet normal 0.33688985339222133 -0.9415440651830204 0
    outer loop
      vertex 6.45314052382254 3.64688424460253 6.8
      vertex 6.45314052382254 3.64688424460253 1.8
      vertex 6.661037722821452 3.721271051849605 6.8
    endloop
  endfacet
  facet normal 0.4275550934302811 -0.9039892931234438 0
    outer loop
      vertex 6.661037722821452 3.721271051849605 6.8
      vertex 6.661037722821452 3.721271051849605 1.8
      vertex 6.860642657858494 3.8156771552162008 6.8
    endloop
  endfacet
  facet normal 0.5141027441932222 -0.8577286100002719 0
    outer loop
      vertex 6.860642657858494 3.8156771552162008 6.8
      vertex 6.860642657858494 3.8156771552162008 1.8
      vertex 7.0500330242941045 3.929193372319273 6.8
    endloop
  endfacet
  facet normal 0.5956993044924339 -0.8032075314806444 0
    outer loop
      vertex 7.0500330242941045 3.929193372319273 6.8
      vertex 7.0500330242941045 3.929193372319273 1.8
      vertex 7.227384889368202 4.060726479933842 6.8
    endloop
  endfacet
  facet normal 0.6715589548470156 -0.7409511253549617 0
    outer loop
      vertex 7.227384889368202 4.060726479933842 6.8
      vertex 7.227384889368202 4.060726479933842 1.8
      vertex 7.390990257669732 4.2090097423302675 6.8
    endloop
  endfacet
  facet normal 0.7409511253549617 -0.6715589548470156 1.3819456245880546e-18
    outer loop
      vertex 7.390990257669732 4.2090097423302675 6.8
      vertex 7.539273520066158 4.372615110631798 1.8
      vertex 7.539273520066158 4.372615110631798 6.8
    endloop
  endfacet
  facet normal 0.8032075314806444 -0.5956993044924339 -1.3032532812226833e-19
    outer loop
      vertex 7.539273520066158 4.372615110631798 6.8
      vertex 7.670806627680727 4.549966975705895 1.8
      vertex 7.670806627680727 4.549966975705895 6.8
    endloop
  endfacet
  facet normal 0.8577286100002719 -0.5141027441932222 5.039840064630576e-19
    outer loop
      vertex 7.670806627680727 4.549966975705895 6.8
      vertex 7.784322844783799 4.739357342141505 1.8
      vertex 7.784322844783799 4.739357342141505 6.8
    endloop
  endfacet
  facet normal 0.9039892931234446 -0.4275550934302794 1.5121012830623134e-18
    outer loop
      vertex 7.784322844783799 4.739357342141505 6.8
      vertex 7.878728948150394 4.938962277178548 1.8
      vertex 7.878728948150394 4.938962277178548 6.8
    endloop
  endfacet
  facet normal 0.9415440651830204 -0.33688985339222133 2.064464740274204e-19
    outer loop
      vertex 7.878728948150394 4.938962277178548 6.8
      vertex 7.953115755397469 5.146859476177459 1.8
      vertex 7.953115755397469 5.146859476177459 6.8
    endloop
  endfacet
  facet normal 0.9700312531945442 -0.24298017990326345 5.449413046079078e-19
    outer loop
      vertex 7.953115755397469 5.146859476177459 6.8
      vertex 8.006766880907268 5.361046775463711 1.8
      vertex 8.006766880907268 5.361046775463711 6.8
    endloop
  endfacet
  facet normal 0.9891765099647803 -0.14673047445536566 3.8916517556801477e-19
    outer loop
      vertex 8.006766880907268 5.361046775463711 6.8
      vertex 8.039165635012443 5.579461434258488 1.8
      vertex 8.039165635012443 5.579461434258488 6.8
    endloop
  endfacet
  facet normal 0.9987954562051724 -0.049067674327420256 -1.5251052659100764e-19
    outer loop
      vertex 8.039165635012443 5.579461434258488 6.8
      vertex 8.05 5.8 1.8
      vertex 8.05 5.8 6.8
    endloop
  endfacet
  facet normal 0.9987954562051724 0.049067674327420256 1.5251052659100764e-19
    outer loop
      vertex 8.05 5.8 6.8
      vertex 8.039165635012443 6.020538565741512 1.8
      vertex 8.039165635012443 6.020538565741512 6.8
    endloop
  endfacet
  facet normal 0.9891765099647803 0.14673047445536566 -3.8916517556801477e-19
    outer loop
      vertex 8.039165635012443 6.020538565741512 6.8
      vertex 8.006766880907268 6.238953224536289 1.8
      vertex 8.006766880907268 6.238953224536289 6.8
    endloop
  endfacet
  facet normal 0.9700312531945442 0.24298017990326345 -5.449413046079078e-19
    outer loop
      vertex 8.006766880907268 6.238953224536289 6.8
      vertex 7.953115755397469 6.45314052382254 1.8
      vertex 7.953115755397469 6.45314052382254 6.8
    endloop
  endfacet
  facet normal 0.9415440651830204 0.33688985339222133 -2.064464740274204e-19
    outer loop
      vertex 7.953115755397469 6.45314052382254 6.8
      vertex 7.878728948150394 6.661037722821452 1.8
      vertex 7.878728948150394 6.661037722821452 6.8
    endloop
  endfacet
  facet normal 0 0 1
    outer loop
      vertex 4.938962277178548 3.721271051849605 6.8
      vertex 4.82988660921681 5.281463589491402 6.8
      vertex 4.739357342141505 3.8156771552162008 6.8
    endloop
  endfacet
  facet normal 0 0 1
    outer loop
      vertex 4.938962277178548 3.721271051849605 6.8
      vertex 5.022182540694797 5.022182540694797 6.8
      vertex 4.949688501300989 5.10216738741999 6.8
    endloop
  endfacet
  facet normal 0 0 1
    outer loop
      vertex 4.938962277178548 3.721271051849605 6.8
      vertex 4.949688501300989 5.10216738741999 6.8
      vertex 4.8853834264672 5.188872743678438 6.8
    endloop
  endfacet
  facet normal 0 0 1
    outer loop
      vertex 4.938962277178548 3.721271051849605 6.8
      vertex 4.8853834264672 5.188872743678438 6.8
      vertex 4.82988660921681 5.281463589491402 6.8
    endloop
  endfacet
  facet normal 0 0 1
    outer loop
      vertex 4.739357342141505 3.8156771552162008 6.8
      vertex 4.82988660921681 5.281463589491402 6.8
      vertex 4.783732514237585 5.379048224398401 6.8
    endloop
  endfacet
  facet normal 0 0 1
    outer loop
      vertex 4.739357342141505 3.8156771552162008 6.8
      vertex 4.783732514237585 5.379048224398401 6.8
      vertex 4.74736563069457 5.480686855020092 6.8
    endloop
  endfacet
  facet normal 0 0 1
    outer loop
      vertex 4.739357342141505 3.8156771552162008 6.8
      vertex 4.74736563069457 5.480686855020092 6.8
      vertex 4.721136191556447 5.585400645782259 6.8
    endloop
  endfacet
  facet normal 0 0 1
    outer loop
      vertex 3.8156771552162008 4.739357342141505 6.8
      vertex 3.721271051849605 6.661037722821452 6.8
      vertex 3.721271051849605 4.938962277178548 6.8
    endloop
  endfacet
  facet normal 0 0 1
    outer loop
      vertex 3.721271051849605 4.938962277178548 6.8
      vertex 3.64688424460253 6.45314052382254 6.8
      vertex 3.64688424460253 5.146859476177459 6.8
    endloop
  endfacet
  facet normal 0 0 1
    outer loop
      vertex 3.64688424460253 5.146859476177459 6.8
      vertex 3.5932331190927314 6.238953224536289 6.8
      vertex 3.5932331190927314 5.361046775463711 6.8
    endloop
  endfacet
  facet normal 0 0 1
    outer loop
      vertex 3.5932331190927314 5.361046775463711 6.8
      vertex 3.560834364987557 6.020538565741512 6.8
      vertex 3.560834364987557 5.579461434258488 6.8
    endloop
  endfacet
  facet normal 0 0 1
    outer loop
      vertex 3.560834364987557 5.579461434258488 6.8
      vertex 3.560834364987557 6.020538565741512 6.8
      vertex 3.55 5.8 6.8
    endloop
  endfacet
  facet normal 0 0 1
    outer loop
      vertex 3.929193372319273 4.549966975705895 6.8
      vertex 3.8156771552162008 6.860642657858494 6.8
      vertex 3.8156771552162008 4.739357342141505 6.8
    endloop
  endfacet
  facet normal 0 0 1
    outer loop
      vertex 4.060726479933842 4.372615110631798 6.8
      vertex 3.929193372319273 7.0500330242941045 6.8
      vertex 3.929193372319273 4.549966975705895 6.8
    endloop
  endfacet
  facet normal 0 0 1
    outer loop
      vertex 4.060726479933842 4.372615110631798 6.8
      vertex 4.2090097423302675 4.2090097423302675 6.8
      vertex 4.060726479933842 7.227384889368202 6.8
    endloop
  endfacet
  facet normal 0 0 1
    outer loop
      vertex 4.372615110631798 4.060726479933842 6.8
      vertex 4.2090097423302675 7.390990257669732 6.8
      vertex 4.2090097423302675 4.2090097423302675 6.8
    endloop
  endfacet
  facet normal 0 0 1
    outer loop
      vertex 4.372615110631798 4.060726479933842 6.8
      vertex 4.549966975705895 3.929193372319273 6.8
      vertex 4.372615110631798 7.539273520066158 6.8
    endloop
  endfacet
  facet normal 0 0 1
    outer loop
      vertex 4.549966975705895 3.929193372319273 6.8
      vertex 4.739357342141505 3.8156771552162008 6.8
      vertex 4.549966975705895 7.670806627680727 6.8
    endloop
  endfacet
  facet normal 0 0 1
    outer loop
      vertex 4.739357342141505 3.8156771552162008 6.8
      vertex 4.721136191556447 5.585400645782259 6.8
      vertex 4.705296800660583 5.692181145637483 6.8
    endloop
  endfacet
  facet normal 0 0 1
    outer loop
      vertex 4.739357342141505 3.8156771552162008 6.8
      vertex 4.705296800660583 5.692181145637483 6.8
      vertex 4.699999999999999 5.8 6.8
    endloop
  endfacet
  facet normal 0 0 1
    outer loop
      vertex 4.739357342141505 3.8156771552162008 6.8
      vertex 4.699999999999999 5.8 6.8
      vertex 4.549966975705895 7.670806627680727 6.8
    endloop
  endfacet
  facet normal 0 0 1
    outer loop
      vertex 3.5932331190927314 5.361046775463711 6.8
      vertex 3.5932331190927314 6.238953224536289 6.8
      vertex 3.560834364987557 6.020538565741512 6.8
    endloop
  endfacet
  facet normal 0 0 1
    outer loop
      vertex 3.64688424460253 5.146859476177459 6.8
      vertex 3.64688424460253 6.45314052382254 6.8
      vertex 3.5932331190927314 6.238953224536289 6.8
    endloop
  endfacet
  facet normal 0 0 1
    outer loop
      vertex 3.721271051849605 4.938962277178548 6.8
      vertex 3.721271051849605 6.661037722821452 6.8
      vertex 3.64688424460253 6.45314052382254 6.8
    endloop
  endfacet
  facet normal 0 0 1
    outer loop
      vertex 3.8156771552162008 4.739357342141505 6.8
      vertex 3.8156771552162008 6.860642657858494 6.8
      vertex 3.721271051849605 6.661037722821452 6.8
    endloop
  endfacet
  facet normal 0 0 1
    outer loop
      vertex 3.929193372319273 4.549966975705895 6.8
      vertex 3.929193372319273 7.0500330242941045 6.8
      vertex 3.8156771552162008 6.860642657858494 6.8
    endloop
  endfacet
  facet normal 0 0 1
    outer loop
      vertex 4.060726479933842 4.372615110631798 6.8
      vertex 4.060726479933842 7.227384889368202 6.8
      vertex 3.929193372319273 7.0500330242941045 6.8
    endloop
  endfacet
  facet normal 0 0 1
    outer loop
      vertex 4.2090097423302675 4.2090097423302675 6.8
      vertex 4.2090097423302675 7.390990257669732 6.8
      vertex 4.060726479933842 7.227384889368202 6.8
    endloop
  endfacet
  facet normal 0 0 1
    outer loop
      vertex 4.372615110631798 4.060726479933842 6.8
      vertex 4.372615110631798 7.539273520066158 6.8
      vertex 4.2090097423302675 7.390990257669732 6.8
    endloop
  endfacet
  facet normal 0 0 1
    outer loop
      vertex 4.549966975705895 3.929193372319273 6.8
      vertex 4.549966975705895 7.670806627680727 6.8
      vertex 4.372615110631798 7.539273520066158 6.8
    endloop
  endfacet
  facet normal 0 0 1
    outer loop
      vertex 4.699999999999999 5.8 6.8
      vertex 4.705296800660583 5.9078188543625165 6.8
      vertex 4.549966975705895 7.670806627680727 6.8
    endloop
  endfacet
  facet normal 0 0 1
    outer loop
      vertex 4.705296800660583 5.9078188543625165 6.8
      vertex 4.721136191556447 6.014599354217741 6.8
      vertex 4.549966975705895 7.670806627680727 6.8
    endloop
  endfacet
  facet normal 0 0 1
    outer loop
      vertex 4.721136191556447 6.014599354217741 6.8
      vertex 4.74736563069457 6.119313144979908 6.8
      vertex 4.549966975705895 7.670806627680727 6.8
    endloop
  endfacet
  facet normal 0 0 1
    outer loop
      vertex 5.146859476177459 3.64688424460253 6.8
      vertex 5.361046775463711 3.5932331190927314 6.8
      vertex 5.281463589491402 4.82988660921681 6.8
    endloop
  endfacet
  facet normal 0 0 1
    outer loop
      vertex 4.938962277178548 3.721271051849605 6.8
      vertex 5.146859476177459 3.64688424460253 6.8
      vertex 5.022182540694797 5.022182540694797 6.8
    endloop
  endfacet
  facet normal 0 0 1
    outer loop
      vertex 5.579461434258488 3.560834364987557 6.8
      vertex 5.480686855020092 4.74736563069457 6.8
      vertex 5.361046775463711 3.5932331190927314 6.8
    endloop
  endfacet
  facet normal 0 0 1
    outer loop
      vertex 5.579461434258488 3.560834364987557 6.8
      vertex 5.8 3.55 6.8
      vertex 5.692181145637483 4.705296800660583 6.8
    endloop
  endfacet
  facet normal 0 0 1
    outer loop
      vertex 5.8 3.55 6.8
      vertex 6.020538565741512 3.560834364987557 6.8
      vertex 5.9078188543625165 4.705296800660583 6.8
    endloop
  endfacet
  facet normal 0 0 1
    outer loop
      vertex 6.020538565741512 3.560834364987557 6.8
      vertex 6.238953224536289 3.5932331190927314 6.8
      vertex 6.014599354217741 4.721136191556447 6.8
    endloop
  endfacet
  facet normal 0 0 1
    outer loop
      vertex 6.238953224536289 3.5932331190927314 6.8
      vertex 6.45314052382254 3.64688424460253 6.8
      vertex 6.220951775601598 4.783732514237585 6.8
    endloop
  endfacet
  facet normal 0 0 1
    outer loop
      vertex 6.45314052382254 3.64688424460253 6.8
      vertex 6.661037722821452 3.721271051849605 6.8
      vertex 6.411127256321562 4.8853834264672 6.8
    endloop
  endfacet
  facet normal 0 0 1
    outer loop
      vertex 5.579461434258488 3.560834364987557 6.8
      vertex 5.585400645782259 4.721136191556447 6.8
      vertex 5.480686855020092 4.74736563069457 6.8
    endloop
  endfacet
  facet normal 0 0 1
    outer loop
      vertex 5.579461434258488 3.560834364987557 6.8
      vertex 5.692181145637483 4.705296800660583 6.8
      vertex 5.585400645782259 4.721136191556447 6.8
    endloop
  endfacet
  facet normal 0 0 1
    outer loop
      vertex 5.146859476177459 3.64688424460253 6.8
      vertex 5.281463589491402 4.82988660921681 6.8
      vertex 5.188872743678438 4.8853834264672 6.8
    endloop
  endfacet
  facet normal 0 0 1
    outer loop
      vertex 5.146859476177459 3.64688424460253 6.8
      vertex 5.188872743678438 4.8853834264672 6.8
      vertex 5.10216738741999 4.949688501300989 6.8
    endloop
  endfacet
  facet normal 0 0 1
    outer loop
      vertex 5.146859476177459 3.64688424460253 6.8
      vertex 5.10216738741999 4.949688501300989 6.8
      vertex 5.022182540694797 5.022182540694797 6.8
    endloop
  endfacet
  facet normal 0 0 1
    outer loop
      vertex 5.361046775463711 3.5932331190927314 6.8
      vertex 5.379048224398401 4.783732514237585 6.8
      vertex 5.281463589491402 4.82988660921681 6.8
    endloop
  endfacet
  facet normal 0 0 1
    outer loop
      vertex 5.361046775463711 3.5932331190927314 6.8
      vertex 5.480686855020092 4.74736563069457 6.8
      vertex 5.379048224398401 4.783732514237585 6.8
    endloop
  endfacet
  facet normal 0 0 1
    outer loop
      vertex 5.8 3.55 6.8
      vertex 5.8 4.699999999999999 6.8
      vertex 5.692181145637483 4.705296800660583 6.8
    endloop
  endfacet
  facet normal 0 0 1
    outer loop
      vertex 5.8 3.55 6.8
      vertex 5.9078188543625165 4.705296800660583 6.8
      vertex 5.8 4.699999999999999 6.8
    endloop
  endfacet
  facet normal 0 0 1
    outer loop
      vertex 6.020538565741512 3.560834364987557 6.8
      vertex 6.014599354217741 4.721136191556447 6.8
      vertex 5.9078188543625165 4.705296800660583 6.8
    endloop
  endfacet
  facet normal 0 0 1
    outer loop
      vertex 6.238953224536289 3.5932331190927314 6.8
      vertex 6.119313144979908 4.74736563069457 6.8
      vertex 6.014599354217741 4.721136191556447 6.8
    endloop
  endfacet
  facet normal 0 0 1
    outer loop
      vertex 6.238953224536289 3.5932331190927314 6.8
      vertex 6.220951775601598 4.783732514237585 6.8
      vertex 6.119313144979908 4.74736563069457 6.8
    endloop
  endfacet
  facet normal 0 0 1
    outer loop
      vertex 6.661037722821452 3.721271051849605 6.8
      vertex 6.860642657858494 3.8156771552162008 6.8
      vertex 6.65031149869901 5.10216738741999 6.8
    endloop
  endfacet
  facet normal 0 0 1
    outer loop
      vertex 6.45314052382254 3.64688424460253 6.8
      vertex 6.318536410508598 4.82988660921681 6.8
      vertex 6.220951775601598 4.783732514237585 6.8
    endloop
  endfacet
  facet normal 0 0 1
    outer loop
      vertex 6.45314052382254 3.64688424460253 6.8
      vertex 6.411127256321562 4.8853834264672 6.8
      vertex 6.318536410508598 4.82988660921681 6.8
    endloop
  endfacet
  facet normal 0 0 1
    outer loop
      vertex 6.661037722821452 3.721271051849605 6.8
      vertex 6.49783261258001 4.949688501300989 6.8
      vertex 6.411127256321562 4.8853834264672 6.8
    endloop
  endfacet
  facet normal 0 0 1
    outer loop
      vertex 6.661037722821452 3.721271051849605 6.8
      vertex 6.577817459305202 5.022182540694797 6.8
      vertex 6.49783261258001 4.949688501300989 6.8
    endloop
  endfacet
  facet normal 0 0 1
    outer loop
      vertex 6.860642657858494 3.8156771552162008 6.8
      vertex 7.0500330242941045 3.929193372319273 6.8
      vertex 6.85263436930543 5.480686855020092 6.8
    endloop
  endfacet
  facet normal 0 0 1
    outer loop
      vertex 6.661037722821452 3.721271051849605 6.8
      vertex 6.65031149869901 5.10216738741999 6.8
      vertex 6.577817459305202 5.022182540694797 6.8
    endloop
  endfacet
  facet normal 0 0 1
    outer loop
      vertex 6.860642657858494 3.8156771552162008 6.8
      vertex 6.714616573532799 5.188872743678438 6.8
      vertex 6.65031149869901 5.10216738741999 6.8
    endloop
  endfacet
  facet normal 0 0 1
    outer loop
      vertex 6.860642657858494 3.8156771552162008 6.8
      vertex 6.77011339078319 5.281463589491402 6.8
      vertex 6.714616573532799 5.188872743678438 6.8
    endloop
  endfacet
  facet normal 0 0 1
    outer loop
      vertex 6.860642657858494 3.8156771552162008 6.8
      vertex 6.816267485762415 5.379048224398401 6.8
      vertex 6.77011339078319 5.281463589491402 6.8
    endloop
  endfacet
  facet normal 0 0 1
    outer loop
      vertex 6.860642657858494 3.8156771552162008 6.8
      vertex 6.85263436930543 5.480686855020092 6.8
      vertex 6.816267485762415 5.379048224398401 6.8
    endloop
  endfacet
  facet normal 0 0 1
    outer loop
      vertex 7.0500330242941045 3.929193372319273 6.8
      vertex 6.878863808443553 5.585400645782259 6.8
      vertex 6.85263436930543 5.480686855020092 6.8
    endloop
  endfacet
  facet normal 0 0 1
    outer loop
      vertex 7.0500330242941045 3.929193372319273 6.8
      vertex 6.894703199339417 5.692181145637483 6.8
      vertex 6.878863808443553 5.585400645782259 6.8
    endloop
  endfacet
  facet normal 0 0 1
    outer loop
      vertex 7.0500330242941045 3.929193372319273 6.8
      vertex 6.9 5.8 6.8
      vertex 6.894703199339417 5.692181145637483 6.8
    endloop
  endfacet
  facet normal 0 0 1
    outer loop
      vertex 7.0500330242941045 3.929193372319273 6.8
      vertex 7.227384889368202 4.060726479933842 6.8
      vertex 7.0500330242941045 7.670806627680727 6.8
    endloop
  endfacet
  facet normal 0 0 1
    outer loop
      vertex 7.227384889368202 4.060726479933842 6.8
      vertex 7.390990257669732 4.2090097423302675 6.8
      vertex 7.227384889368202 7.539273520066158 6.8
    endloop
  endfacet
  facet normal 0 0 1
    outer loop
      vertex 7.390990257669732 4.2090097423302675 6.8
      vertex 7.539273520066158 4.372615110631798 6.8
      vertex 7.390990257669732 7.390990257669732 6.8
    endloop
  endfacet
  facet normal 0 0 1
    outer loop
      vertex 7.0500330242941045 3.929193372319273 6.8
      vertex 6.860642657858494 7.784322844783799 6.8
      vertex 6.9 5.8 6.8
    endloop
  endfacet
  facet normal 0 0 1
    outer loop
      vertex 6.894703199339417 5.9078188543625165 6.8
      vertex 6.860642657858494 7.784322844783799 6.8
      vertex 6.878863808443553 6.014599354217741 6.8
    endloop
  endfacet
  facet normal 0 0 1
    outer loop
      vertex 6.878863808443553 6.014599354217741 6.8
      vertex 6.860642657858494 7.784322844783799 6.8
      vertex 6.85263436930543 6.119313144979908 6.8
    endloop
  endfacet
  facet normal 0 0 1
    outer loop
      vertex 7.227384889368202 4.060726479933842 6.8
      vertex 7.227384889368202 7.539273520066158 6.8
      vertex 7.0500330242941045 7.670806627680727 6.8
    endloop
  endfacet
  facet normal 0 0 1
    outer loop
      vertex 7.539273520066158 4.372615110631798 6.8
      vertex 7.539273520066158 7.227384889368202 6.8
      vertex 7.390990257669732 7.390990257669732 6.8
    endloop
  endfacet
  facet normal 0 0 1
    outer loop
      vertex 7.390990257669732 4.2090097423302675 6.8
      vertex 7.390990257669732 7.390990257669732 6.8
      vertex 7.227384889368202 7.539273520066158 6.8
    endloop
  endfacet
  facet normal 0 0 1
    outer loop
      vertex 7.0500330242941045 3.929193372319273 6.8
      vertex 7.0500330242941045 7.670806627680727 6.8
      vertex 6.860642657858494 7.784322844783799 6.8
    endloop
  endfacet
  facet normal 0 0 1
    outer loop
      vertex 6.9 5.8 6.8
      vertex 6.860642657858494 7.784322844783799 6.8
      vertex 6.894703199339417 5.9078188543625165 6.8
    endloop
  endfacet
  facet normal 0 0 1
    outer loop
      vertex 7.539273520066158 4.372615110631798 6.8
      vertex 7.670806627680727 4.549966975705895 6.8
      vertex 7.539273520066158 7.227384889368202 6.8
    endloop
  endfacet
  facet normal 0 0 1
    outer loop
      vertex 7.670806627680727 4.549966975705895 6.8
      vertex 7.784322844783799 4.739357342141505 6.8
      vertex 7.670806627680727 7.0500330242941045 6.8
    endloop
  endfacet
  facet normal 0 0 1
    outer loop
      vertex 7.784322844783799 4.739357342141505 6.8
      vertex 7.878728948150394 4.938962277178548 6.8
      vertex 7.784322844783799 6.860642657858494 6.8
    endloop
  endfacet
  facet normal 0 0 1
    outer loop
      vertex 7.878728948150394 4.938962277178548 6.8
      vertex 7.953115755397469 5.146859476177459 6.8
      vertex 7.878728948150394 6.661037722821452 6.8
    endloop
  endfacet
  facet normal 0 0 1
    outer loop
      vertex 7.953115755397469 5.146859476177459 6.8
      vertex 8.006766880907268 5.361046775463711 6.8
      vertex 7.953115755397469 6.45314052382254 6.8
    endloop
  endfacet
  facet normal 0 0 1
    outer loop
      vertex 8.006766880907268 5.361046775463711 6.8
      vertex 8.039165635012443 5.579461434258488 6.8
      vertex 8.006766880907268 6.238953224536289 6.8
    endloop
  endfacet
  facet normal 0 0 1
    outer loop
      vertex 8.039165635012443 5.579461434258488 6.8
      vertex 8.05 5.8 6.8
      vertex 8.039165635012443 6.020538565741512 6.8
    endloop
  endfacet
  facet normal 0 0 1
    outer loop
      vertex 8.039165635012443 5.579461434258488 6.8
      vertex 8.039165635012443 6.020538565741512 6.8
      vertex 8.006766880907268 6.238953224536289 6.8
    endloop
  endfacet
  facet normal 0 0 1
    outer loop
      vertex 8.006766880907268 5.361046775463711 6.8
      vertex 8.006766880907268 6.238953224536289 6.8
      vertex 7.953115755397469 6.45314052382254 6.8
    endloop
  endfacet
  facet normal 0 0 1
    outer loop
      vertex 7.784322844783799 4.739357342141505 6.8
      vertex 7.784322844783799 6.860642657858494 6.8
      vertex 7.670806627680727 7.0500330242941045 6.8
    endloop
  endfacet
  facet normal 0 0 1
    outer loop
      vertex 7.953115755397469 5.146859476177459 6.8
      vertex 7.953115755397469 6.45314052382254 6.8
      vertex 7.878728948150394 6.661037722821452 6.8
    endloop
  endfacet
  facet normal 0 0 1
    outer loop
      vertex 7.878728948150394 4.938962277178548 6.8
      vertex 7.878728948150394 6.661037722821452 6.8
      vertex 7.784322844783799 6.860642657858494 6.8
    endloop
  endfacet
  facet normal 0 0 1
    outer loop
      vertex 7.670806627680727 4.549966975705895 6.8
      vertex 7.670806627680727 7.0500330242941045 6.8
      vertex 7.539273520066158 7.227384889368202 6.8
    endloop
  endfacet
  facet normal -0.9039892931234438 0.4275550934302811 0
    outer loop
      vertex 3.8156771552162008 6.860642657858494 6.8
      vertex 3.8156771552162008 6.860642657858494 1.8
      vertex 3.721271051849605 6.661037722821452 1.8
    endloop
  endfacet
  facet normal -0.8577286100002719 0.5141027441932222 0
    outer loop
      vertex 3.929193372319273 7.0500330242941045 6.8
      vertex 3.929193372319273 7.0500330242941045 1.8
      vertex 3.8156771552162008 6.860642657858494 1.8
    endloop
  endfacet
  facet normal -0.8032075314806444 0.5956993044924339 0
    outer loop
      vertex 4.060726479933842 7.227384889368202 6.8
      vertex 4.060726479933842 7.227384889368202 1.8
      vertex 3.929193372319273 7.0500330242941045 1.8
    endloop
  endfacet
  facet normal -0.7409511253549617 0.6715589548470156 0
    outer loop
      vertex 4.2090097423302675 7.390990257669732 6.8
      vertex 4.2090097423302675 7.390990257669732 1.8
      vertex 4.060726479933842 7.227384889368202 1.8
    endloop
  endfacet
  facet normal -0.6715589548470156 0.7409511253549617 0
    outer loop
      vertex 4.2090097423302675 7.390990257669732 6.8
      vertex 4.372615110631798 7.539273520066158 1.8
      vertex 4.2090097423302675 7.390990257669732 1.8
    endloop
  endfacet
  facet normal -0.5956993044924339 0.8032075314806444 0
    outer loop
      vertex 4.372615110631798 7.539273520066158 6.8
      vertex 4.549966975705895 7.670806627680727 1.8
      vertex 4.372615110631798 7.539273520066158 1.8
    endloop
  endfacet
  facet normal -0.5141027441932222 0.8577286100002719 0
    outer loop
      vertex 4.549966975705895 7.670806627680727 6.8
      vertex 4.739357342141505 7.784322844783799 1.8
      vertex 4.549966975705895 7.670806627680727 1.8
    endloop
  endfacet
  facet normal -0.4275550934302794 0.9039892931234446 0
    outer loop
      vertex 4.739357342141505 7.784322844783799 6.8
      vertex 4.938962277178548 7.878728948150394 1.8
      vertex 4.739357342141505 7.784322844783799 1.8
    endloop
  endfacet
  facet normal 0.7409511253549617 0.6715589548470156 0
    outer loop
      vertex 7.539273520066158 7.227384889368202 6.8
      vertex 7.539273520066158 7.227384889368202 1.8
      vertex 7.390990257669732 7.390990257669732 1.8
    endloop
  endfacet
  facet normal -0.33688985339222133 0.9415440651830204 0
    outer loop
      vertex 4.938962277178548 7.878728948150394 6.8
      vertex 5.146859476177459 7.953115755397469 1.8
      vertex 4.938962277178548 7.878728948150394 1.8
    endloop
  endfacet
  facet normal -0.24298017990326345 0.9700312531945442 0
    outer loop
      vertex 5.146859476177459 7.953115755397469 6.8
      vertex 5.361046775463711 8.006766880907268 1.8
      vertex 5.146859476177459 7.953115755397469 1.8
    endloop
  endfacet
  facet normal -0.14673047445536566 0.9891765099647803 0
    outer loop
      vertex 5.361046775463711 8.006766880907268 6.8
      vertex 5.579461434258488 8.039165635012443 1.8
      vertex 5.361046775463711 8.006766880907268 1.8
    endloop
  endfacet
  facet normal -0.049067674327420256 0.9987954562051724 0
    outer loop
      vertex 5.579461434258488 8.039165635012443 6.8
      vertex 5.8 8.05 1.8
      vertex 5.579461434258488 8.039165635012443 1.8
    endloop
  endfacet
  facet normal 0.049067674327420256 0.9987954562051724 0
    outer loop
      vertex 5.8 8.05 6.8
      vertex 6.020538565741512 8.039165635012443 1.8
      vertex 5.8 8.05 1.8
    endloop
  endfacet
  facet normal 0.14673047445536566 0.9891765099647803 0
    outer loop
      vertex 6.020538565741512 8.039165635012443 6.8
      vertex 6.238953224536289 8.006766880907268 1.8
      vertex 6.020538565741512 8.039165635012443 1.8
    endloop
  endfacet
  facet normal 0.4275550934302794 0.9039892931234446 0
    outer loop
      vertex 6.661037722821452 7.878728948150394 6.8
      vertex 6.860642657858494 7.784322844783799 1.8
      vertex 6.661037722821452 7.878728948150394 1.8
    endloop
  endfacet
  facet normal 0.5956993044924339 0.8032075314806444 0
    outer loop
      vertex 7.0500330242941045 7.670806627680727 6.8
      vertex 7.227384889368202 7.539273520066158 1.8
      vertex 7.0500330242941045 7.670806627680727 1.8
    endloop
  endfacet
  facet normal 0.6715589548470156 0.7409511253549617 0
    outer loop
      vertex 7.227384889368202 7.539273520066158 6.8
      vertex 7.390990257669732 7.390990257669732 1.8
      vertex 7.227384889368202 7.539273520066158 1.8
    endloop
  endfacet
  facet normal 0.5141027441932222 0.8577286100002719 0
    outer loop
      vertex 6.860642657858494 7.784322844783799 6.8
      vertex 7.0500330242941045 7.670806627680727 1.8
      vertex 6.860642657858494 7.784322844783799 1.8
    endloop
  endfacet
  facet normal 0.24298017990326345 0.9700312531945442 0
    outer loop
      vertex 6.238953224536289 8.006766880907268 6.8
      vertex 6.45314052382254 7.953115755397469 1.8
      vertex 6.238953224536289 8.006766880907268 1.8
    endloop
  endfacet
  facet normal 0.33688985339222133 0.9415440651830204 0
    outer loop
      vertex 6.45314052382254 7.953115755397469 6.8
      vertex 6.661037722821452 7.878728948150394 1.8
      vertex 6.45314052382254 7.953115755397469 1.8
    endloop
  endfacet
  facet normal 0.9039892931234446 0.4275550934302794 0
    outer loop
      vertex 7.878728948150394 6.661037722821452 6.8
      vertex 7.878728948150394 6.661037722821452 1.8
      vertex 7.784322844783799 6.860642657858494 1.8
    endloop
  endfacet
  facet normal 0.8577286100002719 0.5141027441932222 0
    outer loop
      vertex 7.784322844783799 6.860642657858494 6.8
      vertex 7.784322844783799 6.860642657858494 1.8
      vertex 7.670806627680727 7.0500330242941045 1.8
    endloop
  endfacet
  facet normal 0.8032075314806444 0.5956993044924339 0
    outer loop
      vertex 7.670806627680727 7.0500330242941045 6.8
      vertex 7.670806627680727 7.0500330242941045 1.8
      vertex 7.539273520066158 7.227384889368202 1.8
    endloop
  endfacet
  facet normal -0.9039892931234438 0.4275550934302811 0
    outer loop
      vertex 3.721271051849605 6.661037722821452 6.8
      vertex 3.8156771552162008 6.860642657858494 6.8
      vertex 3.721271051849605 6.661037722821452 1.8
    endloop
  endfacet
  facet normal -0.8577286100002719 0.5141027441932222 0
    outer loop
      vertex 3.8156771552162008 6.860642657858494 6.8
      vertex 3.929193372319273 7.0500330242941045 6.8
      vertex 3.8156771552162008 6.860642657858494 1.8
    endloop
  endfacet
  facet normal -0.8032075314806444 0.5956993044924339 0
    outer loop
      vertex 3.929193372319273 7.0500330242941045 6.8
      vertex 4.060726479933842 7.227384889368202 6.8
      vertex 3.929193372319273 7.0500330242941045 1.8
    endloop
  endfacet
  facet normal -0.7409511253549617 0.6715589548470156 0
    outer loop
      vertex 4.060726479933842 7.227384889368202 6.8
      vertex 4.2090097423302675 7.390990257669732 6.8
      vertex 4.060726479933842 7.227384889368202 1.8
    endloop
  endfacet
  facet normal -0.6715589548470156 0.7409511253549617 1.3819456245880546e-18
    outer loop
      vertex 4.2090097423302675 7.390990257669732 6.8
      vertex 4.372615110631798 7.539273520066158 6.8
      vertex 4.372615110631798 7.539273520066158 1.8
    endloop
  endfacet
  facet normal -0.5956993044924339 0.8032075314806444 -1.3032532812226833e-19
    outer loop
      vertex 4.372615110631798 7.539273520066158 6.8
      vertex 4.549966975705895 7.670806627680727 6.8
      vertex 4.549966975705895 7.670806627680727 1.8
    endloop
  endfacet
  facet normal -0.5141027441932222 0.8577286100002719 5.039840064630576e-19
    outer loop
      vertex 4.549966975705895 7.670806627680727 6.8
      vertex 4.739357342141505 7.784322844783799 6.8
      vertex 4.739357342141505 7.784322844783799 1.8
    endloop
  endfacet
  facet normal -0.4275550934302794 0.9039892931234446 1.5121012830623134e-18
    outer loop
      vertex 4.739357342141505 7.784322844783799 6.8
      vertex 4.938962277178548 7.878728948150394 6.8
      vertex 4.938962277178548 7.878728948150394 1.8
    endloop
  endfacet
  facet normal 0.7409511253549617 0.6715589548470156 -1.3819456245880546e-18
    outer loop
      vertex 7.539273520066158 7.227384889368202 6.8
      vertex 7.390990257669732 7.390990257669732 1.8
      vertex 7.390990257669732 7.390990257669732 6.8
    endloop
  endfacet
  facet normal 0.6715589548470156 0.7409511253549617 -1.3819456245880546e-18
    outer loop
      vertex 7.227384889368202 7.539273520066158 6.8
      vertex 7.390990257669732 7.390990257669732 6.8
      vertex 7.390990257669732 7.390990257669732 1.8
    endloop
  endfacet
  facet normal -0.33688985339222133 0.9415440651830204 2.064464740274204e-19
    outer loop
      vertex 4.938962277178548 7.878728948150394 6.8
      vertex 5.146859476177459 7.953115755397469 6.8
      vertex 5.146859476177459 7.953115755397469 1.8
    endloop
  endfacet
  facet normal -0.24298017990326345 0.9700312531945442 5.449413046079078e-19
    outer loop
      vertex 5.146859476177459 7.953115755397469 6.8
      vertex 5.361046775463711 8.006766880907268 6.8
      vertex 5.361046775463711 8.006766880907268 1.8
    endloop
  endfacet
  facet normal -0.14673047445536566 0.9891765099647803 3.8916517556801477e-19
    outer loop
      vertex 5.361046775463711 8.006766880907268 6.8
      vertex 5.579461434258488 8.039165635012443 6.8
      vertex 5.579461434258488 8.039165635012443 1.8
    endloop
  endfacet
  facet normal -0.049067674327420256 0.9987954562051724 -1.5251052659100764e-19
    outer loop
      vertex 5.579461434258488 8.039165635012443 6.8
      vertex 5.8 8.05 6.8
      vertex 5.8 8.05 1.8
    endloop
  endfacet
  facet normal 0.049067674327420256 0.9987954562051724 1.5251052659100764e-19
    outer loop
      vertex 5.8 8.05 6.8
      vertex 6.020538565741512 8.039165635012443 6.8
      vertex 6.020538565741512 8.039165635012443 1.8
    endloop
  endfacet
  facet normal 0.14673047445536566 0.9891765099647803 0
    outer loop
      vertex 6.238953224536289 8.006766880907268 6.8
      vertex 6.238953224536289 8.006766880907268 1.8
      vertex 6.020538565741512 8.039165635012443 6.8
    endloop
  endfacet
  facet normal 0.4275550934302794 0.9039892931234446 0
    outer loop
      vertex 6.860642657858494 7.784322844783799 6.8
      vertex 6.860642657858494 7.784322844783799 1.8
      vertex 6.661037722821452 7.878728948150394 6.8
    endloop
  endfacet
  facet normal 0.5956993044924339 0.8032075314806444 0
    outer loop
      vertex 7.227384889368202 7.539273520066158 6.8
      vertex 7.227384889368202 7.539273520066158 1.8
      vertex 7.0500330242941045 7.670806627680727 6.8
    endloop
  endfacet
  facet normal 0.5141027441932222 0.8577286100002719 -5.039840064630576e-19
    outer loop
      vertex 6.860642657858494 7.784322844783799 6.8
      vertex 7.0500330242941045 7.670806627680727 6.8
      vertex 7.0500330242941045 7.670806627680727 1.8
    endloop
  endfacet
  facet normal 0.24298017990326345 0.9700312531945442 -5.449413046079078e-19
    outer loop
      vertex 6.238953224536289 8.006766880907268 6.8
      vertex 6.45314052382254 7.953115755397469 6.8
      vertex 6.45314052382254 7.953115755397469 1.8
    endloop
  endfacet
  facet normal 0.33688985339222133 0.9415440651830204 0
    outer loop
      vertex 6.661037722821452 7.878728948150394 6.8
      vertex 6.661037722821452 7.878728948150394 1.8
      vertex 6.45314052382254 7.953115755397469 6.8
    endloop
  endfacet
  facet normal 0.9039892931234446 0.4275550934302794 -1.5121012830623134e-18
    outer loop
      vertex 7.878728948150394 6.661037722821452 6.8
      vertex 7.784322844783799 6.860642657858494 1.8
      vertex 7.784322844783799 6.860642657858494 6.8
    endloop
  endfacet
  facet normal 0.8577286100002719 0.5141027441932222 -5.039840064630576e-19
    outer loop
      vertex 7.784322844783799 6.860642657858494 6.8
      vertex 7.670806627680727 7.0500330242941045 1.8
      vertex 7.670806627680727 7.0500330242941045 6.8
    endloop
  endfacet
  facet normal 0.8032075314806444 0.5956993044924339 0
    outer loop
      vertex 7.539273520066158 7.227384889368202 6.8
      vertex 7.670806627680727 7.0500330242941045 6.8
      vertex 7.539273520066158 7.227384889368202 1.8
    endloop
  endfacet
  facet normal 0 0 1
    outer loop
      vertex 4.74736563069457 6.119313144979908 6.8
      vertex 4.783732514237585 6.220951775601598 6.8
      vertex 4.739357342141505 7.784322844783799 6.8
    endloop
  endfacet
  facet normal 0 0 1
    outer loop
      vertex 4.783732514237585 6.220951775601598 6.8
      vertex 4.82988660921681 6.318536410508598 6.8
      vertex 4.739357342141505 7.784322844783799 6.8
    endloop
  endfacet
  facet normal 0 0 1
    outer loop
      vertex 4.82988660921681 6.318536410508598 6.8
      vertex 4.8853834264672 6.411127256321562 6.8
      vertex 4.739357342141505 7.784322844783799 6.8
    endloop
  endfacet
  facet normal 0 0 1
    outer loop
      vertex 4.8853834264672 6.411127256321562 6.8
      vertex 4.949688501300989 6.49783261258001 6.8
      vertex 4.739357342141505 7.784322844783799 6.8
    endloop
  endfacet
  facet normal 0 0 1
    outer loop
      vertex 4.949688501300989 6.49783261258001 6.8
      vertex 5.022182540694797 6.577817459305202 6.8
      vertex 4.938962277178548 7.878728948150394 6.8
    endloop
  endfacet
  facet normal 0 0 1
    outer loop
      vertex 4.74736563069457 6.119313144979908 6.8
      vertex 4.739357342141505 7.784322844783799 6.8
      vertex 4.549966975705895 7.670806627680727 6.8
    endloop
  endfacet
  facet normal 0 0 1
    outer loop
      vertex 4.949688501300989 6.49783261258001 6.8
      vertex 4.938962277178548 7.878728948150394 6.8
      vertex 4.739357342141505 7.784322844783799 6.8
    endloop
  endfacet
  facet normal 0 0 1
    outer loop
      vertex 5.022182540694797 6.577817459305202 6.8
      vertex 5.10216738741999 6.65031149869901 6.8
      vertex 4.938962277178548 7.878728948150394 6.8
    endloop
  endfacet
  facet normal 0 0 1
    outer loop
      vertex 5.10216738741999 6.65031149869901 6.8
      vertex 5.188872743678438 6.714616573532799 6.8
      vertex 4.938962277178548 7.878728948150394 6.8
    endloop
  endfacet
  facet normal 0 0 1
    outer loop
      vertex 5.188872743678438 6.714616573532799 6.8
      vertex 5.281463589491402 6.77011339078319 6.8
      vertex 5.146859476177459 7.953115755397469 6.8
    endloop
  endfacet
  facet normal 0 0 1
    outer loop
      vertex 5.281463589491402 6.77011339078319 6.8
      vertex 5.379048224398401 6.816267485762415 6.8
      vertex 5.146859476177459 7.953115755397469 6.8
    endloop
  endfacet
  facet normal 0 0 1
    outer loop
      vertex 5.379048224398401 6.816267485762415 6.8
      vertex 5.480686855020092 6.85263436930543 6.8
      vertex 5.361046775463711 8.006766880907268 6.8
    endloop
  endfacet
  facet normal 0 0 1
    outer loop
      vertex 5.480686855020092 6.85263436930543 6.8
      vertex 5.585400645782259 6.878863808443553 6.8
      vertex 5.361046775463711 8.006766880907268 6.8
    endloop
  endfacet
  facet normal 0 0 1
    outer loop
      vertex 5.585400645782259 6.878863808443553 6.8
      vertex 5.692181145637483 6.894703199339417 6.8
      vertex 5.579461434258488 8.039165635012443 6.8
    endloop
  endfacet
  facet normal 0 0 1
    outer loop
      vertex 5.9078188543625165 6.894703199339417 6.8
      vertex 6.014599354217741 6.878863808443553 6.8
      vertex 6.020538565741512 8.039165635012443 6.8
    endloop
  endfacet
  facet normal 0 0 1
    outer loop
      vertex 6.119313144979908 6.85263436930543 6.8
      vertex 6.020538565741512 8.039165635012443 6.8
      vertex 6.014599354217741 6.878863808443553 6.8
    endloop
  endfacet
  facet normal 0 0 1
    outer loop
      vertex 6.119313144979908 6.85263436930543 6.8
      vertex 6.220951775601598 6.816267485762415 6.8
      vertex 6.238953224536289 8.006766880907268 6.8
    endloop
  endfacet
  facet normal 0 0 1
    outer loop
      vertex 5.692181145637483 6.894703199339417 6.8
      vertex 5.8 6.9 6.8
      vertex 5.8 8.05 6.8
    endloop
  endfacet
  facet normal 0 0 1
    outer loop
      vertex 5.8 6.9 6.8
      vertex 5.9078188543625165 6.894703199339417 6.8
      vertex 5.8 8.05 6.8
    endloop
  endfacet
  facet normal 0 0 1
    outer loop
      vertex 6.85263436930543 6.119313144979908 6.8
      vertex 6.860642657858494 7.784322844783799 6.8
      vertex 6.816267485762415 6.220951775601598 6.8
    endloop
  endfacet
  facet normal 0 0 1
    outer loop
      vertex 6.816267485762415 6.220951775601598 6.8
      vertex 6.860642657858494 7.784322844783799 6.8
      vertex 6.77011339078319 6.318536410508598 6.8
    endloop
  endfacet
  facet normal 0 0 1
    outer loop
      vertex 6.577817459305202 6.577817459305202 6.8
      vertex 6.45314052382254 7.953115755397469 6.8
      vertex 6.49783261258001 6.65031149869901 6.8
    endloop
  endfacet
  facet normal 0 0 1
    outer loop
      vertex 6.714616573532799 6.411127256321562 6.8
      vertex 6.77011339078319 6.318536410508598 6.8
      vertex 6.661037722821452 7.878728948150394 6.8
    endloop
  endfacet
  facet normal 0 0 1
    outer loop
      vertex 6.714616573532799 6.411127256321562 6.8
      vertex 6.661037722821452 7.878728948150394 6.8
      vertex 6.65031149869901 6.49783261258001 6.8
    endloop
  endfacet
  facet normal 0 0 1
    outer loop
      vertex 6.65031149869901 6.49783261258001 6.8
      vertex 6.661037722821452 7.878728948150394 6.8
      vertex 6.577817459305202 6.577817459305202 6.8
    endloop
  endfacet
  facet normal 0 0 1
    outer loop
      vertex 6.411127256321562 6.714616573532799 6.8
      vertex 6.45314052382254 7.953115755397469 6.8
      vertex 6.318536410508598 6.77011339078319 6.8
    endloop
  endfacet
  facet normal 0 0 1
    outer loop
      vertex 6.411127256321562 6.714616573532799 6.8
      vertex 6.49783261258001 6.65031149869901 6.8
      vertex 6.45314052382254 7.953115755397469 6.8
    endloop
  endfacet
  facet normal 0 0 1
    outer loop
      vertex 6.220951775601598 6.816267485762415 6.8
      vertex 6.318536410508598 6.77011339078319 6.8
      vertex 6.238953224536289 8.006766880907268 6.8
    endloop
  endfacet
  facet normal 0 0 1
    outer loop
      vertex 6.577817459305202 6.577817459305202 6.8
      vertex 6.661037722821452 7.878728948150394 6.8
      vertex 6.45314052382254 7.953115755397469 6.8
    endloop
  endfacet
  facet normal 0 0 1
    outer loop
      vertex 6.77011339078319 6.318536410508598 6.8
      vertex 6.860642657858494 7.784322844783799 6.8
      vertex 6.661037722821452 7.878728948150394 6.8
    endloop
  endfacet
  facet normal 0 0 1
    outer loop
      vertex 5.188872743678438 6.714616573532799 6.8
      vertex 5.146859476177459 7.953115755397469 6.8
      vertex 4.938962277178548 7.878728948150394 6.8
    endloop
  endfacet
  facet normal 0 0 1
    outer loop
      vertex 5.379048224398401 6.816267485762415 6.8
      vertex 5.361046775463711 8.006766880907268 6.8
      vertex 5.146859476177459 7.953115755397469 6.8
    endloop
  endfacet
  facet normal 0 0 1
    outer loop
      vertex 5.585400645782259 6.878863808443553 6.8
      vertex 5.579461434258488 8.039165635012443 6.8
      vertex 5.361046775463711 8.006766880907268 6.8
    endloop
  endfacet
  facet normal 0 0 1
    outer loop
      vertex 5.692181145637483 6.894703199339417 6.8
      vertex 5.8 8.05 6.8
      vertex 5.579461434258488 8.039165635012443 6.8
    endloop
  endfacet
  facet normal 0 0 1
    outer loop
      vertex 5.9078188543625165 6.894703199339417 6.8
      vertex 6.020538565741512 8.039165635012443 6.8
      vertex 5.8 8.05 6.8
    endloop
  endfacet
  facet normal 0 0 1
    outer loop
      vertex 6.119313144979908 6.85263436930543 6.8
      vertex 6.238953224536289 8.006766880907268 6.8
      vertex 6.020538565741512 8.039165635012443 6.8
    endloop
  endfacet
  facet normal 0 0 1
    outer loop
      vertex 6.318536410508598 6.77011339078319 6.8
      vertex 6.45314052382254 7.953115755397469 6.8
      vertex 6.238953224536289 8.006766880907268 6.8
    endloop
  endfacet
  facet normal -0.6715589548470244 -0.7409511253549537 0
    outer loop
      vertex 4.372615110631798 19.06072647993384 6.8
      vertex 4.2090097423302675 19.20900974233027 1.8
      vertex 4.372615110631798 19.06072647993384 1.8
    endloop
  endfacet
  facet normal -0.5141027441932222 -0.8577286100002719 0
    outer loop
      vertex 4.739357342141505 18.815677155216203 6.8
      vertex 4.549966975705895 18.929193372319276 1.8
      vertex 4.739357342141505 18.815677155216203 1.8
    endloop
  endfacet
  facet normal -0.42755509343028936 -0.90398929312344 0
    outer loop
      vertex 4.938962277178548 18.721271051849605 6.8
      vertex 4.739357342141505 18.815677155216203 1.8
      vertex 4.938962277178548 18.721271051849605 1.8
    endloop
  endfacet
  facet normal -0.5956993044924236 -0.8032075314806522 0
    outer loop
      vertex 4.549966975705895 18.929193372319276 6.8
      vertex 4.372615110631798 19.06072647993384 1.8
      vertex 4.549966975705895 18.929193372319276 1.8
    endloop
  endfacet
  facet normal -0.9039892931234453 -0.42755509343027803 0
    outer loop
      vertex 3.721271051849605 19.93896227717855 6.8
      vertex 3.721271051849605 19.93896227717855 1.8
      vertex 3.8156771552162008 19.739357342141506 1.8
    endloop
  endfacet
  facet normal -0.7409511253549581 -0.6715589548470197 0
    outer loop
      vertex 4.060726479933842 19.3726151106318 6.8
      vertex 4.060726479933842 19.3726151106318 1.8
      vertex 4.2090097423302675 19.20900974233027 1.8
    endloop
  endfacet
  facet normal -0.8032075314806444 -0.5956993044924339 0
    outer loop
      vertex 3.929193372319273 19.549966975705896 6.8
      vertex 3.929193372319273 19.549966975705896 1.8
      vertex 4.060726479933842 19.3726151106318 1.8
    endloop
  endfacet
  facet normal -0.8577286100002719 -0.5141027441932222 0
    outer loop
      vertex 3.8156771552162008 19.739357342141506 6.8
      vertex 3.8156771552162008 19.739357342141506 1.8
      vertex 3.929193372319273 19.549966975705896 1.8
    endloop
  endfacet
  facet normal -0.33688985339221417 -0.9415440651830228 0
    outer loop
      vertex 5.146859476177459 18.646884244602532 6.8
      vertex 4.938962277178548 18.721271051849605 1.8
      vertex 5.146859476177459 18.646884244602532 1.8
    endloop
  endfacet
  facet normal -0.24298017990326345 -0.9700312531945442 0
    outer loop
      vertex 5.361046775463711 18.593233119092734 6.8
      vertex 5.146859476177459 18.646884244602532 1.8
      vertex 5.361046775463711 18.593233119092734 1.8
    endloop
  endfacet
  facet normal -0.14673047445537357 -0.9891765099647793 0
    outer loop
      vertex 5.579461434258488 18.560834364987556 6.8
      vertex 5.361046775463711 18.593233119092734 1.8
      vertex 5.579461434258488 18.560834364987556 1.8
    endloop
  endfacet
  facet normal -0.04906767432741222 -0.9987954562051726 0
    outer loop
      vertex 5.8 18.55 6.8
      vertex 5.579461434258488 18.560834364987556 1.8
      vertex 5.8 18.55 1.8
    endloop
  endfacet
  facet normal 0.04906767432741222 -0.9987954562051726 0
    outer loop
      vertex 6.020538565741512 18.560834364987556 6.8
      vertex 5.8 18.55 1.8
      vertex 6.020538565741512 18.560834364987556 1.8
    endloop
  endfacet
  facet normal 0.14673047445537357 -0.9891765099647793 0
    outer loop
      vertex 6.238953224536289 18.593233119092734 6.8
      vertex 6.020538565741512 18.560834364987556 1.8
      vertex 6.238953224536289 18.593233119092734 1.8
    endloop
  endfacet
  facet normal 0.24298017990326345 -0.9700312531945442 0
    outer loop
      vertex 6.45314052382254 18.646884244602532 6.8
      vertex 6.238953224536289 18.593233119092734 1.8
      vertex 6.45314052382254 18.646884244602532 1.8
    endloop
  endfacet
  facet normal 0.33688985339221417 -0.9415440651830228 0
    outer loop
      vertex 6.661037722821452 18.721271051849605 6.8
      vertex 6.45314052382254 18.646884244602532 1.8
      vertex 6.661037722821452 18.721271051849605 1.8
    endloop
  endfacet
  facet normal 0.42755509343028936 -0.90398929312344 0
    outer loop
      vertex 6.860642657858494 18.815677155216203 6.8
      vertex 6.661037722821452 18.721271051849605 1.8
      vertex 6.860642657858494 18.815677155216203 1.8
    endloop
  endfacet
  facet normal 0.5141027441932222 -0.8577286100002719 0
    outer loop
      vertex 7.0500330242941045 18.929193372319276 6.8
      vertex 6.860642657858494 18.815677155216203 1.8
      vertex 7.0500330242941045 18.929193372319276 1.8
    endloop
  endfacet
  facet normal 0.5956993044924236 -0.8032075314806522 0
    outer loop
      vertex 7.227384889368202 19.06072647993384 6.8
      vertex 7.0500330242941045 18.929193372319276 1.8
      vertex 7.227384889368202 19.06072647993384 1.8
    endloop
  endfacet
  facet normal 0.6715589548470244 -0.7409511253549537 0
    outer loop
      vertex 7.390990257669732 19.20900974233027 6.8
      vertex 7.227384889368202 19.06072647993384 1.8
      vertex 7.390990257669732 19.20900974233027 1.8
    endloop
  endfacet
  facet normal 0.7409511253549581 -0.6715589548470197 0
    outer loop
      vertex 7.390990257669732 19.20900974233027 6.8
      vertex 7.390990257669732 19.20900974233027 1.8
      vertex 7.539273520066158 19.3726151106318 1.8
    endloop
  endfacet
  facet normal 0.8032075314806444 -0.5956993044924339 0
    outer loop
      vertex 7.539273520066158 19.3726151106318 6.8
      vertex 7.539273520066158 19.3726151106318 1.8
      vertex 7.670806627680727 19.549966975705896 1.8
    endloop
  endfacet
  facet normal 0.8577286100002719 -0.5141027441932222 0
    outer loop
      vertex 7.670806627680727 19.549966975705896 6.8
      vertex 7.670806627680727 19.549966975705896 1.8
      vertex 7.784322844783799 19.739357342141506 1.8
    endloop
  endfacet
  facet normal 0.9039892931234461 -0.42755509343027637 0
    outer loop
      vertex 7.784322844783799 19.739357342141506 6.8
      vertex 7.784322844783799 19.739357342141506 1.8
      vertex 7.878728948150394 19.93896227717855 1.8
    endloop
  endfacet
  facet normal -0.5141027441932222 -0.8577286100002719 0
    outer loop
      vertex 4.549966975705895 18.929193372319276 6.8
      vertex 4.549966975705895 18.929193372319276 1.8
      vertex 4.739357342141505 18.815677155216203 6.8
    endloop
  endfacet
  facet normal -0.42755509343028936 -0.90398929312344 6.983997920516953e-19
    outer loop
      vertex 4.938962277178548 18.721271051849605 6.8
      vertex 4.739357342141505 18.815677155216203 6.8
      vertex 4.739357342141505 18.815677155216203 1.8
    endloop
  endfacet
  facet normal -0.5956993044924236 -0.8032075314806522 -1.1005807755697307e-18
    outer loop
      vertex 4.549966975705895 18.929193372319276 6.8
      vertex 4.372615110631798 19.06072647993384 6.8
      vertex 4.372615110631798 19.06072647993384 1.8
    endloop
  endfacet
  facet normal -0.6715589548470244 -0.7409511253549537 8.909122892627554e-20
    outer loop
      vertex 4.372615110631798 19.06072647993384 6.8
      vertex 4.2090097423302675 19.20900974233027 6.8
      vertex 4.2090097423302675 19.20900974233027 1.8
    endloop
  endfacet
  facet normal -0.7409511253549581 -0.6715589548470197 0
    outer loop
      vertex 4.2090097423302675 19.20900974233027 6.8
      vertex 4.060726479933842 19.3726151106318 6.8
      vertex 4.2090097423302675 19.20900974233027 1.8
    endloop
  endfacet
  facet normal -0.8032075314806444 -0.5956993044924339 0
    outer loop
      vertex 4.060726479933842 19.3726151106318 6.8
      vertex 3.929193372319273 19.549966975705896 6.8
      vertex 4.060726479933842 19.3726151106318 1.8
    endloop
  endfacet
  facet normal -0.8577286100002719 -0.5141027441932222 0
    outer loop
      vertex 3.929193372319273 19.549966975705896 6.8
      vertex 3.8156771552162008 19.739357342141506 6.8
      vertex 3.929193372319273 19.549966975705896 1.8
    endloop
  endfacet
  facet normal -0.9039892931234453 -0.42755509343027803 0
    outer loop
      vertex 3.8156771552162008 19.739357342141506 6.8
      vertex 3.721271051849605 19.93896227717855 6.8
      vertex 3.8156771552162008 19.739357342141506 1.8
    endloop
  endfacet
  facet normal -0.33688985339221417 -0.9415440651830228 0
    outer loop
      vertex 4.938962277178548 18.721271051849605 6.8
      vertex 4.938962277178548 18.721271051849605 1.8
      vertex 5.146859476177459 18.646884244602532 6.8
    endloop
  endfacet
  facet normal -0.24298017990326345 -0.9700312531945442 -5.449413046079078e-19
    outer loop
      vertex 5.361046775463711 18.593233119092734 6.8
      vertex 5.146859476177459 18.646884244602532 6.8
      vertex 5.146859476177459 18.646884244602532 1.8
    endloop
  endfacet
  facet normal -0.14673047445537357 -0.9891765099647793 0
    outer loop
      vertex 5.361046775463711 18.593233119092734 6.8
      vertex 5.361046775463711 18.593233119092734 1.8
      vertex 5.579461434258488 18.560834364987556 6.8
    endloop
  endfacet
  facet normal -0.04906767432741222 -0.9987954562051726 0
    outer loop
      vertex 5.579461434258488 18.560834364987556 6.8
      vertex 5.579461434258488 18.560834364987556 1.8
      vertex 5.8 18.55 6.8
    endloop
  endfacet
  facet normal 0.04906767432741222 -0.9987954562051726 0
    outer loop
      vertex 5.8 18.55 6.8
      vertex 5.8 18.55 1.8
      vertex 6.020538565741512 18.560834364987556 6.8
    endloop
  endfacet
  facet normal 0.14673047445537357 -0.9891765099647793 0
    outer loop
      vertex 6.020538565741512 18.560834364987556 6.8
      vertex 6.020538565741512 18.560834364987556 1.8
      vertex 6.238953224536289 18.593233119092734 6.8
    endloop
  endfacet
  facet normal 0.24298017990326345 -0.9700312531945442 0
    outer loop
      vertex 6.238953224536289 18.593233119092734 6.8
      vertex 6.238953224536289 18.593233119092734 1.8
      vertex 6.45314052382254 18.646884244602532 6.8
    endloop
  endfacet
  facet normal 0.33688985339221417 -0.9415440651830228 0
    outer loop
      vertex 6.45314052382254 18.646884244602532 6.8
      vertex 6.45314052382254 18.646884244602532 1.8
      vertex 6.661037722821452 18.721271051849605 6.8
    endloop
  endfacet
  facet normal 0.42755509343028936 -0.90398929312344 0
    outer loop
      vertex 6.661037722821452 18.721271051849605 6.8
      vertex 6.661037722821452 18.721271051849605 1.8
      vertex 6.860642657858494 18.815677155216203 6.8
    endloop
  endfacet
  facet normal 0.5141027441932222 -0.8577286100002719 0
    outer loop
      vertex 6.860642657858494 18.815677155216203 6.8
      vertex 6.860642657858494 18.815677155216203 1.8
      vertex 7.0500330242941045 18.929193372319276 6.8
    endloop
  endfacet
  facet normal 0.5956993044924236 -0.8032075314806522 0
    outer loop
      vertex 7.0500330242941045 18.929193372319276 6.8
      vertex 7.0500330242941045 18.929193372319276 1.8
      vertex 7.227384889368202 19.06072647993384 6.8
    endloop
  endfacet
  facet normal 0.6715589548470244 -0.7409511253549537 0
    outer loop
      vertex 7.227384889368202 19.06072647993384 6.8
      vertex 7.227384889368202 19.06072647993384 1.8
      vertex 7.390990257669732 19.20900974233027 6.8
    endloop
  endfacet
  facet normal 0.7409511253549581 -0.6715589548470197 -1.5124387118322051e-18
    outer loop
      vertex 7.390990257669732 19.20900974233027 6.8
      vertex 7.539273520066158 19.3726151106318 1.8
      vertex 7.539273520066158 19.3726151106318 6.8
    endloop
  endfacet
  facet normal 0.8032075314806444 -0.5956993044924339 -1.3032532812226833e-19
    outer loop
      vertex 7.539273520066158 19.3726151106318 6.8
      vertex 7.670806627680727 19.549966975705896 1.8
      vertex 7.670806627680727 19.549966975705896 6.8
    endloop
  endfacet
  facet normal 0.8577286100002719 -0.5141027441932222 5.039840064630576e-19
    outer loop
      vertex 7.670806627680727 19.549966975705896 6.8
      vertex 7.784322844783799 19.739357342141506 1.8
      vertex 7.784322844783799 19.739357342141506 6.8
    endloop
  endfacet
  facet normal 0.9039892931234461 -0.42755509343027637 -5.747881504750519e-19
    outer loop
      vertex 7.784322844783799 19.739357342141506 6.8
      vertex 7.878728948150394 19.93896227717855 1.8
      vertex 7.878728948150394 19.93896227717855 6.8
    endloop
  endfacet
  facet normal 0 0 1
    outer loop
      vertex 4.938962277178548 18.721271051849605 6.8
      vertex 4.82988660921681 20.281463589491402 6.8
      vertex 4.739357342141505 18.815677155216203 6.8
    endloop
  endfacet
  facet normal 0 0 1
    outer loop
      vertex 4.938962277178548 18.721271051849605 6.8
      vertex 5.022182540694797 20.0221825406948 6.8
      vertex 4.949688501300989 20.10216738741999 6.8
    endloop
  endfacet
  facet normal 0 0 1
    outer loop
      vertex 4.938962277178548 18.721271051849605 6.8
      vertex 4.949688501300989 20.10216738741999 6.8
      vertex 4.8853834264672 20.188872743678438 6.8
    endloop
  endfacet
  facet normal 0 0 1
    outer loop
      vertex 4.938962277178548 18.721271051849605 6.8
      vertex 4.8853834264672 20.188872743678438 6.8
      vertex 4.82988660921681 20.281463589491402 6.8
    endloop
  endfacet
  facet normal 0 0 1
    outer loop
      vertex 4.739357342141505 18.815677155216203 6.8
      vertex 4.82988660921681 20.281463589491402 6.8
      vertex 4.783732514237585 20.379048224398403 6.8
    endloop
  endfacet
  facet normal 0 0 1
    outer loop
      vertex 4.739357342141505 18.815677155216203 6.8
      vertex 4.783732514237585 20.379048224398403 6.8
      vertex 4.74736563069457 20.480686855020092 6.8
    endloop
  endfacet
  facet normal 0 0 1
    outer loop
      vertex 5.361046775463711 18.593233119092734 6.8
      vertex 5.281463589491402 19.82988660921681 6.8
      vertex 5.146859476177459 18.646884244602532 6.8
    endloop
  endfacet
  facet normal 0 0 1
    outer loop
      vertex 5.361046775463711 18.593233119092734 6.8
      vertex 5.579461434258488 18.560834364987556 6.8
      vertex 5.480686855020092 19.74736563069457 6.8
    endloop
  endfacet
  facet normal 0 0 1
    outer loop
      vertex 5.579461434258488 18.560834364987556 6.8
      vertex 5.8 18.55 6.8
      vertex 5.692181145637483 19.705296800660584 6.8
    endloop
  endfacet
  facet normal 0 0 1
    outer loop
      vertex 5.8 18.55 6.8
      vertex 6.020538565741512 18.560834364987556 6.8
      vertex 5.9078188543625165 19.705296800660584 6.8
    endloop
  endfacet
  facet normal 0 0 1
    outer loop
      vertex 6.020538565741512 18.560834364987556 6.8
      vertex 6.238953224536289 18.593233119092734 6.8
      vertex 6.014599354217741 19.721136191556447 6.8
    endloop
  endfacet
  facet normal 0 0 1
    outer loop
      vertex 6.238953224536289 18.593233119092734 6.8
      vertex 6.45314052382254 18.646884244602532 6.8
      vertex 6.220951775601598 19.783732514237585 6.8
    endloop
  endfacet
  facet normal 0 0 1
    outer loop
      vertex 6.45314052382254 18.646884244602532 6.8
      vertex 6.661037722821452 18.721271051849605 6.8
      vertex 6.411127256321562 19.8853834264672 6.8
    endloop
  endfacet
  facet normal 0 0 1
    outer loop
      vertex 4.938962277178548 18.721271051849605 6.8
      vertex 5.146859476177459 18.646884244602532 6.8
      vertex 5.022182540694797 20.0221825406948 6.8
    endloop
  endfacet
  facet normal 0 0 1
    outer loop
      vertex 5.146859476177459 18.646884244602532 6.8
      vertex 5.188872743678438 19.8853834264672 6.8
      vertex 5.10216738741999 19.94968850130099 6.8
    endloop
  endfacet
  facet normal 0 0 1
    outer loop
      vertex 5.146859476177459 18.646884244602532 6.8
      vertex 5.281463589491402 19.82988660921681 6.8
      vertex 5.188872743678438 19.8853834264672 6.8
    endloop
  endfacet
  facet normal 0 0 1
    outer loop
      vertex 5.361046775463711 18.593233119092734 6.8
      vertex 5.480686855020092 19.74736563069457 6.8
      vertex 5.379048224398401 19.783732514237585 6.8
    endloop
  endfacet
  facet normal 0 0 1
    outer loop
      vertex 5.361046775463711 18.593233119092734 6.8
      vertex 5.379048224398401 19.783732514237585 6.8
      vertex 5.281463589491402 19.82988660921681 6.8
    endloop
  endfacet
  facet normal 0 0 1
    outer loop
      vertex 5.579461434258488 18.560834364987556 6.8
      vertex 5.585400645782259 19.721136191556447 6.8
      vertex 5.480686855020092 19.74736563069457 6.8
    endloop
  endfacet
  facet normal 0 0 1
    outer loop
      vertex 5.579461434258488 18.560834364987556 6.8
      vertex 5.692181145637483 19.705296800660584 6.8
      vertex 5.585400645782259 19.721136191556447 6.8
    endloop
  endfacet
  facet normal 0 0 1
    outer loop
      vertex 5.8 18.55 6.8
      vertex 5.8 19.7 6.8
      vertex 5.692181145637483 19.705296800660584 6.8
    endloop
  endfacet
  facet normal 0 0 1
    outer loop
      vertex 5.8 18.55 6.8
      vertex 5.9078188543625165 19.705296800660584 6.8
      vertex 5.8 19.7 6.8
    endloop
  endfacet
  facet normal 0 0 1
    outer loop
      vertex 6.020538565741512 18.560834364987556 6.8
      vertex 6.014599354217741 19.721136191556447 6.8
      vertex 5.9078188543625165 19.705296800660584 6.8
    endloop
  endfacet
  facet normal 0 0 1
    outer loop
      vertex 6.238953224536289 18.593233119092734 6.8
      vertex 6.119313144979908 19.74736563069457 6.8
      vertex 6.014599354217741 19.721136191556447 6.8
    endloop
  endfacet
  facet normal 0 0 1
    outer loop
      vertex 6.238953224536289 18.593233119092734 6.8
      vertex 6.220951775601598 19.783732514237585 6.8
      vertex 6.119313144979908 19.74736563069457 6.8
    endloop
  endfacet
  facet normal 0 0 1
    outer loop
      vertex 5.146859476177459 18.646884244602532 6.8
      vertex 5.10216738741999 19.94968850130099 6.8
      vertex 5.022182540694797 20.0221825406948 6.8
    endloop
  endfacet
  facet normal 0 0 1
    outer loop
      vertex 6.661037722821452 18.721271051849605 6.8
      vertex 6.860642657858494 18.815677155216203 6.8
      vertex 6.65031149869901 20.10216738741999 6.8
    endloop
  endfacet
  facet normal 0 0 1
    outer loop
      vertex 6.45314052382254 18.646884244602532 6.8
      vertex 6.318536410508598 19.82988660921681 6.8
      vertex 6.220951775601598 19.783732514237585 6.8
    endloop
  endfacet
  facet normal 0 0 1
    outer loop
      vertex 6.45314052382254 18.646884244602532 6.8
      vertex 6.411127256321562 19.8853834264672 6.8
      vertex 6.318536410508598 19.82988660921681 6.8
    endloop
  endfacet
  facet normal 0 0 1
    outer loop
      vertex 6.661037722821452 18.721271051849605 6.8
      vertex 6.49783261258001 19.94968850130099 6.8
      vertex 6.411127256321562 19.8853834264672 6.8
    endloop
  endfacet
  facet normal 0 0 1
    outer loop
      vertex 6.860642657858494 18.815677155216203 6.8
      vertex 7.0500330242941045 18.929193372319276 6.8
      vertex 6.85263436930543 20.480686855020092 6.8
    endloop
  endfacet
  facet normal 0 0 1
    outer loop
      vertex 6.661037722821452 18.721271051849605 6.8
      vertex 6.577817459305202 20.0221825406948 6.8
      vertex 6.49783261258001 19.94968850130099 6.8
    endloop
  endfacet
  facet normal 0 0 1
    outer loop
      vertex 6.661037722821452 18.721271051849605 6.8
      vertex 6.65031149869901 20.10216738741999 6.8
      vertex 6.577817459305202 20.0221825406948 6.8
    endloop
  endfacet
  facet normal 0 0 1
    outer loop
      vertex 6.860642657858494 18.815677155216203 6.8
      vertex 6.714616573532799 20.188872743678438 6.8
      vertex 6.65031149869901 20.10216738741999 6.8
    endloop
  endfacet
  facet normal 0 0 1
    outer loop
      vertex 6.860642657858494 18.815677155216203 6.8
      vertex 6.77011339078319 20.281463589491402 6.8
      vertex 6.714616573532799 20.188872743678438 6.8
    endloop
  endfacet
  facet normal 0 0 1
    outer loop
      vertex 6.860642657858494 18.815677155216203 6.8
      vertex 6.816267485762415 20.379048224398403 6.8
      vertex 6.77011339078319 20.281463589491402 6.8
    endloop
  endfacet
  facet normal 0 0 1
    outer loop
      vertex 6.860642657858494 18.815677155216203 6.8
      vertex 6.85263436930543 20.480686855020092 6.8
      vertex 6.816267485762415 20.379048224398403 6.8
    endloop
  endfacet
  facet normal -0.9415440651830199 -0.3368898533922226 0
    outer loop
      vertex 3.64688424460253 20.14685947617746 6.8
      vertex 3.64688424460253 20.14685947617746 1.8
      vertex 3.721271051849605 19.93896227717855 1.8
    endloop
  endfacet
  facet normal -0.9700312531945442 -0.24298017990326345 0
    outer loop
      vertex 3.5932331190927314 20.361046775463713 6.8
      vertex 3.5932331190927314 20.361046775463713 1.8
      vertex 3.64688424460253 20.14685947617746 1.8
    endloop
  endfacet
  facet normal -0.989176509964781 -0.14673047445536114 0
    outer loop
      vertex 3.560834364987557 20.57946143425849 6.8
      vertex 3.560834364987557 20.57946143425849 1.8
      vertex 3.5932331190927314 20.361046775463713 1.8
    endloop
  endfacet
  facet normal -0.9987954562051724 -0.04906767432741864 0
    outer loop
      vertex 3.55 20.8 6.8
      vertex 3.55 20.8 1.8
      vertex 3.560834364987557 20.57946143425849 1.8
    endloop
  endfacet
  facet normal -0.9987954562051724 0.04906767432741864 0
    outer loop
      vertex 3.560834364987557 21.02053856574151 6.8
      vertex 3.560834364987557 21.02053856574151 1.8
      vertex 3.55 20.8 1.8
    endloop
  endfacet
  facet normal -0.989176509964781 0.14673047445536114 0
    outer loop
      vertex 3.5932331190927314 21.23895322453629 6.8
      vertex 3.5932331190927314 21.23895322453629 1.8
      vertex 3.560834364987557 21.02053856574151 1.8
    endloop
  endfacet
  facet normal -0.9700312531945442 0.24298017990326345 0
    outer loop
      vertex 3.64688424460253 21.45314052382254 6.8
      vertex 3.64688424460253 21.45314052382254 1.8
      vertex 3.5932331190927314 21.23895322453629 1.8
    endloop
  endfacet
  facet normal -0.9415440651830199 0.3368898533922226 0
    outer loop
      vertex 3.721271051849605 21.66103772282145 6.8
      vertex 3.721271051849605 21.66103772282145 1.8
      vertex 3.64688424460253 21.45314052382254 1.8
    endloop
  endfacet
  facet normal -0.9039892931234453 0.42755509343027803 0
    outer loop
      vertex 3.8156771552162008 21.860642657858495 6.8
      vertex 3.8156771552162008 21.860642657858495 1.8
      vertex 3.721271051849605 21.66103772282145 1.8
    endloop
  endfacet
  facet normal -0.8577286100002719 0.5141027441932222 0
    outer loop
      vertex 3.929193372319273 22.050033024294105 6.8
      vertex 3.929193372319273 22.050033024294105 1.8
      vertex 3.8156771552162008 21.860642657858495 1.8
    endloop
  endfacet
  facet normal -0.8032075314806444 0.5956993044924339 0
    outer loop
      vertex 4.060726479933842 22.227384889368203 6.8
      vertex 4.060726479933842 22.227384889368203 1.8
      vertex 3.929193372319273 22.050033024294105 1.8
    endloop
  endfacet
  facet normal -0.7409511253549581 0.6715589548470197 0
    outer loop
      vertex 4.2090097423302675 22.39099025766973 6.8
      vertex 4.2090097423302675 22.39099025766973 1.8
      vertex 4.060726479933842 22.227384889368203 1.8
    endloop
  endfacet
  facet normal -0.6715589548470244 0.7409511253549537 0
    outer loop
      vertex 4.2090097423302675 22.39099025766973 6.8
      vertex 4.372615110631798 22.53927352006616 1.8
      vertex 4.2090097423302675 22.39099025766973 1.8
    endloop
  endfacet
  facet normal -0.5956993044924236 0.8032075314806522 0
    outer loop
      vertex 4.372615110631798 22.53927352006616 6.8
      vertex 4.549966975705895 22.670806627680726 1.8
      vertex 4.372615110631798 22.53927352006616 1.8
    endloop
  endfacet
  facet normal -0.5141027441932222 0.8577286100002719 0
    outer loop
      vertex 4.549966975705895 22.670806627680726 6.8
      vertex 4.739357342141505 22.784322844783798 1.8
      vertex 4.549966975705895 22.670806627680726 1.8
    endloop
  endfacet
  facet normal -0.42755509343028936 0.90398929312344 0
    outer loop
      vertex 4.739357342141505 22.784322844783798 6.8
      vertex 4.938962277178548 22.878728948150396 1.8
      vertex 4.739357342141505 22.784322844783798 1.8
    endloop
  endfacet
  facet normal 0.9415440651830199 -0.3368898533922226 0
    outer loop
      vertex 7.878728948150394 19.93896227717855 6.8
      vertex 7.878728948150394 19.93896227717855 1.8
      vertex 7.953115755397469 20.14685947617746 1.8
    endloop
  endfacet
  facet normal 0.9700312531945442 -0.24298017990326345 0
    outer loop
      vertex 7.953115755397469 20.14685947617746 6.8
      vertex 7.953115755397469 20.14685947617746 1.8
      vertex 8.006766880907268 20.361046775463713 1.8
    endloop
  endfacet
  facet normal 0.9891765099647803 -0.14673047445536508 0
    outer loop
      vertex 8.006766880907268 20.361046775463713 6.8
      vertex 8.006766880907268 20.361046775463713 1.8
      vertex 8.039165635012443 20.57946143425849 1.8
    endloop
  endfacet
  facet normal 0.9987954562051722 -0.049067674327420645 0
    outer loop
      vertex 8.039165635012443 20.57946143425849 6.8
      vertex 8.039165635012443 20.57946143425849 1.8
      vertex 8.05 20.8 1.8
    endloop
  endfacet
  facet normal 0.9987954562051722 0.049067674327420645 0
    outer loop
      vertex 8.05 20.8 6.8
      vertex 8.05 20.8 1.8
      vertex 8.039165635012443 21.02053856574151 1.8
    endloop
  endfacet
  facet normal 0.9891765099647803 0.14673047445536508 0
    outer loop
      vertex 8.039165635012443 21.02053856574151 6.8
      vertex 8.039165635012443 21.02053856574151 1.8
      vertex 8.006766880907268 21.23895322453629 1.8
    endloop
  endfacet
  facet normal 0.9700312531945442 0.24298017990326345 0
    outer loop
      vertex 8.006766880907268 21.23895322453629 6.8
      vertex 8.006766880907268 21.23895322453629 1.8
      vertex 7.953115755397469 21.45314052382254 1.8
    endloop
  endfacet
  facet normal 0.9415440651830199 0.3368898533922226 0
    outer loop
      vertex 7.953115755397469 21.45314052382254 6.8
      vertex 7.953115755397469 21.45314052382254 1.8
      vertex 7.878728948150394 21.66103772282145 1.8
    endloop
  endfacet
  facet normal 0.7409511253549581 0.6715589548470197 0
    outer loop
      vertex 7.539273520066158 22.227384889368203 6.8
      vertex 7.539273520066158 22.227384889368203 1.8
      vertex 7.390990257669732 22.39099025766973 1.8
    endloop
  endfacet
  facet normal -0.33688985339221417 0.9415440651830228 0
    outer loop
      vertex 4.938962277178548 22.878728948150396 6.8
      vertex 5.146859476177459 22.95311575539747 1.8
      vertex 4.938962277178548 22.878728948150396 1.8
    endloop
  endfacet
  facet normal -0.24298017990326345 0.9700312531945442 0
    outer loop
      vertex 5.146859476177459 22.95311575539747 6.8
      vertex 5.361046775463711 23.006766880907268 1.8
      vertex 5.146859476177459 22.95311575539747 1.8
    endloop
  endfacet
  facet normal -0.14673047445537357 0.9891765099647793 0
    outer loop
      vertex 5.361046775463711 23.006766880907268 6.8
      vertex 5.579461434258488 23.039165635012445 1.8
      vertex 5.361046775463711 23.006766880907268 1.8
    endloop
  endfacet
  facet normal -0.04906767432741222 0.9987954562051726 0
    outer loop
      vertex 5.579461434258488 23.039165635012445 6.8
      vertex 5.8 23.05 1.8
      vertex 5.579461434258488 23.039165635012445 1.8
    endloop
  endfacet
  facet normal 0.04906767432741222 0.9987954562051726 0
    outer loop
      vertex 5.8 23.05 6.8
      vertex 6.020538565741512 23.039165635012445 1.8
      vertex 5.8 23.05 1.8
    endloop
  endfacet
  facet normal 0.14673047445537357 0.9891765099647793 0
    outer loop
      vertex 6.020538565741512 23.039165635012445 6.8
      vertex 6.238953224536289 23.006766880907268 1.8
      vertex 6.020538565741512 23.039165635012445 1.8
    endloop
  endfacet
  facet normal 0.42755509343028936 0.90398929312344 0
    outer loop
      vertex 6.661037722821452 22.878728948150396 6.8
      vertex 6.860642657858494 22.784322844783798 1.8
      vertex 6.661037722821452 22.878728948150396 1.8
    endloop
  endfacet
  facet normal 0.5956993044924236 0.8032075314806522 0
    outer loop
      vertex 7.0500330242941045 22.670806627680726 6.8
      vertex 7.227384889368202 22.53927352006616 1.8
      vertex 7.0500330242941045 22.670806627680726 1.8
    endloop
  endfacet
  facet normal 0.6715589548470244 0.7409511253549537 0
    outer loop
      vertex 7.227384889368202 22.53927352006616 6.8
      vertex 7.390990257669732 22.39099025766973 1.8
      vertex 7.227384889368202 22.53927352006616 1.8
    endloop
  endfacet
  facet normal 0.5141027441932222 0.8577286100002719 0
    outer loop
      vertex 6.860642657858494 22.784322844783798 6.8
      vertex 7.0500330242941045 22.670806627680726 1.8
      vertex 6.860642657858494 22.784322844783798 1.8
    endloop
  endfacet
  facet normal 0.33688985339221417 0.9415440651830228 0
    outer loop
      vertex 6.45314052382254 22.95311575539747 6.8
      vertex 6.661037722821452 22.878728948150396 1.8
      vertex 6.45314052382254 22.95311575539747 1.8
    endloop
  endfacet
  facet normal 0.24298017990326345 0.9700312531945442 0
    outer loop
      vertex 6.238953224536289 23.006766880907268 6.8
      vertex 6.45314052382254 22.95311575539747 1.8
      vertex 6.238953224536289 23.006766880907268 1.8
    endloop
  endfacet
  facet normal 0.9039892931234461 0.42755509343027637 0
    outer loop
      vertex 7.878728948150394 21.66103772282145 6.8
      vertex 7.878728948150394 21.66103772282145 1.8
      vertex 7.784322844783799 21.860642657858495 1.8
    endloop
  endfacet
  facet normal 0.8577286100002719 0.5141027441932222 0
    outer loop
      vertex 7.784322844783799 21.860642657858495 6.8
      vertex 7.784322844783799 21.860642657858495 1.8
      vertex 7.670806627680727 22.050033024294105 1.8
    endloop
  endfacet
  facet normal 0.8032075314806444 0.5956993044924339 0
    outer loop
      vertex 7.670806627680727 22.050033024294105 6.8
      vertex 7.670806627680727 22.050033024294105 1.8
      vertex 7.539273520066158 22.227384889368203 1.8
    endloop
  endfacet
  facet normal -0.9415440651830199 -0.3368898533922226 0
    outer loop
      vertex 3.721271051849605 19.93896227717855 6.8
      vertex 3.64688424460253 20.14685947617746 6.8
      vertex 3.721271051849605 19.93896227717855 1.8
    endloop
  endfacet
  facet normal -0.9700312531945442 -0.24298017990326345 0
    outer loop
      vertex 3.64688424460253 20.14685947617746 6.8
      vertex 3.5932331190927314 20.361046775463713 6.8
      vertex 3.64688424460253 20.14685947617746 1.8
    endloop
  endfacet
  facet normal -0.989176509964781 -0.14673047445536114 0
    outer loop
      vertex 3.5932331190927314 20.361046775463713 6.8
      vertex 3.560834364987557 20.57946143425849 6.8
      vertex 3.5932331190927314 20.361046775463713 1.8
    endloop
  endfacet
  facet normal -0.9987954562051724 -0.04906767432741864 0
    outer loop
      vertex 3.560834364987557 20.57946143425849 6.8
      vertex 3.55 20.8 6.8
      vertex 3.560834364987557 20.57946143425849 1.8
    endloop
  endfacet
  facet normal -0.9987954562051724 0.04906767432741864 0
    outer loop
      vertex 3.55 20.8 6.8
      vertex 3.560834364987557 21.02053856574151 6.8
      vertex 3.55 20.8 1.8
    endloop
  endfacet
  facet normal -0.989176509964781 0.14673047445536114 0
    outer loop
      vertex 3.560834364987557 21.02053856574151 6.8
      vertex 3.5932331190927314 21.23895322453629 6.8
      vertex 3.560834364987557 21.02053856574151 1.8
    endloop
  endfacet
  facet normal -0.9700312531945442 0.24298017990326345 0
    outer loop
      vertex 3.5932331190927314 21.23895322453629 6.8
      vertex 3.64688424460253 21.45314052382254 6.8
      vertex 3.5932331190927314 21.23895322453629 1.8
    endloop
  endfacet
  facet normal -0.9415440651830199 0.3368898533922226 0
    outer loop
      vertex 3.64688424460253 21.45314052382254 6.8
      vertex 3.721271051849605 21.66103772282145 6.8
      vertex 3.64688424460253 21.45314052382254 1.8
    endloop
  endfacet
  facet normal -0.9039892931234453 0.42755509343027803 0
    outer loop
      vertex 3.721271051849605 21.66103772282145 6.8
      vertex 3.8156771552162008 21.860642657858495 6.8
      vertex 3.721271051849605 21.66103772282145 1.8
    endloop
  endfacet
  facet normal -0.8577286100002719 0.5141027441932222 0
    outer loop
      vertex 3.8156771552162008 21.860642657858495 6.8
      vertex 3.929193372319273 22.050033024294105 6.8
      vertex 3.8156771552162008 21.860642657858495 1.8
    endloop
  endfacet
  facet normal -0.8032075314806444 0.5956993044924339 0
    outer loop
      vertex 3.929193372319273 22.050033024294105 6.8
      vertex 4.060726479933842 22.227384889368203 6.8
      vertex 3.929193372319273 22.050033024294105 1.8
    endloop
  endfacet
  facet normal -0.7409511253549581 0.6715589548470197 0
    outer loop
      vertex 4.060726479933842 22.227384889368203 6.8
      vertex 4.2090097423302675 22.39099025766973 6.8
      vertex 4.060726479933842 22.227384889368203 1.8
    endloop
  endfacet
  facet normal -0.6715589548470244 0.7409511253549537 -8.909122892627554e-20
    outer loop
      vertex 4.2090097423302675 22.39099025766973 6.8
      vertex 4.372615110631798 22.53927352006616 6.8
      vertex 4.372615110631798 22.53927352006616 1.8
    endloop
  endfacet
  facet normal -0.5956993044924236 0.8032075314806522 1.1005807755697307e-18
    outer loop
      vertex 4.372615110631798 22.53927352006616 6.8
      vertex 4.549966975705895 22.670806627680726 6.8
      vertex 4.549966975705895 22.670806627680726 1.8
    endloop
  endfacet
  facet normal -0.5141027441932222 0.8577286100002719 5.039840064630576e-19
    outer loop
      vertex 4.549966975705895 22.670806627680726 6.8
      vertex 4.739357342141505 22.784322844783798 6.8
      vertex 4.739357342141505 22.784322844783798 1.8
    endloop
  endfacet
  facet normal -0.42755509343028936 0.90398929312344 -6.983997920516953e-19
    outer loop
      vertex 4.739357342141505 22.784322844783798 6.8
      vertex 4.938962277178548 22.878728948150396 6.8
      vertex 4.938962277178548 22.878728948150396 1.8
    endloop
  endfacet
  facet normal 0.9415440651830199 -0.3368898533922226 7.124560916996015e-20
    outer loop
      vertex 7.878728948150394 19.93896227717855 6.8
      vertex 7.953115755397469 20.14685947617746 1.8
      vertex 7.953115755397469 20.14685947617746 6.8
    endloop
  endfacet
  facet normal 0.9700312531945442 -0.24298017990326345 5.449413046079078e-19
    outer loop
      vertex 7.953115755397469 20.14685947617746 6.8
      vertex 8.006766880907268 20.361046775463713 1.8
      vertex 8.006766880907268 20.361046775463713 6.8
    endloop
  endfacet
  facet normal 0.9891765099647803 -0.14673047445536508 -2.57945511648661e-19
    outer loop
      vertex 8.006766880907268 20.361046775463713 6.8
      vertex 8.039165635012443 20.57946143425849 1.8
      vertex 8.039165635012443 20.57946143425849 6.8
    endloop
  endfacet
  facet normal 0.9987954562051722 -0.049067674327420645 9.199600872673579e-20
    outer loop
      vertex 8.039165635012443 20.57946143425849 6.8
      vertex 8.05 20.8 1.8
      vertex 8.05 20.8 6.8
    endloop
  endfacet
  facet normal 0.9987954562051722 0.049067674327420645 -9.199600872673579e-20
    outer loop
      vertex 8.05 20.8 6.8
      vertex 8.039165635012443 21.02053856574151 1.8
      vertex 8.039165635012443 21.02053856574151 6.8
    endloop
  endfacet
  facet normal 0.9891765099647803 0.14673047445536508 2.57945511648661e-19
    outer loop
      vertex 8.039165635012443 21.02053856574151 6.8
      vertex 8.006766880907268 21.23895322453629 1.8
      vertex 8.006766880907268 21.23895322453629 6.8
    endloop
  endfacet
  facet normal 0.9700312531945442 0.24298017990326345 -5.449413046079078e-19
    outer loop
      vertex 8.006766880907268 21.23895322453629 6.8
      vertex 7.953115755397469 21.45314052382254 1.8
      vertex 7.953115755397469 21.45314052382254 6.8
    endloop
  endfacet
  facet normal 0.9415440651830199 0.3368898533922226 -7.124560916996015e-20
    outer loop
      vertex 7.953115755397469 21.45314052382254 6.8
      vertex 7.878728948150394 21.66103772282145 1.8
      vertex 7.878728948150394 21.66103772282145 6.8
    endloop
  endfacet
  facet normal 0.7409511253549581 0.6715589548470197 1.5124387118322051e-18
    outer loop
      vertex 7.539273520066158 22.227384889368203 6.8
      vertex 7.390990257669732 22.39099025766973 1.8
      vertex 7.390990257669732 22.39099025766973 6.8
    endloop
  endfacet
  facet normal 0.6715589548470244 0.7409511253549537 0
    outer loop
      vertex 7.390990257669732 22.39099025766973 6.8
      vertex 7.390990257669732 22.39099025766973 1.8
      vertex 7.227384889368202 22.53927352006616 6.8
    endloop
  endfacet
  facet normal -0.33688985339221417 0.9415440651830228 3.844220302423936e-19
    outer loop
      vertex 4.938962277178548 22.878728948150396 6.8
      vertex 5.146859476177459 22.95311575539747 6.8
      vertex 5.146859476177459 22.95311575539747 1.8
    endloop
  endfacet
  facet normal -0.24298017990326345 0.9700312531945442 5.449413046079078e-19
    outer loop
      vertex 5.146859476177459 22.95311575539747 6.8
      vertex 5.361046775463711 23.006766880907268 6.8
      vertex 5.361046775463711 23.006766880907268 1.8
    endloop
  endfacet
  facet normal -0.14673047445537357 0.9891765099647793 -1.5039407293310936e-19
    outer loop
      vertex 5.361046775463711 23.006766880907268 6.8
      vertex 5.579461434258488 23.039165635012445 6.8
      vertex 5.579461434258488 23.039165635012445 1.8
    endloop
  endfacet
  facet normal -0.04906767432741222 0.9987954562051726 1.1226298904298148e-19
    outer loop
      vertex 5.579461434258488 23.039165635012445 6.8
      vertex 5.8 23.05 6.8
      vertex 5.8 23.05 1.8
    endloop
  endfacet
  facet normal 0.04906767432741222 0.9987954562051726 -1.1226298904298148e-19
    outer loop
      vertex 5.8 23.05 6.8
      vertex 6.020538565741512 23.039165635012445 6.8
      vertex 6.020538565741512 23.039165635012445 1.8
    endloop
  endfacet
  facet normal 0.14673047445537357 0.9891765099647793 1.5039407293310936e-19
    outer loop
      vertex 6.020538565741512 23.039165635012445 6.8
      vertex 6.238953224536289 23.006766880907268 6.8
      vertex 6.238953224536289 23.006766880907268 1.8
    endloop
  endfacet
  facet normal 0.42755509343028936 0.90398929312344 6.983997920516953e-19
    outer loop
      vertex 6.661037722821452 22.878728948150396 6.8
      vertex 6.860642657858494 22.784322844783798 6.8
      vertex 6.860642657858494 22.784322844783798 1.8
    endloop
  endfacet
  facet normal 0.5956993044924236 0.8032075314806522 0
    outer loop
      vertex 7.227384889368202 22.53927352006616 6.8
      vertex 7.227384889368202 22.53927352006616 1.8
      vertex 7.0500330242941045 22.670806627680726 6.8
    endloop
  endfacet
  facet normal 0.5141027441932222 0.8577286100002719 -5.039840064630576e-19
    outer loop
      vertex 6.860642657858494 22.784322844783798 6.8
      vertex 7.0500330242941045 22.670806627680726 6.8
      vertex 7.0500330242941045 22.670806627680726 1.8
    endloop
  endfacet
  facet normal 0.24298017990326345 0.9700312531945442 -5.449413046079078e-19
    outer loop
      vertex 6.238953224536289 23.006766880907268 6.8
      vertex 6.45314052382254 22.95311575539747 6.8
      vertex 6.45314052382254 22.95311575539747 1.8
    endloop
  endfacet
  facet normal 0.33688985339221417 0.9415440651830228 0
    outer loop
      vertex 6.661037722821452 22.878728948150396 6.8
      vertex 6.661037722821452 22.878728948150396 1.8
      vertex 6.45314052382254 22.95311575539747 6.8
    endloop
  endfacet
  facet normal 0.9039892931234461 0.42755509343027637 5.747881504750519e-19
    outer loop
      vertex 7.878728948150394 21.66103772282145 6.8
      vertex 7.784322844783799 21.860642657858495 1.8
      vertex 7.784322844783799 21.860642657858495 6.8
    endloop
  endfacet
  facet normal 0.8577286100002719 0.5141027441932222 -5.039840064630576e-19
    outer loop
      vertex 7.784322844783799 21.860642657858495 6.8
      vertex 7.670806627680727 22.050033024294105 1.8
      vertex 7.670806627680727 22.050033024294105 6.8
    endloop
  endfacet
  facet normal 0.8032075314806444 0.5956993044924339 1.3032532812226833e-19
    outer loop
      vertex 7.670806627680727 22.050033024294105 6.8
      vertex 7.539273520066158 22.227384889368203 1.8
      vertex 7.539273520066158 22.227384889368203 6.8
    endloop
  endfacet
  facet normal 0 0 1
    outer loop
      vertex 3.8156771552162008 19.739357342141506 6.8
      vertex 3.721271051849605 21.66103772282145 6.8
      vertex 3.721271051849605 19.93896227717855 6.8
    endloop
  endfacet
  facet normal 0 0 1
    outer loop
      vertex 3.721271051849605 19.93896227717855 6.8
      vertex 3.64688424460253 21.45314052382254 6.8
      vertex 3.64688424460253 20.14685947617746 6.8
    endloop
  endfacet
  facet normal 0 0 1
    outer loop
      vertex 3.5932331190927314 20.361046775463713 6.8
      vertex 3.560834364987557 21.02053856574151 6.8
      vertex 3.560834364987557 20.57946143425849 6.8
    endloop
  endfacet
  facet normal 0 0 1
    outer loop
      vertex 3.64688424460253 20.14685947617746 6.8
      vertex 3.5932331190927314 21.23895322453629 6.8
      vertex 3.5932331190927314 20.361046775463713 6.8
    endloop
  endfacet
  facet normal 0 0 1
    outer loop
      vertex 4.060726479933842 19.3726151106318 6.8
      vertex 3.929193372319273 22.050033024294105 6.8
      vertex 3.929193372319273 19.549966975705896 6.8
    endloop
  endfacet
  facet normal 0 0 1
    outer loop
      vertex 4.372615110631798 19.06072647993384 6.8
      vertex 4.2090097423302675 22.39099025766973 6.8
      vertex 4.2090097423302675 19.20900974233027 6.8
    endloop
  endfacet
  facet normal 0 0 1
    outer loop
      vertex 4.2090097423302675 19.20900974233027 6.8
      vertex 4.060726479933842 22.227384889368203 6.8
      vertex 4.060726479933842 19.3726151106318 6.8
    endloop
  endfacet
  facet normal 0 0 1
    outer loop
      vertex 4.549966975705895 18.929193372319276 6.8
      vertex 4.739357342141505 18.815677155216203 6.8
      vertex 4.549966975705895 22.670806627680726 6.8
    endloop
  endfacet
  facet normal 0 0 1
    outer loop
      vertex 4.739357342141505 18.815677155216203 6.8
      vertex 4.74736563069457 20.480686855020092 6.8
      vertex 4.721136191556447 20.58540064578226 6.8
    endloop
  endfacet
  facet normal 0 0 1
    outer loop
      vertex 4.739357342141505 18.815677155216203 6.8
      vertex 4.721136191556447 20.58540064578226 6.8
      vertex 4.705296800660583 20.692181145637484 6.8
    endloop
  endfacet
  facet normal 0 0 1
    outer loop
      vertex 4.739357342141505 18.815677155216203 6.8
      vertex 4.705296800660583 20.692181145637484 6.8
      vertex 4.699999999999999 20.8 6.8
    endloop
  endfacet
  facet normal 0 0 1
    outer loop
      vertex 4.549966975705895 18.929193372319276 6.8
      vertex 4.372615110631798 22.53927352006616 6.8
      vertex 4.372615110631798 19.06072647993384 6.8
    endloop
  endfacet
  facet normal 0 0 1
    outer loop
      vertex 3.929193372319273 19.549966975705896 6.8
      vertex 3.8156771552162008 21.860642657858495 6.8
      vertex 3.8156771552162008 19.739357342141506 6.8
    endloop
  endfacet
  facet normal 0 0 1
    outer loop
      vertex 4.739357342141505 18.815677155216203 6.8
      vertex 4.699999999999999 20.8 6.8
      vertex 4.549966975705895 22.670806627680726 6.8
    endloop
  endfacet
  facet normal 0 0 1
    outer loop
      vertex 3.560834364987557 20.57946143425849 6.8
      vertex 3.560834364987557 21.02053856574151 6.8
      vertex 3.55 20.8 6.8
    endloop
  endfacet
  facet normal 0 0 1
    outer loop
      vertex 3.5932331190927314 20.361046775463713 6.8
      vertex 3.5932331190927314 21.23895322453629 6.8
      vertex 3.560834364987557 21.02053856574151 6.8
    endloop
  endfacet
  facet normal 0 0 1
    outer loop
      vertex 3.64688424460253 20.14685947617746 6.8
      vertex 3.64688424460253 21.45314052382254 6.8
      vertex 3.5932331190927314 21.23895322453629 6.8
    endloop
  endfacet
  facet normal 0 0 1
    outer loop
      vertex 3.721271051849605 19.93896227717855 6.8
      vertex 3.721271051849605 21.66103772282145 6.8
      vertex 3.64688424460253 21.45314052382254 6.8
    endloop
  endfacet
  facet normal 0 0 1
    outer loop
      vertex 3.8156771552162008 19.739357342141506 6.8
      vertex 3.8156771552162008 21.860642657858495 6.8
      vertex 3.721271051849605 21.66103772282145 6.8
    endloop
  endfacet
  facet normal 0 0 1
    outer loop
      vertex 3.929193372319273 19.549966975705896 6.8
      vertex 3.929193372319273 22.050033024294105 6.8
      vertex 3.8156771552162008 21.860642657858495 6.8
    endloop
  endfacet
  facet normal 0 0 1
    outer loop
      vertex 4.060726479933842 19.3726151106318 6.8
      vertex 4.060726479933842 22.227384889368203 6.8
      vertex 3.929193372319273 22.050033024294105 6.8
    endloop
  endfacet
  facet normal 0 0 1
    outer loop
      vertex 4.2090097423302675 19.20900974233027 6.8
      vertex 4.2090097423302675 22.39099025766973 6.8
      vertex 4.060726479933842 22.227384889368203 6.8
    endloop
  endfacet
  facet normal 0 0 1
    outer loop
      vertex 4.372615110631798 19.06072647993384 6.8
      vertex 4.372615110631798 22.53927352006616 6.8
      vertex 4.2090097423302675 22.39099025766973 6.8
    endloop
  endfacet
  facet normal 0 0 1
    outer loop
      vertex 4.549966975705895 18.929193372319276 6.8
      vertex 4.549966975705895 22.670806627680726 6.8
      vertex 4.372615110631798 22.53927352006616 6.8
    endloop
  endfacet
  facet normal 0 0 1
    outer loop
      vertex 4.699999999999999 20.8 6.8
      vertex 4.705296800660583 20.907818854362517 6.8
      vertex 4.549966975705895 22.670806627680726 6.8
    endloop
  endfacet
  facet normal 0 0 1
    outer loop
      vertex 4.705296800660583 20.907818854362517 6.8
      vertex 4.721136191556447 21.01459935421774 6.8
      vertex 4.549966975705895 22.670806627680726 6.8
    endloop
  endfacet
  facet normal 0 0 1
    outer loop
      vertex 4.721136191556447 21.01459935421774 6.8
      vertex 4.74736563069457 21.11931314497991 6.8
      vertex 4.549966975705895 22.670806627680726 6.8
    endloop
  endfacet
  facet normal 0 0 1
    outer loop
      vertex 4.74736563069457 21.11931314497991 6.8
      vertex 4.783732514237585 21.2209517756016 6.8
      vertex 4.739357342141505 22.784322844783798 6.8
    endloop
  endfacet
  facet normal 0 0 1
    outer loop
      vertex 4.783732514237585 21.2209517756016 6.8
      vertex 4.82988660921681 21.3185364105086 6.8
      vertex 4.739357342141505 22.784322844783798 6.8
    endloop
  endfacet
  facet normal 0 0 1
    outer loop
      vertex 4.82988660921681 21.3185364105086 6.8
      vertex 4.8853834264672 21.411127256321564 6.8
      vertex 4.739357342141505 22.784322844783798 6.8
    endloop
  endfacet
  facet normal 0 0 1
    outer loop
      vertex 4.8853834264672 21.411127256321564 6.8
      vertex 4.949688501300989 21.497832612580012 6.8
      vertex 4.739357342141505 22.784322844783798 6.8
    endloop
  endfacet
  facet normal 0 0 1
    outer loop
      vertex 4.949688501300989 21.497832612580012 6.8
      vertex 5.022182540694797 21.5778174593052 6.8
      vertex 4.938962277178548 22.878728948150396 6.8
    endloop
  endfacet
  facet normal 0 0 1
    outer loop
      vertex 4.74736563069457 21.11931314497991 6.8
      vertex 4.739357342141505 22.784322844783798 6.8
      vertex 4.549966975705895 22.670806627680726 6.8
    endloop
  endfacet
  facet normal 0 0 1
    outer loop
      vertex 4.949688501300989 21.497832612580012 6.8
      vertex 4.938962277178548 22.878728948150396 6.8
      vertex 4.739357342141505 22.784322844783798 6.8
    endloop
  endfacet
  facet normal 0 0 1
    outer loop
      vertex 7.0500330242941045 18.929193372319276 6.8
      vertex 6.878863808443553 20.58540064578226 6.8
      vertex 6.85263436930543 20.480686855020092 6.8
    endloop
  endfacet
  facet normal 0 0 1
    outer loop
      vertex 7.0500330242941045 18.929193372319276 6.8
      vertex 6.894703199339417 20.692181145637484 6.8
      vertex 6.878863808443553 20.58540064578226 6.8
    endloop
  endfacet
  facet normal 0 0 1
    outer loop
      vertex 7.0500330242941045 18.929193372319276 6.8
      vertex 6.9 20.8 6.8
      vertex 6.894703199339417 20.692181145637484 6.8
    endloop
  endfacet
  facet normal 0 0 1
    outer loop
      vertex 7.0500330242941045 18.929193372319276 6.8
      vertex 7.227384889368202 19.06072647993384 6.8
      vertex 7.0500330242941045 22.670806627680726 6.8
    endloop
  endfacet
  facet normal 0 0 1
    outer loop
      vertex 7.227384889368202 19.06072647993384 6.8
      vertex 7.390990257669732 19.20900974233027 6.8
      vertex 7.227384889368202 22.53927352006616 6.8
    endloop
  endfacet
  facet normal 0 0 1
    outer loop
      vertex 7.390990257669732 19.20900974233027 6.8
      vertex 7.539273520066158 19.3726151106318 6.8
      vertex 7.390990257669732 22.39099025766973 6.8
    endloop
  endfacet
  facet normal 0 0 1
    outer loop
      vertex 7.0500330242941045 18.929193372319276 6.8
      vertex 6.860642657858494 22.784322844783798 6.8
      vertex 6.9 20.8 6.8
    endloop
  endfacet
  facet normal 0 0 1
    outer loop
      vertex 6.894703199339417 20.907818854362517 6.8
      vertex 6.860642657858494 22.784322844783798 6.8
      vertex 6.878863808443553 21.01459935421774 6.8
    endloop
  endfacet
  facet normal 0 0 1
    outer loop
      vertex 7.390990257669732 19.20900974233027 6.8
      vertex 7.390990257669732 22.39099025766973 6.8
      vertex 7.227384889368202 22.53927352006616 6.8
    endloop
  endfacet
  facet normal 0 0 1
    outer loop
      vertex 7.539273520066158 19.3726151106318 6.8
      vertex 7.539273520066158 22.227384889368203 6.8
      vertex 7.390990257669732 22.39099025766973 6.8
    endloop
  endfacet
  facet normal 0 0 1
    outer loop
      vertex 6.9 20.8 6.8
      vertex 6.860642657858494 22.784322844783798 6.8
      vertex 6.894703199339417 20.907818854362517 6.8
    endloop
  endfacet
  facet normal 0 0 1
    outer loop
      vertex 7.0500330242941045 18.929193372319276 6.8
      vertex 7.0500330242941045 22.670806627680726 6.8
      vertex 6.860642657858494 22.784322844783798 6.8
    endloop
  endfacet
  facet normal 0 0 1
    outer loop
      vertex 7.227384889368202 19.06072647993384 6.8
      vertex 7.227384889368202 22.53927352006616 6.8
      vertex 7.0500330242941045 22.670806627680726 6.8
    endloop
  endfacet
  facet normal 0 0 1
    outer loop
      vertex 7.539273520066158 19.3726151106318 6.8
      vertex 7.670806627680727 19.549966975705896 6.8
      vertex 7.539273520066158 22.227384889368203 6.8
    endloop
  endfacet
  facet normal 0 0 1
    outer loop
      vertex 7.670806627680727 19.549966975705896 6.8
      vertex 7.784322844783799 19.739357342141506 6.8
      vertex 7.670806627680727 22.050033024294105 6.8
    endloop
  endfacet
  facet normal 0 0 1
    outer loop
      vertex 7.784322844783799 19.739357342141506 6.8
      vertex 7.878728948150394 19.93896227717855 6.8
      vertex 7.784322844783799 21.860642657858495 6.8
    endloop
  endfacet
  facet normal 0 0 1
    outer loop
      vertex 7.878728948150394 19.93896227717855 6.8
      vertex 7.953115755397469 20.14685947617746 6.8
      vertex 7.878728948150394 21.66103772282145 6.8
    endloop
  endfacet
  facet normal 0 0 1
    outer loop
      vertex 7.953115755397469 20.14685947617746 6.8
      vertex 8.006766880907268 20.361046775463713 6.8
      vertex 7.953115755397469 21.45314052382254 6.8
    endloop
  endfacet
  facet normal 0 0 1
    outer loop
      vertex 8.006766880907268 20.361046775463713 6.8
      vertex 8.039165635012443 20.57946143425849 6.8
      vertex 8.006766880907268 21.23895322453629 6.8
    endloop
  endfacet
  facet normal 0 0 1
    outer loop
      vertex 8.039165635012443 20.57946143425849 6.8
      vertex 8.05 20.8 6.8
      vertex 8.039165635012443 21.02053856574151 6.8
    endloop
  endfacet
  facet normal 0 0 1
    outer loop
      vertex 8.039165635012443 20.57946143425849 6.8
      vertex 8.039165635012443 21.02053856574151 6.8
      vertex 8.006766880907268 21.23895322453629 6.8
    endloop
  endfacet
  facet normal 0 0 1
    outer loop
      vertex 7.953115755397469 20.14685947617746 6.8
      vertex 7.953115755397469 21.45314052382254 6.8
      vertex 7.878728948150394 21.66103772282145 6.8
    endloop
  endfacet
  facet normal 0 0 1
    outer loop
      vertex 8.006766880907268 20.361046775463713 6.8
      vertex 8.006766880907268 21.23895322453629 6.8
      vertex 7.953115755397469 21.45314052382254 6.8
    endloop
  endfacet
  facet normal 0 0 1
    outer loop
      vertex 7.878728948150394 19.93896227717855 6.8
      vertex 7.878728948150394 21.66103772282145 6.8
      vertex 7.784322844783799 21.860642657858495 6.8
    endloop
  endfacet
  facet normal 0 0 1
    outer loop
      vertex 7.670806627680727 19.549966975705896 6.8
      vertex 7.670806627680727 22.050033024294105 6.8
      vertex 7.539273520066158 22.227384889368203 6.8
    endloop
  endfacet
  facet normal 0 0 1
    outer loop
      vertex 7.784322844783799 19.739357342141506 6.8
      vertex 7.784322844783799 21.860642657858495 6.8
      vertex 7.670806627680727 22.050033024294105 6.8
    endloop
  endfacet
  facet normal 0 0 1
    outer loop
      vertex 5.022182540694797 21.5778174593052 6.8
      vertex 5.10216738741999 21.65031149869901 6.8
      vertex 4.938962277178548 22.878728948150396 6.8
    endloop
  endfacet
  facet normal 0 0 1
    outer loop
      vertex 5.10216738741999 21.65031149869901 6.8
      vertex 5.188872743678438 21.7146165735328 6.8
      vertex 4.938962277178548 22.878728948150396 6.8
    endloop
  endfacet
  facet normal 0 0 1
    outer loop
      vertex 5.188872743678438 21.7146165735328 6.8
      vertex 5.281463589491402 21.77011339078319 6.8
      vertex 5.146859476177459 22.95311575539747 6.8
    endloop
  endfacet
  facet normal 0 0 1
    outer loop
      vertex 5.281463589491402 21.77011339078319 6.8
      vertex 5.379048224398401 21.816267485762417 6.8
      vertex 5.146859476177459 22.95311575539747 6.8
    endloop
  endfacet
  facet normal 0 0 1
    outer loop
      vertex 5.379048224398401 21.816267485762417 6.8
      vertex 5.480686855020092 21.85263436930543 6.8
      vertex 5.361046775463711 23.006766880907268 6.8
    endloop
  endfacet
  facet normal 0 0 1
    outer loop
      vertex 5.480686855020092 21.85263436930543 6.8
      vertex 5.585400645782259 21.878863808443555 6.8
      vertex 5.361046775463711 23.006766880907268 6.8
    endloop
  endfacet
  facet normal 0 0 1
    outer loop
      vertex 5.585400645782259 21.878863808443555 6.8
      vertex 5.692181145637483 21.894703199339418 6.8
      vertex 5.579461434258488 23.039165635012445 6.8
    endloop
  endfacet
  facet normal 0 0 1
    outer loop
      vertex 6.119313144979908 21.85263436930543 6.8
      vertex 6.220951775601598 21.816267485762417 6.8
      vertex 6.238953224536289 23.006766880907268 6.8
    endloop
  endfacet
  facet normal 0 0 1
    outer loop
      vertex 5.692181145637483 21.894703199339418 6.8
      vertex 5.8 21.900000000000002 6.8
      vertex 5.8 23.05 6.8
    endloop
  endfacet
  facet normal 0 0 1
    outer loop
      vertex 5.8 21.900000000000002 6.8
      vertex 5.9078188543625165 21.894703199339418 6.8
      vertex 5.8 23.05 6.8
    endloop
  endfacet
  facet normal 0 0 1
    outer loop
      vertex 5.9078188543625165 21.894703199339418 6.8
      vertex 6.014599354217741 21.878863808443555 6.8
      vertex 6.020538565741512 23.039165635012445 6.8
    endloop
  endfacet
  facet normal 0 0 1
    outer loop
      vertex 6.119313144979908 21.85263436930543 6.8
      vertex 6.020538565741512 23.039165635012445 6.8
      vertex 6.014599354217741 21.878863808443555 6.8
    endloop
  endfacet
  facet normal 0 0 1
    outer loop
      vertex 6.878863808443553 21.01459935421774 6.8
      vertex 6.860642657858494 22.784322844783798 6.8
      vertex 6.85263436930543 21.11931314497991 6.8
    endloop
  endfacet
  facet normal 0 0 1
    outer loop
      vertex 6.85263436930543 21.11931314497991 6.8
      vertex 6.860642657858494 22.784322844783798 6.8
      vertex 6.816267485762415 21.2209517756016 6.8
    endloop
  endfacet
  facet normal 0 0 1
    outer loop
      vertex 6.816267485762415 21.2209517756016 6.8
      vertex 6.860642657858494 22.784322844783798 6.8
      vertex 6.77011339078319 21.3185364105086 6.8
    endloop
  endfacet
  facet normal 0 0 1
    outer loop
      vertex 6.714616573532799 21.411127256321564 6.8
      vertex 6.77011339078319 21.3185364105086 6.8
      vertex 6.661037722821452 22.878728948150396 6.8
    endloop
  endfacet
  facet normal 0 0 1
    outer loop
      vertex 6.714616573532799 21.411127256321564 6.8
      vertex 6.661037722821452 22.878728948150396 6.8
      vertex 6.65031149869901 21.497832612580012 6.8
    endloop
  endfacet
  facet normal 0 0 1
    outer loop
      vertex 6.65031149869901 21.497832612580012 6.8
      vertex 6.661037722821452 22.878728948150396 6.8
      vertex 6.577817459305202 21.5778174593052 6.8
    endloop
  endfacet
  facet normal 0 0 1
    outer loop
      vertex 6.577817459305202 21.5778174593052 6.8
      vertex 6.45314052382254 22.95311575539747 6.8
      vertex 6.49783261258001 21.65031149869901 6.8
    endloop
  endfacet
  facet normal 0 0 1
    outer loop
      vertex 6.411127256321562 21.7146165735328 6.8
      vertex 6.49783261258001 21.65031149869901 6.8
      vertex 6.45314052382254 22.95311575539747 6.8
    endloop
  endfacet
  facet normal 0 0 1
    outer loop
      vertex 6.411127256321562 21.7146165735328 6.8
      vertex 6.45314052382254 22.95311575539747 6.8
      vertex 6.318536410508598 21.77011339078319 6.8
    endloop
  endfacet
  facet normal 0 0 1
    outer loop
      vertex 6.318536410508598 21.77011339078319 6.8
      vertex 6.238953224536289 23.006766880907268 6.8
      vertex 6.220951775601598 21.816267485762417 6.8
    endloop
  endfacet
  facet normal 0 0 1
    outer loop
      vertex 6.77011339078319 21.3185364105086 6.8
      vertex 6.860642657858494 22.784322844783798 6.8
      vertex 6.661037722821452 22.878728948150396 6.8
    endloop
  endfacet
  facet normal 0 0 1
    outer loop
      vertex 5.188872743678438 21.7146165735328 6.8
      vertex 5.146859476177459 22.95311575539747 6.8
      vertex 4.938962277178548 22.878728948150396 6.8
    endloop
  endfacet
  facet normal 0 0 1
    outer loop
      vertex 5.379048224398401 21.816267485762417 6.8
      vertex 5.361046775463711 23.006766880907268 6.8
      vertex 5.146859476177459 22.95311575539747 6.8
    endloop
  endfacet
  facet normal 0 0 1
    outer loop
      vertex 5.585400645782259 21.878863808443555 6.8
      vertex 5.579461434258488 23.039165635012445 6.8
      vertex 5.361046775463711 23.006766880907268 6.8
    endloop
  endfacet
  facet normal 0 0 1
    outer loop
      vertex 6.119313144979908 21.85263436930543 6.8
      vertex 6.238953224536289 23.006766880907268 6.8
      vertex 6.020538565741512 23.039165635012445 6.8
    endloop
  endfacet
  facet normal 0 0 1
    outer loop
      vertex 5.692181145637483 21.894703199339418 6.8
      vertex 5.8 23.05 6.8
      vertex 5.579461434258488 23.039165635012445 6.8
    endloop
  endfacet
  facet normal 0 0 1
    outer loop
      vertex 5.8 23.05 6.8
      vertex 5.9078188543625165 21.894703199339418 6.8
      vertex 6.020538565741512 23.039165635012445 6.8
    endloop
  endfacet
  facet normal 0 0 1
    outer loop
      vertex 6.577817459305202 21.5778174593052 6.8
      vertex 6.661037722821452 22.878728948150396 6.8
      vertex 6.45314052382254 22.95311575539747 6.8
    endloop
  endfacet
  facet normal 0 0 1
    outer loop
      vertex 6.318536410508598 21.77011339078319 6.8
      vertex 6.45314052382254 22.95311575539747 6.8
      vertex 6.238953224536289 23.006766880907268 6.8
    endloop
  endfacet
  facet normal -0.6715589548470274 -0.7409511253549507 0
    outer loop
      vertex 49.37261511063179 4.060726479933842 6.8
      vertex 49.20900974233027 4.2090097423302675 1.8
      vertex 49.37261511063179 4.060726479933842 1.8
    endloop
  endfacet
  facet normal -0.5141027441932222 -0.8577286100002719 0
    outer loop
      vertex 49.7393573421415 3.8156771552162008 6.8
      vertex 49.54996697570589 3.929193372319273 1.8
      vertex 49.7393573421415 3.8156771552162008 1.8
    endloop
  endfacet
  facet normal -0.42755509343027803 -0.9039892931234453 0
    outer loop
      vertex 49.93896227717855 3.721271051849605 6.8
      vertex 49.7393573421415 3.8156771552162008 1.8
      vertex 49.93896227717855 3.721271051849605 1.8
    endloop
  endfacet
  facet normal -0.5956993044924263 -0.8032075314806502 0
    outer loop
      vertex 49.54996697570589 3.929193372319273 6.8
      vertex 49.37261511063179 4.060726479933842 1.8
      vertex 49.54996697570589 3.929193372319273 1.8
    endloop
  endfacet
  facet normal -0.903989293123446 -0.4275550934302761 0
    outer loop
      vertex 48.721271051849605 4.938962277178548 6.8
      vertex 48.721271051849605 4.938962277178548 1.8
      vertex 48.8156771552162 4.739357342141505 1.8
    endloop
  endfacet
  facet normal -0.7409511253549617 -0.6715589548470156 0
    outer loop
      vertex 49.06072647993384 4.372615110631798 6.8
      vertex 49.06072647993384 4.372615110631798 1.8
      vertex 49.20900974233027 4.2090097423302675 1.8
    endloop
  endfacet
  facet normal -0.8032075314806368 -0.5956993044924443 0
    outer loop
      vertex 48.92919337231927 4.549966975705895 6.8
      vertex 48.92919337231927 4.549966975705895 1.8
      vertex 49.06072647993384 4.372615110631798 1.8
    endloop
  endfacet
  facet normal -0.8577286100002789 -0.5141027441932103 0
    outer loop
      vertex 48.8156771552162 4.739357342141505 6.8
      vertex 48.8156771552162 4.739357342141505 1.8
      vertex 48.92919337231927 4.549966975705895 1.8
    endloop
  endfacet
  facet normal -0.9415440651830126 -0.3368898533922427 0
    outer loop
      vertex 48.646884244602525 5.146859476177459 6.8
      vertex 48.646884244602525 5.146859476177459 1.8
      vertex 48.721271051849605 4.938962277178548 1.8
    endloop
  endfacet
  facet normal -0.970031253194548 -0.2429801799032483 0
    outer loop
      vertex 48.59323311909273 5.361046775463711 6.8
      vertex 48.59323311909273 5.361046775463711 1.8
      vertex 48.646884244602525 5.146859476177459 1.8
    endloop
  endfacet
  facet normal -0.9891765099647816 -0.1467304744553578 0
    outer loop
      vertex 48.56083436498756 5.579461434258488 6.8
      vertex 48.56083436498756 5.579461434258488 1.8
      vertex 48.59323311909273 5.361046775463711 1.8
    endloop
  endfacet
  facet normal -0.9987954562051718 -0.04906767432742827 0
    outer loop
      vertex 48.55 5.8 6.8
      vertex 48.55 5.8 1.8
      vertex 48.56083436498756 5.579461434258488 1.8
    endloop
  endfacet
  facet normal -0.9987954562051718 0.04906767432742827 0
    outer loop
      vertex 48.56083436498756 6.020538565741512 6.8
      vertex 48.56083436498756 6.020538565741512 1.8
      vertex 48.55 5.8 1.8
    endloop
  endfacet
  facet normal -0.9891765099647816 0.1467304744553578 0
    outer loop
      vertex 48.59323311909273 6.238953224536289 6.8
      vertex 48.59323311909273 6.238953224536289 1.8
      vertex 48.56083436498756 6.020538565741512 1.8
    endloop
  endfacet
  facet normal -0.970031253194548 0.2429801799032483 0
    outer loop
      vertex 48.646884244602525 6.45314052382254 6.8
      vertex 48.646884244602525 6.45314052382254 1.8
      vertex 48.59323311909273 6.238953224536289 1.8
    endloop
  endfacet
  facet normal -0.9415440651830126 0.3368898533922427 0
    outer loop
      vertex 48.721271051849605 6.661037722821452 6.8
      vertex 48.721271051849605 6.661037722821452 1.8
      vertex 48.646884244602525 6.45314052382254 1.8
    endloop
  endfacet
  facet normal -0.24298017990326345 -0.9700312531945442 0
    outer loop
      vertex 50.361046775463706 3.5932331190927314 6.8
      vertex 50.146859476177454 3.64688424460253 1.8
      vertex 50.361046775463706 3.5932331190927314 1.8
    endloop
  endfacet
  facet normal -0.3368898533922277 -0.941544065183018 0
    outer loop
      vertex 50.146859476177454 3.64688424460253 6.8
      vertex 49.93896227717855 3.721271051849605 1.8
      vertex 50.146859476177454 3.64688424460253 1.8
    endloop
  endfacet
  facet normal -0.14673047445536114 -0.989176509964781 0
    outer loop
      vertex 50.579461434258484 3.560834364987557 6.8
      vertex 50.361046775463706 3.5932331190927314 1.8
      vertex 50.579461434258484 3.560834364987557 1.8
    endloop
  endfacet
  facet normal -0.049067674327417855 -0.9987954562051724 0
    outer loop
      vertex 50.8 3.55 6.8
      vertex 50.579461434258484 3.560834364987557 1.8
      vertex 50.8 3.55 1.8
    endloop
  endfacet
  facet normal 0.049067674327417855 -0.9987954562051724 0
    outer loop
      vertex 51.02053856574151 3.560834364987557 6.8
      vertex 50.8 3.55 1.8
      vertex 51.02053856574151 3.560834364987557 1.8
    endloop
  endfacet
  facet normal 0.14673047445536114 -0.989176509964781 0
    outer loop
      vertex 51.23895322453629 3.5932331190927314 6.8
      vertex 51.02053856574151 3.560834364987557 1.8
      vertex 51.23895322453629 3.5932331190927314 1.8
    endloop
  endfacet
  facet normal 0.24298017990326345 -0.9700312531945442 0
    outer loop
      vertex 51.45314052382254 3.64688424460253 6.8
      vertex 51.23895322453629 3.5932331190927314 1.8
      vertex 51.45314052382254 3.64688424460253 1.8
    endloop
  endfacet
  facet normal 0.3368898533922277 -0.941544065183018 0
    outer loop
      vertex 51.66103772282145 3.721271051849605 6.8
      vertex 51.45314052382254 3.64688424460253 1.8
      vertex 51.66103772282145 3.721271051849605 1.8
    endloop
  endfacet
  facet normal 0.42755509343027803 -0.9039892931234453 0
    outer loop
      vertex 51.86064265785849 3.8156771552162008 6.8
      vertex 51.66103772282145 3.721271051849605 1.8
      vertex 51.86064265785849 3.8156771552162008 1.8
    endloop
  endfacet
  facet normal 0.5141027441932222 -0.8577286100002719 0
    outer loop
      vertex 52.0500330242941 3.929193372319273 6.8
      vertex 51.86064265785849 3.8156771552162008 1.8
      vertex 52.0500330242941 3.929193372319273 1.8
    endloop
  endfacet
  facet normal 0.5956993044924263 -0.8032075314806502 0
    outer loop
      vertex 52.2273848893682 4.060726479933842 6.8
      vertex 52.0500330242941 3.929193372319273 1.8
      vertex 52.2273848893682 4.060726479933842 1.8
    endloop
  endfacet
  facet normal 0.6715589548470274 -0.7409511253549507 0
    outer loop
      vertex 52.39099025766973 4.2090097423302675 6.8
      vertex 52.2273848893682 4.060726479933842 1.8
      vertex 52.39099025766973 4.2090097423302675 1.8
    endloop
  endfacet
  facet normal 0.7409511253549617 -0.6715589548470156 0
    outer loop
      vertex 52.39099025766973 4.2090097423302675 6.8
      vertex 52.39099025766973 4.2090097423302675 1.8
      vertex 52.53927352006615 4.372615110631798 1.8
    endloop
  endfacet
  facet normal 0.8032075314806368 -0.5956993044924443 0
    outer loop
      vertex 52.53927352006615 4.372615110631798 6.8
      vertex 52.53927352006615 4.372615110631798 1.8
      vertex 52.670806627680726 4.549966975705895 1.8
    endloop
  endfacet
  facet normal 0.8577286100002789 -0.5141027441932103 0
    outer loop
      vertex 52.670806627680726 4.549966975705895 6.8
      vertex 52.670806627680726 4.549966975705895 1.8
      vertex 52.784322844783794 4.739357342141505 1.8
    endloop
  endfacet
  facet normal 0.903989293123446 -0.4275550934302761 0
    outer loop
      vertex 52.784322844783794 4.739357342141505 6.8
      vertex 52.784322844783794 4.739357342141505 1.8
      vertex 52.87872894815039 4.938962277178548 1.8
    endloop
  endfacet
  facet normal 0.9415440651830126 -0.3368898533922427 0
    outer loop
      vertex 52.87872894815039 4.938962277178548 6.8
      vertex 52.87872894815039 4.938962277178548 1.8
      vertex 52.95311575539747 5.146859476177459 1.8
    endloop
  endfacet
  facet normal 0.970031253194548 -0.2429801799032483 0
    outer loop
      vertex 52.95311575539747 5.146859476177459 6.8
      vertex 52.95311575539747 5.146859476177459 1.8
      vertex 53.006766880907264 5.361046775463711 1.8
    endloop
  endfacet
  facet normal 0.9891765099647816 -0.1467304744553578 0
    outer loop
      vertex 53.006766880907264 5.361046775463711 6.8
      vertex 53.006766880907264 5.361046775463711 1.8
      vertex 53.03916563501244 5.579461434258488 1.8
    endloop
  endfacet
  facet normal 0.9987954562051718 -0.04906767432742827 0
    outer loop
      vertex 53.03916563501244 5.579461434258488 6.8
      vertex 53.03916563501244 5.579461434258488 1.8
      vertex 53.05 5.8 1.8
    endloop
  endfacet
  facet normal 0.9987954562051718 0.04906767432742827 0
    outer loop
      vertex 53.05 5.8 6.8
      vertex 53.05 5.8 1.8
      vertex 53.03916563501244 6.020538565741512 1.8
    endloop
  endfacet
  facet normal 0.9891765099647816 0.1467304744553578 0
    outer loop
      vertex 53.03916563501244 6.020538565741512 6.8
      vertex 53.03916563501244 6.020538565741512 1.8
      vertex 53.006766880907264 6.238953224536289 1.8
    endloop
  endfacet
  facet normal 0.970031253194548 0.2429801799032483 0
    outer loop
      vertex 53.006766880907264 6.238953224536289 6.8
      vertex 53.006766880907264 6.238953224536289 1.8
      vertex 52.95311575539747 6.45314052382254 1.8
    endloop
  endfacet
  facet normal 0.9415440651830126 0.3368898533922427 0
    outer loop
      vertex 52.95311575539747 6.45314052382254 6.8
      vertex 52.95311575539747 6.45314052382254 1.8
      vertex 52.87872894815039 6.661037722821452 1.8
    endloop
  endfacet
  facet normal -0.3368898533922277 -0.941544065183018 4.695578502598911e-19
    outer loop
      vertex 50.146859476177454 3.64688424460253 6.8
      vertex 49.93896227717855 3.721271051849605 6.8
      vertex 49.93896227717855 3.721271051849605 1.8
    endloop
  endfacet
  facet normal -0.5956993044924263 -0.8032075314806502 1.1048233191952015e-18
    outer loop
      vertex 49.54996697570589 3.929193372319273 6.8
      vertex 49.37261511063179 4.060726479933842 6.8
      vertex 49.37261511063179 4.060726479933842 1.8
    endloop
  endfacet
  facet normal -0.5141027441932222 -0.8577286100002719 0
    outer loop
      vertex 49.54996697570589 3.929193372319273 6.8
      vertex 49.54996697570589 3.929193372319273 1.8
      vertex 49.7393573421415 3.8156771552162008 6.8
    endloop
  endfacet
  facet normal -0.42755509343027803 -0.9039892931234453 -1.1518286406882168e-18
    outer loop
      vertex 49.93896227717855 3.721271051849605 6.8
      vertex 49.7393573421415 3.8156771552162008 6.8
      vertex 49.7393573421415 3.8156771552162008 1.8
    endloop
  endfacet
  facet normal -0.903989293123446 -0.4275550934302761 0
    outer loop
      vertex 48.8156771552162 4.739357342141505 6.8
      vertex 48.721271051849605 4.938962277178548 6.8
      vertex 48.8156771552162 4.739357342141505 1.8
    endloop
  endfacet
  facet normal -0.6715589548470274 -0.7409511253549507 1.0161064736280277e-18
    outer loop
      vertex 49.37261511063179 4.060726479933842 6.8
      vertex 49.20900974233027 4.2090097423302675 6.8
      vertex 49.20900974233027 4.2090097423302675 1.8
    endloop
  endfacet
  facet normal -0.7409511253549617 -0.6715589548470156 -1.3819456245880546e-18
    outer loop
      vertex 49.06072647993384 4.372615110631798 6.8
      vertex 49.20900974233027 4.2090097423302675 1.8
      vertex 49.20900974233027 4.2090097423302675 6.8
    endloop
  endfacet
  facet normal -0.8032075314806368 -0.5956993044924443 0
    outer loop
      vertex 49.06072647993384 4.372615110631798 6.8
      vertex 48.92919337231927 4.549966975705895 6.8
      vertex 49.06072647993384 4.372615110631798 1.8
    endloop
  endfacet
  facet normal -0.8577286100002789 -0.5141027441932103 0
    outer loop
      vertex 48.92919337231927 4.549966975705895 6.8
      vertex 48.8156771552162 4.739357342141505 6.8
      vertex 48.92919337231927 4.549966975705895 1.8
    endloop
  endfacet
  facet normal -0.9415440651830126 -0.3368898533922427 0
    outer loop
      vertex 48.721271051849605 4.938962277178548 6.8
      vertex 48.646884244602525 5.146859476177459 6.8
      vertex 48.721271051849605 4.938962277178548 1.8
    endloop
  endfacet
  facet normal -0.970031253194548 -0.2429801799032483 0
    outer loop
      vertex 48.646884244602525 5.146859476177459 6.8
      vertex 48.59323311909273 5.361046775463711 6.8
      vertex 48.646884244602525 5.146859476177459 1.8
    endloop
  endfacet
  facet normal -0.9891765099647816 -0.1467304744553578 0
    outer loop
      vertex 48.59323311909273 5.361046775463711 6.8
      vertex 48.56083436498756 5.579461434258488 6.8
      vertex 48.59323311909273 5.361046775463711 1.8
    endloop
  endfacet
  facet normal -0.9987954562051718 -0.04906767432742827 0
    outer loop
      vertex 48.56083436498756 5.579461434258488 6.8
      vertex 48.55 5.8 6.8
      vertex 48.56083436498756 5.579461434258488 1.8
    endloop
  endfacet
  facet normal -0.9987954562051718 0.04906767432742827 0
    outer loop
      vertex 48.55 5.8 6.8
      vertex 48.56083436498756 6.020538565741512 6.8
      vertex 48.55 5.8 1.8
    endloop
  endfacet
  facet normal -0.9891765099647816 0.1467304744553578 0
    outer loop
      vertex 48.56083436498756 6.020538565741512 6.8
      vertex 48.59323311909273 6.238953224536289 6.8
      vertex 48.56083436498756 6.020538565741512 1.8
    endloop
  endfacet
  facet normal -0.970031253194548 0.2429801799032483 0
    outer loop
      vertex 48.59323311909273 6.238953224536289 6.8
      vertex 48.646884244602525 6.45314052382254 6.8
      vertex 48.59323311909273 6.238953224536289 1.8
    endloop
  endfacet
  facet normal -0.9415440651830126 0.3368898533922427 0
    outer loop
      vertex 48.646884244602525 6.45314052382254 6.8
      vertex 48.721271051849605 6.661037722821452 6.8
      vertex 48.646884244602525 6.45314052382254 1.8
    endloop
  endfacet
  facet normal 0 0 1
    outer loop
      vertex 50.146859476177454 3.64688424460253 6.8
      vertex 50.02218254069479 5.022182540694797 6.8
      vertex 49.93896227717855 3.721271051849605 6.8
    endloop
  endfacet
  facet normal 0 0 1
    outer loop
      vertex 49.93896227717855 3.721271051849605 6.8
      vertex 49.82988660921681 5.281463589491402 6.8
      vertex 49.7393573421415 3.8156771552162008 6.8
    endloop
  endfacet
  facet normal 0 0 1
    outer loop
      vertex 49.93896227717855 3.721271051849605 6.8
      vertex 50.02218254069479 5.022182540694797 6.8
      vertex 49.94968850130098 5.10216738741999 6.8
    endloop
  endfacet
  facet normal 0 0 1
    outer loop
      vertex 49.93896227717855 3.721271051849605 6.8
      vertex 49.94968850130098 5.10216738741999 6.8
      vertex 49.8853834264672 5.188872743678438 6.8
    endloop
  endfacet
  facet normal 0 0 1
    outer loop
      vertex 49.93896227717855 3.721271051849605 6.8
      vertex 49.8853834264672 5.188872743678438 6.8
      vertex 49.82988660921681 5.281463589491402 6.8
    endloop
  endfacet
  facet normal 0 0 1
    outer loop
      vertex 49.7393573421415 3.8156771552162008 6.8
      vertex 49.74736563069457 5.480686855020092 6.8
      vertex 49.72113619155645 5.585400645782259 6.8
    endloop
  endfacet
  facet normal 0 0 1
    outer loop
      vertex 49.7393573421415 3.8156771552162008 6.8
      vertex 49.82988660921681 5.281463589491402 6.8
      vertex 49.783732514237585 5.379048224398401 6.8
    endloop
  endfacet
  facet normal 0 0 1
    outer loop
      vertex 49.7393573421415 3.8156771552162008 6.8
      vertex 49.783732514237585 5.379048224398401 6.8
      vertex 49.74736563069457 5.480686855020092 6.8
    endloop
  endfacet
  facet normal 0 0 1
    outer loop
      vertex 48.8156771552162 4.739357342141505 6.8
      vertex 48.721271051849605 6.661037722821452 6.8
      vertex 48.721271051849605 4.938962277178548 6.8
    endloop
  endfacet
  facet normal 0 0 1
    outer loop
      vertex 48.646884244602525 5.146859476177459 6.8
      vertex 48.59323311909273 6.238953224536289 6.8
      vertex 48.59323311909273 5.361046775463711 6.8
    endloop
  endfacet
  facet normal 0 0 1
    outer loop
      vertex 48.721271051849605 4.938962277178548 6.8
      vertex 48.646884244602525 6.45314052382254 6.8
      vertex 48.646884244602525 5.146859476177459 6.8
    endloop
  endfacet
  facet normal 0 0 1
    outer loop
      vertex 48.59323311909273 5.361046775463711 6.8
      vertex 48.56083436498756 6.020538565741512 6.8
      vertex 48.56083436498756 5.579461434258488 6.8
    endloop
  endfacet
  facet normal 0 0 1
    outer loop
      vertex 48.56083436498756 5.579461434258488 6.8
      vertex 48.56083436498756 6.020538565741512 6.8
      vertex 48.55 5.8 6.8
    endloop
  endfacet
  facet normal 0 0 1
    outer loop
      vertex 49.54996697570589 3.929193372319273 6.8
      vertex 49.37261511063179 7.539273520066158 6.8
      vertex 49.37261511063179 4.060726479933842 6.8
    endloop
  endfacet
  facet normal 0 0 1
    outer loop
      vertex 49.06072647993384 4.372615110631798 6.8
      vertex 49.20900974233027 4.2090097423302675 6.8
      vertex 49.06072647993384 7.227384889368202 6.8
    endloop
  endfacet
  facet normal 0 0 1
    outer loop
      vertex 48.92919337231927 4.549966975705895 6.8
      vertex 48.8156771552162 6.860642657858494 6.8
      vertex 48.8156771552162 4.739357342141505 6.8
    endloop
  endfacet
  facet normal 0 0 1
    outer loop
      vertex 49.06072647993384 4.372615110631798 6.8
      vertex 48.92919337231927 7.0500330242941045 6.8
      vertex 48.92919337231927 4.549966975705895 6.8
    endloop
  endfacet
  facet normal 0 0 1
    outer loop
      vertex 49.37261511063179 4.060726479933842 6.8
      vertex 49.20900974233027 7.390990257669732 6.8
      vertex 49.20900974233027 4.2090097423302675 6.8
    endloop
  endfacet
  facet normal 0 0 1
    outer loop
      vertex 49.7393573421415 3.8156771552162008 6.8
      vertex 49.72113619155645 5.585400645782259 6.8
      vertex 49.705296800660584 5.692181145637483 6.8
    endloop
  endfacet
  facet normal 0 0 1
    outer loop
      vertex 49.54996697570589 3.929193372319273 6.8
      vertex 49.7393573421415 3.8156771552162008 6.8
      vertex 49.54996697570589 7.670806627680727 6.8
    endloop
  endfacet
  facet normal 0 0 1
    outer loop
      vertex 49.7393573421415 3.8156771552162008 6.8
      vertex 49.705296800660584 5.692181145637483 6.8
      vertex 49.699999999999996 5.8 6.8
    endloop
  endfacet
  facet normal 0 0 1
    outer loop
      vertex 49.54996697570589 7.670806627680727 6.8
      vertex 49.7393573421415 3.8156771552162008 6.8
      vertex 49.699999999999996 5.8 6.8
    endloop
  endfacet
  facet normal 0 0 1
    outer loop
      vertex 48.59323311909273 5.361046775463711 6.8
      vertex 48.59323311909273 6.238953224536289 6.8
      vertex 48.56083436498756 6.020538565741512 6.8
    endloop
  endfacet
  facet normal 0 0 1
    outer loop
      vertex 48.646884244602525 5.146859476177459 6.8
      vertex 48.646884244602525 6.45314052382254 6.8
      vertex 48.59323311909273 6.238953224536289 6.8
    endloop
  endfacet
  facet normal 0 0 1
    outer loop
      vertex 48.721271051849605 4.938962277178548 6.8
      vertex 48.721271051849605 6.661037722821452 6.8
      vertex 48.646884244602525 6.45314052382254 6.8
    endloop
  endfacet
  facet normal 0 0 1
    outer loop
      vertex 48.8156771552162 4.739357342141505 6.8
      vertex 48.8156771552162 6.860642657858494 6.8
      vertex 48.721271051849605 6.661037722821452 6.8
    endloop
  endfacet
  facet normal 0 0 1
    outer loop
      vertex 48.92919337231927 4.549966975705895 6.8
      vertex 48.92919337231927 7.0500330242941045 6.8
      vertex 48.8156771552162 6.860642657858494 6.8
    endloop
  endfacet
  facet normal 0 0 1
    outer loop
      vertex 49.06072647993384 4.372615110631798 6.8
      vertex 49.06072647993384 7.227384889368202 6.8
      vertex 48.92919337231927 7.0500330242941045 6.8
    endloop
  endfacet
  facet normal 0 0 1
    outer loop
      vertex 49.20900974233027 4.2090097423302675 6.8
      vertex 49.20900974233027 7.390990257669732 6.8
      vertex 49.06072647993384 7.227384889368202 6.8
    endloop
  endfacet
  facet normal 0 0 1
    outer loop
      vertex 49.37261511063179 4.060726479933842 6.8
      vertex 49.37261511063179 7.539273520066158 6.8
      vertex 49.20900974233027 7.390990257669732 6.8
    endloop
  endfacet
  facet normal 0 0 1
    outer loop
      vertex 49.54996697570589 3.929193372319273 6.8
      vertex 49.54996697570589 7.670806627680727 6.8
      vertex 49.37261511063179 7.539273520066158 6.8
    endloop
  endfacet
  facet normal 0 0 1
    outer loop
      vertex 49.54996697570589 7.670806627680727 6.8
      vertex 49.699999999999996 5.8 6.8
      vertex 49.705296800660584 5.9078188543625165 6.8
    endloop
  endfacet
  facet normal 0 0 1
    outer loop
      vertex 49.54996697570589 7.670806627680727 6.8
      vertex 49.705296800660584 5.9078188543625165 6.8
      vertex 49.72113619155645 6.014599354217741 6.8
    endloop
  endfacet
  facet normal 0 0 1
    outer loop
      vertex 49.54996697570589 7.670806627680727 6.8
      vertex 49.72113619155645 6.014599354217741 6.8
      vertex 49.74736563069457 6.119313144979908 6.8
    endloop
  endfacet
  facet normal -0.24298017990326345 -0.9700312531945442 0
    outer loop
      vertex 50.146859476177454 3.64688424460253 6.8
      vertex 50.146859476177454 3.64688424460253 1.8
      vertex 50.361046775463706 3.5932331190927314 6.8
    endloop
  endfacet
  facet normal -0.14673047445536114 -0.989176509964781 -1.1834112601185542e-20
    outer loop
      vertex 50.579461434258484 3.560834364987557 6.8
      vertex 50.361046775463706 3.5932331190927314 6.8
      vertex 50.361046775463706 3.5932331190927314 1.8
    endloop
  endfacet
  facet normal -0.049067674327417855 -0.9987954562051724 0
    outer loop
      vertex 50.579461434258484 3.560834364987557 6.8
      vertex 50.579461434258484 3.560834364987557 1.8
      vertex 50.8 3.55 6.8
    endloop
  endfacet
  facet normal 0.049067674327417855 -0.9987954562051724 0
    outer loop
      vertex 50.8 3.55 6.8
      vertex 50.8 3.55 1.8
      vertex 51.02053856574151 3.560834364987557 6.8
    endloop
  endfacet
  facet normal 0.14673047445536114 -0.989176509964781 0
    outer loop
      vertex 51.02053856574151 3.560834364987557 6.8
      vertex 51.02053856574151 3.560834364987557 1.8
      vertex 51.23895322453629 3.5932331190927314 6.8
    endloop
  endfacet
  facet normal 0.24298017990326345 -0.9700312531945442 0
    outer loop
      vertex 51.23895322453629 3.5932331190927314 6.8
      vertex 51.23895322453629 3.5932331190927314 1.8
      vertex 51.45314052382254 3.64688424460253 6.8
    endloop
  endfacet
  facet normal 0.3368898533922277 -0.941544065183018 0
    outer loop
      vertex 51.45314052382254 3.64688424460253 6.8
      vertex 51.45314052382254 3.64688424460253 1.8
      vertex 51.66103772282145 3.721271051849605 6.8
    endloop
  endfacet
  facet normal 0.42755509343027803 -0.9039892931234453 0
    outer loop
      vertex 51.66103772282145 3.721271051849605 6.8
      vertex 51.66103772282145 3.721271051849605 1.8
      vertex 51.86064265785849 3.8156771552162008 6.8
    endloop
  endfacet
  facet normal 0.5141027441932222 -0.8577286100002719 0
    outer loop
      vertex 51.86064265785849 3.8156771552162008 6.8
      vertex 51.86064265785849 3.8156771552162008 1.8
      vertex 52.0500330242941 3.929193372319273 6.8
    endloop
  endfacet
  facet normal 0.5956993044924263 -0.8032075314806502 0
    outer loop
      vertex 52.0500330242941 3.929193372319273 6.8
      vertex 52.0500330242941 3.929193372319273 1.8
      vertex 52.2273848893682 4.060726479933842 6.8
    endloop
  endfacet
  facet normal 0.6715589548470274 -0.7409511253549507 0
    outer loop
      vertex 52.2273848893682 4.060726479933842 6.8
      vertex 52.2273848893682 4.060726479933842 1.8
      vertex 52.39099025766973 4.2090097423302675 6.8
    endloop
  endfacet
  facet normal 0.7409511253549617 -0.6715589548470156 1.3819456245880546e-18
    outer loop
      vertex 52.39099025766973 4.2090097423302675 6.8
      vertex 52.53927352006615 4.372615110631798 1.8
      vertex 52.53927352006615 4.372615110631798 6.8
    endloop
  endfacet
  facet normal 0.8032075314806368 -0.5956993044924443 -1.3612314318142437e-18
    outer loop
      vertex 52.53927352006615 4.372615110631798 6.8
      vertex 52.670806627680726 4.549966975705895 1.8
      vertex 52.670806627680726 4.549966975705895 6.8
    endloop
  endfacet
  facet normal 0.8577286100002789 -0.5141027441932103 7.059392884966736e-19
    outer loop
      vertex 52.670806627680726 4.549966975705895 6.8
      vertex 52.784322844783794 4.739357342141505 1.8
      vertex 52.784322844783794 4.739357342141505 6.8
    endloop
  endfacet
  facet normal 0.903989293123446 -0.4275550934302761 1.2014181562595346e-18
    outer loop
      vertex 52.784322844783794 4.739357342141505 6.8
      vertex 52.87872894815039 4.938962277178548 1.8
      vertex 52.87872894815039 4.938962277178548 6.8
    endloop
  endfacet
  facet normal 0.9415440651830126 -0.3368898533922427 -3.274801946174934e-19
    outer loop
      vertex 52.87872894815039 4.938962277178548 6.8
      vertex 52.95311575539747 5.146859476177459 1.8
      vertex 52.95311575539747 5.146859476177459 6.8
    endloop
  endfacet
  facet normal 0.970031253194548 -0.2429801799032483 -4.851693536482832e-19
    outer loop
      vertex 52.95311575539747 5.146859476177459 6.8
      vertex 53.006766880907264 5.361046775463711 1.8
      vertex 53.006766880907264 5.361046775463711 6.8
    endloop
  endfacet
  facet normal 0.9891765099647816 -0.1467304744553578 1.4308681018855297e-19
    outer loop
      vertex 53.006766880907264 5.361046775463711 6.8
      vertex 53.03916563501244 5.579461434258488 1.8
      vertex 53.03916563501244 5.579461434258488 6.8
    endloop
  endfacet
  facet normal 0.9987954562051718 -0.04906767432742827 -2.446523528470438e-20
    outer loop
      vertex 53.03916563501244 5.579461434258488 6.8
      vertex 53.05 5.8 1.8
      vertex 53.05 5.8 6.8
    endloop
  endfacet
  facet normal 0.9987954562051718 0.04906767432742827 2.446523528470438e-20
    outer loop
      vertex 53.05 5.8 6.8
      vertex 53.03916563501244 6.020538565741512 1.8
      vertex 53.03916563501244 6.020538565741512 6.8
    endloop
  endfacet
  facet normal 0.9891765099647816 0.1467304744553578 -1.4308681018855297e-19
    outer loop
      vertex 53.03916563501244 6.020538565741512 6.8
      vertex 53.006766880907264 6.238953224536289 1.8
      vertex 53.006766880907264 6.238953224536289 6.8
    endloop
  endfacet
  facet normal 0.970031253194548 0.2429801799032483 4.851693536482832e-19
    outer loop
      vertex 53.006766880907264 6.238953224536289 6.8
      vertex 52.95311575539747 6.45314052382254 1.8
      vertex 52.95311575539747 6.45314052382254 6.8
    endloop
  endfacet
  facet normal 0.9415440651830126 0.3368898533922427 3.274801946174934e-19
    outer loop
      vertex 52.95311575539747 6.45314052382254 6.8
      vertex 52.87872894815039 6.661037722821452 1.8
      vertex 52.87872894815039 6.661037722821452 6.8
    endloop
  endfacet
  facet normal 0 0 1
    outer loop
      vertex 50.146859476177454 3.64688424460253 6.8
      vertex 50.361046775463706 3.5932331190927314 6.8
      vertex 50.2814635894914 4.82988660921681 6.8
    endloop
  endfacet
  facet normal 0 0 1
    outer loop
      vertex 50.579461434258484 3.560834364987557 6.8
      vertex 50.48068685502009 4.74736563069457 6.8
      vertex 50.361046775463706 3.5932331190927314 6.8
    endloop
  endfacet
  facet normal 0 0 1
    outer loop
      vertex 50.579461434258484 3.560834364987557 6.8
      vertex 50.8 3.55 6.8
      vertex 50.692181145637484 4.705296800660583 6.8
    endloop
  endfacet
  facet normal 0 0 1
    outer loop
      vertex 50.8 3.55 6.8
      vertex 51.02053856574151 3.560834364987557 6.8
      vertex 50.90781885436251 4.705296800660583 6.8
    endloop
  endfacet
  facet normal 0 0 1
    outer loop
      vertex 51.02053856574151 3.560834364987557 6.8
      vertex 51.23895322453629 3.5932331190927314 6.8
      vertex 51.01459935421774 4.721136191556447 6.8
    endloop
  endfacet
  facet normal 0 0 1
    outer loop
      vertex 51.23895322453629 3.5932331190927314 6.8
      vertex 51.45314052382254 3.64688424460253 6.8
      vertex 51.2209517756016 4.783732514237585 6.8
    endloop
  endfacet
  facet normal 0 0 1
    outer loop
      vertex 51.45314052382254 3.64688424460253 6.8
      vertex 51.66103772282145 3.721271051849605 6.8
      vertex 51.411127256321556 4.8853834264672 6.8
    endloop
  endfacet
  facet normal 0 0 1
    outer loop
      vertex 50.579461434258484 3.560834364987557 6.8
      vertex 50.58540064578226 4.721136191556447 6.8
      vertex 50.48068685502009 4.74736563069457 6.8
    endloop
  endfacet
  facet normal 0 0 1
    outer loop
      vertex 50.579461434258484 3.560834364987557 6.8
      vertex 50.692181145637484 4.705296800660583 6.8
      vertex 50.58540064578226 4.721136191556447 6.8
    endloop
  endfacet
  facet normal 0 0 1
    outer loop
      vertex 50.146859476177454 3.64688424460253 6.8
      vertex 50.2814635894914 4.82988660921681 6.8
      vertex 50.18887274367844 4.8853834264672 6.8
    endloop
  endfacet
  facet normal 0 0 1
    outer loop
      vertex 50.361046775463706 3.5932331190927314 6.8
      vertex 50.379048224398396 4.783732514237585 6.8
      vertex 50.2814635894914 4.82988660921681 6.8
    endloop
  endfacet
  facet normal 0 0 1
    outer loop
      vertex 50.146859476177454 3.64688424460253 6.8
      vertex 50.18887274367844 4.8853834264672 6.8
      vertex 50.10216738741999 4.949688501300989 6.8
    endloop
  endfacet
  facet normal 0 0 1
    outer loop
      vertex 50.146859476177454 3.64688424460253 6.8
      vertex 50.10216738741999 4.949688501300989 6.8
      vertex 50.02218254069479 5.022182540694797 6.8
    endloop
  endfacet
  facet normal 0 0 1
    outer loop
      vertex 50.361046775463706 3.5932331190927314 6.8
      vertex 50.48068685502009 4.74736563069457 6.8
      vertex 50.379048224398396 4.783732514237585 6.8
    endloop
  endfacet
  facet normal 0 0 1
    outer loop
      vertex 50.8 3.55 6.8
      vertex 50.8 4.699999999999999 6.8
      vertex 50.692181145637484 4.705296800660583 6.8
    endloop
  endfacet
  facet normal 0 0 1
    outer loop
      vertex 50.8 3.55 6.8
      vertex 50.90781885436251 4.705296800660583 6.8
      vertex 50.8 4.699999999999999 6.8
    endloop
  endfacet
  facet normal 0 0 1
    outer loop
      vertex 51.02053856574151 3.560834364987557 6.8
      vertex 51.01459935421774 4.721136191556447 6.8
      vertex 50.90781885436251 4.705296800660583 6.8
    endloop
  endfacet
  facet normal 0 0 1
    outer loop
      vertex 51.23895322453629 3.5932331190927314 6.8
      vertex 51.119313144979905 4.74736563069457 6.8
      vertex 51.01459935421774 4.721136191556447 6.8
    endloop
  endfacet
  facet normal 0 0 1
    outer loop
      vertex 51.23895322453629 3.5932331190927314 6.8
      vertex 51.2209517756016 4.783732514237585 6.8
      vertex 51.119313144979905 4.74736563069457 6.8
    endloop
  endfacet
  facet normal 0 0 1
    outer loop
      vertex 51.66103772282145 3.721271051849605 6.8
      vertex 51.86064265785849 3.8156771552162008 6.8
      vertex 51.65031149869901 5.10216738741999 6.8
    endloop
  endfacet
  facet normal 0 0 1
    outer loop
      vertex 51.45314052382254 3.64688424460253 6.8
      vertex 51.31853641050859 4.82988660921681 6.8
      vertex 51.2209517756016 4.783732514237585 6.8
    endloop
  endfacet
  facet normal 0 0 1
    outer loop
      vertex 51.45314052382254 3.64688424460253 6.8
      vertex 51.411127256321556 4.8853834264672 6.8
      vertex 51.31853641050859 4.82988660921681 6.8
    endloop
  endfacet
  facet normal 0 0 1
    outer loop
      vertex 51.66103772282145 3.721271051849605 6.8
      vertex 51.497832612580005 4.949688501300989 6.8
      vertex 51.411127256321556 4.8853834264672 6.8
    endloop
  endfacet
  facet normal 0 0 1
    outer loop
      vertex 51.66103772282145 3.721271051849605 6.8
      vertex 51.5778174593052 5.022182540694797 6.8
      vertex 51.497832612580005 4.949688501300989 6.8
    endloop
  endfacet
  facet normal 0 0 1
    outer loop
      vertex 51.86064265785849 3.8156771552162008 6.8
      vertex 52.0500330242941 3.929193372319273 6.8
      vertex 51.85263436930543 5.480686855020092 6.8
    endloop
  endfacet
  facet normal 0 0 1
    outer loop
      vertex 51.66103772282145 3.721271051849605 6.8
      vertex 51.65031149869901 5.10216738741999 6.8
      vertex 51.5778174593052 5.022182540694797 6.8
    endloop
  endfacet
  facet normal 0 0 1
    outer loop
      vertex 51.86064265785849 3.8156771552162008 6.8
      vertex 51.714616573532794 5.188872743678438 6.8
      vertex 51.65031149869901 5.10216738741999 6.8
    endloop
  endfacet
  facet normal 0 0 1
    outer loop
      vertex 51.86064265785849 3.8156771552162008 6.8
      vertex 51.77011339078319 5.281463589491402 6.8
      vertex 51.714616573532794 5.188872743678438 6.8
    endloop
  endfacet
  facet normal 0 0 1
    outer loop
      vertex 51.86064265785849 3.8156771552162008 6.8
      vertex 51.81626748576241 5.379048224398401 6.8
      vertex 51.77011339078319 5.281463589491402 6.8
    endloop
  endfacet
  facet normal 0 0 1
    outer loop
      vertex 51.86064265785849 3.8156771552162008 6.8
      vertex 51.85263436930543 5.480686855020092 6.8
      vertex 51.81626748576241 5.379048224398401 6.8
    endloop
  endfacet
  facet normal 0 0 1
    outer loop
      vertex 52.0500330242941 3.929193372319273 6.8
      vertex 51.87886380844355 5.585400645782259 6.8
      vertex 51.85263436930543 5.480686855020092 6.8
    endloop
  endfacet
  facet normal 0 0 1
    outer loop
      vertex 52.0500330242941 3.929193372319273 6.8
      vertex 51.89470319933941 5.692181145637483 6.8
      vertex 51.87886380844355 5.585400645782259 6.8
    endloop
  endfacet
  facet normal 0 0 1
    outer loop
      vertex 52.0500330242941 3.929193372319273 6.8
      vertex 51.9 5.8 6.8
      vertex 51.89470319933941 5.692181145637483 6.8
    endloop
  endfacet
  facet normal 0 0 1
    outer loop
      vertex 52.0500330242941 3.929193372319273 6.8
      vertex 52.2273848893682 4.060726479933842 6.8
      vertex 52.0500330242941 7.670806627680727 6.8
    endloop
  endfacet
  facet normal 0 0 1
    outer loop
      vertex 52.2273848893682 4.060726479933842 6.8
      vertex 52.39099025766973 4.2090097423302675 6.8
      vertex 52.2273848893682 7.539273520066158 6.8
    endloop
  endfacet
  facet normal 0 0 1
    outer loop
      vertex 52.39099025766973 4.2090097423302675 6.8
      vertex 52.53927352006615 4.372615110631798 6.8
      vertex 52.39099025766973 7.390990257669732 6.8
    endloop
  endfacet
  facet normal 0 0 1
    outer loop
      vertex 52.0500330242941 3.929193372319273 6.8
      vertex 51.86064265785849 7.784322844783799 6.8
      vertex 51.9 5.8 6.8
    endloop
  endfacet
  facet normal 0 0 1
    outer loop
      vertex 51.9 5.8 6.8
      vertex 51.86064265785849 7.784322844783799 6.8
      vertex 51.89470319933941 5.9078188543625165 6.8
    endloop
  endfacet
  facet normal 0 0 1
    outer loop
      vertex 51.89470319933941 5.9078188543625165 6.8
      vertex 51.86064265785849 7.784322844783799 6.8
      vertex 51.87886380844355 6.014599354217741 6.8
    endloop
  endfacet
  facet normal 0 0 1
    outer loop
      vertex 51.87886380844355 6.014599354217741 6.8
      vertex 51.86064265785849 7.784322844783799 6.8
      vertex 51.85263436930543 6.119313144979908 6.8
    endloop
  endfacet
  facet normal 0 0 1
    outer loop
      vertex 52.2273848893682 4.060726479933842 6.8
      vertex 52.2273848893682 7.539273520066158 6.8
      vertex 52.0500330242941 7.670806627680727 6.8
    endloop
  endfacet
  facet normal 0 0 1
    outer loop
      vertex 52.53927352006615 4.372615110631798 6.8
      vertex 52.53927352006615 7.227384889368202 6.8
      vertex 52.39099025766973 7.390990257669732 6.8
    endloop
  endfacet
  facet normal 0 0 1
    outer loop
      vertex 52.39099025766973 4.2090097423302675 6.8
      vertex 52.39099025766973 7.390990257669732 6.8
      vertex 52.2273848893682 7.539273520066158 6.8
    endloop
  endfacet
  facet normal 0 0 1
    outer loop
      vertex 52.0500330242941 3.929193372319273 6.8
      vertex 52.0500330242941 7.670806627680727 6.8
      vertex 51.86064265785849 7.784322844783799 6.8
    endloop
  endfacet
  facet normal 0 0 1
    outer loop
      vertex 52.53927352006615 4.372615110631798 6.8
      vertex 52.670806627680726 4.549966975705895 6.8
      vertex 52.53927352006615 7.227384889368202 6.8
    endloop
  endfacet
  facet normal 0 0 1
    outer loop
      vertex 52.670806627680726 4.549966975705895 6.8
      vertex 52.784322844783794 4.739357342141505 6.8
      vertex 52.670806627680726 7.0500330242941045 6.8
    endloop
  endfacet
  facet normal 0 0 1
    outer loop
      vertex 52.784322844783794 4.739357342141505 6.8
      vertex 52.87872894815039 4.938962277178548 6.8
      vertex 52.784322844783794 6.860642657858494 6.8
    endloop
  endfacet
  facet normal 0 0 1
    outer loop
      vertex 52.87872894815039 4.938962277178548 6.8
      vertex 52.95311575539747 5.146859476177459 6.8
      vertex 52.87872894815039 6.661037722821452 6.8
    endloop
  endfacet
  facet normal 0 0 1
    outer loop
      vertex 52.95311575539747 5.146859476177459 6.8
      vertex 53.006766880907264 5.361046775463711 6.8
      vertex 52.95311575539747 6.45314052382254 6.8
    endloop
  endfacet
  facet normal 0 0 1
    outer loop
      vertex 53.006766880907264 5.361046775463711 6.8
      vertex 53.03916563501244 5.579461434258488 6.8
      vertex 53.006766880907264 6.238953224536289 6.8
    endloop
  endfacet
  facet normal 0 0 1
    outer loop
      vertex 53.03916563501244 5.579461434258488 6.8
      vertex 53.05 5.8 6.8
      vertex 53.03916563501244 6.020538565741512 6.8
    endloop
  endfacet
  facet normal 0 0 1
    outer loop
      vertex 53.03916563501244 5.579461434258488 6.8
      vertex 53.03916563501244 6.020538565741512 6.8
      vertex 53.006766880907264 6.238953224536289 6.8
    endloop
  endfacet
  facet normal 0 0 1
    outer loop
      vertex 53.006766880907264 5.361046775463711 6.8
      vertex 53.006766880907264 6.238953224536289 6.8
      vertex 52.95311575539747 6.45314052382254 6.8
    endloop
  endfacet
  facet normal 0 0 1
    outer loop
      vertex 52.87872894815039 4.938962277178548 6.8
      vertex 52.87872894815039 6.661037722821452 6.8
      vertex 52.784322844783794 6.860642657858494 6.8
    endloop
  endfacet
  facet normal 0 0 1
    outer loop
      vertex 52.784322844783794 4.739357342141505 6.8
      vertex 52.784322844783794 6.860642657858494 6.8
      vertex 52.670806627680726 7.0500330242941045 6.8
    endloop
  endfacet
  facet normal 0 0 1
    outer loop
      vertex 52.95311575539747 5.146859476177459 6.8
      vertex 52.95311575539747 6.45314052382254 6.8
      vertex 52.87872894815039 6.661037722821452 6.8
    endloop
  endfacet
  facet normal 0 0 1
    outer loop
      vertex 52.670806627680726 4.549966975705895 6.8
      vertex 52.670806627680726 7.0500330242941045 6.8
      vertex 52.53927352006615 7.227384889368202 6.8
    endloop
  endfacet
  facet normal -0.903989293123446 0.4275550934302761 0
    outer loop
      vertex 48.8156771552162 6.860642657858494 6.8
      vertex 48.8156771552162 6.860642657858494 1.8
      vertex 48.721271051849605 6.661037722821452 1.8
    endloop
  endfacet
  facet normal -0.8577286100002789 0.5141027441932103 0
    outer loop
      vertex 48.92919337231927 7.0500330242941045 6.8
      vertex 48.92919337231927 7.0500330242941045 1.8
      vertex 48.8156771552162 6.860642657858494 1.8
    endloop
  endfacet
  facet normal -0.8032075314806368 0.5956993044924443 0
    outer loop
      vertex 49.06072647993384 7.227384889368202 6.8
      vertex 49.06072647993384 7.227384889368202 1.8
      vertex 48.92919337231927 7.0500330242941045 1.8
    endloop
  endfacet
  facet normal -0.7409511253549617 0.6715589548470156 0
    outer loop
      vertex 49.20900974233027 7.390990257669732 6.8
      vertex 49.20900974233027 7.390990257669732 1.8
      vertex 49.06072647993384 7.227384889368202 1.8
    endloop
  endfacet
  facet normal -0.6715589548470274 0.7409511253549507 0
    outer loop
      vertex 49.20900974233027 7.390990257669732 6.8
      vertex 49.37261511063179 7.539273520066158 1.8
      vertex 49.20900974233027 7.390990257669732 1.8
    endloop
  endfacet
  facet normal -0.5956993044924263 0.8032075314806502 0
    outer loop
      vertex 49.37261511063179 7.539273520066158 6.8
      vertex 49.54996697570589 7.670806627680727 1.8
      vertex 49.37261511063179 7.539273520066158 1.8
    endloop
  endfacet
  facet normal -0.5141027441932222 0.8577286100002719 0
    outer loop
      vertex 49.54996697570589 7.670806627680727 6.8
      vertex 49.7393573421415 7.784322844783799 1.8
      vertex 49.54996697570589 7.670806627680727 1.8
    endloop
  endfacet
  facet normal -0.42755509343027637 0.9039892931234461 0
    outer loop
      vertex 49.7393573421415 7.784322844783799 6.8
      vertex 49.93896227717855 7.878728948150394 1.8
      vertex 49.7393573421415 7.784322844783799 1.8
    endloop
  endfacet
  facet normal -0.3368898533922277 0.941544065183018 0
    outer loop
      vertex 49.93896227717855 7.878728948150394 6.8
      vertex 50.146859476177454 7.953115755397469 1.8
      vertex 49.93896227717855 7.878728948150394 1.8
    endloop
  endfacet
  facet normal 0.7409511253549617 0.6715589548470156 0
    outer loop
      vertex 52.53927352006615 7.227384889368202 6.8
      vertex 52.53927352006615 7.227384889368202 1.8
      vertex 52.39099025766973 7.390990257669732 1.8
    endloop
  endfacet
  facet normal -0.24298017990326345 0.9700312531945442 0
    outer loop
      vertex 50.146859476177454 7.953115755397469 6.8
      vertex 50.361046775463706 8.006766880907268 1.8
      vertex 50.146859476177454 7.953115755397469 1.8
    endloop
  endfacet
  facet normal -0.14673047445536508 0.9891765099647803 0
    outer loop
      vertex 50.361046775463706 8.006766880907268 6.8
      vertex 50.579461434258484 8.039165635012443 1.8
      vertex 50.361046775463706 8.006766880907268 1.8
    endloop
  endfacet
  facet normal -0.04906767432741986 0.9987954562051724 0
    outer loop
      vertex 50.579461434258484 8.039165635012443 6.8
      vertex 50.8 8.05 1.8
      vertex 50.579461434258484 8.039165635012443 1.8
    endloop
  endfacet
  facet normal 0.04906767432741986 0.9987954562051724 0
    outer loop
      vertex 50.8 8.05 6.8
      vertex 51.02053856574151 8.039165635012443 1.8
      vertex 50.8 8.05 1.8
    endloop
  endfacet
  facet normal 0.24298017990326345 0.9700312531945442 0
    outer loop
      vertex 51.23895322453629 8.006766880907268 6.8
      vertex 51.45314052382254 7.953115755397469 1.8
      vertex 51.23895322453629 8.006766880907268 1.8
    endloop
  endfacet
  facet normal 0.14673047445536508 0.9891765099647803 0
    outer loop
      vertex 51.02053856574151 8.039165635012443 6.8
      vertex 51.23895322453629 8.006766880907268 1.8
      vertex 51.02053856574151 8.039165635012443 1.8
    endloop
  endfacet
  facet normal 0.5141027441932222 0.8577286100002719 0
    outer loop
      vertex 51.86064265785849 7.784322844783799 6.8
      vertex 52.0500330242941 7.670806627680727 1.8
      vertex 51.86064265785849 7.784322844783799 1.8
    endloop
  endfacet
  facet normal 0.42755509343027637 0.9039892931234461 0
    outer loop
      vertex 51.66103772282145 7.878728948150394 6.8
      vertex 51.86064265785849 7.784322844783799 1.8
      vertex 51.66103772282145 7.878728948150394 1.8
    endloop
  endfacet
  facet normal 0.5956993044924263 0.8032075314806502 0
    outer loop
      vertex 52.0500330242941 7.670806627680727 6.8
      vertex 52.2273848893682 7.539273520066158 1.8
      vertex 52.0500330242941 7.670806627680727 1.8
    endloop
  endfacet
  facet normal 0.6715589548470274 0.7409511253549507 0
    outer loop
      vertex 52.2273848893682 7.539273520066158 6.8
      vertex 52.39099025766973 7.390990257669732 1.8
      vertex 52.2273848893682 7.539273520066158 1.8
    endloop
  endfacet
  facet normal 0.3368898533922277 0.941544065183018 0
    outer loop
      vertex 51.45314052382254 7.953115755397469 6.8
      vertex 51.66103772282145 7.878728948150394 1.8
      vertex 51.45314052382254 7.953115755397469 1.8
    endloop
  endfacet
  facet normal 0.903989293123446 0.4275550934302761 0
    outer loop
      vertex 52.87872894815039 6.661037722821452 6.8
      vertex 52.87872894815039 6.661037722821452 1.8
      vertex 52.784322844783794 6.860642657858494 1.8
    endloop
  endfacet
  facet normal 0.8577286100002789 0.5141027441932103 0
    outer loop
      vertex 52.784322844783794 6.860642657858494 6.8
      vertex 52.784322844783794 6.860642657858494 1.8
      vertex 52.670806627680726 7.0500330242941045 1.8
    endloop
  endfacet
  facet normal 0.8032075314806368 0.5956993044924443 0
    outer loop
      vertex 52.670806627680726 7.0500330242941045 6.8
      vertex 52.670806627680726 7.0500330242941045 1.8
      vertex 52.53927352006615 7.227384889368202 1.8
    endloop
  endfacet
  facet normal -0.903989293123446 0.4275550934302761 0
    outer loop
      vertex 48.721271051849605 6.661037722821452 6.8
      vertex 48.8156771552162 6.860642657858494 6.8
      vertex 48.721271051849605 6.661037722821452 1.8
    endloop
  endfacet
  facet normal -0.8577286100002789 0.5141027441932103 0
    outer loop
      vertex 48.8156771552162 6.860642657858494 6.8
      vertex 48.92919337231927 7.0500330242941045 6.8
      vertex 48.8156771552162 6.860642657858494 1.8
    endloop
  endfacet
  facet normal -0.8032075314806368 0.5956993044924443 0
    outer loop
      vertex 48.92919337231927 7.0500330242941045 6.8
      vertex 49.06072647993384 7.227384889368202 6.8
      vertex 48.92919337231927 7.0500330242941045 1.8
    endloop
  endfacet
  facet normal -0.7409511253549617 0.6715589548470156 0
    outer loop
      vertex 49.06072647993384 7.227384889368202 6.8
      vertex 49.20900974233027 7.390990257669732 6.8
      vertex 49.06072647993384 7.227384889368202 1.8
    endloop
  endfacet
  facet normal -0.6715589548470274 0.7409511253549507 -1.0161064736280277e-18
    outer loop
      vertex 49.20900974233027 7.390990257669732 6.8
      vertex 49.37261511063179 7.539273520066158 6.8
      vertex 49.37261511063179 7.539273520066158 1.8
    endloop
  endfacet
  facet normal -0.5956993044924263 0.8032075314806502 -1.1048233191952015e-18
    outer loop
      vertex 49.37261511063179 7.539273520066158 6.8
      vertex 49.54996697570589 7.670806627680727 6.8
      vertex 49.54996697570589 7.670806627680727 1.8
    endloop
  endfacet
  facet normal -0.5141027441932222 0.8577286100002719 5.039840064630576e-19
    outer loop
      vertex 49.54996697570589 7.670806627680727 6.8
      vertex 49.7393573421415 7.784322844783799 6.8
      vertex 49.7393573421415 7.784322844783799 1.8
    endloop
  endfacet
  facet normal -0.42755509343027637 0.9039892931234461 -5.747881504750519e-19
    outer loop
      vertex 49.7393573421415 7.784322844783799 6.8
      vertex 49.93896227717855 7.878728948150394 6.8
      vertex 49.93896227717855 7.878728948150394 1.8
    endloop
  endfacet
  facet normal 0 0 1
    outer loop
      vertex 49.74736563069457 6.119313144979908 6.8
      vertex 49.783732514237585 6.220951775601598 6.8
      vertex 49.7393573421415 7.784322844783799 6.8
    endloop
  endfacet
  facet normal 0 0 1
    outer loop
      vertex 49.783732514237585 6.220951775601598 6.8
      vertex 49.82988660921681 6.318536410508598 6.8
      vertex 49.7393573421415 7.784322844783799 6.8
    endloop
  endfacet
  facet normal 0 0 1
    outer loop
      vertex 49.82988660921681 6.318536410508598 6.8
      vertex 49.8853834264672 6.411127256321562 6.8
      vertex 49.7393573421415 7.784322844783799 6.8
    endloop
  endfacet
  facet normal 0 0 1
    outer loop
      vertex 49.8853834264672 6.411127256321562 6.8
      vertex 49.94968850130098 6.49783261258001 6.8
      vertex 49.7393573421415 7.784322844783799 6.8
    endloop
  endfacet
  facet normal 0 0 1
    outer loop
      vertex 49.94968850130098 6.49783261258001 6.8
      vertex 50.02218254069479 6.577817459305202 6.8
      vertex 49.93896227717855 7.878728948150394 6.8
    endloop
  endfacet
  facet normal 0 0 1
    outer loop
      vertex 50.02218254069479 6.577817459305202 6.8
      vertex 50.10216738741999 6.65031149869901 6.8
      vertex 49.93896227717855 7.878728948150394 6.8
    endloop
  endfacet
  facet normal 0 0 1
    outer loop
      vertex 49.54996697570589 7.670806627680727 6.8
      vertex 49.74736563069457 6.119313144979908 6.8
      vertex 49.7393573421415 7.784322844783799 6.8
    endloop
  endfacet
  facet normal 0 0 1
    outer loop
      vertex 49.94968850130098 6.49783261258001 6.8
      vertex 49.93896227717855 7.878728948150394 6.8
      vertex 49.7393573421415 7.784322844783799 6.8
    endloop
  endfacet
  facet normal 0.7409511253549617 0.6715589548470156 -1.3819456245880546e-18
    outer loop
      vertex 52.53927352006615 7.227384889368202 6.8
      vertex 52.39099025766973 7.390990257669732 1.8
      vertex 52.39099025766973 7.390990257669732 6.8
    endloop
  endfacet
  facet normal 0.6715589548470274 0.7409511253549507 1.0161064736280277e-18
    outer loop
      vertex 52.2273848893682 7.539273520066158 6.8
      vertex 52.39099025766973 7.390990257669732 6.8
      vertex 52.39099025766973 7.390990257669732 1.8
    endloop
  endfacet
  facet normal -0.3368898533922277 0.941544065183018 -4.695578502598911e-19
    outer loop
      vertex 49.93896227717855 7.878728948150394 6.8
      vertex 50.146859476177454 7.953115755397469 6.8
      vertex 50.146859476177454 7.953115755397469 1.8
    endloop
  endfacet
  facet normal -0.24298017990326345 0.9700312531945442 5.449413046079078e-19
    outer loop
      vertex 50.146859476177454 7.953115755397469 6.8
      vertex 50.361046775463706 8.006766880907268 6.8
      vertex 50.361046775463706 8.006766880907268 1.8
    endloop
  endfacet
  facet normal -0.14673047445536508 0.9891765099647803 -2.57945511648661e-19
    outer loop
      vertex 50.361046775463706 8.006766880907268 6.8
      vertex 50.579461434258484 8.039165635012443 6.8
      vertex 50.579461434258484 8.039165635012443 1.8
    endloop
  endfacet
  facet normal -0.04906767432741986 0.9987954562051724 -4.1982549684579755e-21
    outer loop
      vertex 50.579461434258484 8.039165635012443 6.8
      vertex 50.8 8.05 6.8
      vertex 50.8 8.05 1.8
    endloop
  endfacet
  facet normal 0.04906767432741986 0.9987954562051724 4.1982549684579755e-21
    outer loop
      vertex 50.8 8.05 6.8
      vertex 51.02053856574151 8.039165635012443 6.8
      vertex 51.02053856574151 8.039165635012443 1.8
    endloop
  endfacet
  facet normal 0.14673047445536508 0.9891765099647803 0
    outer loop
      vertex 51.23895322453629 8.006766880907268 6.8
      vertex 51.23895322453629 8.006766880907268 1.8
      vertex 51.02053856574151 8.039165635012443 6.8
    endloop
  endfacet
  facet normal 0.42755509343027637 0.9039892931234461 0
    outer loop
      vertex 51.86064265785849 7.784322844783799 6.8
      vertex 51.86064265785849 7.784322844783799 1.8
      vertex 51.66103772282145 7.878728948150394 6.8
    endloop
  endfacet
  facet normal 0.5956993044924263 0.8032075314806502 0
    outer loop
      vertex 52.2273848893682 7.539273520066158 6.8
      vertex 52.2273848893682 7.539273520066158 1.8
      vertex 52.0500330242941 7.670806627680727 6.8
    endloop
  endfacet
  facet normal 0.5141027441932222 0.8577286100002719 -5.039840064630576e-19
    outer loop
      vertex 51.86064265785849 7.784322844783799 6.8
      vertex 52.0500330242941 7.670806627680727 6.8
      vertex 52.0500330242941 7.670806627680727 1.8
    endloop
  endfacet
  facet normal 0.24298017990326345 0.9700312531945442 -5.449413046079078e-19
    outer loop
      vertex 51.23895322453629 8.006766880907268 6.8
      vertex 51.45314052382254 7.953115755397469 6.8
      vertex 51.45314052382254 7.953115755397469 1.8
    endloop
  endfacet
  facet normal 0.3368898533922277 0.941544065183018 4.695578502598911e-19
    outer loop
      vertex 51.45314052382254 7.953115755397469 6.8
      vertex 51.66103772282145 7.878728948150394 6.8
      vertex 51.66103772282145 7.878728948150394 1.8
    endloop
  endfacet
  facet normal 0.903989293123446 0.4275550934302761 -1.2014181562595346e-18
    outer loop
      vertex 52.87872894815039 6.661037722821452 6.8
      vertex 52.784322844783794 6.860642657858494 1.8
      vertex 52.784322844783794 6.860642657858494 6.8
    endloop
  endfacet
  facet normal 0.8577286100002789 0.5141027441932103 -7.059392884966736e-19
    outer loop
      vertex 52.784322844783794 6.860642657858494 6.8
      vertex 52.670806627680726 7.0500330242941045 1.8
      vertex 52.670806627680726 7.0500330242941045 6.8
    endloop
  endfacet
  facet normal 0.8032075314806368 0.5956993044924443 1.3612314318142437e-18
    outer loop
      vertex 52.670806627680726 7.0500330242941045 6.8
      vertex 52.53927352006615 7.227384889368202 1.8
      vertex 52.53927352006615 7.227384889368202 6.8
    endloop
  endfacet
  facet normal 0 0 1
    outer loop
      vertex 50.10216738741999 6.65031149869901 6.8
      vertex 50.18887274367844 6.714616573532799 6.8
      vertex 49.93896227717855 7.878728948150394 6.8
    endloop
  endfacet
  facet normal 0 0 1
    outer loop
      vertex 50.18887274367844 6.714616573532799 6.8
      vertex 50.2814635894914 6.77011339078319 6.8
      vertex 50.146859476177454 7.953115755397469 6.8
    endloop
  endfacet
  facet normal 0 0 1
    outer loop
      vertex 50.2814635894914 6.77011339078319 6.8
      vertex 50.379048224398396 6.816267485762415 6.8
      vertex 50.146859476177454 7.953115755397469 6.8
    endloop
  endfacet
  facet normal 0 0 1
    outer loop
      vertex 50.379048224398396 6.816267485762415 6.8
      vertex 50.48068685502009 6.85263436930543 6.8
      vertex 50.361046775463706 8.006766880907268 6.8
    endloop
  endfacet
  facet normal 0 0 1
    outer loop
      vertex 50.48068685502009 6.85263436930543 6.8
      vertex 50.58540064578226 6.878863808443553 6.8
      vertex 50.361046775463706 8.006766880907268 6.8
    endloop
  endfacet
  facet normal 0 0 1
    outer loop
      vertex 50.58540064578226 6.878863808443553 6.8
      vertex 50.692181145637484 6.894703199339417 6.8
      vertex 50.579461434258484 8.039165635012443 6.8
    endloop
  endfacet
  facet normal 0 0 1
    outer loop
      vertex 50.90781885436251 6.894703199339417 6.8
      vertex 51.01459935421774 6.878863808443553 6.8
      vertex 51.02053856574151 8.039165635012443 6.8
    endloop
  endfacet
  facet normal 0 0 1
    outer loop
      vertex 51.01459935421774 6.878863808443553 6.8
      vertex 51.119313144979905 6.85263436930543 6.8
      vertex 51.02053856574151 8.039165635012443 6.8
    endloop
  endfacet
  facet normal 0 0 1
    outer loop
      vertex 51.2209517756016 6.816267485762415 6.8
      vertex 51.31853641050859 6.77011339078319 6.8
      vertex 51.23895322453629 8.006766880907268 6.8
    endloop
  endfacet
  facet normal 0 0 1
    outer loop
      vertex 51.2209517756016 6.816267485762415 6.8
      vertex 51.23895322453629 8.006766880907268 6.8
      vertex 51.119313144979905 6.85263436930543 6.8
    endloop
  endfacet
  facet normal 0 0 1
    outer loop
      vertex 50.692181145637484 6.894703199339417 6.8
      vertex 50.8 6.9 6.8
      vertex 50.8 8.05 6.8
    endloop
  endfacet
  facet normal 0 0 1
    outer loop
      vertex 50.8 6.9 6.8
      vertex 50.90781885436251 6.894703199339417 6.8
      vertex 50.8 8.05 6.8
    endloop
  endfacet
  facet normal 0 0 1
    outer loop
      vertex 51.85263436930543 6.119313144979908 6.8
      vertex 51.86064265785849 7.784322844783799 6.8
      vertex 51.81626748576241 6.220951775601598 6.8
    endloop
  endfacet
  facet normal 0 0 1
    outer loop
      vertex 51.81626748576241 6.220951775601598 6.8
      vertex 51.86064265785849 7.784322844783799 6.8
      vertex 51.77011339078319 6.318536410508598 6.8
    endloop
  endfacet
  facet normal 0 0 1
    outer loop
      vertex 51.5778174593052 6.577817459305202 6.8
      vertex 51.45314052382254 7.953115755397469 6.8
      vertex 51.497832612580005 6.65031149869901 6.8
    endloop
  endfacet
  facet normal 0 0 1
    outer loop
      vertex 51.77011339078319 6.318536410508598 6.8
      vertex 51.66103772282145 7.878728948150394 6.8
      vertex 51.714616573532794 6.411127256321562 6.8
    endloop
  endfacet
  facet normal 0 0 1
    outer loop
      vertex 51.714616573532794 6.411127256321562 6.8
      vertex 51.66103772282145 7.878728948150394 6.8
      vertex 51.65031149869901 6.49783261258001 6.8
    endloop
  endfacet
  facet normal 0 0 1
    outer loop
      vertex 51.65031149869901 6.49783261258001 6.8
      vertex 51.66103772282145 7.878728948150394 6.8
      vertex 51.5778174593052 6.577817459305202 6.8
    endloop
  endfacet
  facet normal 0 0 1
    outer loop
      vertex 51.497832612580005 6.65031149869901 6.8
      vertex 51.45314052382254 7.953115755397469 6.8
      vertex 51.411127256321556 6.714616573532799 6.8
    endloop
  endfacet
  facet normal 0 0 1
    outer loop
      vertex 51.31853641050859 6.77011339078319 6.8
      vertex 51.411127256321556 6.714616573532799 6.8
      vertex 51.45314052382254 7.953115755397469 6.8
    endloop
  endfacet
  facet normal 0 0 1
    outer loop
      vertex 51.5778174593052 6.577817459305202 6.8
      vertex 51.66103772282145 7.878728948150394 6.8
      vertex 51.45314052382254 7.953115755397469 6.8
    endloop
  endfacet
  facet normal 0 0 1
    outer loop
      vertex 51.77011339078319 6.318536410508598 6.8
      vertex 51.86064265785849 7.784322844783799 6.8
      vertex 51.66103772282145 7.878728948150394 6.8
    endloop
  endfacet
  facet normal 0 0 1
    outer loop
      vertex 50.18887274367844 6.714616573532799 6.8
      vertex 50.146859476177454 7.953115755397469 6.8
      vertex 49.93896227717855 7.878728948150394 6.8
    endloop
  endfacet
  facet normal 0 0 1
    outer loop
      vertex 50.379048224398396 6.816267485762415 6.8
      vertex 50.361046775463706 8.006766880907268 6.8
      vertex 50.146859476177454 7.953115755397469 6.8
    endloop
  endfacet
  facet normal 0 0 1
    outer loop
      vertex 50.58540064578226 6.878863808443553 6.8
      vertex 50.579461434258484 8.039165635012443 6.8
      vertex 50.361046775463706 8.006766880907268 6.8
    endloop
  endfacet
  facet normal 0 0 1
    outer loop
      vertex 50.692181145637484 6.894703199339417 6.8
      vertex 50.8 8.05 6.8
      vertex 50.579461434258484 8.039165635012443 6.8
    endloop
  endfacet
  facet normal 0 0 1
    outer loop
      vertex 50.90781885436251 6.894703199339417 6.8
      vertex 51.02053856574151 8.039165635012443 6.8
      vertex 50.8 8.05 6.8
    endloop
  endfacet
  facet normal 0 0 1
    outer loop
      vertex 51.119313144979905 6.85263436930543 6.8
      vertex 51.23895322453629 8.006766880907268 6.8
      vertex 51.02053856574151 8.039165635012443 6.8
    endloop
  endfacet
  facet normal 0 0 1
    outer loop
      vertex 51.31853641050859 6.77011339078319 6.8
      vertex 51.45314052382254 7.953115755397469 6.8
      vertex 51.23895322453629 8.006766880907268 6.8
    endloop
  endfacet
  facet normal -0.6715589548470364 -0.7409511253549428 0
    outer loop
      vertex 49.37261511063179 19.06072647993384 6.8
      vertex 49.20900974233027 19.20900974233027 1.8
      vertex 49.37261511063179 19.06072647993384 1.8
    endloop
  endfacet
  facet normal -0.5141027441932222 -0.8577286100002719 0
    outer loop
      vertex 49.7393573421415 18.815677155216203 6.8
      vertex 49.54996697570589 18.929193372319276 1.8
      vertex 49.7393573421415 18.815677155216203 1.8
    endloop
  endfacet
  facet normal -0.4275550934302862 -0.9039892931234413 0
    outer loop
      vertex 49.93896227717855 18.721271051849605 6.8
      vertex 49.7393573421415 18.815677155216203 1.8
      vertex 49.93896227717855 18.721271051849605 1.8
    endloop
  endfacet
  facet normal -0.5956993044924159 -0.8032075314806579 0
    outer loop
      vertex 49.54996697570589 18.929193372319276 6.8
      vertex 49.37261511063179 19.06072647993384 1.8
      vertex 49.54996697570589 18.929193372319276 1.8
    endloop
  endfacet
  facet normal -0.9039892931234476 -0.42755509343027304 0
    outer loop
      vertex 48.721271051849605 19.93896227717855 6.8
      vertex 48.721271051849605 19.93896227717855 1.8
      vertex 48.8156771552162 19.739357342141506 1.8
    endloop
  endfacet
  facet normal -0.7409511253549581 -0.6715589548470197 0
    outer loop
      vertex 49.06072647993384 19.3726151106318 6.8
      vertex 49.06072647993384 19.3726151106318 1.8
      vertex 49.20900974233027 19.20900974233027 1.8
    endloop
  endfacet
  facet normal -0.8032075314806368 -0.5956993044924443 0
    outer loop
      vertex 48.92919337231927 19.549966975705896 6.8
      vertex 48.92919337231927 19.549966975705896 1.8
      vertex 49.06072647993384 19.3726151106318 1.8
    endloop
  endfacet
  facet normal -0.8577286100002789 -0.5141027441932103 0
    outer loop
      vertex 48.8156771552162 19.739357342141506 6.8
      vertex 48.8156771552162 19.739357342141506 1.8
      vertex 48.92919337231927 19.549966975705896 1.8
    endloop
  endfacet
  facet normal -0.33688985339222055 -0.9415440651830205 0
    outer loop
      vertex 50.146859476177454 18.646884244602532 6.8
      vertex 49.93896227717855 18.721271051849605 1.8
      vertex 50.146859476177454 18.646884244602532 1.8
    endloop
  endfacet
  facet normal -0.24298017990326345 -0.9700312531945442 0
    outer loop
      vertex 50.361046775463706 18.593233119092734 6.8
      vertex 50.146859476177454 18.646884244602532 1.8
      vertex 50.361046775463706 18.593233119092734 1.8
    endloop
  endfacet
  facet normal -0.146730474455373 -0.9891765099647793 0
    outer loop
      vertex 50.579461434258484 18.560834364987556 6.8
      vertex 50.361046775463706 18.593233119092734 1.8
      vertex 50.579461434258484 18.560834364987556 1.8
    endloop
  endfacet
  facet normal -0.049067674327411825 -0.9987954562051726 0
    outer loop
      vertex 50.8 18.55 6.8
      vertex 50.579461434258484 18.560834364987556 1.8
      vertex 50.8 18.55 1.8
    endloop
  endfacet
  facet normal 0.049067674327411825 -0.9987954562051726 0
    outer loop
      vertex 51.02053856574151 18.560834364987556 6.8
      vertex 50.8 18.55 1.8
      vertex 51.02053856574151 18.560834364987556 1.8
    endloop
  endfacet
  facet normal 0.146730474455373 -0.9891765099647793 0
    outer loop
      vertex 51.23895322453629 18.593233119092734 6.8
      vertex 51.02053856574151 18.560834364987556 1.8
      vertex 51.23895322453629 18.593233119092734 1.8
    endloop
  endfacet
  facet normal 0.24298017990326345 -0.9700312531945442 0
    outer loop
      vertex 51.45314052382254 18.646884244602532 6.8
      vertex 51.23895322453629 18.593233119092734 1.8
      vertex 51.45314052382254 18.646884244602532 1.8
    endloop
  endfacet
  facet normal 0.33688985339222055 -0.9415440651830205 0
    outer loop
      vertex 51.66103772282145 18.721271051849605 6.8
      vertex 51.45314052382254 18.646884244602532 1.8
      vertex 51.66103772282145 18.721271051849605 1.8
    endloop
  endfacet
  facet normal 0.4275550934302862 -0.9039892931234413 0
    outer loop
      vertex 51.86064265785849 18.815677155216203 6.8
      vertex 51.66103772282145 18.721271051849605 1.8
      vertex 51.86064265785849 18.815677155216203 1.8
    endloop
  endfacet
  facet normal 0.5141027441932222 -0.8577286100002719 0
    outer loop
      vertex 52.0500330242941 18.929193372319276 6.8
      vertex 51.86064265785849 18.815677155216203 1.8
      vertex 52.0500330242941 18.929193372319276 1.8
    endloop
  endfacet
  facet normal 0.5956993044924159 -0.8032075314806579 0
    outer loop
      vertex 52.2273848893682 19.06072647993384 6.8
      vertex 52.0500330242941 18.929193372319276 1.8
      vertex 52.2273848893682 19.06072647993384 1.8
    endloop
  endfacet
  facet normal 0.6715589548470364 -0.7409511253549428 0
    outer loop
      vertex 52.39099025766973 19.20900974233027 6.8
      vertex 52.2273848893682 19.06072647993384 1.8
      vertex 52.39099025766973 19.20900974233027 1.8
    endloop
  endfacet
  facet normal 0.7409511253549581 -0.6715589548470197 0
    outer loop
      vertex 52.39099025766973 19.20900974233027 6.8
      vertex 52.39099025766973 19.20900974233027 1.8
      vertex 52.53927352006615 19.3726151106318 1.8
    endloop
  endfacet
  facet normal 0.8032075314806368 -0.5956993044924443 0
    outer loop
      vertex 52.53927352006615 19.3726151106318 6.8
      vertex 52.53927352006615 19.3726151106318 1.8
      vertex 52.670806627680726 19.549966975705896 1.8
    endloop
  endfacet
  facet normal 0.8577286100002789 -0.5141027441932103 0
    outer loop
      vertex 52.670806627680726 19.549966975705896 6.8
      vertex 52.670806627680726 19.549966975705896 1.8
      vertex 52.784322844783794 19.739357342141506 1.8
    endloop
  endfacet
  facet normal 0.9039892931234476 -0.42755509343027304 0
    outer loop
      vertex 52.784322844783794 19.739357342141506 6.8
      vertex 52.784322844783794 19.739357342141506 1.8
      vertex 52.87872894815039 19.93896227717855 1.8
    endloop
  endfacet
  facet normal -0.33688985339222055 -0.9415440651830205 2.91582294037771e-19
    outer loop
      vertex 50.146859476177454 18.646884244602532 6.8
      vertex 49.93896227717855 18.721271051849605 6.8
      vertex 49.93896227717855 18.721271051849605 1.8
    endloop
  endfacet
  facet normal -0.5956993044924159 -0.8032075314806579 -1.260827844853396e-19
    outer loop
      vertex 49.54996697570589 18.929193372319276 6.8
      vertex 49.37261511063179 19.06072647993384 6.8
      vertex 49.37261511063179 19.06072647993384 1.8
    endloop
  endfacet
  facet normal -0.5141027441932222 -0.8577286100002719 0
    outer loop
      vertex 49.54996697570589 18.929193372319276 6.8
      vertex 49.54996697570589 18.929193372319276 1.8
      vertex 49.7393573421415 18.815677155216203 6.8
    endloop
  endfacet
  facet normal -0.4275550934302862 -0.9039892931234413 -3.5726122993756886e-19
    outer loop
      vertex 49.93896227717855 18.721271051849605 6.8
      vertex 49.7393573421415 18.815677155216203 6.8
      vertex 49.7393573421415 18.815677155216203 1.8
    endloop
  endfacet
  facet normal -0.9039892931234476 -0.42755509343027304 0
    outer loop
      vertex 48.8156771552162 19.739357342141506 6.8
      vertex 48.721271051849605 19.93896227717855 6.8
      vertex 48.8156771552162 19.739357342141506 1.8
    endloop
  endfacet
  facet normal -0.6715589548470364 -0.7409511253549428 -6.554071283628585e-19
    outer loop
      vertex 49.37261511063179 19.06072647993384 6.8
      vertex 49.20900974233027 19.20900974233027 6.8
      vertex 49.20900974233027 19.20900974233027 1.8
    endloop
  endfacet
  facet normal -0.7409511253549581 -0.6715589548470197 0
    outer loop
      vertex 49.20900974233027 19.20900974233027 6.8
      vertex 49.06072647993384 19.3726151106318 6.8
      vertex 49.20900974233027 19.20900974233027 1.8
    endloop
  endfacet
  facet normal -0.8032075314806368 -0.5956993044924443 0
    outer loop
      vertex 49.06072647993384 19.3726151106318 6.8
      vertex 48.92919337231927 19.549966975705896 6.8
      vertex 49.06072647993384 19.3726151106318 1.8
    endloop
  endfacet
  facet normal -0.8577286100002789 -0.5141027441932103 0
    outer loop
      vertex 48.92919337231927 19.549966975705896 6.8
      vertex 48.8156771552162 19.739357342141506 6.8
      vertex 48.92919337231927 19.549966975705896 1.8
    endloop
  endfacet
  facet normal 0 0 1
    outer loop
      vertex 50.146859476177454 18.646884244602532 6.8
      vertex 50.02218254069479 20.0221825406948 6.8
      vertex 49.93896227717855 18.721271051849605 6.8
    endloop
  endfacet
  facet normal 0 0 1
    outer loop
      vertex 49.93896227717855 18.721271051849605 6.8
      vertex 49.82988660921681 20.281463589491402 6.8
      vertex 49.7393573421415 18.815677155216203 6.8
    endloop
  endfacet
  facet normal 0 0 1
    outer loop
      vertex 49.93896227717855 18.721271051849605 6.8
      vertex 50.02218254069479 20.0221825406948 6.8
      vertex 49.94968850130098 20.10216738741999 6.8
    endloop
  endfacet
  facet normal 0 0 1
    outer loop
      vertex 49.93896227717855 18.721271051849605 6.8
      vertex 49.8853834264672 20.188872743678438 6.8
      vertex 49.82988660921681 20.281463589491402 6.8
    endloop
  endfacet
  facet normal 0 0 1
    outer loop
      vertex 49.93896227717855 18.721271051849605 6.8
      vertex 49.94968850130098 20.10216738741999 6.8
      vertex 49.8853834264672 20.188872743678438 6.8
    endloop
  endfacet
  facet normal 0 0 1
    outer loop
      vertex 49.7393573421415 18.815677155216203 6.8
      vertex 49.82988660921681 20.281463589491402 6.8
      vertex 49.783732514237585 20.379048224398403 6.8
    endloop
  endfacet
  facet normal 0 0 1
    outer loop
      vertex 49.7393573421415 18.815677155216203 6.8
      vertex 49.783732514237585 20.379048224398403 6.8
      vertex 49.74736563069457 20.480686855020092 6.8
    endloop
  endfacet
  facet normal -0.24298017990326345 -0.9700312531945442 -5.449413046079078e-19
    outer loop
      vertex 50.361046775463706 18.593233119092734 6.8
      vertex 50.146859476177454 18.646884244602532 6.8
      vertex 50.146859476177454 18.646884244602532 1.8
    endloop
  endfacet
  facet normal -0.146730474455373 -0.9891765099647793 0
    outer loop
      vertex 50.361046775463706 18.593233119092734 6.8
      vertex 50.361046775463706 18.593233119092734 1.8
      vertex 50.579461434258484 18.560834364987556 6.8
    endloop
  endfacet
  facet normal -0.049067674327411825 -0.9987954562051726 0
    outer loop
      vertex 50.579461434258484 18.560834364987556 6.8
      vertex 50.579461434258484 18.560834364987556 1.8
      vertex 50.8 18.55 6.8
    endloop
  endfacet
  facet normal 0.049067674327411825 -0.9987954562051726 0
    outer loop
      vertex 50.8 18.55 6.8
      vertex 50.8 18.55 1.8
      vertex 51.02053856574151 18.560834364987556 6.8
    endloop
  endfacet
  facet normal 0.146730474455373 -0.9891765099647793 0
    outer loop
      vertex 51.02053856574151 18.560834364987556 6.8
      vertex 51.02053856574151 18.560834364987556 1.8
      vertex 51.23895322453629 18.593233119092734 6.8
    endloop
  endfacet
  facet normal 0.24298017990326345 -0.9700312531945442 0
    outer loop
      vertex 51.23895322453629 18.593233119092734 6.8
      vertex 51.23895322453629 18.593233119092734 1.8
      vertex 51.45314052382254 18.646884244602532 6.8
    endloop
  endfacet
  facet normal 0.33688985339222055 -0.9415440651830205 0
    outer loop
      vertex 51.45314052382254 18.646884244602532 6.8
      vertex 51.45314052382254 18.646884244602532 1.8
      vertex 51.66103772282145 18.721271051849605 6.8
    endloop
  endfacet
  facet normal 0.4275550934302862 -0.9039892931234413 0
    outer loop
      vertex 51.66103772282145 18.721271051849605 6.8
      vertex 51.66103772282145 18.721271051849605 1.8
      vertex 51.86064265785849 18.815677155216203 6.8
    endloop
  endfacet
  facet normal 0.5141027441932222 -0.8577286100002719 0
    outer loop
      vertex 51.86064265785849 18.815677155216203 6.8
      vertex 51.86064265785849 18.815677155216203 1.8
      vertex 52.0500330242941 18.929193372319276 6.8
    endloop
  endfacet
  facet normal 0.5956993044924159 -0.8032075314806579 0
    outer loop
      vertex 52.0500330242941 18.929193372319276 6.8
      vertex 52.0500330242941 18.929193372319276 1.8
      vertex 52.2273848893682 19.06072647993384 6.8
    endloop
  endfacet
  facet normal 0.6715589548470364 -0.7409511253549428 0
    outer loop
      vertex 52.2273848893682 19.06072647993384 6.8
      vertex 52.2273848893682 19.06072647993384 1.8
      vertex 52.39099025766973 19.20900974233027 6.8
    endloop
  endfacet
  facet normal 0.7409511253549581 -0.6715589548470197 -1.5124387118322051e-18
    outer loop
      vertex 52.39099025766973 19.20900974233027 6.8
      vertex 52.53927352006615 19.3726151106318 1.8
      vertex 52.53927352006615 19.3726151106318 6.8
    endloop
  endfacet
  facet normal 0.8032075314806368 -0.5956993044924443 -1.3612314318142437e-18
    outer loop
      vertex 52.53927352006615 19.3726151106318 6.8
      vertex 52.670806627680726 19.549966975705896 1.8
      vertex 52.670806627680726 19.549966975705896 6.8
    endloop
  endfacet
  facet normal 0.8577286100002789 -0.5141027441932103 7.059392884966736e-19
    outer loop
      vertex 52.670806627680726 19.549966975705896 6.8
      vertex 52.784322844783794 19.739357342141506 1.8
      vertex 52.784322844783794 19.739357342141506 6.8
    endloop
  endfacet
  facet normal 0.9039892931234476 -0.42755509343027304 -8.85471277279261e-19
    outer loop
      vertex 52.784322844783794 19.739357342141506 6.8
      vertex 52.87872894815039 19.93896227717855 1.8
      vertex 52.87872894815039 19.93896227717855 6.8
    endloop
  endfacet
  facet normal 0 0 1
    outer loop
      vertex 50.361046775463706 18.593233119092734 6.8
      vertex 50.2814635894914 19.82988660921681 6.8
      vertex 50.146859476177454 18.646884244602532 6.8
    endloop
  endfacet
  facet normal 0 0 1
    outer loop
      vertex 50.361046775463706 18.593233119092734 6.8
      vertex 50.579461434258484 18.560834364987556 6.8
      vertex 50.48068685502009 19.74736563069457 6.8
    endloop
  endfacet
  facet normal 0 0 1
    outer loop
      vertex 50.579461434258484 18.560834364987556 6.8
      vertex 50.8 18.55 6.8
      vertex 50.692181145637484 19.705296800660584 6.8
    endloop
  endfacet
  facet normal 0 0 1
    outer loop
      vertex 50.8 18.55 6.8
      vertex 51.02053856574151 18.560834364987556 6.8
      vertex 50.90781885436251 19.705296800660584 6.8
    endloop
  endfacet
  facet normal 0 0 1
    outer loop
      vertex 51.02053856574151 18.560834364987556 6.8
      vertex 51.23895322453629 18.593233119092734 6.8
      vertex 51.01459935421774 19.721136191556447 6.8
    endloop
  endfacet
  facet normal 0 0 1
    outer loop
      vertex 51.23895322453629 18.593233119092734 6.8
      vertex 51.45314052382254 18.646884244602532 6.8
      vertex 51.2209517756016 19.783732514237585 6.8
    endloop
  endfacet
  facet normal 0 0 1
    outer loop
      vertex 51.45314052382254 18.646884244602532 6.8
      vertex 51.66103772282145 18.721271051849605 6.8
      vertex 51.411127256321556 19.8853834264672 6.8
    endloop
  endfacet
  facet normal 0 0 1
    outer loop
      vertex 50.361046775463706 18.593233119092734 6.8
      vertex 50.379048224398396 19.783732514237585 6.8
      vertex 50.2814635894914 19.82988660921681 6.8
    endloop
  endfacet
  facet normal 0 0 1
    outer loop
      vertex 50.146859476177454 18.646884244602532 6.8
      vertex 50.2814635894914 19.82988660921681 6.8
      vertex 50.18887274367844 19.8853834264672 6.8
    endloop
  endfacet
  facet normal 0 0 1
    outer loop
      vertex 50.146859476177454 18.646884244602532 6.8
      vertex 50.18887274367844 19.8853834264672 6.8
      vertex 50.10216738741999 19.94968850130099 6.8
    endloop
  endfacet
  facet normal 0 0 1
    outer loop
      vertex 50.361046775463706 18.593233119092734 6.8
      vertex 50.48068685502009 19.74736563069457 6.8
      vertex 50.379048224398396 19.783732514237585 6.8
    endloop
  endfacet
  facet normal 0 0 1
    outer loop
      vertex 50.579461434258484 18.560834364987556 6.8
      vertex 50.58540064578226 19.721136191556447 6.8
      vertex 50.48068685502009 19.74736563069457 6.8
    endloop
  endfacet
  facet normal 0 0 1
    outer loop
      vertex 50.579461434258484 18.560834364987556 6.8
      vertex 50.692181145637484 19.705296800660584 6.8
      vertex 50.58540064578226 19.721136191556447 6.8
    endloop
  endfacet
  facet normal 0 0 1
    outer loop
      vertex 50.8 18.55 6.8
      vertex 50.8 19.7 6.8
      vertex 50.692181145637484 19.705296800660584 6.8
    endloop
  endfacet
  facet normal 0 0 1
    outer loop
      vertex 50.8 18.55 6.8
      vertex 50.90781885436251 19.705296800660584 6.8
      vertex 50.8 19.7 6.8
    endloop
  endfacet
  facet normal 0 0 1
    outer loop
      vertex 51.02053856574151 18.560834364987556 6.8
      vertex 51.01459935421774 19.721136191556447 6.8
      vertex 50.90781885436251 19.705296800660584 6.8
    endloop
  endfacet
  facet normal 0 0 1
    outer loop
      vertex 51.23895322453629 18.593233119092734 6.8
      vertex 51.119313144979905 19.74736563069457 6.8
      vertex 51.01459935421774 19.721136191556447 6.8
    endloop
  endfacet
  facet normal 0 0 1
    outer loop
      vertex 51.23895322453629 18.593233119092734 6.8
      vertex 51.2209517756016 19.783732514237585 6.8
      vertex 51.119313144979905 19.74736563069457 6.8
    endloop
  endfacet
  facet normal 0 0 1
    outer loop
      vertex 50.146859476177454 18.646884244602532 6.8
      vertex 50.10216738741999 19.94968850130099 6.8
      vertex 50.02218254069479 20.0221825406948 6.8
    endloop
  endfacet
  facet normal 0 0 1
    outer loop
      vertex 51.66103772282145 18.721271051849605 6.8
      vertex 51.86064265785849 18.815677155216203 6.8
      vertex 51.65031149869901 20.10216738741999 6.8
    endloop
  endfacet
  facet normal 0 0 1
    outer loop
      vertex 51.45314052382254 18.646884244602532 6.8
      vertex 51.31853641050859 19.82988660921681 6.8
      vertex 51.2209517756016 19.783732514237585 6.8
    endloop
  endfacet
  facet normal 0 0 1
    outer loop
      vertex 51.45314052382254 18.646884244602532 6.8
      vertex 51.411127256321556 19.8853834264672 6.8
      vertex 51.31853641050859 19.82988660921681 6.8
    endloop
  endfacet
  facet normal 0 0 1
    outer loop
      vertex 51.66103772282145 18.721271051849605 6.8
      vertex 51.497832612580005 19.94968850130099 6.8
      vertex 51.411127256321556 19.8853834264672 6.8
    endloop
  endfacet
  facet normal 0 0 1
    outer loop
      vertex 51.86064265785849 18.815677155216203 6.8
      vertex 52.0500330242941 18.929193372319276 6.8
      vertex 51.85263436930543 20.480686855020092 6.8
    endloop
  endfacet
  facet normal 0 0 1
    outer loop
      vertex 51.66103772282145 18.721271051849605 6.8
      vertex 51.5778174593052 20.0221825406948 6.8
      vertex 51.497832612580005 19.94968850130099 6.8
    endloop
  endfacet
  facet normal 0 0 1
    outer loop
      vertex 51.66103772282145 18.721271051849605 6.8
      vertex 51.65031149869901 20.10216738741999 6.8
      vertex 51.5778174593052 20.0221825406948 6.8
    endloop
  endfacet
  facet normal 0 0 1
    outer loop
      vertex 51.86064265785849 18.815677155216203 6.8
      vertex 51.714616573532794 20.188872743678438 6.8
      vertex 51.65031149869901 20.10216738741999 6.8
    endloop
  endfacet
  facet normal 0 0 1
    outer loop
      vertex 51.86064265785849 18.815677155216203 6.8
      vertex 51.77011339078319 20.281463589491402 6.8
      vertex 51.714616573532794 20.188872743678438 6.8
    endloop
  endfacet
  facet normal 0 0 1
    outer loop
      vertex 51.86064265785849 18.815677155216203 6.8
      vertex 51.81626748576241 20.379048224398403 6.8
      vertex 51.77011339078319 20.281463589491402 6.8
    endloop
  endfacet
  facet normal 0 0 1
    outer loop
      vertex 51.86064265785849 18.815677155216203 6.8
      vertex 51.85263436930543 20.480686855020092 6.8
      vertex 51.81626748576241 20.379048224398403 6.8
    endloop
  endfacet
  facet normal -0.9415440651830121 -0.336889853392244 0
    outer loop
      vertex 48.646884244602525 20.14685947617746 6.8
      vertex 48.646884244602525 20.14685947617746 1.8
      vertex 48.721271051849605 19.93896227717855 1.8
    endloop
  endfacet
  facet normal -0.970031253194548 -0.2429801799032483 0
    outer loop
      vertex 48.59323311909273 20.361046775463713 6.8
      vertex 48.59323311909273 20.361046775463713 1.8
      vertex 48.646884244602525 20.14685947617746 1.8
    endloop
  endfacet
  facet normal -0.9891765099647816 -0.14673047445535722 0
    outer loop
      vertex 48.56083436498756 20.57946143425849 6.8
      vertex 48.56083436498756 20.57946143425849 1.8
      vertex 48.59323311909273 20.361046775463713 1.8
    endloop
  endfacet
  facet normal -0.9987954562051718 -0.049067674327428666 0
    outer loop
      vertex 48.55 20.8 6.8
      vertex 48.55 20.8 1.8
      vertex 48.56083436498756 20.57946143425849 1.8
    endloop
  endfacet
  facet normal -0.9987954562051718 0.049067674327428666 0
    outer loop
      vertex 48.56083436498756 21.02053856574151 6.8
      vertex 48.56083436498756 21.02053856574151 1.8
      vertex 48.55 20.8 1.8
    endloop
  endfacet
  facet normal -0.9891765099647816 0.14673047445535722 0
    outer loop
      vertex 48.59323311909273 21.23895322453629 6.8
      vertex 48.59323311909273 21.23895322453629 1.8
      vertex 48.56083436498756 21.02053856574151 1.8
    endloop
  endfacet
  facet normal -0.970031253194548 0.2429801799032483 0
    outer loop
      vertex 48.646884244602525 21.45314052382254 6.8
      vertex 48.646884244602525 21.45314052382254 1.8
      vertex 48.59323311909273 21.23895322453629 1.8
    endloop
  endfacet
  facet normal -0.9415440651830121 0.336889853392244 0
    outer loop
      vertex 48.721271051849605 21.66103772282145 6.8
      vertex 48.721271051849605 21.66103772282145 1.8
      vertex 48.646884244602525 21.45314052382254 1.8
    endloop
  endfacet
  facet normal -0.9039892931234476 0.42755509343027304 0
    outer loop
      vertex 48.8156771552162 21.860642657858495 6.8
      vertex 48.8156771552162 21.860642657858495 1.8
      vertex 48.721271051849605 21.66103772282145 1.8
    endloop
  endfacet
  facet normal -0.8577286100002789 0.5141027441932103 0
    outer loop
      vertex 48.92919337231927 22.050033024294105 6.8
      vertex 48.92919337231927 22.050033024294105 1.8
      vertex 48.8156771552162 21.860642657858495 1.8
    endloop
  endfacet
  facet normal -0.8032075314806368 0.5956993044924443 0
    outer loop
      vertex 49.06072647993384 22.227384889368203 6.8
      vertex 49.06072647993384 22.227384889368203 1.8
      vertex 48.92919337231927 22.050033024294105 1.8
    endloop
  endfacet
  facet normal -0.7409511253549581 0.6715589548470197 0
    outer loop
      vertex 49.20900974233027 22.39099025766973 6.8
      vertex 49.20900974233027 22.39099025766973 1.8
      vertex 49.06072647993384 22.227384889368203 1.8
    endloop
  endfacet
  facet normal -0.6715589548470364 0.7409511253549428 0
    outer loop
      vertex 49.20900974233027 22.39099025766973 6.8
      vertex 49.37261511063179 22.53927352006616 1.8
      vertex 49.20900974233027 22.39099025766973 1.8
    endloop
  endfacet
  facet normal -0.5956993044924159 0.8032075314806579 0
    outer loop
      vertex 49.37261511063179 22.53927352006616 6.8
      vertex 49.54996697570589 22.670806627680726 1.8
      vertex 49.37261511063179 22.53927352006616 1.8
    endloop
  endfacet
  facet normal -0.5141027441932222 0.8577286100002719 0
    outer loop
      vertex 49.54996697570589 22.670806627680726 6.8
      vertex 49.7393573421415 22.784322844783798 1.8
      vertex 49.54996697570589 22.670806627680726 1.8
    endloop
  endfacet
  facet normal -0.4275550934302862 0.9039892931234413 0
    outer loop
      vertex 49.7393573421415 22.784322844783798 6.8
      vertex 49.93896227717855 22.878728948150396 1.8
      vertex 49.7393573421415 22.784322844783798 1.8
    endloop
  endfacet
  facet normal -0.33688985339222055 0.9415440651830205 0
    outer loop
      vertex 49.93896227717855 22.878728948150396 6.8
      vertex 50.146859476177454 22.95311575539747 1.8
      vertex 49.93896227717855 22.878728948150396 1.8
    endloop
  endfacet
  facet normal 0.9415440651830121 -0.336889853392244 0
    outer loop
      vertex 52.87872894815039 19.93896227717855 6.8
      vertex 52.87872894815039 19.93896227717855 1.8
      vertex 52.95311575539747 20.14685947617746 1.8
    endloop
  endfacet
  facet normal 0.970031253194548 -0.2429801799032483 0
    outer loop
      vertex 52.95311575539747 20.14685947617746 6.8
      vertex 52.95311575539747 20.14685947617746 1.8
      vertex 53.006766880907264 20.361046775463713 1.8
    endloop
  endfacet
  facet normal 0.9891765099647816 -0.14673047445535722 0
    outer loop
      vertex 53.006766880907264 20.361046775463713 6.8
      vertex 53.006766880907264 20.361046775463713 1.8
      vertex 53.03916563501244 20.57946143425849 1.8
    endloop
  endfacet
  facet normal 0.9987954562051718 -0.049067674327428666 0
    outer loop
      vertex 53.03916563501244 20.57946143425849 6.8
      vertex 53.03916563501244 20.57946143425849 1.8
      vertex 53.05 20.8 1.8
    endloop
  endfacet
  facet normal 0.9987954562051718 0.049067674327428666 0
    outer loop
      vertex 53.05 20.8 6.8
      vertex 53.05 20.8 1.8
      vertex 53.03916563501244 21.02053856574151 1.8
    endloop
  endfacet
  facet normal 0.9891765099647816 0.14673047445535722 0
    outer loop
      vertex 53.03916563501244 21.02053856574151 6.8
      vertex 53.03916563501244 21.02053856574151 1.8
      vertex 53.006766880907264 21.23895322453629 1.8
    endloop
  endfacet
  facet normal 0.970031253194548 0.2429801799032483 0
    outer loop
      vertex 53.006766880907264 21.23895322453629 6.8
      vertex 53.006766880907264 21.23895322453629 1.8
      vertex 52.95311575539747 21.45314052382254 1.8
    endloop
  endfacet
  facet normal 0.9415440651830121 0.336889853392244 0
    outer loop
      vertex 52.95311575539747 21.45314052382254 6.8
      vertex 52.95311575539747 21.45314052382254 1.8
      vertex 52.87872894815039 21.66103772282145 1.8
    endloop
  endfacet
  facet normal 0.7409511253549581 0.6715589548470197 0
    outer loop
      vertex 52.53927352006615 22.227384889368203 6.8
      vertex 52.53927352006615 22.227384889368203 1.8
      vertex 52.39099025766973 22.39099025766973 1.8
    endloop
  endfacet
  facet normal -0.24298017990326345 0.9700312531945442 0
    outer loop
      vertex 50.146859476177454 22.95311575539747 6.8
      vertex 50.361046775463706 23.006766880907268 1.8
      vertex 50.146859476177454 22.95311575539747 1.8
    endloop
  endfacet
  facet normal -0.146730474455373 0.9891765099647793 0
    outer loop
      vertex 50.361046775463706 23.006766880907268 6.8
      vertex 50.579461434258484 23.039165635012445 1.8
      vertex 50.361046775463706 23.006766880907268 1.8
    endloop
  endfacet
  facet normal -0.049067674327411825 0.9987954562051726 0
    outer loop
      vertex 50.579461434258484 23.039165635012445 6.8
      vertex 50.8 23.05 1.8
      vertex 50.579461434258484 23.039165635012445 1.8
    endloop
  endfacet
  facet normal 0.049067674327411825 0.9987954562051726 0
    outer loop
      vertex 50.8 23.05 6.8
      vertex 51.02053856574151 23.039165635012445 1.8
      vertex 50.8 23.05 1.8
    endloop
  endfacet
  facet normal 0.146730474455373 0.9891765099647793 0
    outer loop
      vertex 51.02053856574151 23.039165635012445 6.8
      vertex 51.23895322453629 23.006766880907268 1.8
      vertex 51.02053856574151 23.039165635012445 1.8
    endloop
  endfacet
  facet normal 0.24298017990326345 0.9700312531945442 0
    outer loop
      vertex 51.23895322453629 23.006766880907268 6.8
      vertex 51.45314052382254 22.95311575539747 1.8
      vertex 51.23895322453629 23.006766880907268 1.8
    endloop
  endfacet
  facet normal 0.5141027441932222 0.8577286100002719 0
    outer loop
      vertex 51.86064265785849 22.784322844783798 6.8
      vertex 52.0500330242941 22.670806627680726 1.8
      vertex 51.86064265785849 22.784322844783798 1.8
    endloop
  endfacet
  facet normal 0.4275550934302862 0.9039892931234413 0
    outer loop
      vertex 51.66103772282145 22.878728948150396 6.8
      vertex 51.86064265785849 22.784322844783798 1.8
      vertex 51.66103772282145 22.878728948150396 1.8
    endloop
  endfacet
  facet normal 0.5956993044924159 0.8032075314806579 0
    outer loop
      vertex 52.0500330242941 22.670806627680726 6.8
      vertex 52.2273848893682 22.53927352006616 1.8
      vertex 52.0500330242941 22.670806627680726 1.8
    endloop
  endfacet
  facet normal 0.6715589548470364 0.7409511253549428 0
    outer loop
      vertex 52.2273848893682 22.53927352006616 6.8
      vertex 52.39099025766973 22.39099025766973 1.8
      vertex 52.2273848893682 22.53927352006616 1.8
    endloop
  endfacet
  facet normal 0.33688985339222055 0.9415440651830205 0
    outer loop
      vertex 51.45314052382254 22.95311575539747 6.8
      vertex 51.66103772282145 22.878728948150396 1.8
      vertex 51.45314052382254 22.95311575539747 1.8
    endloop
  endfacet
  facet normal 0.9039892931234476 0.42755509343027304 0
    outer loop
      vertex 52.87872894815039 21.66103772282145 6.8
      vertex 52.87872894815039 21.66103772282145 1.8
      vertex 52.784322844783794 21.860642657858495 1.8
    endloop
  endfacet
  facet normal 0.8577286100002789 0.5141027441932103 0
    outer loop
      vertex 52.784322844783794 21.860642657858495 6.8
      vertex 52.784322844783794 21.860642657858495 1.8
      vertex 52.670806627680726 22.050033024294105 1.8
    endloop
  endfacet
  facet normal 0.8032075314806368 0.5956993044924443 0
    outer loop
      vertex 52.670806627680726 22.050033024294105 6.8
      vertex 52.670806627680726 22.050033024294105 1.8
      vertex 52.53927352006615 22.227384889368203 1.8
    endloop
  endfacet
  facet normal -0.9415440651830121 -0.336889853392244 0
    outer loop
      vertex 48.721271051849605 19.93896227717855 6.8
      vertex 48.646884244602525 20.14685947617746 6.8
      vertex 48.721271051849605 19.93896227717855 1.8
    endloop
  endfacet
  facet normal -0.970031253194548 -0.2429801799032483 0
    outer loop
      vertex 48.646884244602525 20.14685947617746 6.8
      vertex 48.59323311909273 20.361046775463713 6.8
      vertex 48.646884244602525 20.14685947617746 1.8
    endloop
  endfacet
  facet normal -0.9891765099647816 -0.14673047445535722 0
    outer loop
      vertex 48.59323311909273 20.361046775463713 6.8
      vertex 48.56083436498756 20.57946143425849 6.8
      vertex 48.59323311909273 20.361046775463713 1.8
    endloop
  endfacet
  facet normal -0.9987954562051718 -0.049067674327428666 0
    outer loop
      vertex 48.56083436498756 20.57946143425849 6.8
      vertex 48.55 20.8 6.8
      vertex 48.56083436498756 20.57946143425849 1.8
    endloop
  endfacet
  facet normal -0.9987954562051718 0.049067674327428666 0
    outer loop
      vertex 48.55 20.8 6.8
      vertex 48.56083436498756 21.02053856574151 6.8
      vertex 48.55 20.8 1.8
    endloop
  endfacet
  facet normal -0.9891765099647816 0.14673047445535722 0
    outer loop
      vertex 48.56083436498756 21.02053856574151 6.8
      vertex 48.59323311909273 21.23895322453629 6.8
      vertex 48.56083436498756 21.02053856574151 1.8
    endloop
  endfacet
  facet normal -0.970031253194548 0.2429801799032483 0
    outer loop
      vertex 48.59323311909273 21.23895322453629 6.8
      vertex 48.646884244602525 21.45314052382254 6.8
      vertex 48.59323311909273 21.23895322453629 1.8
    endloop
  endfacet
  facet normal -0.9415440651830121 0.336889853392244 0
    outer loop
      vertex 48.646884244602525 21.45314052382254 6.8
      vertex 48.721271051849605 21.66103772282145 6.8
      vertex 48.646884244602525 21.45314052382254 1.8
    endloop
  endfacet
  facet normal -0.9039892931234476 0.42755509343027304 0
    outer loop
      vertex 48.721271051849605 21.66103772282145 6.8
      vertex 48.8156771552162 21.860642657858495 6.8
      vertex 48.721271051849605 21.66103772282145 1.8
    endloop
  endfacet
  facet normal -0.8577286100002789 0.5141027441932103 0
    outer loop
      vertex 48.8156771552162 21.860642657858495 6.8
      vertex 48.92919337231927 22.050033024294105 6.8
      vertex 48.8156771552162 21.860642657858495 1.8
    endloop
  endfacet
  facet normal -0.8032075314806368 0.5956993044924443 0
    outer loop
      vertex 48.92919337231927 22.050033024294105 6.8
      vertex 49.06072647993384 22.227384889368203 6.8
      vertex 48.92919337231927 22.050033024294105 1.8
    endloop
  endfacet
  facet normal -0.7409511253549581 0.6715589548470197 0
    outer loop
      vertex 49.06072647993384 22.227384889368203 6.8
      vertex 49.20900974233027 22.39099025766973 6.8
      vertex 49.06072647993384 22.227384889368203 1.8
    endloop
  endfacet
  facet normal -0.6715589548470364 0.7409511253549428 6.554071283628585e-19
    outer loop
      vertex 49.20900974233027 22.39099025766973 6.8
      vertex 49.37261511063179 22.53927352006616 6.8
      vertex 49.37261511063179 22.53927352006616 1.8
    endloop
  endfacet
  facet normal -0.5956993044924159 0.8032075314806579 1.260827844853396e-19
    outer loop
      vertex 49.37261511063179 22.53927352006616 6.8
      vertex 49.54996697570589 22.670806627680726 6.8
      vertex 49.54996697570589 22.670806627680726 1.8
    endloop
  endfacet
  facet normal -0.5141027441932222 0.8577286100002719 5.039840064630576e-19
    outer loop
      vertex 49.54996697570589 22.670806627680726 6.8
      vertex 49.7393573421415 22.784322844783798 6.8
      vertex 49.7393573421415 22.784322844783798 1.8
    endloop
  endfacet
  facet normal -0.4275550934302862 0.9039892931234413 3.5726122993756886e-19
    outer loop
      vertex 49.7393573421415 22.784322844783798 6.8
      vertex 49.93896227717855 22.878728948150396 6.8
      vertex 49.93896227717855 22.878728948150396 1.8
    endloop
  endfacet
  facet normal 0 0 1
    outer loop
      vertex 48.8156771552162 19.739357342141506 6.8
      vertex 48.721271051849605 21.66103772282145 6.8
      vertex 48.721271051849605 19.93896227717855 6.8
    endloop
  endfacet
  facet normal 0 0 1
    outer loop
      vertex 48.721271051849605 19.93896227717855 6.8
      vertex 48.646884244602525 21.45314052382254 6.8
      vertex 48.646884244602525 20.14685947617746 6.8
    endloop
  endfacet
  facet normal 0 0 1
    outer loop
      vertex 48.646884244602525 20.14685947617746 6.8
      vertex 48.59323311909273 21.23895322453629 6.8
      vertex 48.59323311909273 20.361046775463713 6.8
    endloop
  endfacet
  facet normal 0 0 1
    outer loop
      vertex 48.59323311909273 20.361046775463713 6.8
      vertex 48.56083436498756 21.02053856574151 6.8
      vertex 48.56083436498756 20.57946143425849 6.8
    endloop
  endfacet
  facet normal 0 0 1
    outer loop
      vertex 49.20900974233027 19.20900974233027 6.8
      vertex 49.06072647993384 22.227384889368203 6.8
      vertex 49.06072647993384 19.3726151106318 6.8
    endloop
  endfacet
  facet normal 0 0 1
    outer loop
      vertex 49.06072647993384 19.3726151106318 6.8
      vertex 48.92919337231927 22.050033024294105 6.8
      vertex 48.92919337231927 19.549966975705896 6.8
    endloop
  endfacet
  facet normal 0 0 1
    outer loop
      vertex 49.37261511063179 19.06072647993384 6.8
      vertex 49.20900974233027 22.39099025766973 6.8
      vertex 49.20900974233027 19.20900974233027 6.8
    endloop
  endfacet
  facet normal 0 0 1
    outer loop
      vertex 49.54996697570589 18.929193372319276 6.8
      vertex 49.37261511063179 22.53927352006616 6.8
      vertex 49.37261511063179 19.06072647993384 6.8
    endloop
  endfacet
  facet normal 0 0 1
    outer loop
      vertex 49.7393573421415 18.815677155216203 6.8
      vertex 49.74736563069457 20.480686855020092 6.8
      vertex 49.72113619155645 20.58540064578226 6.8
    endloop
  endfacet
  facet normal 0 0 1
    outer loop
      vertex 49.7393573421415 18.815677155216203 6.8
      vertex 49.72113619155645 20.58540064578226 6.8
      vertex 49.705296800660584 20.692181145637484 6.8
    endloop
  endfacet
  facet normal 0 0 1
    outer loop
      vertex 49.7393573421415 18.815677155216203 6.8
      vertex 49.705296800660584 20.692181145637484 6.8
      vertex 49.699999999999996 20.8 6.8
    endloop
  endfacet
  facet normal 0 0 1
    outer loop
      vertex 49.54996697570589 18.929193372319276 6.8
      vertex 49.7393573421415 18.815677155216203 6.8
      vertex 49.54996697570589 22.670806627680726 6.8
    endloop
  endfacet
  facet normal 0 0 1
    outer loop
      vertex 48.92919337231927 19.549966975705896 6.8
      vertex 48.8156771552162 21.860642657858495 6.8
      vertex 48.8156771552162 19.739357342141506 6.8
    endloop
  endfacet
  facet normal 0 0 1
    outer loop
      vertex 49.54996697570589 22.670806627680726 6.8
      vertex 49.7393573421415 18.815677155216203 6.8
      vertex 49.699999999999996 20.8 6.8
    endloop
  endfacet
  facet normal 0 0 1
    outer loop
      vertex 48.56083436498756 20.57946143425849 6.8
      vertex 48.56083436498756 21.02053856574151 6.8
      vertex 48.55 20.8 6.8
    endloop
  endfacet
  facet normal 0 0 1
    outer loop
      vertex 48.59323311909273 20.361046775463713 6.8
      vertex 48.59323311909273 21.23895322453629 6.8
      vertex 48.56083436498756 21.02053856574151 6.8
    endloop
  endfacet
  facet normal 0 0 1
    outer loop
      vertex 48.646884244602525 20.14685947617746 6.8
      vertex 48.646884244602525 21.45314052382254 6.8
      vertex 48.59323311909273 21.23895322453629 6.8
    endloop
  endfacet
  facet normal 0 0 1
    outer loop
      vertex 48.721271051849605 19.93896227717855 6.8
      vertex 48.721271051849605 21.66103772282145 6.8
      vertex 48.646884244602525 21.45314052382254 6.8
    endloop
  endfacet
  facet normal 0 0 1
    outer loop
      vertex 48.8156771552162 19.739357342141506 6.8
      vertex 48.8156771552162 21.860642657858495 6.8
      vertex 48.721271051849605 21.66103772282145 6.8
    endloop
  endfacet
  facet normal 0 0 1
    outer loop
      vertex 48.92919337231927 19.549966975705896 6.8
      vertex 48.92919337231927 22.050033024294105 6.8
      vertex 48.8156771552162 21.860642657858495 6.8
    endloop
  endfacet
  facet normal 0 0 1
    outer loop
      vertex 49.06072647993384 19.3726151106318 6.8
      vertex 49.06072647993384 22.227384889368203 6.8
      vertex 48.92919337231927 22.050033024294105 6.8
    endloop
  endfacet
  facet normal 0 0 1
    outer loop
      vertex 49.20900974233027 19.20900974233027 6.8
      vertex 49.20900974233027 22.39099025766973 6.8
      vertex 49.06072647993384 22.227384889368203 6.8
    endloop
  endfacet
  facet normal 0 0 1
    outer loop
      vertex 49.37261511063179 19.06072647993384 6.8
      vertex 49.37261511063179 22.53927352006616 6.8
      vertex 49.20900974233027 22.39099025766973 6.8
    endloop
  endfacet
  facet normal 0 0 1
    outer loop
      vertex 49.54996697570589 18.929193372319276 6.8
      vertex 49.54996697570589 22.670806627680726 6.8
      vertex 49.37261511063179 22.53927352006616 6.8
    endloop
  endfacet
  facet normal 0 0 1
    outer loop
      vertex 49.54996697570589 22.670806627680726 6.8
      vertex 49.699999999999996 20.8 6.8
      vertex 49.705296800660584 20.907818854362517 6.8
    endloop
  endfacet
  facet normal 0 0 1
    outer loop
      vertex 49.54996697570589 22.670806627680726 6.8
      vertex 49.705296800660584 20.907818854362517 6.8
      vertex 49.72113619155645 21.01459935421774 6.8
    endloop
  endfacet
  facet normal 0 0 1
    outer loop
      vertex 49.54996697570589 22.670806627680726 6.8
      vertex 49.72113619155645 21.01459935421774 6.8
      vertex 49.74736563069457 21.11931314497991 6.8
    endloop
  endfacet
  facet normal 0 0 1
    outer loop
      vertex 49.74736563069457 21.11931314497991 6.8
      vertex 49.783732514237585 21.2209517756016 6.8
      vertex 49.7393573421415 22.784322844783798 6.8
    endloop
  endfacet
  facet normal 0 0 1
    outer loop
      vertex 49.783732514237585 21.2209517756016 6.8
      vertex 49.82988660921681 21.3185364105086 6.8
      vertex 49.7393573421415 22.784322844783798 6.8
    endloop
  endfacet
  facet normal 0 0 1
    outer loop
      vertex 49.82988660921681 21.3185364105086 6.8
      vertex 49.8853834264672 21.411127256321564 6.8
      vertex 49.7393573421415 22.784322844783798 6.8
    endloop
  endfacet
  facet normal 0 0 1
    outer loop
      vertex 49.8853834264672 21.411127256321564 6.8
      vertex 49.94968850130098 21.497832612580012 6.8
      vertex 49.7393573421415 22.784322844783798 6.8
    endloop
  endfacet
  facet normal 0 0 1
    outer loop
      vertex 49.94968850130098 21.497832612580012 6.8
      vertex 50.02218254069479 21.5778174593052 6.8
      vertex 49.93896227717855 22.878728948150396 6.8
    endloop
  endfacet
  facet normal 0 0 1
    outer loop
      vertex 49.54996697570589 22.670806627680726 6.8
      vertex 49.74736563069457 21.11931314497991 6.8
      vertex 49.7393573421415 22.784322844783798 6.8
    endloop
  endfacet
  facet normal 0 0 1
    outer loop
      vertex 50.02218254069479 21.5778174593052 6.8
      vertex 50.10216738741999 21.65031149869901 6.8
      vertex 49.93896227717855 22.878728948150396 6.8
    endloop
  endfacet
  facet normal 0 0 1
    outer loop
      vertex 49.94968850130098 21.497832612580012 6.8
      vertex 49.93896227717855 22.878728948150396 6.8
      vertex 49.7393573421415 22.784322844783798 6.8
    endloop
  endfacet
  facet normal 0.9415440651830121 -0.336889853392244 -4.626810594792418e-19
    outer loop
      vertex 52.87872894815039 19.93896227717855 6.8
      vertex 52.95311575539747 20.14685947617746 1.8
      vertex 52.95311575539747 20.14685947617746 6.8
    endloop
  endfacet
  facet normal 0.970031253194548 -0.2429801799032483 -4.851693536482832e-19
    outer loop
      vertex 52.95311575539747 20.14685947617746 6.8
      vertex 53.006766880907264 20.361046775463713 1.8
      vertex 53.006766880907264 20.361046775463713 6.8
    endloop
  endfacet
  facet normal 0.9891765099647816 -0.14673047445535722 2.8161373685103237e-19
    outer loop
      vertex 53.006766880907264 20.361046775463713 6.8
      vertex 53.03916563501244 20.57946143425849 1.8
      vertex 53.03916563501244 20.57946143425849 6.8
    endloop
  endfacet
  facet normal 0.9987954562051718 -0.049067674327428666 -1.7277750691011344e-19
    outer loop
      vertex 53.03916563501244 20.57946143425849 6.8
      vertex 53.05 20.8 1.8
      vertex 53.05 20.8 6.8
    endloop
  endfacet
  facet normal 0.9987954562051718 0.049067674327428666 1.7277750691011344e-19
    outer loop
      vertex 53.05 20.8 6.8
      vertex 53.03916563501244 21.02053856574151 1.8
      vertex 53.03916563501244 21.02053856574151 6.8
    endloop
  endfacet
  facet normal 0.9891765099647816 0.14673047445535722 -2.8161373685103237e-19
    outer loop
      vertex 53.03916563501244 21.02053856574151 6.8
      vertex 53.006766880907264 21.23895322453629 1.8
      vertex 53.006766880907264 21.23895322453629 6.8
    endloop
  endfacet
  facet normal 0.970031253194548 0.2429801799032483 4.851693536482832e-19
    outer loop
      vertex 53.006766880907264 21.23895322453629 6.8
      vertex 52.95311575539747 21.45314052382254 1.8
      vertex 52.95311575539747 21.45314052382254 6.8
    endloop
  endfacet
  facet normal 0.9415440651830121 0.336889853392244 4.626810594792418e-19
    outer loop
      vertex 52.95311575539747 21.45314052382254 6.8
      vertex 52.87872894815039 21.66103772282145 1.8
      vertex 52.87872894815039 21.66103772282145 6.8
    endloop
  endfacet
  facet normal 0.7409511253549581 0.6715589548470197 0
    outer loop
      vertex 52.39099025766973 22.39099025766973 6.8
      vertex 52.53927352006615 22.227384889368203 6.8
      vertex 52.39099025766973 22.39099025766973 1.8
    endloop
  endfacet
  facet normal 0.6715589548470364 0.7409511253549428 0
    outer loop
      vertex 52.39099025766973 22.39099025766973 6.8
      vertex 52.39099025766973 22.39099025766973 1.8
      vertex 52.2273848893682 22.53927352006616 6.8
    endloop
  endfacet
  facet normal -0.33688985339222055 0.9415440651830205 -2.91582294037771e-19
    outer loop
      vertex 49.93896227717855 22.878728948150396 6.8
      vertex 50.146859476177454 22.95311575539747 6.8
      vertex 50.146859476177454 22.95311575539747 1.8
    endloop
  endfacet
  facet normal -0.24298017990326345 0.9700312531945442 5.449413046079078e-19
    outer loop
      vertex 50.146859476177454 22.95311575539747 6.8
      vertex 50.361046775463706 23.006766880907268 6.8
      vertex 50.361046775463706 23.006766880907268 1.8
    endloop
  endfacet
  facet normal -0.146730474455373 0.9891765099647793 -1.1867146267770927e-20
    outer loop
      vertex 50.361046775463706 23.006766880907268 6.8
      vertex 50.579461434258484 23.039165635012445 6.8
      vertex 50.579461434258484 23.039165635012445 1.8
    endloop
  endfacet
  facet normal -0.049067674327411825 0.9987954562051726 -1.3224354627761835e-19
    outer loop
      vertex 50.579461434258484 23.039165635012445 6.8
      vertex 50.8 23.05 6.8
      vertex 50.8 23.05 1.8
    endloop
  endfacet
  facet normal 0.049067674327411825 0.9987954562051726 1.3224354627761835e-19
    outer loop
      vertex 50.8 23.05 6.8
      vertex 51.02053856574151 23.039165635012445 6.8
      vertex 51.02053856574151 23.039165635012445 1.8
    endloop
  endfacet
  facet normal 0.146730474455373 0.9891765099647793 1.1867146267770927e-20
    outer loop
      vertex 51.02053856574151 23.039165635012445 6.8
      vertex 51.23895322453629 23.006766880907268 6.8
      vertex 51.23895322453629 23.006766880907268 1.8
    endloop
  endfacet
  facet normal 0.4275550934302862 0.9039892931234413 0
    outer loop
      vertex 51.86064265785849 22.784322844783798 6.8
      vertex 51.86064265785849 22.784322844783798 1.8
      vertex 51.66103772282145 22.878728948150396 6.8
    endloop
  endfacet
  facet normal 0.5956993044924159 0.8032075314806579 0
    outer loop
      vertex 52.2273848893682 22.53927352006616 6.8
      vertex 52.2273848893682 22.53927352006616 1.8
      vertex 52.0500330242941 22.670806627680726 6.8
    endloop
  endfacet
  facet normal 0.5141027441932222 0.8577286100002719 -5.039840064630576e-19
    outer loop
      vertex 51.86064265785849 22.784322844783798 6.8
      vertex 52.0500330242941 22.670806627680726 6.8
      vertex 52.0500330242941 22.670806627680726 1.8
    endloop
  endfacet
  facet normal 0.33688985339222055 0.9415440651830205 0
    outer loop
      vertex 51.66103772282145 22.878728948150396 6.8
      vertex 51.66103772282145 22.878728948150396 1.8
      vertex 51.45314052382254 22.95311575539747 6.8
    endloop
  endfacet
  facet normal 0.24298017990326345 0.9700312531945442 -5.449413046079078e-19
    outer loop
      vertex 51.23895322453629 23.006766880907268 6.8
      vertex 51.45314052382254 22.95311575539747 6.8
      vertex 51.45314052382254 22.95311575539747 1.8
    endloop
  endfacet
  facet normal 0.9039892931234476 0.42755509343027304 8.85471277279261e-19
    outer loop
      vertex 52.87872894815039 21.66103772282145 6.8
      vertex 52.784322844783794 21.860642657858495 1.8
      vertex 52.784322844783794 21.860642657858495 6.8
    endloop
  endfacet
  facet normal 0.8577286100002789 0.5141027441932103 -7.059392884966736e-19
    outer loop
      vertex 52.784322844783794 21.860642657858495 6.8
      vertex 52.670806627680726 22.050033024294105 1.8
      vertex 52.670806627680726 22.050033024294105 6.8
    endloop
  endfacet
  facet normal 0.8032075314806368 0.5956993044924443 1.3612314318142437e-18
    outer loop
      vertex 52.670806627680726 22.050033024294105 6.8
      vertex 52.53927352006615 22.227384889368203 1.8
      vertex 52.53927352006615 22.227384889368203 6.8
    endloop
  endfacet
  facet normal 0 0 1
    outer loop
      vertex 52.0500330242941 18.929193372319276 6.8
      vertex 51.87886380844355 20.58540064578226 6.8
      vertex 51.85263436930543 20.480686855020092 6.8
    endloop
  endfacet
  facet normal 0 0 1
    outer loop
      vertex 52.0500330242941 18.929193372319276 6.8
      vertex 51.89470319933941 20.692181145637484 6.8
      vertex 51.87886380844355 20.58540064578226 6.8
    endloop
  endfacet
  facet normal 0 0 1
    outer loop
      vertex 52.0500330242941 18.929193372319276 6.8
      vertex 51.9 20.8 6.8
      vertex 51.89470319933941 20.692181145637484 6.8
    endloop
  endfacet
  facet normal 0 0 1
    outer loop
      vertex 52.0500330242941 18.929193372319276 6.8
      vertex 52.2273848893682 19.06072647993384 6.8
      vertex 52.0500330242941 22.670806627680726 6.8
    endloop
  endfacet
  facet normal 0 0 1
    outer loop
      vertex 52.2273848893682 19.06072647993384 6.8
      vertex 52.39099025766973 19.20900974233027 6.8
      vertex 52.2273848893682 22.53927352006616 6.8
    endloop
  endfacet
  facet normal 0 0 1
    outer loop
      vertex 52.39099025766973 19.20900974233027 6.8
      vertex 52.53927352006615 19.3726151106318 6.8
      vertex 52.39099025766973 22.39099025766973 6.8
    endloop
  endfacet
  facet normal 0 0 1
    outer loop
      vertex 52.0500330242941 18.929193372319276 6.8
      vertex 51.86064265785849 22.784322844783798 6.8
      vertex 51.9 20.8 6.8
    endloop
  endfacet
  facet normal 0 0 1
    outer loop
      vertex 51.9 20.8 6.8
      vertex 51.86064265785849 22.784322844783798 6.8
      vertex 51.89470319933941 20.907818854362517 6.8
    endloop
  endfacet
  facet normal 0 0 1
    outer loop
      vertex 51.89470319933941 20.907818854362517 6.8
      vertex 51.86064265785849 22.784322844783798 6.8
      vertex 51.87886380844355 21.01459935421774 6.8
    endloop
  endfacet
  facet normal 0 0 1
    outer loop
      vertex 52.39099025766973 19.20900974233027 6.8
      vertex 52.39099025766973 22.39099025766973 6.8
      vertex 52.2273848893682 22.53927352006616 6.8
    endloop
  endfacet
  facet normal 0 0 1
    outer loop
      vertex 52.53927352006615 19.3726151106318 6.8
      vertex 52.53927352006615 22.227384889368203 6.8
      vertex 52.39099025766973 22.39099025766973 6.8
    endloop
  endfacet
  facet normal 0 0 1
    outer loop
      vertex 52.0500330242941 18.929193372319276 6.8
      vertex 52.0500330242941 22.670806627680726 6.8
      vertex 51.86064265785849 22.784322844783798 6.8
    endloop
  endfacet
  facet normal 0 0 1
    outer loop
      vertex 52.2273848893682 19.06072647993384 6.8
      vertex 52.2273848893682 22.53927352006616 6.8
      vertex 52.0500330242941 22.670806627680726 6.8
    endloop
  endfacet
  facet normal 0 0 1
    outer loop
      vertex 52.53927352006615 19.3726151106318 6.8
      vertex 52.670806627680726 19.549966975705896 6.8
      vertex 52.53927352006615 22.227384889368203 6.8
    endloop
  endfacet
  facet normal 0 0 1
    outer loop
      vertex 52.670806627680726 19.549966975705896 6.8
      vertex 52.784322844783794 19.739357342141506 6.8
      vertex 52.670806627680726 22.050033024294105 6.8
    endloop
  endfacet
  facet normal 0 0 1
    outer loop
      vertex 52.784322844783794 19.739357342141506 6.8
      vertex 52.87872894815039 19.93896227717855 6.8
      vertex 52.784322844783794 21.860642657858495 6.8
    endloop
  endfacet
  facet normal 0 0 1
    outer loop
      vertex 52.87872894815039 19.93896227717855 6.8
      vertex 52.95311575539747 20.14685947617746 6.8
      vertex 52.87872894815039 21.66103772282145 6.8
    endloop
  endfacet
  facet normal 0 0 1
    outer loop
      vertex 52.95311575539747 20.14685947617746 6.8
      vertex 53.006766880907264 20.361046775463713 6.8
      vertex 52.95311575539747 21.45314052382254 6.8
    endloop
  endfacet
  facet normal 0 0 1
    outer loop
      vertex 53.006766880907264 20.361046775463713 6.8
      vertex 53.03916563501244 20.57946143425849 6.8
      vertex 53.006766880907264 21.23895322453629 6.8
    endloop
  endfacet
  facet normal 0 0 1
    outer loop
      vertex 53.03916563501244 20.57946143425849 6.8
      vertex 53.05 20.8 6.8
      vertex 53.03916563501244 21.02053856574151 6.8
    endloop
  endfacet
  facet normal 0 0 1
    outer loop
      vertex 53.03916563501244 20.57946143425849 6.8
      vertex 53.03916563501244 21.02053856574151 6.8
      vertex 53.006766880907264 21.23895322453629 6.8
    endloop
  endfacet
  facet normal 0 0 1
    outer loop
      vertex 52.87872894815039 19.93896227717855 6.8
      vertex 52.87872894815039 21.66103772282145 6.8
      vertex 52.784322844783794 21.860642657858495 6.8
    endloop
  endfacet
  facet normal 0 0 1
    outer loop
      vertex 53.006766880907264 20.361046775463713 6.8
      vertex 53.006766880907264 21.23895322453629 6.8
      vertex 52.95311575539747 21.45314052382254 6.8
    endloop
  endfacet
  facet normal 0 0 1
    outer loop
      vertex 52.95311575539747 20.14685947617746 6.8
      vertex 52.95311575539747 21.45314052382254 6.8
      vertex 52.87872894815039 21.66103772282145 6.8
    endloop
  endfacet
  facet normal 0 0 1
    outer loop
      vertex 52.670806627680726 19.549966975705896 6.8
      vertex 52.670806627680726 22.050033024294105 6.8
      vertex 52.53927352006615 22.227384889368203 6.8
    endloop
  endfacet
  facet normal 0 0 1
    outer loop
      vertex 52.784322844783794 19.739357342141506 6.8
      vertex 52.784322844783794 21.860642657858495 6.8
      vertex 52.670806627680726 22.050033024294105 6.8
    endloop
  endfacet
  facet normal 0 0 1
    outer loop
      vertex 50.10216738741999 21.65031149869901 6.8
      vertex 50.18887274367844 21.7146165735328 6.8
      vertex 49.93896227717855 22.878728948150396 6.8
    endloop
  endfacet
  facet normal 0 0 1
    outer loop
      vertex 50.18887274367844 21.7146165735328 6.8
      vertex 50.2814635894914 21.77011339078319 6.8
      vertex 50.146859476177454 22.95311575539747 6.8
    endloop
  endfacet
  facet normal 0 0 1
    outer loop
      vertex 50.2814635894914 21.77011339078319 6.8
      vertex 50.379048224398396 21.816267485762417 6.8
      vertex 50.146859476177454 22.95311575539747 6.8
    endloop
  endfacet
  facet normal 0 0 1
    outer loop
      vertex 50.379048224398396 21.816267485762417 6.8
      vertex 50.48068685502009 21.85263436930543 6.8
      vertex 50.361046775463706 23.006766880907268 6.8
    endloop
  endfacet
  facet normal 0 0 1
    outer loop
      vertex 50.48068685502009 21.85263436930543 6.8
      vertex 50.58540064578226 21.878863808443555 6.8
      vertex 50.361046775463706 23.006766880907268 6.8
    endloop
  endfacet
  facet normal 0 0 1
    outer loop
      vertex 50.58540064578226 21.878863808443555 6.8
      vertex 50.692181145637484 21.894703199339418 6.8
      vertex 50.579461434258484 23.039165635012445 6.8
    endloop
  endfacet
  facet normal 0 0 1
    outer loop
      vertex 51.2209517756016 21.816267485762417 6.8
      vertex 51.23895322453629 23.006766880907268 6.8
      vertex 51.119313144979905 21.85263436930543 6.8
    endloop
  endfacet
  facet normal 0 0 1
    outer loop
      vertex 51.31853641050859 21.77011339078319 6.8
      vertex 51.23895322453629 23.006766880907268 6.8
      vertex 51.2209517756016 21.816267485762417 6.8
    endloop
  endfacet
  facet normal 0 0 1
    outer loop
      vertex 50.692181145637484 21.894703199339418 6.8
      vertex 50.8 21.900000000000002 6.8
      vertex 50.8 23.05 6.8
    endloop
  endfacet
  facet normal 0 0 1
    outer loop
      vertex 50.8 21.900000000000002 6.8
      vertex 50.90781885436251 21.894703199339418 6.8
      vertex 50.8 23.05 6.8
    endloop
  endfacet
  facet normal 0 0 1
    outer loop
      vertex 50.90781885436251 21.894703199339418 6.8
      vertex 51.01459935421774 21.878863808443555 6.8
      vertex 51.02053856574151 23.039165635012445 6.8
    endloop
  endfacet
  facet normal 0 0 1
    outer loop
      vertex 51.01459935421774 21.878863808443555 6.8
      vertex 51.119313144979905 21.85263436930543 6.8
      vertex 51.02053856574151 23.039165635012445 6.8
    endloop
  endfacet
  facet normal 0 0 1
    outer loop
      vertex 51.87886380844355 21.01459935421774 6.8
      vertex 51.86064265785849 22.784322844783798 6.8
      vertex 51.85263436930543 21.11931314497991 6.8
    endloop
  endfacet
  facet normal 0 0 1
    outer loop
      vertex 51.85263436930543 21.11931314497991 6.8
      vertex 51.86064265785849 22.784322844783798 6.8
      vertex 51.81626748576241 21.2209517756016 6.8
    endloop
  endfacet
  facet normal 0 0 1
    outer loop
      vertex 51.81626748576241 21.2209517756016 6.8
      vertex 51.86064265785849 22.784322844783798 6.8
      vertex 51.77011339078319 21.3185364105086 6.8
    endloop
  endfacet
  facet normal 0 0 1
    outer loop
      vertex 51.77011339078319 21.3185364105086 6.8
      vertex 51.66103772282145 22.878728948150396 6.8
      vertex 51.714616573532794 21.411127256321564 6.8
    endloop
  endfacet
  facet normal 0 0 1
    outer loop
      vertex 51.714616573532794 21.411127256321564 6.8
      vertex 51.66103772282145 22.878728948150396 6.8
      vertex 51.65031149869901 21.497832612580012 6.8
    endloop
  endfacet
  facet normal 0 0 1
    outer loop
      vertex 51.65031149869901 21.497832612580012 6.8
      vertex 51.66103772282145 22.878728948150396 6.8
      vertex 51.5778174593052 21.5778174593052 6.8
    endloop
  endfacet
  facet normal 0 0 1
    outer loop
      vertex 51.497832612580005 21.65031149869901 6.8
      vertex 51.45314052382254 22.95311575539747 6.8
      vertex 51.411127256321556 21.7146165735328 6.8
    endloop
  endfacet
  facet normal 0 0 1
    outer loop
      vertex 51.5778174593052 21.5778174593052 6.8
      vertex 51.45314052382254 22.95311575539747 6.8
      vertex 51.497832612580005 21.65031149869901 6.8
    endloop
  endfacet
  facet normal 0 0 1
    outer loop
      vertex 51.31853641050859 21.77011339078319 6.8
      vertex 51.411127256321556 21.7146165735328 6.8
      vertex 51.45314052382254 22.95311575539747 6.8
    endloop
  endfacet
  facet normal 0 0 1
    outer loop
      vertex 51.77011339078319 21.3185364105086 6.8
      vertex 51.86064265785849 22.784322844783798 6.8
      vertex 51.66103772282145 22.878728948150396 6.8
    endloop
  endfacet
  facet normal 0 0 1
    outer loop
      vertex 50.18887274367844 21.7146165735328 6.8
      vertex 50.146859476177454 22.95311575539747 6.8
      vertex 49.93896227717855 22.878728948150396 6.8
    endloop
  endfacet
  facet normal 0 0 1
    outer loop
      vertex 50.379048224398396 21.816267485762417 6.8
      vertex 50.361046775463706 23.006766880907268 6.8
      vertex 50.146859476177454 22.95311575539747 6.8
    endloop
  endfacet
  facet normal 0 0 1
    outer loop
      vertex 50.58540064578226 21.878863808443555 6.8
      vertex 50.579461434258484 23.039165635012445 6.8
      vertex 50.361046775463706 23.006766880907268 6.8
    endloop
  endfacet
  facet normal 0 0 1
    outer loop
      vertex 51.119313144979905 21.85263436930543 6.8
      vertex 51.23895322453629 23.006766880907268 6.8
      vertex 51.02053856574151 23.039165635012445 6.8
    endloop
  endfacet
  facet normal 0 0 1
    outer loop
      vertex 50.692181145637484 21.894703199339418 6.8
      vertex 50.8 23.05 6.8
      vertex 50.579461434258484 23.039165635012445 6.8
    endloop
  endfacet
  facet normal 0 0 1
    outer loop
      vertex 50.90781885436251 21.894703199339418 6.8
      vertex 51.02053856574151 23.039165635012445 6.8
      vertex 50.8 23.05 6.8
    endloop
  endfacet
  facet normal 0 0 1
    outer loop
      vertex 51.5778174593052 21.5778174593052 6.8
      vertex 51.66103772282145 22.878728948150396 6.8
      vertex 51.45314052382254 22.95311575539747 6.8
    endloop
  endfacet
  facet normal 0 0 1
    outer loop
      vertex 51.31853641050859 21.77011339078319 6.8
      vertex 51.45314052382254 22.95311575539747 6.8
      vertex 51.23895322453629 23.006766880907268 6.8
    endloop
  endfacet
  facet normal 0.7409511253549624 0.6715589548470147 0
    outer loop
      vertex 4.949688501300989 5.10216738741999 6.8
      vertex 5.022182540694797 5.022182540694797 1.8
      vertex 4.949688501300989 5.10216738741999 1.8
    endloop
  endfacet
  facet normal 0.8032075314806464 0.5956993044924315 0
    outer loop
      vertex 4.8853834264672 5.188872743678438 6.8
      vertex 4.949688501300989 5.10216738741999 1.8
      vertex 4.8853834264672 5.188872743678438 1.8
    endloop
  endfacet
  facet normal 0.8577286100002701 0.5141027441932251 0
    outer loop
      vertex 4.82988660921681 5.281463589491402 6.8
      vertex 4.8853834264672 5.188872743678438 1.8
      vertex 4.82988660921681 5.281463589491402 1.8
    endloop
  endfacet
  facet normal 0.9039892931234442 0.42755509343028025 0
    outer loop
      vertex 4.783732514237585 5.379048224398401 6.8
      vertex 4.82988660921681 5.281463589491402 1.8
      vertex 4.783732514237585 5.379048224398401 1.8
    endloop
  endfacet
  facet normal 0.9415440651830193 0.33688985339222405 0
    outer loop
      vertex 4.74736563069457 5.480686855020092 6.8
      vertex 4.783732514237585 5.379048224398401 1.8
      vertex 4.74736563069457 5.480686855020092 1.8
    endloop
  endfacet
  facet normal 0.9700312531945454 0.24298017990325857 0
    outer loop
      vertex 4.721136191556447 5.585400645782259 6.8
      vertex 4.74736563069457 5.480686855020092 1.8
      vertex 4.721136191556447 5.585400645782259 1.8
    endloop
  endfacet
  facet normal 0.98917650996478 0.14673047445536863 0
    outer loop
      vertex 4.705296800660583 5.692181145637483 6.8
      vertex 4.721136191556447 5.585400645782259 1.8
      vertex 4.705296800660583 5.692181145637483 1.8
    endloop
  endfacet
  facet normal 0.9987954562051723 0.04906767432741941 0
    outer loop
      vertex 4.699999999999999 5.8 6.8
      vertex 4.705296800660583 5.692181145637483 1.8
      vertex 4.699999999999999 5.8 1.8
    endloop
  endfacet
  facet normal 0.9987954562051723 -0.04906767432741941 0
    outer loop
      vertex 4.705296800660583 5.9078188543625165 6.8
      vertex 4.699999999999999 5.8 1.8
      vertex 4.705296800660583 5.9078188543625165 1.8
    endloop
  endfacet
  facet normal 0.98917650996478 -0.14673047445536863 0
    outer loop
      vertex 4.721136191556447 6.014599354217741 6.8
      vertex 4.705296800660583 5.9078188543625165 1.8
      vertex 4.721136191556447 6.014599354217741 1.8
    endloop
  endfacet
  facet normal 0.9700312531945454 -0.24298017990325857 0
    outer loop
      vertex 4.74736563069457 6.119313144979908 6.8
      vertex 4.721136191556447 6.014599354217741 1.8
      vertex 4.74736563069457 6.119313144979908 1.8
    endloop
  endfacet
  facet normal 0.9415440651830193 -0.33688985339222405 0
    outer loop
      vertex 4.783732514237585 6.220951775601598 6.8
      vertex 4.74736563069457 6.119313144979908 1.8
      vertex 4.783732514237585 6.220951775601598 1.8
    endloop
  endfacet
  facet normal 0.9039892931234442 -0.42755509343028025 0
    outer loop
      vertex 4.82988660921681 6.318536410508598 6.8
      vertex 4.783732514237585 6.220951775601598 1.8
      vertex 4.82988660921681 6.318536410508598 1.8
    endloop
  endfacet
  facet normal 0.8577286100002701 -0.5141027441932251 0
    outer loop
      vertex 4.8853834264672 6.411127256321562 6.8
      vertex 4.82988660921681 6.318536410508598 1.8
      vertex 4.8853834264672 6.411127256321562 1.8
    endloop
  endfacet
  facet normal 0.8032075314806464 -0.5956993044924315 0
    outer loop
      vertex 4.949688501300989 6.49783261258001 6.8
      vertex 4.8853834264672 6.411127256321562 1.8
      vertex 4.949688501300989 6.49783261258001 1.8
    endloop
  endfacet
  facet normal 0.7409511253549624 -0.6715589548470147 0
    outer loop
      vertex 5.022182540694797 6.577817459305202 6.8
      vertex 4.949688501300989 6.49783261258001 1.8
      vertex 5.022182540694797 6.577817459305202 1.8
    endloop
  endfacet
  facet normal 0.33688985339222405 0.9415440651830193 0
    outer loop
      vertex 5.379048224398401 4.783732514237585 6.8
      vertex 5.480686855020092 4.74736563069457 1.8
      vertex 5.379048224398401 4.783732514237585 1.8
    endloop
  endfacet
  facet normal 0.14673047445536863 0.98917650996478 0
    outer loop
      vertex 5.585400645782259 4.721136191556447 6.8
      vertex 5.692181145637483 4.705296800660583 1.8
      vertex 5.585400645782259 4.721136191556447 1.8
    endloop
  endfacet
  facet normal 0.24298017990325857 0.9700312531945454 0
    outer loop
      vertex 5.480686855020092 4.74736563069457 6.8
      vertex 5.585400645782259 4.721136191556447 1.8
      vertex 5.480686855020092 4.74736563069457 1.8
    endloop
  endfacet
  facet normal 0.42755509343028025 0.9039892931234442 0
    outer loop
      vertex 5.281463589491402 4.82988660921681 6.8
      vertex 5.379048224398401 4.783732514237585 1.8
      vertex 5.281463589491402 4.82988660921681 1.8
    endloop
  endfacet
  facet normal 0.5141027441932251 0.8577286100002701 0
    outer loop
      vertex 5.188872743678438 4.8853834264672 6.8
      vertex 5.281463589491402 4.82988660921681 1.8
      vertex 5.188872743678438 4.8853834264672 1.8
    endloop
  endfacet
  facet normal 0.5956993044924315 0.8032075314806464 0
    outer loop
      vertex 5.10216738741999 4.949688501300989 6.8
      vertex 5.188872743678438 4.8853834264672 1.8
      vertex 5.10216738741999 4.949688501300989 1.8
    endloop
  endfacet
  facet normal 0.04906767432741941 0.9987954562051723 0
    outer loop
      vertex 5.692181145637483 4.705296800660583 6.8
      vertex 5.8 4.699999999999999 1.8
      vertex 5.692181145637483 4.705296800660583 1.8
    endloop
  endfacet
  facet normal -0.04906767432741941 0.9987954562051723 0
    outer loop
      vertex 5.8 4.699999999999999 6.8
      vertex 5.9078188543625165 4.705296800660583 1.8
      vertex 5.8 4.699999999999999 1.8
    endloop
  endfacet
  facet normal -0.14673047445536863 0.98917650996478 0
    outer loop
      vertex 5.9078188543625165 4.705296800660583 6.8
      vertex 6.014599354217741 4.721136191556447 1.8
      vertex 5.9078188543625165 4.705296800660583 1.8
    endloop
  endfacet
  facet normal -0.24298017990325857 0.9700312531945454 0
    outer loop
      vertex 6.014599354217741 4.721136191556447 6.8
      vertex 6.119313144979908 4.74736563069457 1.8
      vertex 6.014599354217741 4.721136191556447 1.8
    endloop
  endfacet
  facet normal -0.33688985339222405 0.9415440651830193 0
    outer loop
      vertex 6.119313144979908 4.74736563069457 6.8
      vertex 6.220951775601598 4.783732514237585 1.8
      vertex 6.119313144979908 4.74736563069457 1.8
    endloop
  endfacet
  facet normal -0.42755509343028025 0.9039892931234442 0
    outer loop
      vertex 6.220951775601598 4.783732514237585 6.8
      vertex 6.318536410508598 4.82988660921681 1.8
      vertex 6.220951775601598 4.783732514237585 1.8
    endloop
  endfacet
  facet normal -0.5141027441932251 0.8577286100002701 0
    outer loop
      vertex 6.318536410508598 4.82988660921681 6.8
      vertex 6.411127256321562 4.8853834264672 1.8
      vertex 6.318536410508598 4.82988660921681 1.8
    endloop
  endfacet
  facet normal -0.5956993044924315 0.8032075314806464 0
    outer loop
      vertex 6.411127256321562 4.8853834264672 6.8
      vertex 6.49783261258001 4.949688501300989 1.8
      vertex 6.411127256321562 4.8853834264672 1.8
    endloop
  endfacet
  facet normal -0.6715589548470147 0.7409511253549624 0
    outer loop
      vertex 6.49783261258001 4.949688501300989 6.8
      vertex 6.577817459305202 5.022182540694797 1.8
      vertex 6.49783261258001 4.949688501300989 1.8
    endloop
  endfacet
  facet normal 0.6715589548470147 0.7409511253549624 0
    outer loop
      vertex 5.022182540694797 5.022182540694797 6.8
      vertex 5.10216738741999 4.949688501300989 1.8
      vertex 5.022182540694797 5.022182540694797 1.8
    endloop
  endfacet
  facet normal -0.7409511253549624 0.6715589548470147 0
    outer loop
      vertex 6.577817459305202 5.022182540694797 6.8
      vertex 6.65031149869901 5.10216738741999 1.8
      vertex 6.577817459305202 5.022182540694797 1.8
    endloop
  endfacet
  facet normal -0.8032075314806464 0.5956993044924315 0
    outer loop
      vertex 6.65031149869901 5.10216738741999 6.8
      vertex 6.714616573532799 5.188872743678438 1.8
      vertex 6.65031149869901 5.10216738741999 1.8
    endloop
  endfacet
  facet normal -0.8577286100002701 0.5141027441932251 0
    outer loop
      vertex 6.714616573532799 5.188872743678438 6.8
      vertex 6.77011339078319 5.281463589491402 1.8
      vertex 6.714616573532799 5.188872743678438 1.8
    endloop
  endfacet
  facet normal -0.9039892931234442 0.42755509343028025 0
    outer loop
      vertex 6.77011339078319 5.281463589491402 6.8
      vertex 6.816267485762415 5.379048224398401 1.8
      vertex 6.77011339078319 5.281463589491402 1.8
    endloop
  endfacet
  facet normal -0.9415440651830193 0.33688985339222405 0
    outer loop
      vertex 6.816267485762415 5.379048224398401 6.8
      vertex 6.85263436930543 5.480686855020092 1.8
      vertex 6.816267485762415 5.379048224398401 1.8
    endloop
  endfacet
  facet normal -0.9700312531945454 0.24298017990325857 0
    outer loop
      vertex 6.85263436930543 5.480686855020092 6.8
      vertex 6.878863808443553 5.585400645782259 1.8
      vertex 6.85263436930543 5.480686855020092 1.8
    endloop
  endfacet
  facet normal -0.98917650996478 0.14673047445536863 0
    outer loop
      vertex 6.878863808443553 5.585400645782259 6.8
      vertex 6.894703199339417 5.692181145637483 1.8
      vertex 6.878863808443553 5.585400645782259 1.8
    endloop
  endfacet
  facet normal -0.9987954562051723 0.04906767432741941 0
    outer loop
      vertex 6.894703199339417 5.692181145637483 6.8
      vertex 6.9 5.8 1.8
      vertex 6.894703199339417 5.692181145637483 1.8
    endloop
  endfacet
  facet normal 0.6715589548470147 -0.7409511253549624 0
    outer loop
      vertex 5.10216738741999 6.65031149869901 6.8
      vertex 5.022182540694797 6.577817459305202 1.8
      vertex 5.10216738741999 6.65031149869901 1.8
    endloop
  endfacet
  facet normal -0.9700312531945454 -0.24298017990325857 0
    outer loop
      vertex 6.878863808443553 6.014599354217741 6.8
      vertex 6.85263436930543 6.119313144979908 1.8
      vertex 6.878863808443553 6.014599354217741 1.8
    endloop
  endfacet
  facet normal -0.9415440651830193 -0.33688985339222405 0
    outer loop
      vertex 6.85263436930543 6.119313144979908 6.8
      vertex 6.816267485762415 6.220951775601598 1.8
      vertex 6.85263436930543 6.119313144979908 1.8
    endloop
  endfacet
  facet normal -0.9987954562051723 -0.04906767432741941 0
    outer loop
      vertex 6.9 5.8 6.8
      vertex 6.894703199339417 5.9078188543625165 1.8
      vertex 6.9 5.8 1.8
    endloop
  endfacet
  facet normal -0.98917650996478 -0.14673047445536863 0
    outer loop
      vertex 6.894703199339417 5.9078188543625165 6.8
      vertex 6.878863808443553 6.014599354217741 1.8
      vertex 6.894703199339417 5.9078188543625165 1.8
    endloop
  endfacet
  facet normal -0.9039892931234442 -0.42755509343028025 0
    outer loop
      vertex 6.816267485762415 6.220951775601598 6.8
      vertex 6.77011339078319 6.318536410508598 1.8
      vertex 6.816267485762415 6.220951775601598 1.8
    endloop
  endfacet
  facet normal -0.8032075314806464 -0.5956993044924315 0
    outer loop
      vertex 6.714616573532799 6.411127256321562 6.8
      vertex 6.65031149869901 6.49783261258001 1.8
      vertex 6.714616573532799 6.411127256321562 1.8
    endloop
  endfacet
  facet normal -0.8577286100002701 -0.5141027441932251 0
    outer loop
      vertex 6.77011339078319 6.318536410508598 6.8
      vertex 6.714616573532799 6.411127256321562 1.8
      vertex 6.77011339078319 6.318536410508598 1.8
    endloop
  endfacet
  facet normal -0.6715589548470147 -0.7409511253549624 0
    outer loop
      vertex 6.577817459305202 6.577817459305202 6.8
      vertex 6.49783261258001 6.65031149869901 1.8
      vertex 6.577817459305202 6.577817459305202 1.8
    endloop
  endfacet
  facet normal -0.7409511253549624 -0.6715589548470147 0
    outer loop
      vertex 6.65031149869901 6.49783261258001 6.8
      vertex 6.577817459305202 6.577817459305202 1.8
      vertex 6.65031149869901 6.49783261258001 1.8
    endloop
  endfacet
  facet normal 0.7409511253549624 0.6715589548470147 -7.313634704048465e-20
    outer loop
      vertex 4.949688501300989 5.10216738741999 6.8
      vertex 5.022182540694797 5.022182540694797 6.8
      vertex 5.022182540694797 5.022182540694797 1.8
    endloop
  endfacet
  facet normal 0.8032075314806464 0.5956993044924315 0
    outer loop
      vertex 4.949688501300989 5.10216738741999 6.8
      vertex 4.949688501300989 5.10216738741999 1.8
      vertex 4.8853834264672 5.188872743678438 6.8
    endloop
  endfacet
  facet normal 0.8577286100002701 0.5141027441932251 0
    outer loop
      vertex 4.8853834264672 5.188872743678438 6.8
      vertex 4.8853834264672 5.188872743678438 1.8
      vertex 4.82988660921681 5.281463589491402 6.8
    endloop
  endfacet
  facet normal 0.9039892931234442 0.42755509343028025 0
    outer loop
      vertex 4.82988660921681 5.281463589491402 6.8
      vertex 4.82988660921681 5.281463589491402 1.8
      vertex 4.783732514237585 5.379048224398401 6.8
    endloop
  endfacet
  facet normal 0.9415440651830193 0.33688985339222405 0
    outer loop
      vertex 4.783732514237585 5.379048224398401 6.8
      vertex 4.783732514237585 5.379048224398401 1.8
      vertex 4.74736563069457 5.480686855020092 6.8
    endloop
  endfacet
  facet normal 0.9700312531945454 0.24298017990325857 0
    outer loop
      vertex 4.74736563069457 5.480686855020092 6.8
      vertex 4.74736563069457 5.480686855020092 1.8
      vertex 4.721136191556447 5.585400645782259 6.8
    endloop
  endfacet
  facet normal 0.98917650996478 0.14673047445536863 0
    outer loop
      vertex 4.721136191556447 5.585400645782259 6.8
      vertex 4.721136191556447 5.585400645782259 1.8
      vertex 4.705296800660583 5.692181145637483 6.8
    endloop
  endfacet
  facet normal 0.9987954562051723 0.04906767432741941 1.7980224191887422e-20
    outer loop
      vertex 4.699999999999999 5.8 6.8
      vertex 4.705296800660583 5.692181145637483 6.8
      vertex 4.705296800660583 5.692181145637483 1.8
    endloop
  endfacet
  facet normal 0.9987954562051723 -0.04906767432741941 0
    outer loop
      vertex 4.699999999999999 5.8 6.8
      vertex 4.699999999999999 5.8 1.8
      vertex 4.705296800660583 5.9078188543625165 6.8
    endloop
  endfacet
  facet normal 0.98917650996478 -0.14673047445536863 0
    outer loop
      vertex 4.705296800660583 5.9078188543625165 6.8
      vertex 4.705296800660583 5.9078188543625165 1.8
      vertex 4.721136191556447 6.014599354217741 6.8
    endloop
  endfacet
  facet normal 0.9700312531945454 -0.24298017990325857 0
    outer loop
      vertex 4.721136191556447 6.014599354217741 6.8
      vertex 4.721136191556447 6.014599354217741 1.8
      vertex 4.74736563069457 6.119313144979908 6.8
    endloop
  endfacet
  facet normal 0.9415440651830193 -0.33688985339222405 0
    outer loop
      vertex 4.74736563069457 6.119313144979908 6.8
      vertex 4.74736563069457 6.119313144979908 1.8
      vertex 4.783732514237585 6.220951775601598 6.8
    endloop
  endfacet
  facet normal 0.9039892931234442 -0.42755509343028025 0
    outer loop
      vertex 4.783732514237585 6.220951775601598 6.8
      vertex 4.783732514237585 6.220951775601598 1.8
      vertex 4.82988660921681 6.318536410508598 6.8
    endloop
  endfacet
  facet normal 0.8577286100002701 -0.5141027441932251 0
    outer loop
      vertex 4.82988660921681 6.318536410508598 6.8
      vertex 4.82988660921681 6.318536410508598 1.8
      vertex 4.8853834264672 6.411127256321562 6.8
    endloop
  endfacet
  facet normal 0.8032075314806464 -0.5956993044924315 0
    outer loop
      vertex 4.8853834264672 6.411127256321562 6.8
      vertex 4.8853834264672 6.411127256321562 1.8
      vertex 4.949688501300989 6.49783261258001 6.8
    endloop
  endfacet
  facet normal 0.7409511253549624 -0.6715589548470147 0
    outer loop
      vertex 4.949688501300989 6.49783261258001 6.8
      vertex 4.949688501300989 6.49783261258001 1.8
      vertex 5.022182540694797 6.577817459305202 6.8
    endloop
  endfacet
  facet normal 0.33688985339222405 0.9415440651830193 0
    outer loop
      vertex 5.480686855020092 4.74736563069457 6.8
      vertex 5.480686855020092 4.74736563069457 1.8
      vertex 5.379048224398401 4.783732514237585 6.8
    endloop
  endfacet
  facet normal 0.24298017990325857 0.9700312531945454 2.0911306818718088e-19
    outer loop
      vertex 5.480686855020092 4.74736563069457 6.8
      vertex 5.585400645782259 4.721136191556447 6.8
      vertex 5.585400645782259 4.721136191556447 1.8
    endloop
  endfacet
  facet normal 0.5141027441932251 0.8577286100002701 5.441524878117402e-19
    outer loop
      vertex 5.188872743678438 4.8853834264672 6.8
      vertex 5.281463589491402 4.82988660921681 6.8
      vertex 5.281463589491402 4.82988660921681 1.8
    endloop
  endfacet
  facet normal 0.5956993044924315 0.8032075314806464 0
    outer loop
      vertex 5.188872743678438 4.8853834264672 6.8
      vertex 5.188872743678438 4.8853834264672 1.8
      vertex 5.10216738741999 4.949688501300989 6.8
    endloop
  endfacet
  facet normal 0.6715589548470147 0.7409511253549624 0
    outer loop
      vertex 5.10216738741999 4.949688501300989 6.8
      vertex 5.10216738741999 4.949688501300989 1.8
      vertex 5.022182540694797 5.022182540694797 6.8
    endloop
  endfacet
  facet normal 0.42755509343028025 0.9039892931234442 0
    outer loop
      vertex 5.379048224398401 4.783732514237585 6.8
      vertex 5.379048224398401 4.783732514237585 1.8
      vertex 5.281463589491402 4.82988660921681 6.8
    endloop
  endfacet
  facet normal 0.14673047445536863 0.98917650996478 -9.390991447848126e-20
    outer loop
      vertex 5.585400645782259 4.721136191556447 6.8
      vertex 5.692181145637483 4.705296800660583 6.8
      vertex 5.692181145637483 4.705296800660583 1.8
    endloop
  endfacet
  facet normal 0.04906767432741941 0.9987954562051723 1.7980224191887422e-20
    outer loop
      vertex 5.692181145637483 4.705296800660583 6.8
      vertex 5.8 4.699999999999999 6.8
      vertex 5.8 4.699999999999999 1.8
    endloop
  endfacet
  facet normal -0.04906767432741941 0.9987954562051723 -1.7980224191887422e-20
    outer loop
      vertex 5.8 4.699999999999999 6.8
      vertex 5.9078188543625165 4.705296800660583 6.8
      vertex 5.9078188543625165 4.705296800660583 1.8
    endloop
  endfacet
  facet normal -0.14673047445536863 0.98917650996478 9.390991447848126e-20
    outer loop
      vertex 5.9078188543625165 4.705296800660583 6.8
      vertex 6.014599354217741 4.721136191556447 6.8
      vertex 6.014599354217741 4.721136191556447 1.8
    endloop
  endfacet
  facet normal -0.24298017990325857 0.9700312531945454 -2.0911306818718088e-19
    outer loop
      vertex 6.014599354217741 4.721136191556447 6.8
      vertex 6.119313144979908 4.74736563069457 6.8
      vertex 6.119313144979908 4.74736563069457 1.8
    endloop
  endfacet
  facet normal -0.33688985339222405 0.9415440651830193 -3.3250766969067607e-19
    outer loop
      vertex 6.119313144979908 4.74736563069457 6.8
      vertex 6.220951775601598 4.783732514237585 6.8
      vertex 6.220951775601598 4.783732514237585 1.8
    endloop
  endfacet
  facet normal -0.42755509343028025 0.9039892931234442 -2.215387251917391e-19
    outer loop
      vertex 6.220951775601598 4.783732514237585 6.8
      vertex 6.318536410508598 4.82988660921681 6.8
      vertex 6.318536410508598 4.82988660921681 1.8
    endloop
  endfacet
  facet normal -0.5141027441932251 0.8577286100002701 -5.441524878117402e-19
    outer loop
      vertex 6.318536410508598 4.82988660921681 6.8
      vertex 6.411127256321562 4.8853834264672 6.8
      vertex 6.411127256321562 4.8853834264672 1.8
    endloop
  endfacet
  facet normal -0.5956993044924315 0.8032075314806464 5.044678171390919e-19
    outer loop
      vertex 6.411127256321562 4.8853834264672 6.8
      vertex 6.49783261258001 4.949688501300989 6.8
      vertex 6.49783261258001 4.949688501300989 1.8
    endloop
  endfacet
  facet normal -0.6715589548470147 0.7409511253549624 7.313634704048465e-20
    outer loop
      vertex 6.49783261258001 4.949688501300989 6.8
      vertex 6.577817459305202 5.022182540694797 6.8
      vertex 6.577817459305202 5.022182540694797 1.8
    endloop
  endfacet
  facet normal -0.7409511253549624 0.6715589548470147 7.313634704048465e-20
    outer loop
      vertex 6.577817459305202 5.022182540694797 6.8
      vertex 6.65031149869901 5.10216738741999 6.8
      vertex 6.65031149869901 5.10216738741999 1.8
    endloop
  endfacet
  facet normal -0.8032075314806464 0.5956993044924315 5.044678171390919e-19
    outer loop
      vertex 6.65031149869901 5.10216738741999 6.8
      vertex 6.714616573532799 5.188872743678438 6.8
      vertex 6.714616573532799 5.188872743678438 1.8
    endloop
  endfacet
  facet normal -0.8577286100002701 0.5141027441932251 -5.441524878117402e-19
    outer loop
      vertex 6.714616573532799 5.188872743678438 6.8
      vertex 6.77011339078319 5.281463589491402 6.8
      vertex 6.77011339078319 5.281463589491402 1.8
    endloop
  endfacet
  facet normal -0.9039892931234442 0.42755509343028025 -2.215387251917391e-19
    outer loop
      vertex 6.77011339078319 5.281463589491402 6.8
      vertex 6.816267485762415 5.379048224398401 6.8
      vertex 6.816267485762415 5.379048224398401 1.8
    endloop
  endfacet
  facet normal -0.9415440651830193 0.33688985339222405 -3.3250766969067607e-19
    outer loop
      vertex 6.816267485762415 5.379048224398401 6.8
      vertex 6.85263436930543 5.480686855020092 6.8
      vertex 6.85263436930543 5.480686855020092 1.8
    endloop
  endfacet
  facet normal -0.9700312531945454 0.24298017990325857 -2.0911306818718088e-19
    outer loop
      vertex 6.85263436930543 5.480686855020092 6.8
      vertex 6.878863808443553 5.585400645782259 6.8
      vertex 6.878863808443553 5.585400645782259 1.8
    endloop
  endfacet
  facet normal -0.98917650996478 0.14673047445536863 9.390991447848126e-20
    outer loop
      vertex 6.878863808443553 5.585400645782259 6.8
      vertex 6.894703199339417 5.692181145637483 6.8
      vertex 6.894703199339417 5.692181145637483 1.8
    endloop
  endfacet
  facet normal -0.9987954562051723 0.04906767432741941 -1.7980224191887422e-20
    outer loop
      vertex 6.894703199339417 5.692181145637483 6.8
      vertex 6.9 5.8 6.8
      vertex 6.9 5.8 1.8
    endloop
  endfacet
  facet normal 0.6715589548470147 -0.7409511253549624 0
    outer loop
      vertex 5.022182540694797 6.577817459305202 6.8
      vertex 5.022182540694797 6.577817459305202 1.8
      vertex 5.10216738741999 6.65031149869901 6.8
    endloop
  endfacet
  facet normal -0.9700312531945454 -0.24298017990325857 2.0911306818718088e-19
    outer loop
      vertex 6.878863808443553 6.014599354217741 6.8
      vertex 6.85263436930543 6.119313144979908 6.8
      vertex 6.85263436930543 6.119313144979908 1.8
    endloop
  endfacet
  facet normal -0.9415440651830193 -0.33688985339222405 3.3250766969067607e-19
    outer loop
      vertex 6.85263436930543 6.119313144979908 6.8
      vertex 6.816267485762415 6.220951775601598 6.8
      vertex 6.816267485762415 6.220951775601598 1.8
    endloop
  endfacet
  facet normal -0.9987954562051723 -0.04906767432741941 1.7980224191887422e-20
    outer loop
      vertex 6.9 5.8 6.8
      vertex 6.894703199339417 5.9078188543625165 6.8
      vertex 6.894703199339417 5.9078188543625165 1.8
    endloop
  endfacet
  facet normal -0.98917650996478 -0.14673047445536863 -9.390991447848126e-20
    outer loop
      vertex 6.894703199339417 5.9078188543625165 6.8
      vertex 6.878863808443553 6.014599354217741 6.8
      vertex 6.878863808443553 6.014599354217741 1.8
    endloop
  endfacet
  facet normal -0.9039892931234442 -0.42755509343028025 2.215387251917391e-19
    outer loop
      vertex 6.816267485762415 6.220951775601598 6.8
      vertex 6.77011339078319 6.318536410508598 6.8
      vertex 6.77011339078319 6.318536410508598 1.8
    endloop
  endfacet
  facet normal -0.8577286100002701 -0.5141027441932251 0
    outer loop
      vertex 6.714616573532799 6.411127256321562 6.8
      vertex 6.714616573532799 6.411127256321562 1.8
      vertex 6.77011339078319 6.318536410508598 6.8
    endloop
  endfacet
  facet normal -0.6715589548470147 -0.7409511253549624 -7.313634704048465e-20
    outer loop
      vertex 6.577817459305202 6.577817459305202 6.8
      vertex 6.49783261258001 6.65031149869901 6.8
      vertex 6.49783261258001 6.65031149869901 1.8
    endloop
  endfacet
  facet normal -0.8032075314806464 -0.5956993044924315 -5.044678171390919e-19
    outer loop
      vertex 6.714616573532799 6.411127256321562 6.8
      vertex 6.65031149869901 6.49783261258001 6.8
      vertex 6.65031149869901 6.49783261258001 1.8
    endloop
  endfacet
  facet normal -0.7409511253549624 -0.6715589548470147 -7.313634704048465e-20
    outer loop
      vertex 6.65031149869901 6.49783261258001 6.8
      vertex 6.577817459305202 6.577817459305202 6.8
      vertex 6.577817459305202 6.577817459305202 1.8
    endloop
  endfacet
  facet normal 0.5956993044924315 -0.8032075314806464 0
    outer loop
      vertex 5.188872743678438 6.714616573532799 6.8
      vertex 5.10216738741999 6.65031149869901 1.8
      vertex 5.188872743678438 6.714616573532799 1.8
    endloop
  endfacet
  facet normal 0.5141027441932251 -0.8577286100002701 0
    outer loop
      vertex 5.281463589491402 6.77011339078319 6.8
      vertex 5.188872743678438 6.714616573532799 1.8
      vertex 5.281463589491402 6.77011339078319 1.8
    endloop
  endfacet
  facet normal 0.42755509343028025 -0.9039892931234442 0
    outer loop
      vertex 5.379048224398401 6.816267485762415 6.8
      vertex 5.281463589491402 6.77011339078319 1.8
      vertex 5.379048224398401 6.816267485762415 1.8
    endloop
  endfacet
  facet normal 0.33688985339222405 -0.9415440651830193 0
    outer loop
      vertex 5.480686855020092 6.85263436930543 6.8
      vertex 5.379048224398401 6.816267485762415 1.8
      vertex 5.480686855020092 6.85263436930543 1.8
    endloop
  endfacet
  facet normal 0.24298017990325857 -0.9700312531945454 0
    outer loop
      vertex 5.585400645782259 6.878863808443553 6.8
      vertex 5.480686855020092 6.85263436930543 1.8
      vertex 5.585400645782259 6.878863808443553 1.8
    endloop
  endfacet
  facet normal -0.33688985339222405 -0.9415440651830193 0
    outer loop
      vertex 6.220951775601598 6.816267485762415 6.8
      vertex 6.119313144979908 6.85263436930543 1.8
      vertex 6.220951775601598 6.816267485762415 1.8
    endloop
  endfacet
  facet normal 0.14673047445536863 -0.98917650996478 0
    outer loop
      vertex 5.692181145637483 6.894703199339417 6.8
      vertex 5.585400645782259 6.878863808443553 1.8
      vertex 5.692181145637483 6.894703199339417 1.8
    endloop
  endfacet
  facet normal 0.04906767432741941 -0.9987954562051723 0
    outer loop
      vertex 5.8 6.9 6.8
      vertex 5.692181145637483 6.894703199339417 1.8
      vertex 5.8 6.9 1.8
    endloop
  endfacet
  facet normal -0.04906767432741941 -0.9987954562051723 0
    outer loop
      vertex 5.9078188543625165 6.894703199339417 6.8
      vertex 5.8 6.9 1.8
      vertex 5.9078188543625165 6.894703199339417 1.8
    endloop
  endfacet
  facet normal -0.14673047445536863 -0.98917650996478 0
    outer loop
      vertex 6.014599354217741 6.878863808443553 6.8
      vertex 5.9078188543625165 6.894703199339417 1.8
      vertex 6.014599354217741 6.878863808443553 1.8
    endloop
  endfacet
  facet normal -0.24298017990325857 -0.9700312531945454 0
    outer loop
      vertex 6.119313144979908 6.85263436930543 6.8
      vertex 6.014599354217741 6.878863808443553 1.8
      vertex 6.119313144979908 6.85263436930543 1.8
    endloop
  endfacet
  facet normal -0.5141027441932251 -0.8577286100002701 0
    outer loop
      vertex 6.411127256321562 6.714616573532799 6.8
      vertex 6.318536410508598 6.77011339078319 1.8
      vertex 6.411127256321562 6.714616573532799 1.8
    endloop
  endfacet
  facet normal -0.5956993044924315 -0.8032075314806464 0
    outer loop
      vertex 6.49783261258001 6.65031149869901 6.8
      vertex 6.411127256321562 6.714616573532799 1.8
      vertex 6.49783261258001 6.65031149869901 1.8
    endloop
  endfacet
  facet normal -0.42755509343028025 -0.9039892931234442 0
    outer loop
      vertex 6.318536410508598 6.77011339078319 6.8
      vertex 6.220951775601598 6.816267485762415 1.8
      vertex 6.318536410508598 6.77011339078319 1.8
    endloop
  endfacet
  facet normal 0.5956993044924315 -0.8032075314806464 0
    outer loop
      vertex 5.10216738741999 6.65031149869901 6.8
      vertex 5.10216738741999 6.65031149869901 1.8
      vertex 5.188872743678438 6.714616573532799 6.8
    endloop
  endfacet
  facet normal 0.5141027441932251 -0.8577286100002701 0
    outer loop
      vertex 5.188872743678438 6.714616573532799 6.8
      vertex 5.188872743678438 6.714616573532799 1.8
      vertex 5.281463589491402 6.77011339078319 6.8
    endloop
  endfacet
  facet normal 0.42755509343028025 -0.9039892931234442 0
    outer loop
      vertex 5.281463589491402 6.77011339078319 6.8
      vertex 5.281463589491402 6.77011339078319 1.8
      vertex 5.379048224398401 6.816267485762415 6.8
    endloop
  endfacet
  facet normal 0.33688985339222405 -0.9415440651830193 0
    outer loop
      vertex 5.379048224398401 6.816267485762415 6.8
      vertex 5.379048224398401 6.816267485762415 1.8
      vertex 5.480686855020092 6.85263436930543 6.8
    endloop
  endfacet
  facet normal 0.24298017990325857 -0.9700312531945454 0
    outer loop
      vertex 5.480686855020092 6.85263436930543 6.8
      vertex 5.480686855020092 6.85263436930543 1.8
      vertex 5.585400645782259 6.878863808443553 6.8
    endloop
  endfacet
  facet normal 0.14673047445536863 -0.98917650996478 0
    outer loop
      vertex 5.585400645782259 6.878863808443553 6.8
      vertex 5.585400645782259 6.878863808443553 1.8
      vertex 5.692181145637483 6.894703199339417 6.8
    endloop
  endfacet
  facet normal -0.42755509343028025 -0.9039892931234442 0
    outer loop
      vertex 6.220951775601598 6.816267485762415 6.8
      vertex 6.220951775601598 6.816267485762415 1.8
      vertex 6.318536410508598 6.77011339078319 6.8
    endloop
  endfacet
  facet normal -0.33688985339222405 -0.9415440651830193 0
    outer loop
      vertex 6.119313144979908 6.85263436930543 6.8
      vertex 6.119313144979908 6.85263436930543 1.8
      vertex 6.220951775601598 6.816267485762415 6.8
    endloop
  endfacet
  facet normal 0.04906767432741941 -0.9987954562051723 0
    outer loop
      vertex 5.692181145637483 6.894703199339417 6.8
      vertex 5.692181145637483 6.894703199339417 1.8
      vertex 5.8 6.9 6.8
    endloop
  endfacet
  facet normal -0.04906767432741941 -0.9987954562051723 0
    outer loop
      vertex 5.8 6.9 6.8
      vertex 5.8 6.9 1.8
      vertex 5.9078188543625165 6.894703199339417 6.8
    endloop
  endfacet
  facet normal -0.14673047445536863 -0.98917650996478 0
    outer loop
      vertex 5.9078188543625165 6.894703199339417 6.8
      vertex 5.9078188543625165 6.894703199339417 1.8
      vertex 6.014599354217741 6.878863808443553 6.8
    endloop
  endfacet
  facet normal -0.24298017990325857 -0.9700312531945454 2.0911306818718088e-19
    outer loop
      vertex 6.119313144979908 6.85263436930543 6.8
      vertex 6.014599354217741 6.878863808443553 6.8
      vertex 6.014599354217741 6.878863808443553 1.8
    endloop
  endfacet
  facet normal -0.5141027441932251 -0.8577286100002701 5.441524878117402e-19
    outer loop
      vertex 6.411127256321562 6.714616573532799 6.8
      vertex 6.318536410508598 6.77011339078319 6.8
      vertex 6.318536410508598 6.77011339078319 1.8
    endloop
  endfacet
  facet normal -0.5956993044924315 -0.8032075314806464 0
    outer loop
      vertex 6.411127256321562 6.714616573532799 6.8
      vertex 6.411127256321562 6.714616573532799 1.8
      vertex 6.49783261258001 6.65031149869901 6.8
    endloop
  endfacet
  facet normal 0.24298017990326629 0.9700312531945434 0
    outer loop
      vertex 5.480686855020092 19.74736563069457 6.8
      vertex 5.585400645782259 19.721136191556447 1.8
      vertex 5.480686855020092 19.74736563069457 1.8
    endloop
  endfacet
  facet normal 0.14673047445536055 0.989176509964781 0
    outer loop
      vertex 5.585400645782259 19.721136191556447 6.8
      vertex 5.692181145637483 19.705296800660584 1.8
      vertex 5.585400645782259 19.721136191556447 1.8
    endloop
  endfacet
  facet normal 0.42755509343028697 0.9039892931234411 0
    outer loop
      vertex 5.281463589491402 19.82988660921681 6.8
      vertex 5.379048224398401 19.783732514237585 1.8
      vertex 5.281463589491402 19.82988660921681 1.8
    endloop
  endfacet
  facet normal 0.5956993044924368 0.8032075314806424 0
    outer loop
      vertex 5.10216738741999 19.94968850130099 6.8
      vertex 5.188872743678438 19.8853834264672 1.8
      vertex 5.10216738741999 19.94968850130099 1.8
    endloop
  endfacet
  facet normal 0.5141027441932191 0.8577286100002738 0
    outer loop
      vertex 5.188872743678438 19.8853834264672 6.8
      vertex 5.281463589491402 19.82988660921681 1.8
      vertex 5.188872743678438 19.8853834264672 1.8
    endloop
  endfacet
  facet normal 0.3368898533922168 0.9415440651830219 0
    outer loop
      vertex 5.379048224398401 19.783732514237585 6.8
      vertex 5.480686855020092 19.74736563069457 1.8
      vertex 5.379048224398401 19.783732514237585 1.8
    endloop
  endfacet
  facet normal 0.04906767432742762 0.9987954562051718 0
    outer loop
      vertex 5.692181145637483 19.705296800660584 6.8
      vertex 5.8 19.7 1.8
      vertex 5.692181145637483 19.705296800660584 1.8
    endloop
  endfacet
  facet normal -0.04906767432742762 0.9987954562051718 0
    outer loop
      vertex 5.8 19.7 6.8
      vertex 5.9078188543625165 19.705296800660584 1.8
      vertex 5.8 19.7 1.8
    endloop
  endfacet
  facet normal -0.14673047445536055 0.989176509964781 0
    outer loop
      vertex 5.9078188543625165 19.705296800660584 6.8
      vertex 6.014599354217741 19.721136191556447 1.8
      vertex 5.9078188543625165 19.705296800660584 1.8
    endloop
  endfacet
  facet normal -0.24298017990326629 0.9700312531945434 0
    outer loop
      vertex 6.014599354217741 19.721136191556447 6.8
      vertex 6.119313144979908 19.74736563069457 1.8
      vertex 6.014599354217741 19.721136191556447 1.8
    endloop
  endfacet
  facet normal -0.3368898533922168 0.9415440651830219 0
    outer loop
      vertex 6.119313144979908 19.74736563069457 6.8
      vertex 6.220951775601598 19.783732514237585 1.8
      vertex 6.119313144979908 19.74736563069457 1.8
    endloop
  endfacet
  facet normal -0.42755509343028697 0.9039892931234411 0
    outer loop
      vertex 6.220951775601598 19.783732514237585 6.8
      vertex 6.318536410508598 19.82988660921681 1.8
      vertex 6.220951775601598 19.783732514237585 1.8
    endloop
  endfacet
  facet normal -0.5141027441932191 0.8577286100002738 0
    outer loop
      vertex 6.318536410508598 19.82988660921681 6.8
      vertex 6.411127256321562 19.8853834264672 1.8
      vertex 6.318536410508598 19.82988660921681 1.8
    endloop
  endfacet
  facet normal -0.5956993044924368 0.8032075314806424 0
    outer loop
      vertex 6.411127256321562 19.8853834264672 6.8
      vertex 6.49783261258001 19.94968850130099 1.8
      vertex 6.411127256321562 19.8853834264672 1.8
    endloop
  endfacet
  facet normal 0.24298017990326629 0.9700312531945434 0
    outer loop
      vertex 5.585400645782259 19.721136191556447 6.8
      vertex 5.585400645782259 19.721136191556447 1.8
      vertex 5.480686855020092 19.74736563069457 6.8
    endloop
  endfacet
  facet normal 0.5956993044924368 0.8032075314806424 0
    outer loop
      vertex 5.188872743678438 19.8853834264672 6.8
      vertex 5.188872743678438 19.8853834264672 1.8
      vertex 5.10216738741999 19.94968850130099 6.8
    endloop
  endfacet
  facet normal 0.5141027441932191 0.8577286100002738 2.436880628852271e-19
    outer loop
      vertex 5.188872743678438 19.8853834264672 6.8
      vertex 5.281463589491402 19.82988660921681 6.8
      vertex 5.281463589491402 19.82988660921681 1.8
    endloop
  endfacet
  facet normal 0.3368898533922168 0.9415440651830219 -3.45708318826891e-19
    outer loop
      vertex 5.379048224398401 19.783732514237585 6.8
      vertex 5.480686855020092 19.74736563069457 6.8
      vertex 5.480686855020092 19.74736563069457 1.8
    endloop
  endfacet
  facet normal 0.42755509343028697 0.9039892931234411 0
    outer loop
      vertex 5.379048224398401 19.783732514237585 6.8
      vertex 5.379048224398401 19.783732514237585 1.8
      vertex 5.281463589491402 19.82988660921681 6.8
    endloop
  endfacet
  facet normal 0.14673047445536055 0.989176509964781 5.591236868458134e-20
    outer loop
      vertex 5.585400645782259 19.721136191556447 6.8
      vertex 5.692181145637483 19.705296800660584 6.8
      vertex 5.692181145637483 19.705296800660584 1.8
    endloop
  endfacet
  facet normal 0.04906767432742762 0.9987954562051718 -3.265087122440355e-20
    outer loop
      vertex 5.692181145637483 19.705296800660584 6.8
      vertex 5.8 19.7 6.8
      vertex 5.8 19.7 1.8
    endloop
  endfacet
  facet normal -0.04906767432742762 0.9987954562051718 3.265087122440355e-20
    outer loop
      vertex 5.8 19.7 6.8
      vertex 5.9078188543625165 19.705296800660584 6.8
      vertex 5.9078188543625165 19.705296800660584 1.8
    endloop
  endfacet
  facet normal -0.14673047445536055 0.989176509964781 -5.591236868458134e-20
    outer loop
      vertex 5.9078188543625165 19.705296800660584 6.8
      vertex 6.014599354217741 19.721136191556447 6.8
      vertex 6.014599354217741 19.721136191556447 1.8
    endloop
  endfacet
  facet normal -0.24298017990326629 0.9700312531945434 1.555469982690904e-19
    outer loop
      vertex 6.014599354217741 19.721136191556447 6.8
      vertex 6.119313144979908 19.74736563069457 6.8
      vertex 6.119313144979908 19.74736563069457 1.8
    endloop
  endfacet
  facet normal -0.3368898533922168 0.9415440651830219 3.45708318826891e-19
    outer loop
      vertex 6.119313144979908 19.74736563069457 6.8
      vertex 6.220951775601598 19.783732514237585 6.8
      vertex 6.220951775601598 19.783732514237585 1.8
    endloop
  endfacet
  facet normal -0.42755509343028697 0.9039892931234411 -3.393852059588222e-19
    outer loop
      vertex 6.220951775601598 19.783732514237585 6.8
      vertex 6.318536410508598 19.82988660921681 6.8
      vertex 6.318536410508598 19.82988660921681 1.8
    endloop
  endfacet
  facet normal -0.5141027441932191 0.8577286100002738 -2.436880628852271e-19
    outer loop
      vertex 6.318536410508598 19.82988660921681 6.8
      vertex 6.411127256321562 19.8853834264672 6.8
      vertex 6.411127256321562 19.8853834264672 1.8
    endloop
  endfacet
  facet normal -0.5956993044924368 0.8032075314806424 1.610304905855156e-19
    outer loop
      vertex 6.411127256321562 19.8853834264672 6.8
      vertex 6.49783261258001 19.94968850130099 6.8
      vertex 6.49783261258001 19.94968850130099 1.8
    endloop
  endfacet
  facet normal 0.7409511253549476 0.6715589548470309 0
    outer loop
      vertex 4.949688501300989 20.10216738741999 6.8
      vertex 5.022182540694797 20.0221825406948 1.8
      vertex 4.949688501300989 20.10216738741999 1.8
    endloop
  endfacet
  facet normal 0.8577286100002701 0.5141027441932251 0
    outer loop
      vertex 4.82988660921681 20.281463589491402 6.8
      vertex 4.8853834264672 20.188872743678438 1.8
      vertex 4.82988660921681 20.281463589491402 1.8
    endloop
  endfacet
  facet normal 0.8032075314806493 0.5956993044924276 0
    outer loop
      vertex 4.8853834264672 20.188872743678438 6.8
      vertex 4.949688501300989 20.10216738741999 1.8
      vertex 4.8853834264672 20.188872743678438 1.8
    endloop
  endfacet
  facet normal 0.9039892931234471 0.4275550934302738 0
    outer loop
      vertex 4.783732514237585 20.379048224398403 6.8
      vertex 4.82988660921681 20.281463589491402 1.8
      vertex 4.783732514237585 20.379048224398403 1.8
    endloop
  endfacet
  facet normal 0.9415440651830184 0.33688985339222666 0
    outer loop
      vertex 4.74736563069457 20.480686855020092 6.8
      vertex 4.783732514237585 20.379048224398403 1.8
      vertex 4.74736563069457 20.480686855020092 1.8
    endloop
  endfacet
  facet normal 0.9700312531945463 0.24298017990325466 0
    outer loop
      vertex 4.721136191556447 20.58540064578226 6.8
      vertex 4.74736563069457 20.480686855020092 1.8
      vertex 4.721136191556447 20.58540064578226 1.8
    endloop
  endfacet
  facet normal 0.9891765099647796 0.146730474455371 0
    outer loop
      vertex 4.705296800660583 20.692181145637484 6.8
      vertex 4.721136191556447 20.58540064578226 1.8
      vertex 4.705296800660583 20.692181145637484 1.8
    endloop
  endfacet
  facet normal 0.9987954562051723 0.04906767432741941 0
    outer loop
      vertex 4.699999999999999 20.8 6.8
      vertex 4.705296800660583 20.692181145637484 1.8
      vertex 4.699999999999999 20.8 1.8
    endloop
  endfacet
  facet normal 0.9987954562051723 -0.04906767432741941 0
    outer loop
      vertex 4.705296800660583 20.907818854362517 6.8
      vertex 4.699999999999999 20.8 1.8
      vertex 4.705296800660583 20.907818854362517 1.8
    endloop
  endfacet
  facet normal 0.9891765099647796 -0.146730474455371 0
    outer loop
      vertex 4.721136191556447 21.01459935421774 6.8
      vertex 4.705296800660583 20.907818854362517 1.8
      vertex 4.721136191556447 21.01459935421774 1.8
    endloop
  endfacet
  facet normal 0.9700312531945463 -0.24298017990325466 0
    outer loop
      vertex 4.74736563069457 21.11931314497991 6.8
      vertex 4.721136191556447 21.01459935421774 1.8
      vertex 4.74736563069457 21.11931314497991 1.8
    endloop
  endfacet
  facet normal 0.9415440651830184 -0.33688985339222666 0
    outer loop
      vertex 4.783732514237585 21.2209517756016 6.8
      vertex 4.74736563069457 21.11931314497991 1.8
      vertex 4.783732514237585 21.2209517756016 1.8
    endloop
  endfacet
  facet normal 0.9039892931234471 -0.4275550934302738 0
    outer loop
      vertex 4.82988660921681 21.3185364105086 6.8
      vertex 4.783732514237585 21.2209517756016 1.8
      vertex 4.82988660921681 21.3185364105086 1.8
    endloop
  endfacet
  facet normal 0.8577286100002701 -0.5141027441932251 0
    outer loop
      vertex 4.8853834264672 21.411127256321564 6.8
      vertex 4.82988660921681 21.3185364105086 1.8
      vertex 4.8853834264672 21.411127256321564 1.8
    endloop
  endfacet
  facet normal 0.8032075314806493 -0.5956993044924276 0
    outer loop
      vertex 4.949688501300989 21.497832612580012 6.8
      vertex 4.8853834264672 21.411127256321564 1.8
      vertex 4.949688501300989 21.497832612580012 1.8
    endloop
  endfacet
  facet normal 0.7409511253549476 -0.6715589548470309 0
    outer loop
      vertex 5.022182540694797 21.5778174593052 6.8
      vertex 4.949688501300989 21.497832612580012 1.8
      vertex 5.022182540694797 21.5778174593052 1.8
    endloop
  endfacet
  facet normal 0.6715589548470237 0.7409511253549542 0
    outer loop
      vertex 5.022182540694797 20.0221825406948 6.8
      vertex 5.10216738741999 19.94968850130099 1.8
      vertex 5.022182540694797 20.0221825406948 1.8
    endloop
  endfacet
  facet normal -0.6715589548470237 0.7409511253549542 0
    outer loop
      vertex 6.49783261258001 19.94968850130099 6.8
      vertex 6.577817459305202 20.0221825406948 1.8
      vertex 6.49783261258001 19.94968850130099 1.8
    endloop
  endfacet
  facet normal -0.7409511253549476 0.6715589548470309 0
    outer loop
      vertex 6.577817459305202 20.0221825406948 6.8
      vertex 6.65031149869901 20.10216738741999 1.8
      vertex 6.577817459305202 20.0221825406948 1.8
    endloop
  endfacet
  facet normal -0.8032075314806493 0.5956993044924276 0
    outer loop
      vertex 6.65031149869901 20.10216738741999 6.8
      vertex 6.714616573532799 20.188872743678438 1.8
      vertex 6.65031149869901 20.10216738741999 1.8
    endloop
  endfacet
  facet normal -0.8577286100002701 0.5141027441932251 0
    outer loop
      vertex 6.714616573532799 20.188872743678438 6.8
      vertex 6.77011339078319 20.281463589491402 1.8
      vertex 6.714616573532799 20.188872743678438 1.8
    endloop
  endfacet
  facet normal -0.9039892931234471 0.4275550934302738 0
    outer loop
      vertex 6.77011339078319 20.281463589491402 6.8
      vertex 6.816267485762415 20.379048224398403 1.8
      vertex 6.77011339078319 20.281463589491402 1.8
    endloop
  endfacet
  facet normal -0.9415440651830184 0.33688985339222666 0
    outer loop
      vertex 6.816267485762415 20.379048224398403 6.8
      vertex 6.85263436930543 20.480686855020092 1.8
      vertex 6.816267485762415 20.379048224398403 1.8
    endloop
  endfacet
  facet normal -0.9700312531945463 0.24298017990325466 0
    outer loop
      vertex 6.85263436930543 20.480686855020092 6.8
      vertex 6.878863808443553 20.58540064578226 1.8
      vertex 6.85263436930543 20.480686855020092 1.8
    endloop
  endfacet
  facet normal -0.9891765099647796 0.146730474455371 0
    outer loop
      vertex 6.878863808443553 20.58540064578226 6.8
      vertex 6.894703199339417 20.692181145637484 1.8
      vertex 6.878863808443553 20.58540064578226 1.8
    endloop
  endfacet
  facet normal -0.9987954562051723 0.04906767432741941 0
    outer loop
      vertex 6.894703199339417 20.692181145637484 6.8
      vertex 6.9 20.8 1.8
      vertex 6.894703199339417 20.692181145637484 1.8
    endloop
  endfacet
  facet normal -0.9700312531945463 -0.24298017990325466 0
    outer loop
      vertex 6.878863808443553 21.01459935421774 6.8
      vertex 6.85263436930543 21.11931314497991 1.8
      vertex 6.878863808443553 21.01459935421774 1.8
    endloop
  endfacet
  facet normal -0.9415440651830184 -0.33688985339222666 0
    outer loop
      vertex 6.85263436930543 21.11931314497991 6.8
      vertex 6.816267485762415 21.2209517756016 1.8
      vertex 6.85263436930543 21.11931314497991 1.8
    endloop
  endfacet
  facet normal -0.9987954562051723 -0.04906767432741941 0
    outer loop
      vertex 6.9 20.8 6.8
      vertex 6.894703199339417 20.907818854362517 1.8
      vertex 6.9 20.8 1.8
    endloop
  endfacet
  facet normal -0.9891765099647796 -0.146730474455371 0
    outer loop
      vertex 6.894703199339417 20.907818854362517 6.8
      vertex 6.878863808443553 21.01459935421774 1.8
      vertex 6.894703199339417 20.907818854362517 1.8
    endloop
  endfacet
  facet normal -0.9039892931234471 -0.4275550934302738 0
    outer loop
      vertex 6.816267485762415 21.2209517756016 6.8
      vertex 6.77011339078319 21.3185364105086 1.8
      vertex 6.816267485762415 21.2209517756016 1.8
    endloop
  endfacet
  facet normal -0.8577286100002701 -0.5141027441932251 0
    outer loop
      vertex 6.77011339078319 21.3185364105086 6.8
      vertex 6.714616573532799 21.411127256321564 1.8
      vertex 6.77011339078319 21.3185364105086 1.8
    endloop
  endfacet
  facet normal -0.6715589548470237 -0.7409511253549542 0
    outer loop
      vertex 6.577817459305202 21.5778174593052 6.8
      vertex 6.49783261258001 21.65031149869901 1.8
      vertex 6.577817459305202 21.5778174593052 1.8
    endloop
  endfacet
  facet normal -0.8032075314806493 -0.5956993044924276 0
    outer loop
      vertex 6.714616573532799 21.411127256321564 6.8
      vertex 6.65031149869901 21.497832612580012 1.8
      vertex 6.714616573532799 21.411127256321564 1.8
    endloop
  endfacet
  facet normal -0.7409511253549476 -0.6715589548470309 0
    outer loop
      vertex 6.65031149869901 21.497832612580012 6.8
      vertex 6.577817459305202 21.5778174593052 1.8
      vertex 6.65031149869901 21.497832612580012 1.8
    endloop
  endfacet
  facet normal 0.6715589548470237 -0.7409511253549542 0
    outer loop
      vertex 5.10216738741999 21.65031149869901 6.8
      vertex 5.022182540694797 21.5778174593052 1.8
      vertex 5.10216738741999 21.65031149869901 1.8
    endloop
  endfacet
  facet normal 0.5956993044924368 -0.8032075314806424 0
    outer loop
      vertex 5.188872743678438 21.7146165735328 6.8
      vertex 5.10216738741999 21.65031149869901 1.8
      vertex 5.188872743678438 21.7146165735328 1.8
    endloop
  endfacet
  facet normal 0.5141027441932191 -0.8577286100002738 0
    outer loop
      vertex 5.281463589491402 21.77011339078319 6.8
      vertex 5.188872743678438 21.7146165735328 1.8
      vertex 5.281463589491402 21.77011339078319 1.8
    endloop
  endfacet
  facet normal 0.42755509343028697 -0.9039892931234411 0
    outer loop
      vertex 5.379048224398401 21.816267485762417 6.8
      vertex 5.281463589491402 21.77011339078319 1.8
      vertex 5.379048224398401 21.816267485762417 1.8
    endloop
  endfacet
  facet normal 0.3368898533922168 -0.9415440651830219 0
    outer loop
      vertex 5.480686855020092 21.85263436930543 6.8
      vertex 5.379048224398401 21.816267485762417 1.8
      vertex 5.480686855020092 21.85263436930543 1.8
    endloop
  endfacet
  facet normal 0.24298017990326629 -0.9700312531945434 0
    outer loop
      vertex 5.585400645782259 21.878863808443555 6.8
      vertex 5.480686855020092 21.85263436930543 1.8
      vertex 5.585400645782259 21.878863808443555 1.8
    endloop
  endfacet
  facet normal 0.14673047445536055 -0.989176509964781 0
    outer loop
      vertex 5.692181145637483 21.894703199339418 6.8
      vertex 5.585400645782259 21.878863808443555 1.8
      vertex 5.692181145637483 21.894703199339418 1.8
    endloop
  endfacet
  facet normal 0.04906767432742762 -0.9987954562051718 0
    outer loop
      vertex 5.8 21.900000000000002 6.8
      vertex 5.692181145637483 21.894703199339418 1.8
      vertex 5.8 21.900000000000002 1.8
    endloop
  endfacet
  facet normal -0.04906767432742762 -0.9987954562051718 0
    outer loop
      vertex 5.9078188543625165 21.894703199339418 6.8
      vertex 5.8 21.900000000000002 1.8
      vertex 5.9078188543625165 21.894703199339418 1.8
    endloop
  endfacet
  facet normal -0.24298017990326629 -0.9700312531945434 0
    outer loop
      vertex 6.119313144979908 21.85263436930543 6.8
      vertex 6.014599354217741 21.878863808443555 1.8
      vertex 6.119313144979908 21.85263436930543 1.8
    endloop
  endfacet
  facet normal -0.14673047445536055 -0.989176509964781 0
    outer loop
      vertex 6.014599354217741 21.878863808443555 6.8
      vertex 5.9078188543625165 21.894703199339418 1.8
      vertex 6.014599354217741 21.878863808443555 1.8
    endloop
  endfacet
  facet normal -0.3368898533922168 -0.9415440651830219 0
    outer loop
      vertex 6.220951775601598 21.816267485762417 6.8
      vertex 6.119313144979908 21.85263436930543 1.8
      vertex 6.220951775601598 21.816267485762417 1.8
    endloop
  endfacet
  facet normal -0.5956993044924368 -0.8032075314806424 0
    outer loop
      vertex 6.49783261258001 21.65031149869901 6.8
      vertex 6.411127256321562 21.7146165735328 1.8
      vertex 6.49783261258001 21.65031149869901 1.8
    endloop
  endfacet
  facet normal -0.5141027441932191 -0.8577286100002738 0
    outer loop
      vertex 6.411127256321562 21.7146165735328 6.8
      vertex 6.318536410508598 21.77011339078319 1.8
      vertex 6.411127256321562 21.7146165735328 1.8
    endloop
  endfacet
  facet normal -0.42755509343028697 -0.9039892931234411 0
    outer loop
      vertex 6.318536410508598 21.77011339078319 6.8
      vertex 6.220951775601598 21.816267485762417 1.8
      vertex 6.318536410508598 21.77011339078319 1.8
    endloop
  endfacet
  facet normal 0.7409511253549476 0.6715589548470309 0
    outer loop
      vertex 5.022182540694797 20.0221825406948 6.8
      vertex 5.022182540694797 20.0221825406948 1.8
      vertex 4.949688501300989 20.10216738741999 6.8
    endloop
  endfacet
  facet normal 0.8032075314806493 0.5956993044924276 0
    outer loop
      vertex 4.949688501300989 20.10216738741999 6.8
      vertex 4.949688501300989 20.10216738741999 1.8
      vertex 4.8853834264672 20.188872743678438 6.8
    endloop
  endfacet
  facet normal 0.8577286100002701 0.5141027441932251 0
    outer loop
      vertex 4.8853834264672 20.188872743678438 6.8
      vertex 4.8853834264672 20.188872743678438 1.8
      vertex 4.82988660921681 20.281463589491402 6.8
    endloop
  endfacet
  facet normal 0.9039892931234471 0.4275550934302738 0
    outer loop
      vertex 4.82988660921681 20.281463589491402 6.8
      vertex 4.82988660921681 20.281463589491402 1.8
      vertex 4.783732514237585 20.379048224398403 6.8
    endloop
  endfacet
  facet normal 0.9415440651830184 0.33688985339222666 0
    outer loop
      vertex 4.783732514237585 20.379048224398403 6.8
      vertex 4.783732514237585 20.379048224398403 1.8
      vertex 4.74736563069457 20.480686855020092 6.8
    endloop
  endfacet
  facet normal 0.9700312531945463 0.24298017990325466 0
    outer loop
      vertex 4.74736563069457 20.480686855020092 6.8
      vertex 4.74736563069457 20.480686855020092 1.8
      vertex 4.721136191556447 20.58540064578226 6.8
    endloop
  endfacet
  facet normal 0.9891765099647796 0.146730474455371 0
    outer loop
      vertex 4.721136191556447 20.58540064578226 6.8
      vertex 4.721136191556447 20.58540064578226 1.8
      vertex 4.705296800660583 20.692181145637484 6.8
    endloop
  endfacet
  facet normal 0.9987954562051723 0.04906767432741941 1.7980224191887422e-20
    outer loop
      vertex 4.699999999999999 20.8 6.8
      vertex 4.705296800660583 20.692181145637484 6.8
      vertex 4.705296800660583 20.692181145637484 1.8
    endloop
  endfacet
  facet normal 0.9987954562051723 -0.04906767432741941 0
    outer loop
      vertex 4.699999999999999 20.8 6.8
      vertex 4.699999999999999 20.8 1.8
      vertex 4.705296800660583 20.907818854362517 6.8
    endloop
  endfacet
  facet normal 0.9891765099647796 -0.146730474455371 0
    outer loop
      vertex 4.705296800660583 20.907818854362517 6.8
      vertex 4.705296800660583 20.907818854362517 1.8
      vertex 4.721136191556447 21.01459935421774 6.8
    endloop
  endfacet
  facet normal 0.9700312531945463 -0.24298017990325466 0
    outer loop
      vertex 4.721136191556447 21.01459935421774 6.8
      vertex 4.721136191556447 21.01459935421774 1.8
      vertex 4.74736563069457 21.11931314497991 6.8
    endloop
  endfacet
  facet normal 0.9415440651830184 -0.33688985339222666 0
    outer loop
      vertex 4.74736563069457 21.11931314497991 6.8
      vertex 4.74736563069457 21.11931314497991 1.8
      vertex 4.783732514237585 21.2209517756016 6.8
    endloop
  endfacet
  facet normal 0.9039892931234471 -0.4275550934302738 0
    outer loop
      vertex 4.783732514237585 21.2209517756016 6.8
      vertex 4.783732514237585 21.2209517756016 1.8
      vertex 4.82988660921681 21.3185364105086 6.8
    endloop
  endfacet
  facet normal 0.8577286100002701 -0.5141027441932251 0
    outer loop
      vertex 4.82988660921681 21.3185364105086 6.8
      vertex 4.82988660921681 21.3185364105086 1.8
      vertex 4.8853834264672 21.411127256321564 6.8
    endloop
  endfacet
  facet normal 0.8032075314806493 -0.5956993044924276 0
    outer loop
      vertex 4.8853834264672 21.411127256321564 6.8
      vertex 4.8853834264672 21.411127256321564 1.8
      vertex 4.949688501300989 21.497832612580012 6.8
    endloop
  endfacet
  facet normal 0.7409511253549476 -0.6715589548470309 0
    outer loop
      vertex 4.949688501300989 21.497832612580012 6.8
      vertex 4.949688501300989 21.497832612580012 1.8
      vertex 5.022182540694797 21.5778174593052 6.8
    endloop
  endfacet
  facet normal 0.6715589548470237 0.7409511253549542 0
    outer loop
      vertex 5.10216738741999 19.94968850130099 6.8
      vertex 5.10216738741999 19.94968850130099 1.8
      vertex 5.022182540694797 20.0221825406948 6.8
    endloop
  endfacet
  facet normal -0.6715589548470237 0.7409511253549542 -2.338524721449297e-19
    outer loop
      vertex 6.49783261258001 19.94968850130099 6.8
      vertex 6.577817459305202 20.0221825406948 6.8
      vertex 6.577817459305202 20.0221825406948 1.8
    endloop
  endfacet
  facet normal -0.7409511253549476 0.6715589548470309 1.7664977830464183e-19
    outer loop
      vertex 6.577817459305202 20.0221825406948 6.8
      vertex 6.65031149869901 20.10216738741999 6.8
      vertex 6.65031149869901 20.10216738741999 1.8
    endloop
  endfacet
  facet normal -0.8032075314806493 0.5956993044924276 2.6084331937043107e-19
    outer loop
      vertex 6.65031149869901 20.10216738741999 6.8
      vertex 6.714616573532799 20.188872743678438 6.8
      vertex 6.714616573532799 20.188872743678438 1.8
    endloop
  endfacet
  facet normal -0.8577286100002701 0.5141027441932251 -5.441524878117402e-19
    outer loop
      vertex 6.714616573532799 20.188872743678438 6.8
      vertex 6.77011339078319 20.281463589491402 6.8
      vertex 6.77011339078319 20.281463589491402 1.8
    endloop
  endfacet
  facet normal -0.9039892931234471 0.4275550934302738 6.198574930092379e-19
    outer loop
      vertex 6.77011339078319 20.281463589491402 6.8
      vertex 6.816267485762415 20.379048224398403 6.8
      vertex 6.816267485762415 20.379048224398403 1.8
    endloop
  endfacet
  facet normal -0.9415440651830184 0.33688985339222666 8.580887523068442e-20
    outer loop
      vertex 6.816267485762415 20.379048224398403 6.8
      vertex 6.85263436930543 20.480686855020092 6.8
      vertex 6.85263436930543 20.480686855020092 1.8
    endloop
  endfacet
  facet normal -0.9700312531945463 0.24298017990325466 1.4103529480593508e-19
    outer loop
      vertex 6.85263436930543 20.480686855020092 6.8
      vertex 6.878863808443553 20.58540064578226 6.8
      vertex 6.878863808443553 20.58540064578226 1.8
    endloop
  endfacet
  facet normal -0.9891765099647796 0.146730474455371 1.9181946777438633e-19
    outer loop
      vertex 6.878863808443553 20.58540064578226 6.8
      vertex 6.894703199339417 20.692181145637484 6.8
      vertex 6.894703199339417 20.692181145637484 1.8
    endloop
  endfacet
  facet normal -0.9987954562051723 0.04906767432741941 -1.7980224191887422e-20
    outer loop
      vertex 6.894703199339417 20.692181145637484 6.8
      vertex 6.9 20.8 6.8
      vertex 6.9 20.8 1.8
    endloop
  endfacet
  facet normal 0.6715589548470237 -0.7409511253549542 0
    outer loop
      vertex 5.022182540694797 21.5778174593052 6.8
      vertex 5.022182540694797 21.5778174593052 1.8
      vertex 5.10216738741999 21.65031149869901 6.8
    endloop
  endfacet
  facet normal -0.9700312531945463 -0.24298017990325466 -1.4103529480593508e-19
    outer loop
      vertex 6.878863808443553 21.01459935421774 6.8
      vertex 6.85263436930543 21.11931314497991 6.8
      vertex 6.85263436930543 21.11931314497991 1.8
    endloop
  endfacet
  facet normal -0.9415440651830184 -0.33688985339222666 -8.580887523068442e-20
    outer loop
      vertex 6.85263436930543 21.11931314497991 6.8
      vertex 6.816267485762415 21.2209517756016 6.8
      vertex 6.816267485762415 21.2209517756016 1.8
    endloop
  endfacet
  facet normal -0.9987954562051723 -0.04906767432741941 1.7980224191887422e-20
    outer loop
      vertex 6.9 20.8 6.8
      vertex 6.894703199339417 20.907818854362517 6.8
      vertex 6.894703199339417 20.907818854362517 1.8
    endloop
  endfacet
  facet normal -0.9891765099647796 -0.146730474455371 -1.9181946777438633e-19
    outer loop
      vertex 6.894703199339417 20.907818854362517 6.8
      vertex 6.878863808443553 21.01459935421774 6.8
      vertex 6.878863808443553 21.01459935421774 1.8
    endloop
  endfacet
  facet normal -0.9039892931234471 -0.4275550934302738 -6.198574930092379e-19
    outer loop
      vertex 6.816267485762415 21.2209517756016 6.8
      vertex 6.77011339078319 21.3185364105086 6.8
      vertex 6.77011339078319 21.3185364105086 1.8
    endloop
  endfacet
  facet normal -0.8577286100002701 -0.5141027441932251 0
    outer loop
      vertex 6.714616573532799 21.411127256321564 6.8
      vertex 6.714616573532799 21.411127256321564 1.8
      vertex 6.77011339078319 21.3185364105086 6.8
    endloop
  endfacet
  facet normal -0.8032075314806493 -0.5956993044924276 -2.6084331937043107e-19
    outer loop
      vertex 6.714616573532799 21.411127256321564 6.8
      vertex 6.65031149869901 21.497832612580012 6.8
      vertex 6.65031149869901 21.497832612580012 1.8
    endloop
  endfacet
  facet normal -0.7409511253549476 -0.6715589548470309 -1.7664977830464183e-19
    outer loop
      vertex 6.65031149869901 21.497832612580012 6.8
      vertex 6.577817459305202 21.5778174593052 6.8
      vertex 6.577817459305202 21.5778174593052 1.8
    endloop
  endfacet
  facet normal 0.5956993044924368 -0.8032075314806424 0
    outer loop
      vertex 5.10216738741999 21.65031149869901 6.8
      vertex 5.10216738741999 21.65031149869901 1.8
      vertex 5.188872743678438 21.7146165735328 6.8
    endloop
  endfacet
  facet normal 0.5141027441932191 -0.8577286100002738 0
    outer loop
      vertex 5.188872743678438 21.7146165735328 6.8
      vertex 5.188872743678438 21.7146165735328 1.8
      vertex 5.281463589491402 21.77011339078319 6.8
    endloop
  endfacet
  facet normal 0.42755509343028697 -0.9039892931234411 0
    outer loop
      vertex 5.281463589491402 21.77011339078319 6.8
      vertex 5.281463589491402 21.77011339078319 1.8
      vertex 5.379048224398401 21.816267485762417 6.8
    endloop
  endfacet
  facet normal 0.3368898533922168 -0.9415440651830219 0
    outer loop
      vertex 5.379048224398401 21.816267485762417 6.8
      vertex 5.379048224398401 21.816267485762417 1.8
      vertex 5.480686855020092 21.85263436930543 6.8
    endloop
  endfacet
  facet normal 0.24298017990326629 -0.9700312531945434 0
    outer loop
      vertex 5.480686855020092 21.85263436930543 6.8
      vertex 5.480686855020092 21.85263436930543 1.8
      vertex 5.585400645782259 21.878863808443555 6.8
    endloop
  endfacet
  facet normal 0.14673047445536055 -0.989176509964781 0
    outer loop
      vertex 5.585400645782259 21.878863808443555 6.8
      vertex 5.585400645782259 21.878863808443555 1.8
      vertex 5.692181145637483 21.894703199339418 6.8
    endloop
  endfacet
  facet normal -0.42755509343028697 -0.9039892931234411 3.393852059588222e-19
    outer loop
      vertex 6.318536410508598 21.77011339078319 6.8
      vertex 6.220951775601598 21.816267485762417 6.8
      vertex 6.220951775601598 21.816267485762417 1.8
    endloop
  endfacet
  facet normal 0.04906767432742762 -0.9987954562051718 0
    outer loop
      vertex 5.692181145637483 21.894703199339418 6.8
      vertex 5.692181145637483 21.894703199339418 1.8
      vertex 5.8 21.900000000000002 6.8
    endloop
  endfacet
  facet normal -0.04906767432742762 -0.9987954562051718 0
    outer loop
      vertex 5.8 21.900000000000002 6.8
      vertex 5.8 21.900000000000002 1.8
      vertex 5.9078188543625165 21.894703199339418 6.8
    endloop
  endfacet
  facet normal -0.14673047445536055 -0.989176509964781 0
    outer loop
      vertex 5.9078188543625165 21.894703199339418 6.8
      vertex 5.9078188543625165 21.894703199339418 1.8
      vertex 6.014599354217741 21.878863808443555 6.8
    endloop
  endfacet
  facet normal -0.24298017990326629 -0.9700312531945434 -1.555469982690904e-19
    outer loop
      vertex 6.119313144979908 21.85263436930543 6.8
      vertex 6.014599354217741 21.878863808443555 6.8
      vertex 6.014599354217741 21.878863808443555 1.8
    endloop
  endfacet
  facet normal -0.3368898533922168 -0.9415440651830219 0
    outer loop
      vertex 6.119313144979908 21.85263436930543 6.8
      vertex 6.119313144979908 21.85263436930543 1.8
      vertex 6.220951775601598 21.816267485762417 6.8
    endloop
  endfacet
  facet normal -0.6715589548470237 -0.7409511253549542 2.338524721449297e-19
    outer loop
      vertex 6.577817459305202 21.5778174593052 6.8
      vertex 6.49783261258001 21.65031149869901 6.8
      vertex 6.49783261258001 21.65031149869901 1.8
    endloop
  endfacet
  facet normal -0.5956993044924368 -0.8032075314806424 0
    outer loop
      vertex 6.411127256321562 21.7146165735328 6.8
      vertex 6.411127256321562 21.7146165735328 1.8
      vertex 6.49783261258001 21.65031149869901 6.8
    endloop
  endfacet
  facet normal -0.5141027441932191 -0.8577286100002738 2.436880628852271e-19
    outer loop
      vertex 6.411127256321562 21.7146165735328 6.8
      vertex 6.318536410508598 21.77011339078319 6.8
      vertex 6.318536410508598 21.77011339078319 1.8
    endloop
  endfacet
  facet normal 0.6715589548469982 0.7409511253549772 0
    outer loop
      vertex 50.02218254069479 5.022182540694797 6.8
      vertex 50.10216738741999 4.949688501300989 1.8
      vertex 50.02218254069479 5.022182540694797 1.8
    endloop
  endfacet
  facet normal 0.7409511253549542 0.6715589548470237 0
    outer loop
      vertex 49.94968850130098 5.10216738741999 6.8
      vertex 50.02218254069479 5.022182540694797 1.8
      vertex 49.94968850130098 5.10216738741999 1.8
    endloop
  endfacet
  facet normal 0.8032075314806739 0.5956993044923944 0
    outer loop
      vertex 49.8853834264672 5.188872743678438 6.8
      vertex 49.94968850130098 5.10216738741999 1.8
      vertex 49.8853834264672 5.188872743678438 1.8
    endloop
  endfacet
  facet normal 0.8577286100002591 0.5141027441932432 0
    outer loop
      vertex 49.82988660921681 5.281463589491402 6.8
      vertex 49.8853834264672 5.188872743678438 1.8
      vertex 49.82988660921681 5.281463589491402 1.8
    endloop
  endfacet
  facet normal 0.9039892931234538 0.42755509343026005 0
    outer loop
      vertex 49.783732514237585 5.379048224398401 6.8
      vertex 49.82988660921681 5.281463589491402 1.8
      vertex 49.783732514237585 5.379048224398401 1.8
    endloop
  endfacet
  facet normal 0.9700312531945512 0.24298017990323534 0
    outer loop
      vertex 49.72113619155645 5.585400645782259 6.8
      vertex 49.74736563069457 5.480686855020092 1.8
      vertex 49.72113619155645 5.585400645782259 1.8
    endloop
  endfacet
  facet normal 0.9415440651830115 0.3368898533922459 0
    outer loop
      vertex 49.74736563069457 5.480686855020092 6.8
      vertex 49.783732514237585 5.379048224398401 1.8
      vertex 49.74736563069457 5.480686855020092 1.8
    endloop
  endfacet
  facet normal 0.989176509964781 0.14673047445536055 0
    outer loop
      vertex 49.705296800660584 5.692181145637483 6.8
      vertex 49.72113619155645 5.585400645782259 1.8
      vertex 49.705296800660584 5.692181145637483 1.8
    endloop
  endfacet
  facet normal 0.9987954562051702 0.049067674327460446 0
    outer loop
      vertex 49.699999999999996 5.8 6.8
      vertex 49.705296800660584 5.692181145637483 1.8
      vertex 49.699999999999996 5.8 1.8
    endloop
  endfacet
  facet normal 0.9987954562051702 -0.049067674327460446 0
    outer loop
      vertex 49.705296800660584 5.9078188543625165 6.8
      vertex 49.699999999999996 5.8 1.8
      vertex 49.705296800660584 5.9078188543625165 1.8
    endloop
  endfacet
  facet normal 0.989176509964781 -0.14673047445536055 0
    outer loop
      vertex 49.72113619155645 6.014599354217741 6.8
      vertex 49.705296800660584 5.9078188543625165 1.8
      vertex 49.72113619155645 6.014599354217741 1.8
    endloop
  endfacet
  facet normal 0.9700312531945512 -0.24298017990323534 0
    outer loop
      vertex 49.74736563069457 6.119313144979908 6.8
      vertex 49.72113619155645 6.014599354217741 1.8
      vertex 49.74736563069457 6.119313144979908 1.8
    endloop
  endfacet
  facet normal 0.9415440651830115 -0.3368898533922459 0
    outer loop
      vertex 49.783732514237585 6.220951775601598 6.8
      vertex 49.74736563069457 6.119313144979908 1.8
      vertex 49.783732514237585 6.220951775601598 1.8
    endloop
  endfacet
  facet normal 0.9039892931234538 -0.42755509343026005 0
    outer loop
      vertex 49.82988660921681 6.318536410508598 6.8
      vertex 49.783732514237585 6.220951775601598 1.8
      vertex 49.82988660921681 6.318536410508598 1.8
    endloop
  endfacet
  facet normal 0.8577286100002591 -0.5141027441932432 0
    outer loop
      vertex 49.8853834264672 6.411127256321562 6.8
      vertex 49.82988660921681 6.318536410508598 1.8
      vertex 49.8853834264672 6.411127256321562 1.8
    endloop
  endfacet
  facet normal 0.8032075314806739 -0.5956993044923944 0
    outer loop
      vertex 49.94968850130098 6.49783261258001 6.8
      vertex 49.8853834264672 6.411127256321562 1.8
      vertex 49.94968850130098 6.49783261258001 1.8
    endloop
  endfacet
  facet normal 0.7409511253549542 -0.6715589548470237 0
    outer loop
      vertex 50.02218254069479 6.577817459305202 6.8
      vertex 49.94968850130098 6.49783261258001 1.8
      vertex 50.02218254069479 6.577817459305202 1.8
    endloop
  endfacet
  facet normal 0.3368898533922162 0.941544065183022 0
    outer loop
      vertex 50.379048224398396 4.783732514237585 6.8
      vertex 50.48068685502009 4.74736563069457 1.8
      vertex 50.379048224398396 4.783732514237585 1.8
    endloop
  endfacet
  facet normal 0.24298017990325466 0.9700312531945463 0
    outer loop
      vertex 50.48068685502009 4.74736563069457 6.8
      vertex 50.58540064578226 4.721136191556447 1.8
      vertex 50.48068685502009 4.74736563069457 1.8
    endloop
  endfacet
  facet normal 0.14673047445536624 0.9891765099647803 0
    outer loop
      vertex 50.58540064578226 4.721136191556447 6.8
      vertex 50.692181145637484 4.705296800660583 1.8
      vertex 50.58540064578226 4.721136191556447 1.8
    endloop
  endfacet
  facet normal 0.4275550934302993 0.9039892931234352 0
    outer loop
      vertex 50.2814635894914 4.82988660921681 6.8
      vertex 50.379048224398396 4.783732514237585 1.8
      vertex 50.2814635894914 4.82988660921681 1.8
    endloop
  endfacet
  facet normal 0.5141027441932251 0.8577286100002701 0
    outer loop
      vertex 50.18887274367844 4.8853834264672 6.8
      vertex 50.2814635894914 4.82988660921681 1.8
      vertex 50.18887274367844 4.8853834264672 1.8
    endloop
  endfacet
  facet normal 0.5956993044924276 0.8032075314806493 0
    outer loop
      vertex 50.10216738741999 4.949688501300989 6.8
      vertex 50.18887274367844 4.8853834264672 1.8
      vertex 50.10216738741999 4.949688501300989 1.8
    endloop
  endfacet
  facet normal 0.049067674327421026 0.9987954562051723 0
    outer loop
      vertex 50.692181145637484 4.705296800660583 6.8
      vertex 50.8 4.699999999999999 1.8
      vertex 50.692181145637484 4.705296800660583 1.8
    endloop
  endfacet
  facet normal -0.049067674327421026 0.9987954562051723 0
    outer loop
      vertex 50.8 4.699999999999999 6.8
      vertex 50.90781885436251 4.705296800660583 1.8
      vertex 50.8 4.699999999999999 1.8
    endloop
  endfacet
  facet normal -0.14673047445536624 0.9891765099647803 0
    outer loop
      vertex 50.90781885436251 4.705296800660583 6.8
      vertex 51.01459935421774 4.721136191556447 1.8
      vertex 50.90781885436251 4.705296800660583 1.8
    endloop
  endfacet
  facet normal -0.24298017990325466 0.9700312531945463 0
    outer loop
      vertex 51.01459935421774 4.721136191556447 6.8
      vertex 51.119313144979905 4.74736563069457 1.8
      vertex 51.01459935421774 4.721136191556447 1.8
    endloop
  endfacet
  facet normal -0.3368898533922162 0.941544065183022 0
    outer loop
      vertex 51.119313144979905 4.74736563069457 6.8
      vertex 51.2209517756016 4.783732514237585 1.8
      vertex 51.119313144979905 4.74736563069457 1.8
    endloop
  endfacet
  facet normal -0.4275550934302993 0.9039892931234352 0
    outer loop
      vertex 51.2209517756016 4.783732514237585 6.8
      vertex 51.31853641050859 4.82988660921681 1.8
      vertex 51.2209517756016 4.783732514237585 1.8
    endloop
  endfacet
  facet normal -0.5141027441932251 0.8577286100002701 0
    outer loop
      vertex 51.31853641050859 4.82988660921681 6.8
      vertex 51.411127256321556 4.8853834264672 1.8
      vertex 51.31853641050859 4.82988660921681 1.8
    endloop
  endfacet
  facet normal -0.5956993044924276 0.8032075314806493 0
    outer loop
      vertex 51.411127256321556 4.8853834264672 6.8
      vertex 51.497832612580005 4.949688501300989 1.8
      vertex 51.411127256321556 4.8853834264672 1.8
    endloop
  endfacet
  facet normal -0.6715589548469982 0.7409511253549772 0
    outer loop
      vertex 51.497832612580005 4.949688501300989 6.8
      vertex 51.5778174593052 5.022182540694797 1.8
      vertex 51.497832612580005 4.949688501300989 1.8
    endloop
  endfacet
  facet normal -0.7409511253549542 0.6715589548470237 0
    outer loop
      vertex 51.5778174593052 5.022182540694797 6.8
      vertex 51.65031149869901 5.10216738741999 1.8
      vertex 51.5778174593052 5.022182540694797 1.8
    endloop
  endfacet
  facet normal -0.8032075314806739 0.5956993044923944 0
    outer loop
      vertex 51.65031149869901 5.10216738741999 6.8
      vertex 51.714616573532794 5.188872743678438 1.8
      vertex 51.65031149869901 5.10216738741999 1.8
    endloop
  endfacet
  facet normal -0.8577286100002591 0.5141027441932432 0
    outer loop
      vertex 51.714616573532794 5.188872743678438 6.8
      vertex 51.77011339078319 5.281463589491402 1.8
      vertex 51.714616573532794 5.188872743678438 1.8
    endloop
  endfacet
  facet normal -0.9039892931234538 0.42755509343026005 0
    outer loop
      vertex 51.77011339078319 5.281463589491402 6.8
      vertex 51.81626748576241 5.379048224398401 1.8
      vertex 51.77011339078319 5.281463589491402 1.8
    endloop
  endfacet
  facet normal -0.9415440651830115 0.3368898533922459 0
    outer loop
      vertex 51.81626748576241 5.379048224398401 6.8
      vertex 51.85263436930543 5.480686855020092 1.8
      vertex 51.81626748576241 5.379048224398401 1.8
    endloop
  endfacet
  facet normal -0.9700312531945512 0.24298017990323534 0
    outer loop
      vertex 51.85263436930543 5.480686855020092 6.8
      vertex 51.87886380844355 5.585400645782259 1.8
      vertex 51.85263436930543 5.480686855020092 1.8
    endloop
  endfacet
  facet normal -0.989176509964781 0.14673047445536055 0
    outer loop
      vertex 51.87886380844355 5.585400645782259 6.8
      vertex 51.89470319933941 5.692181145637483 1.8
      vertex 51.87886380844355 5.585400645782259 1.8
    endloop
  endfacet
  facet normal -0.9987954562051702 0.049067674327460446 0
    outer loop
      vertex 51.89470319933941 5.692181145637483 6.8
      vertex 51.9 5.8 1.8
      vertex 51.89470319933941 5.692181145637483 1.8
    endloop
  endfacet
  facet normal 0.6715589548469982 -0.7409511253549772 0
    outer loop
      vertex 50.10216738741999 6.65031149869901 6.8
      vertex 50.02218254069479 6.577817459305202 1.8
      vertex 50.10216738741999 6.65031149869901 1.8
    endloop
  endfacet
  facet normal -0.9987954562051702 -0.049067674327460446 0
    outer loop
      vertex 51.9 5.8 6.8
      vertex 51.89470319933941 5.9078188543625165 1.8
      vertex 51.9 5.8 1.8
    endloop
  endfacet
  facet normal -0.989176509964781 -0.14673047445536055 0
    outer loop
      vertex 51.89470319933941 5.9078188543625165 6.8
      vertex 51.87886380844355 6.014599354217741 1.8
      vertex 51.89470319933941 5.9078188543625165 1.8
    endloop
  endfacet
  facet normal -0.9700312531945512 -0.24298017990323534 0
    outer loop
      vertex 51.87886380844355 6.014599354217741 6.8
      vertex 51.85263436930543 6.119313144979908 1.8
      vertex 51.87886380844355 6.014599354217741 1.8
    endloop
  endfacet
  facet normal -0.9415440651830115 -0.3368898533922459 0
    outer loop
      vertex 51.85263436930543 6.119313144979908 6.8
      vertex 51.81626748576241 6.220951775601598 1.8
      vertex 51.85263436930543 6.119313144979908 1.8
    endloop
  endfacet
  facet normal -0.9039892931234538 -0.42755509343026005 0
    outer loop
      vertex 51.81626748576241 6.220951775601598 6.8
      vertex 51.77011339078319 6.318536410508598 1.8
      vertex 51.81626748576241 6.220951775601598 1.8
    endloop
  endfacet
  facet normal -0.8577286100002591 -0.5141027441932432 0
    outer loop
      vertex 51.77011339078319 6.318536410508598 6.8
      vertex 51.714616573532794 6.411127256321562 1.8
      vertex 51.77011339078319 6.318536410508598 1.8
    endloop
  endfacet
  facet normal -0.8032075314806739 -0.5956993044923944 0
    outer loop
      vertex 51.714616573532794 6.411127256321562 6.8
      vertex 51.65031149869901 6.49783261258001 1.8
      vertex 51.714616573532794 6.411127256321562 1.8
    endloop
  endfacet
  facet normal -0.7409511253549542 -0.6715589548470237 0
    outer loop
      vertex 51.65031149869901 6.49783261258001 6.8
      vertex 51.5778174593052 6.577817459305202 1.8
      vertex 51.65031149869901 6.49783261258001 1.8
    endloop
  endfacet
  facet normal -0.6715589548469982 -0.7409511253549772 0
    outer loop
      vertex 51.5778174593052 6.577817459305202 6.8
      vertex 51.497832612580005 6.65031149869901 1.8
      vertex 51.5778174593052 6.577817459305202 1.8
    endloop
  endfacet
  facet normal 0.7409511253549542 0.6715589548470237 0
    outer loop
      vertex 50.02218254069479 5.022182540694797 6.8
      vertex 50.02218254069479 5.022182540694797 1.8
      vertex 49.94968850130098 5.10216738741999 6.8
    endloop
  endfacet
  facet normal 0.8032075314806739 0.5956993044923944 0
    outer loop
      vertex 49.94968850130098 5.10216738741999 6.8
      vertex 49.94968850130098 5.10216738741999 1.8
      vertex 49.8853834264672 5.188872743678438 6.8
    endloop
  endfacet
  facet normal 0.8577286100002591 0.5141027441932432 0
    outer loop
      vertex 49.8853834264672 5.188872743678438 6.8
      vertex 49.8853834264672 5.188872743678438 1.8
      vertex 49.82988660921681 5.281463589491402 6.8
    endloop
  endfacet
  facet normal 0.9039892931234538 0.42755509343026005 0
    outer loop
      vertex 49.82988660921681 5.281463589491402 6.8
      vertex 49.82988660921681 5.281463589491402 1.8
      vertex 49.783732514237585 5.379048224398401 6.8
    endloop
  endfacet
  facet normal 0.9700312531945512 0.24298017990323534 0
    outer loop
      vertex 49.74736563069457 5.480686855020092 6.8
      vertex 49.74736563069457 5.480686855020092 1.8
      vertex 49.72113619155645 5.585400645782259 6.8
    endloop
  endfacet
  facet normal 0.9415440651830115 0.3368898533922459 0
    outer loop
      vertex 49.783732514237585 5.379048224398401 6.8
      vertex 49.783732514237585 5.379048224398401 1.8
      vertex 49.74736563069457 5.480686855020092 6.8
    endloop
  endfacet
  facet normal 0.989176509964781 0.14673047445536055 0
    outer loop
      vertex 49.72113619155645 5.585400645782259 6.8
      vertex 49.72113619155645 5.585400645782259 1.8
      vertex 49.705296800660584 5.692181145637483 6.8
    endloop
  endfacet
  facet normal 0.9987954562051702 0.049067674327460446 0
    outer loop
      vertex 49.705296800660584 5.692181145637483 6.8
      vertex 49.705296800660584 5.692181145637483 1.8
      vertex 49.699999999999996 5.8 6.8
    endloop
  endfacet
  facet normal 0.9987954562051702 -0.049067674327460446 0
    outer loop
      vertex 49.699999999999996 5.8 6.8
      vertex 49.699999999999996 5.8 1.8
      vertex 49.705296800660584 5.9078188543625165 6.8
    endloop
  endfacet
  facet normal 0.989176509964781 -0.14673047445536055 0
    outer loop
      vertex 49.705296800660584 5.9078188543625165 6.8
      vertex 49.705296800660584 5.9078188543625165 1.8
      vertex 49.72113619155645 6.014599354217741 6.8
    endloop
  endfacet
  facet normal 0.9700312531945512 -0.24298017990323534 0
    outer loop
      vertex 49.72113619155645 6.014599354217741 6.8
      vertex 49.72113619155645 6.014599354217741 1.8
      vertex 49.74736563069457 6.119313144979908 6.8
    endloop
  endfacet
  facet normal 0.9415440651830115 -0.3368898533922459 0
    outer loop
      vertex 49.74736563069457 6.119313144979908 6.8
      vertex 49.74736563069457 6.119313144979908 1.8
      vertex 49.783732514237585 6.220951775601598 6.8
    endloop
  endfacet
  facet normal 0.9039892931234538 -0.42755509343026005 0
    outer loop
      vertex 49.783732514237585 6.220951775601598 6.8
      vertex 49.783732514237585 6.220951775601598 1.8
      vertex 49.82988660921681 6.318536410508598 6.8
    endloop
  endfacet
  facet normal 0.8577286100002591 -0.5141027441932432 0
    outer loop
      vertex 49.82988660921681 6.318536410508598 6.8
      vertex 49.82988660921681 6.318536410508598 1.8
      vertex 49.8853834264672 6.411127256321562 6.8
    endloop
  endfacet
  facet normal 0.8032075314806739 -0.5956993044923944 0
    outer loop
      vertex 49.8853834264672 6.411127256321562 6.8
      vertex 49.8853834264672 6.411127256321562 1.8
      vertex 49.94968850130098 6.49783261258001 6.8
    endloop
  endfacet
  facet normal 0.7409511253549542 -0.6715589548470237 0
    outer loop
      vertex 49.94968850130098 6.49783261258001 6.8
      vertex 49.94968850130098 6.49783261258001 1.8
      vertex 50.02218254069479 6.577817459305202 6.8
    endloop
  endfacet
  facet normal 0.6715589548469982 -0.7409511253549772 0
    outer loop
      vertex 50.02218254069479 6.577817459305202 6.8
      vertex 50.02218254069479 6.577817459305202 1.8
      vertex 50.10216738741999 6.65031149869901 6.8
    endloop
  endfacet
  facet normal 0.3368898533922162 0.941544065183022 0
    outer loop
      vertex 50.48068685502009 4.74736563069457 6.8
      vertex 50.48068685502009 4.74736563069457 1.8
      vertex 50.379048224398396 4.783732514237585 6.8
    endloop
  endfacet
  facet normal 0.14673047445536624 0.9891765099647803 3.999638817420635e-21
    outer loop
      vertex 50.58540064578226 4.721136191556447 6.8
      vertex 50.692181145637484 4.705296800660583 6.8
      vertex 50.692181145637484 4.705296800660583 1.8
    endloop
  endfacet
  facet normal 0.24298017990325466 0.9700312531945463 -1.4103529480593508e-19
    outer loop
      vertex 50.48068685502009 4.74736563069457 6.8
      vertex 50.58540064578226 4.721136191556447 6.8
      vertex 50.58540064578226 4.721136191556447 1.8
    endloop
  endfacet
  facet normal 0.4275550934302993 0.9039892931234352 -4.682446769895205e-19
    outer loop
      vertex 50.2814635894914 4.82988660921681 6.8
      vertex 50.379048224398396 4.783732514237585 6.8
      vertex 50.379048224398396 4.783732514237585 1.8
    endloop
  endfacet
  facet normal 0.5141027441932251 0.8577286100002701 5.441524878117402e-19
    outer loop
      vertex 50.18887274367844 4.8853834264672 6.8
      vertex 50.2814635894914 4.82988660921681 6.8
      vertex 50.2814635894914 4.82988660921681 1.8
    endloop
  endfacet
  facet normal 0.5956993044924276 0.8032075314806493 0
    outer loop
      vertex 50.18887274367844 4.8853834264672 6.8
      vertex 50.18887274367844 4.8853834264672 1.8
      vertex 50.10216738741999 4.949688501300989 6.8
    endloop
  endfacet
  facet normal 0.6715589548469982 0.7409511253549772 0
    outer loop
      vertex 50.10216738741999 4.949688501300989 6.8
      vertex 50.10216738741999 4.949688501300989 1.8
      vertex 50.02218254069479 5.022182540694797 6.8
    endloop
  endfacet
  facet normal 0.049067674327421026 0.9987954562051723 -6.928633934622371e-20
    outer loop
      vertex 50.692181145637484 4.705296800660583 6.8
      vertex 50.8 4.699999999999999 6.8
      vertex 50.8 4.699999999999999 1.8
    endloop
  endfacet
  facet normal -0.049067674327421026 0.9987954562051723 6.928633934622371e-20
    outer loop
      vertex 50.8 4.699999999999999 6.8
      vertex 50.90781885436251 4.705296800660583 6.8
      vertex 50.90781885436251 4.705296800660583 1.8
    endloop
  endfacet
  facet normal -0.14673047445536624 0.9891765099647803 -3.999638817420635e-21
    outer loop
      vertex 50.90781885436251 4.705296800660583 6.8
      vertex 51.01459935421774 4.721136191556447 6.8
      vertex 51.01459935421774 4.721136191556447 1.8
    endloop
  endfacet
  facet normal -0.24298017990325466 0.9700312531945463 1.4103529480593508e-19
    outer loop
      vertex 51.01459935421774 4.721136191556447 6.8
      vertex 51.119313144979905 4.74736563069457 6.8
      vertex 51.119313144979905 4.74736563069457 1.8
    endloop
  endfacet
  facet normal -0.3368898533922162 0.941544065183022 1.9528723937346428e-20
    outer loop
      vertex 51.119313144979905 4.74736563069457 6.8
      vertex 51.2209517756016 4.783732514237585 6.8
      vertex 51.2209517756016 4.783732514237585 1.8
    endloop
  endfacet
  facet normal -0.4275550934302993 0.9039892931234352 4.682446769895205e-19
    outer loop
      vertex 51.2209517756016 4.783732514237585 6.8
      vertex 51.31853641050859 4.82988660921681 6.8
      vertex 51.31853641050859 4.82988660921681 1.8
    endloop
  endfacet
  facet normal -0.5141027441932251 0.8577286100002701 -5.441524878117402e-19
    outer loop
      vertex 51.31853641050859 4.82988660921681 6.8
      vertex 51.411127256321556 4.8853834264672 6.8
      vertex 51.411127256321556 4.8853834264672 1.8
    endloop
  endfacet
  facet normal -0.5956993044924276 0.8032075314806493 2.6084331937043107e-19
    outer loop
      vertex 51.411127256321556 4.8853834264672 6.8
      vertex 51.497832612580005 4.949688501300989 6.8
      vertex 51.497832612580005 4.949688501300989 1.8
    endloop
  endfacet
  facet normal -0.6715589548469982 0.7409511253549772 -3.037708422366751e-20
    outer loop
      vertex 51.497832612580005 4.949688501300989 6.8
      vertex 51.5778174593052 5.022182540694797 6.8
      vertex 51.5778174593052 5.022182540694797 1.8
    endloop
  endfacet
  facet normal -0.7409511253549542 0.6715589548470237 -2.338524721449297e-19
    outer loop
      vertex 51.5778174593052 5.022182540694797 6.8
      vertex 51.65031149869901 5.10216738741999 6.8
      vertex 51.65031149869901 5.10216738741999 1.8
    endloop
  endfacet
  facet normal -0.8032075314806739 0.5956993044923944 -3.054429537701013e-19
    outer loop
      vertex 51.65031149869901 5.10216738741999 6.8
      vertex 51.714616573532794 5.188872743678438 6.8
      vertex 51.714616573532794 5.188872743678438 1.8
    endloop
  endfacet
  facet normal -0.8577286100002591 0.5141027441932432 1.614402658008365e-19
    outer loop
      vertex 51.714616573532794 5.188872743678438 6.8
      vertex 51.77011339078319 5.281463589491402 6.8
      vertex 51.77011339078319 5.281463589491402 1.8
    endloop
  endfacet
  facet normal -0.9039892931234538 0.42755509343026005 1.3200071710951508e-19
    outer loop
      vertex 51.77011339078319 5.281463589491402 6.8
      vertex 51.81626748576241 5.379048224398401 6.8
      vertex 51.81626748576241 5.379048224398401 1.8
    endloop
  endfacet
  facet normal -0.9415440651830115 0.3368898533922459 4.3323407344779e-20
    outer loop
      vertex 51.81626748576241 5.379048224398401 6.8
      vertex 51.85263436930543 5.480686855020092 6.8
      vertex 51.85263436930543 5.480686855020092 1.8
    endloop
  endfacet
  facet normal -0.9700312531945512 0.24298017990323534 3.0389276083612215e-19
    outer loop
      vertex 51.85263436930543 5.480686855020092 6.8
      vertex 51.87886380844355 5.585400645782259 6.8
      vertex 51.87886380844355 5.585400645782259 1.8
    endloop
  endfacet
  facet normal -0.989176509964781 0.14673047445536055 -5.591236868458134e-20
    outer loop
      vertex 51.87886380844355 5.585400645782259 6.8
      vertex 51.89470319933941 5.692181145637483 6.8
      vertex 51.89470319933941 5.692181145637483 1.8
    endloop
  endfacet
  facet normal -0.9987954562051702 0.049067674327460446 3.430199934055404e-20
    outer loop
      vertex 51.89470319933941 5.692181145637483 6.8
      vertex 51.9 5.8 6.8
      vertex 51.9 5.8 1.8
    endloop
  endfacet
  facet normal -0.9987954562051702 -0.049067674327460446 -3.430199934055404e-20
    outer loop
      vertex 51.9 5.8 6.8
      vertex 51.89470319933941 5.9078188543625165 6.8
      vertex 51.89470319933941 5.9078188543625165 1.8
    endloop
  endfacet
  facet normal -0.989176509964781 -0.14673047445536055 5.591236868458134e-20
    outer loop
      vertex 51.89470319933941 5.9078188543625165 6.8
      vertex 51.87886380844355 6.014599354217741 6.8
      vertex 51.87886380844355 6.014599354217741 1.8
    endloop
  endfacet
  facet normal -0.9700312531945512 -0.24298017990323534 -3.0389276083612215e-19
    outer loop
      vertex 51.87886380844355 6.014599354217741 6.8
      vertex 51.85263436930543 6.119313144979908 6.8
      vertex 51.85263436930543 6.119313144979908 1.8
    endloop
  endfacet
  facet normal -0.9415440651830115 -0.3368898533922459 -4.3323407344779e-20
    outer loop
      vertex 51.85263436930543 6.119313144979908 6.8
      vertex 51.81626748576241 6.220951775601598 6.8
      vertex 51.81626748576241 6.220951775601598 1.8
    endloop
  endfacet
  facet normal -0.9039892931234538 -0.42755509343026005 -1.3200071710951508e-19
    outer loop
      vertex 51.81626748576241 6.220951775601598 6.8
      vertex 51.77011339078319 6.318536410508598 6.8
      vertex 51.77011339078319 6.318536410508598 1.8
    endloop
  endfacet
  facet normal -0.8577286100002591 -0.5141027441932432 -1.614402658008365e-19
    outer loop
      vertex 51.77011339078319 6.318536410508598 6.8
      vertex 51.714616573532794 6.411127256321562 6.8
      vertex 51.714616573532794 6.411127256321562 1.8
    endloop
  endfacet
  facet normal -0.7409511253549542 -0.6715589548470237 2.338524721449297e-19
    outer loop
      vertex 51.65031149869901 6.49783261258001 6.8
      vertex 51.5778174593052 6.577817459305202 6.8
      vertex 51.5778174593052 6.577817459305202 1.8
    endloop
  endfacet
  facet normal -0.6715589548469982 -0.7409511253549772 3.037708422366751e-20
    outer loop
      vertex 51.5778174593052 6.577817459305202 6.8
      vertex 51.497832612580005 6.65031149869901 6.8
      vertex 51.497832612580005 6.65031149869901 1.8
    endloop
  endfacet
  facet normal -0.8032075314806739 -0.5956993044923944 3.054429537701013e-19
    outer loop
      vertex 51.714616573532794 6.411127256321562 6.8
      vertex 51.65031149869901 6.49783261258001 6.8
      vertex 51.65031149869901 6.49783261258001 1.8
    endloop
  endfacet
  facet normal 0.5956993044924276 -0.8032075314806493 0
    outer loop
      vertex 50.18887274367844 6.714616573532799 6.8
      vertex 50.10216738741999 6.65031149869901 1.8
      vertex 50.18887274367844 6.714616573532799 1.8
    endloop
  endfacet
  facet normal 0.5141027441932251 -0.8577286100002701 0
    outer loop
      vertex 50.2814635894914 6.77011339078319 6.8
      vertex 50.18887274367844 6.714616573532799 1.8
      vertex 50.2814635894914 6.77011339078319 1.8
    endloop
  endfacet
  facet normal 0.4275550934302993 -0.9039892931234352 0
    outer loop
      vertex 50.379048224398396 6.816267485762415 6.8
      vertex 50.2814635894914 6.77011339078319 1.8
      vertex 50.379048224398396 6.816267485762415 1.8
    endloop
  endfacet
  facet normal 0.3368898533922162 -0.941544065183022 0
    outer loop
      vertex 50.48068685502009 6.85263436930543 6.8
      vertex 50.379048224398396 6.816267485762415 1.8
      vertex 50.48068685502009 6.85263436930543 1.8
    endloop
  endfacet
  facet normal 0.24298017990325466 -0.9700312531945463 0
    outer loop
      vertex 50.58540064578226 6.878863808443553 6.8
      vertex 50.48068685502009 6.85263436930543 1.8
      vertex 50.58540064578226 6.878863808443553 1.8
    endloop
  endfacet
  facet normal 0.14673047445536624 -0.9891765099647803 0
    outer loop
      vertex 50.692181145637484 6.894703199339417 6.8
      vertex 50.58540064578226 6.878863808443553 1.8
      vertex 50.692181145637484 6.894703199339417 1.8
    endloop
  endfacet
  facet normal -0.4275550934302993 -0.9039892931234352 0
    outer loop
      vertex 51.31853641050859 6.77011339078319 6.8
      vertex 51.2209517756016 6.816267485762415 1.8
      vertex 51.31853641050859 6.77011339078319 1.8
    endloop
  endfacet
  facet normal -0.3368898533922162 -0.941544065183022 0
    outer loop
      vertex 51.2209517756016 6.816267485762415 6.8
      vertex 51.119313144979905 6.85263436930543 1.8
      vertex 51.2209517756016 6.816267485762415 1.8
    endloop
  endfacet
  facet normal 0.049067674327421026 -0.9987954562051723 0
    outer loop
      vertex 50.8 6.9 6.8
      vertex 50.692181145637484 6.894703199339417 1.8
      vertex 50.8 6.9 1.8
    endloop
  endfacet
  facet normal -0.049067674327421026 -0.9987954562051723 0
    outer loop
      vertex 50.90781885436251 6.894703199339417 6.8
      vertex 50.8 6.9 1.8
      vertex 50.90781885436251 6.894703199339417 1.8
    endloop
  endfacet
  facet normal -0.14673047445536624 -0.9891765099647803 0
    outer loop
      vertex 51.01459935421774 6.878863808443553 6.8
      vertex 50.90781885436251 6.894703199339417 1.8
      vertex 51.01459935421774 6.878863808443553 1.8
    endloop
  endfacet
  facet normal -0.24298017990325466 -0.9700312531945463 0
    outer loop
      vertex 51.119313144979905 6.85263436930543 6.8
      vertex 51.01459935421774 6.878863808443553 1.8
      vertex 51.119313144979905 6.85263436930543 1.8
    endloop
  endfacet
  facet normal -0.5956993044924276 -0.8032075314806493 0
    outer loop
      vertex 51.497832612580005 6.65031149869901 6.8
      vertex 51.411127256321556 6.714616573532799 1.8
      vertex 51.497832612580005 6.65031149869901 1.8
    endloop
  endfacet
  facet normal -0.5141027441932251 -0.8577286100002701 0
    outer loop
      vertex 51.411127256321556 6.714616573532799 6.8
      vertex 51.31853641050859 6.77011339078319 1.8
      vertex 51.411127256321556 6.714616573532799 1.8
    endloop
  endfacet
  facet normal 0.5956993044924276 -0.8032075314806493 0
    outer loop
      vertex 50.10216738741999 6.65031149869901 6.8
      vertex 50.10216738741999 6.65031149869901 1.8
      vertex 50.18887274367844 6.714616573532799 6.8
    endloop
  endfacet
  facet normal 0.5141027441932251 -0.8577286100002701 0
    outer loop
      vertex 50.18887274367844 6.714616573532799 6.8
      vertex 50.18887274367844 6.714616573532799 1.8
      vertex 50.2814635894914 6.77011339078319 6.8
    endloop
  endfacet
  facet normal 0.4275550934302993 -0.9039892931234352 0
    outer loop
      vertex 50.2814635894914 6.77011339078319 6.8
      vertex 50.2814635894914 6.77011339078319 1.8
      vertex 50.379048224398396 6.816267485762415 6.8
    endloop
  endfacet
  facet normal 0.3368898533922162 -0.941544065183022 0
    outer loop
      vertex 50.379048224398396 6.816267485762415 6.8
      vertex 50.379048224398396 6.816267485762415 1.8
      vertex 50.48068685502009 6.85263436930543 6.8
    endloop
  endfacet
  facet normal 0.24298017990325466 -0.9700312531945463 0
    outer loop
      vertex 50.48068685502009 6.85263436930543 6.8
      vertex 50.48068685502009 6.85263436930543 1.8
      vertex 50.58540064578226 6.878863808443553 6.8
    endloop
  endfacet
  facet normal 0.14673047445536624 -0.9891765099647803 0
    outer loop
      vertex 50.58540064578226 6.878863808443553 6.8
      vertex 50.58540064578226 6.878863808443553 1.8
      vertex 50.692181145637484 6.894703199339417 6.8
    endloop
  endfacet
  facet normal -0.3368898533922162 -0.941544065183022 -1.9528723937346428e-20
    outer loop
      vertex 51.2209517756016 6.816267485762415 6.8
      vertex 51.119313144979905 6.85263436930543 6.8
      vertex 51.119313144979905 6.85263436930543 1.8
    endloop
  endfacet
  facet normal -0.4275550934302993 -0.9039892931234352 0
    outer loop
      vertex 51.2209517756016 6.816267485762415 6.8
      vertex 51.2209517756016 6.816267485762415 1.8
      vertex 51.31853641050859 6.77011339078319 6.8
    endloop
  endfacet
  facet normal 0.049067674327421026 -0.9987954562051723 0
    outer loop
      vertex 50.692181145637484 6.894703199339417 6.8
      vertex 50.692181145637484 6.894703199339417 1.8
      vertex 50.8 6.9 6.8
    endloop
  endfacet
  facet normal -0.049067674327421026 -0.9987954562051723 0
    outer loop
      vertex 50.8 6.9 6.8
      vertex 50.8 6.9 1.8
      vertex 50.90781885436251 6.894703199339417 6.8
    endloop
  endfacet
  facet normal -0.14673047445536624 -0.9891765099647803 0
    outer loop
      vertex 50.90781885436251 6.894703199339417 6.8
      vertex 50.90781885436251 6.894703199339417 1.8
      vertex 51.01459935421774 6.878863808443553 6.8
    endloop
  endfacet
  facet normal -0.24298017990325466 -0.9700312531945463 0
    outer loop
      vertex 51.01459935421774 6.878863808443553 6.8
      vertex 51.01459935421774 6.878863808443553 1.8
      vertex 51.119313144979905 6.85263436930543 6.8
    endloop
  endfacet
  facet normal -0.5956993044924276 -0.8032075314806493 -2.6084331937043107e-19
    outer loop
      vertex 51.497832612580005 6.65031149869901 6.8
      vertex 51.411127256321556 6.714616573532799 6.8
      vertex 51.411127256321556 6.714616573532799 1.8
    endloop
  endfacet
  facet normal -0.5141027441932251 -0.8577286100002701 0
    outer loop
      vertex 51.31853641050859 6.77011339078319 6.8
      vertex 51.31853641050859 6.77011339078319 1.8
      vertex 51.411127256321556 6.714616573532799 6.8
    endloop
  endfacet
  facet normal 0.2429801799032624 0.9700312531945443 0
    outer loop
      vertex 50.48068685502009 19.74736563069457 6.8
      vertex 50.58540064578226 19.721136191556447 1.8
      vertex 50.48068685502009 19.74736563069457 1.8
    endloop
  endfacet
  facet normal 0.14673047445535817 0.9891765099647813 0
    outer loop
      vertex 50.58540064578226 19.721136191556447 6.8
      vertex 50.692181145637484 19.705296800660584 1.8
      vertex 50.58540064578226 19.721136191556447 1.8
    endloop
  endfacet
  facet normal 0.42755509343030607 0.9039892931234321 0
    outer loop
      vertex 50.2814635894914 19.82988660921681 6.8
      vertex 50.379048224398396 19.783732514237585 1.8
      vertex 50.2814635894914 19.82988660921681 1.8
    endloop
  endfacet
  facet normal 0.5956993044924328 0.8032075314806453 0
    outer loop
      vertex 50.10216738741999 19.94968850130099 6.8
      vertex 50.18887274367844 19.8853834264672 1.8
      vertex 50.10216738741999 19.94968850130099 1.8
    endloop
  endfacet
  facet normal 0.5141027441932191 0.8577286100002738 0
    outer loop
      vertex 50.18887274367844 19.8853834264672 6.8
      vertex 50.2814635894914 19.82988660921681 1.8
      vertex 50.18887274367844 19.8853834264672 1.8
    endloop
  endfacet
  facet normal 0.33688985339220895 0.9415440651830247 0
    outer loop
      vertex 50.379048224398396 19.783732514237585 6.8
      vertex 50.48068685502009 19.74736563069457 1.8
      vertex 50.379048224398396 19.783732514237585 1.8
    endloop
  endfacet
  facet normal 0.04906767432742923 0.9987954562051718 0
    outer loop
      vertex 50.692181145637484 19.705296800660584 6.8
      vertex 50.8 19.7 1.8
      vertex 50.692181145637484 19.705296800660584 1.8
    endloop
  endfacet
  facet normal -0.04906767432742923 0.9987954562051718 0
    outer loop
      vertex 50.8 19.7 6.8
      vertex 50.90781885436251 19.705296800660584 1.8
      vertex 50.8 19.7 1.8
    endloop
  endfacet
  facet normal -0.14673047445535817 0.9891765099647813 0
    outer loop
      vertex 50.90781885436251 19.705296800660584 6.8
      vertex 51.01459935421774 19.721136191556447 1.8
      vertex 50.90781885436251 19.705296800660584 1.8
    endloop
  endfacet
  facet normal -0.2429801799032624 0.9700312531945443 0
    outer loop
      vertex 51.01459935421774 19.721136191556447 6.8
      vertex 51.119313144979905 19.74736563069457 1.8
      vertex 51.01459935421774 19.721136191556447 1.8
    endloop
  endfacet
  facet normal -0.33688985339220895 0.9415440651830247 0
    outer loop
      vertex 51.119313144979905 19.74736563069457 6.8
      vertex 51.2209517756016 19.783732514237585 1.8
      vertex 51.119313144979905 19.74736563069457 1.8
    endloop
  endfacet
  facet normal -0.42755509343030607 0.9039892931234321 0
    outer loop
      vertex 51.2209517756016 19.783732514237585 6.8
      vertex 51.31853641050859 19.82988660921681 1.8
      vertex 51.2209517756016 19.783732514237585 1.8
    endloop
  endfacet
  facet normal -0.5141027441932191 0.8577286100002738 0
    outer loop
      vertex 51.31853641050859 19.82988660921681 6.8
      vertex 51.411127256321556 19.8853834264672 1.8
      vertex 51.31853641050859 19.82988660921681 1.8
    endloop
  endfacet
  facet normal -0.5956993044924328 0.8032075314806453 0
    outer loop
      vertex 51.411127256321556 19.8853834264672 6.8
      vertex 51.497832612580005 19.94968850130099 1.8
      vertex 51.411127256321556 19.8853834264672 1.8
    endloop
  endfacet
  facet normal 0.2429801799032624 0.9700312531945443 0
    outer loop
      vertex 50.58540064578226 19.721136191556447 6.8
      vertex 50.58540064578226 19.721136191556447 1.8
      vertex 50.48068685502009 19.74736563069457 6.8
    endloop
  endfacet
  facet normal 0.14673047445535817 0.9891765099647813 1.53821921983404e-19
    outer loop
      vertex 50.58540064578226 19.721136191556447 6.8
      vertex 50.692181145637484 19.705296800660584 6.8
      vertex 50.692181145637484 19.705296800660584 1.8
    endloop
  endfacet
  facet normal 0.42755509343030607 0.9039892931234321 0
    outer loop
      vertex 50.379048224398396 19.783732514237585 6.8
      vertex 50.379048224398396 19.783732514237585 1.8
      vertex 50.2814635894914 19.82988660921681 6.8
    endloop
  endfacet
  facet normal 0.5956993044924328 0.8032075314806453 0
    outer loop
      vertex 50.18887274367844 19.8853834264672 6.8
      vertex 50.18887274367844 19.8853834264672 1.8
      vertex 50.10216738741999 19.94968850130099 6.8
    endloop
  endfacet
  facet normal 0.5141027441932191 0.8577286100002738 2.436880628852271e-19
    outer loop
      vertex 50.18887274367844 19.8853834264672 6.8
      vertex 50.2814635894914 19.82988660921681 6.8
      vertex 50.2814635894914 19.82988660921681 1.8
    endloop
  endfacet
  facet normal 0.33688985339220895 0.9415440651830247 0
    outer loop
      vertex 50.48068685502009 19.74736563069457 6.8
      vertex 50.48068685502009 19.74736563069457 1.8
      vertex 50.379048224398396 19.783732514237585 6.8
    endloop
  endfacet
  facet normal 0.04906767432742923 0.9987954562051718 8.09558187923498e-20
    outer loop
      vertex 50.692181145637484 19.705296800660584 6.8
      vertex 50.8 19.7 6.8
      vertex 50.8 19.7 1.8
    endloop
  endfacet
  facet normal -0.04906767432742923 0.9987954562051718 -8.09558187923498e-20
    outer loop
      vertex 50.8 19.7 6.8
      vertex 50.90781885436251 19.705296800660584 6.8
      vertex 50.90781885436251 19.705296800660584 1.8
    endloop
  endfacet
  facet normal -0.14673047445535817 0.9891765099647813 -1.53821921983404e-19
    outer loop
      vertex 50.90781885436251 19.705296800660584 6.8
      vertex 51.01459935421774 19.721136191556447 6.8
      vertex 51.01459935421774 19.721136191556447 1.8
    endloop
  endfacet
  facet normal -0.2429801799032624 0.9700312531945443 -2.9779765293092056e-19
    outer loop
      vertex 51.01459935421774 19.721136191556447 6.8
      vertex 51.119313144979905 19.74736563069457 6.8
      vertex 51.119313144979905 19.74736563069457 1.8
    endloop
  endfacet
  facet normal -0.33688985339220895 0.9415440651830247 -1.0574830174552074e-19
    outer loop
      vertex 51.119313144979905 19.74736563069457 6.8
      vertex 51.2209517756016 19.783732514237585 6.8
      vertex 51.2209517756016 19.783732514237585 1.8
    endloop
  endfacet
  facet normal -0.42755509343030607 0.9039892931234321 3.5039819621366044e-19
    outer loop
      vertex 51.2209517756016 19.783732514237585 6.8
      vertex 51.31853641050859 19.82988660921681 6.8
      vertex 51.31853641050859 19.82988660921681 1.8
    endloop
  endfacet
  facet normal -0.5141027441932191 0.8577286100002738 -2.436880628852271e-19
    outer loop
      vertex 51.31853641050859 19.82988660921681 6.8
      vertex 51.411127256321556 19.8853834264672 6.8
      vertex 51.411127256321556 19.8853834264672 1.8
    endloop
  endfacet
  facet normal -0.5956993044924328 0.8032075314806453 -8.259400718168017e-20
    outer loop
      vertex 51.411127256321556 19.8853834264672 6.8
      vertex 51.497832612580005 19.94968850130099 6.8
      vertex 51.497832612580005 19.94968850130099 1.8
    endloop
  endfacet
  facet normal 0.6715589548470073 0.7409511253549692 0
    outer loop
      vertex 50.02218254069479 20.0221825406948 6.8
      vertex 50.10216738741999 19.94968850130099 1.8
      vertex 50.02218254069479 20.0221825406948 1.8
    endloop
  endfacet
  facet normal 0.7409511253549395 0.6715589548470401 0
    outer loop
      vertex 49.94968850130098 20.10216738741999 6.8
      vertex 50.02218254069479 20.0221825406948 1.8
      vertex 49.94968850130098 20.10216738741999 1.8
    endloop
  endfacet
  facet normal 0.8577286100002591 0.5141027441932432 0
    outer loop
      vertex 49.82988660921681 20.281463589491402 6.8
      vertex 49.8853834264672 20.188872743678438 1.8
      vertex 49.82988660921681 20.281463589491402 1.8
    endloop
  endfacet
  facet normal 0.8032075314806767 0.5956993044923903 0
    outer loop
      vertex 49.8853834264672 20.188872743678438 6.8
      vertex 49.94968850130098 20.10216738741999 1.8
      vertex 49.8853834264672 20.188872743678438 1.8
    endloop
  endfacet
  facet normal 0.9039892931234568 0.4275550934302537 0
    outer loop
      vertex 49.783732514237585 20.379048224398403 6.8
      vertex 49.82988660921681 20.281463589491402 1.8
      vertex 49.783732514237585 20.379048224398403 1.8
    endloop
  endfacet
  facet normal 0.9700312531945521 0.24298017990323142 0
    outer loop
      vertex 49.72113619155645 20.58540064578226 6.8
      vertex 49.74736563069457 20.480686855020092 1.8
      vertex 49.72113619155645 20.58540064578226 1.8
    endloop
  endfacet
  facet normal 0.9415440651830106 0.3368898533922486 0
    outer loop
      vertex 49.74736563069457 20.480686855020092 6.8
      vertex 49.783732514237585 20.379048224398403 1.8
      vertex 49.74736563069457 20.480686855020092 1.8
    endloop
  endfacet
  facet normal 0.9891765099647808 0.14673047445536297 0
    outer loop
      vertex 49.705296800660584 20.692181145637484 6.8
      vertex 49.72113619155645 20.58540064578226 1.8
      vertex 49.705296800660584 20.692181145637484 1.8
    endloop
  endfacet
  facet normal 0.9987954562051702 0.049067674327460446 0
    outer loop
      vertex 49.699999999999996 20.8 6.8
      vertex 49.705296800660584 20.692181145637484 1.8
      vertex 49.699999999999996 20.8 1.8
    endloop
  endfacet
  facet normal 0.9987954562051702 -0.049067674327460446 0
    outer loop
      vertex 49.705296800660584 20.907818854362517 6.8
      vertex 49.699999999999996 20.8 1.8
      vertex 49.705296800660584 20.907818854362517 1.8
    endloop
  endfacet
  facet normal 0.9891765099647808 -0.14673047445536297 0
    outer loop
      vertex 49.72113619155645 21.01459935421774 6.8
      vertex 49.705296800660584 20.907818854362517 1.8
      vertex 49.72113619155645 21.01459935421774 1.8
    endloop
  endfacet
  facet normal 0.9700312531945521 -0.24298017990323142 0
    outer loop
      vertex 49.74736563069457 21.11931314497991 6.8
      vertex 49.72113619155645 21.01459935421774 1.8
      vertex 49.74736563069457 21.11931314497991 1.8
    endloop
  endfacet
  facet normal 0.9415440651830106 -0.3368898533922486 0
    outer loop
      vertex 49.783732514237585 21.2209517756016 6.8
      vertex 49.74736563069457 21.11931314497991 1.8
      vertex 49.783732514237585 21.2209517756016 1.8
    endloop
  endfacet
  facet normal 0.9039892931234568 -0.4275550934302537 0
    outer loop
      vertex 49.82988660921681 21.3185364105086 6.8
      vertex 49.783732514237585 21.2209517756016 1.8
      vertex 49.82988660921681 21.3185364105086 1.8
    endloop
  endfacet
  facet normal 0.8577286100002591 -0.5141027441932432 0
    outer loop
      vertex 49.8853834264672 21.411127256321564 6.8
      vertex 49.82988660921681 21.3185364105086 1.8
      vertex 49.8853834264672 21.411127256321564 1.8
    endloop
  endfacet
  facet normal 0.8032075314806767 -0.5956993044923903 0
    outer loop
      vertex 49.94968850130098 21.497832612580012 6.8
      vertex 49.8853834264672 21.411127256321564 1.8
      vertex 49.94968850130098 21.497832612580012 1.8
    endloop
  endfacet
  facet normal 0.7409511253549395 -0.6715589548470401 0
    outer loop
      vertex 50.02218254069479 21.5778174593052 6.8
      vertex 49.94968850130098 21.497832612580012 1.8
      vertex 50.02218254069479 21.5778174593052 1.8
    endloop
  endfacet
  facet normal -0.6715589548470073 0.7409511253549692 0
    outer loop
      vertex 51.497832612580005 19.94968850130099 6.8
      vertex 51.5778174593052 20.0221825406948 1.8
      vertex 51.497832612580005 19.94968850130099 1.8
    endloop
  endfacet
  facet normal -0.7409511253549395 0.6715589548470401 0
    outer loop
      vertex 51.5778174593052 20.0221825406948 6.8
      vertex 51.65031149869901 20.10216738741999 1.8
      vertex 51.5778174593052 20.0221825406948 1.8
    endloop
  endfacet
  facet normal -0.8032075314806767 0.5956993044923903 0
    outer loop
      vertex 51.65031149869901 20.10216738741999 6.8
      vertex 51.714616573532794 20.188872743678438 1.8
      vertex 51.65031149869901 20.10216738741999 1.8
    endloop
  endfacet
  facet normal -0.8577286100002591 0.5141027441932432 0
    outer loop
      vertex 51.714616573532794 20.188872743678438 6.8
      vertex 51.77011339078319 20.281463589491402 1.8
      vertex 51.714616573532794 20.188872743678438 1.8
    endloop
  endfacet
  facet normal -0.9039892931234568 0.4275550934302537 0
    outer loop
      vertex 51.77011339078319 20.281463589491402 6.8
      vertex 51.81626748576241 20.379048224398403 1.8
      vertex 51.77011339078319 20.281463589491402 1.8
    endloop
  endfacet
  facet normal -0.9415440651830106 0.3368898533922486 0
    outer loop
      vertex 51.81626748576241 20.379048224398403 6.8
      vertex 51.85263436930543 20.480686855020092 1.8
      vertex 51.81626748576241 20.379048224398403 1.8
    endloop
  endfacet
  facet normal -0.9700312531945521 0.24298017990323142 0
    outer loop
      vertex 51.85263436930543 20.480686855020092 6.8
      vertex 51.87886380844355 20.58540064578226 1.8
      vertex 51.85263436930543 20.480686855020092 1.8
    endloop
  endfacet
  facet normal -0.9891765099647808 0.14673047445536297 0
    outer loop
      vertex 51.87886380844355 20.58540064578226 6.8
      vertex 51.89470319933941 20.692181145637484 1.8
      vertex 51.87886380844355 20.58540064578226 1.8
    endloop
  endfacet
  facet normal -0.9987954562051702 0.049067674327460446 0
    outer loop
      vertex 51.89470319933941 20.692181145637484 6.8
      vertex 51.9 20.8 1.8
      vertex 51.89470319933941 20.692181145637484 1.8
    endloop
  endfacet
  facet normal -0.9987954562051702 -0.049067674327460446 0
    outer loop
      vertex 51.9 20.8 6.8
      vertex 51.89470319933941 20.907818854362517 1.8
      vertex 51.9 20.8 1.8
    endloop
  endfacet
  facet normal -0.9891765099647808 -0.14673047445536297 0
    outer loop
      vertex 51.89470319933941 20.907818854362517 6.8
      vertex 51.87886380844355 21.01459935421774 1.8
      vertex 51.89470319933941 20.907818854362517 1.8
    endloop
  endfacet
  facet normal -0.9700312531945521 -0.24298017990323142 0
    outer loop
      vertex 51.87886380844355 21.01459935421774 6.8
      vertex 51.85263436930543 21.11931314497991 1.8
      vertex 51.87886380844355 21.01459935421774 1.8
    endloop
  endfacet
  facet normal -0.9415440651830106 -0.3368898533922486 0
    outer loop
      vertex 51.85263436930543 21.11931314497991 6.8
      vertex 51.81626748576241 21.2209517756016 1.8
      vertex 51.85263436930543 21.11931314497991 1.8
    endloop
  endfacet
  facet normal -0.9039892931234568 -0.4275550934302537 0
    outer loop
      vertex 51.81626748576241 21.2209517756016 6.8
      vertex 51.77011339078319 21.3185364105086 1.8
      vertex 51.81626748576241 21.2209517756016 1.8
    endloop
  endfacet
  facet normal -0.8577286100002591 -0.5141027441932432 0
    outer loop
      vertex 51.77011339078319 21.3185364105086 6.8
      vertex 51.714616573532794 21.411127256321564 1.8
      vertex 51.77011339078319 21.3185364105086 1.8
    endloop
  endfacet
  facet normal -0.7409511253549395 -0.6715589548470401 0
    outer loop
      vertex 51.65031149869901 21.497832612580012 6.8
      vertex 51.5778174593052 21.5778174593052 1.8
      vertex 51.65031149869901 21.497832612580012 1.8
    endloop
  endfacet
  facet normal -0.6715589548470073 -0.7409511253549692 0
    outer loop
      vertex 51.5778174593052 21.5778174593052 6.8
      vertex 51.497832612580005 21.65031149869901 1.8
      vertex 51.5778174593052 21.5778174593052 1.8
    endloop
  endfacet
  facet normal -0.8032075314806767 -0.5956993044923903 0
    outer loop
      vertex 51.714616573532794 21.411127256321564 6.8
      vertex 51.65031149869901 21.497832612580012 1.8
      vertex 51.714616573532794 21.411127256321564 1.8
    endloop
  endfacet
  facet normal 0.6715589548470073 -0.7409511253549692 0
    outer loop
      vertex 50.10216738741999 21.65031149869901 6.8
      vertex 50.02218254069479 21.5778174593052 1.8
      vertex 50.10216738741999 21.65031149869901 1.8
    endloop
  endfacet
  facet normal 0.5956993044924328 -0.8032075314806453 0
    outer loop
      vertex 50.18887274367844 21.7146165735328 6.8
      vertex 50.10216738741999 21.65031149869901 1.8
      vertex 50.18887274367844 21.7146165735328 1.8
    endloop
  endfacet
  facet normal 0.5141027441932191 -0.8577286100002738 0
    outer loop
      vertex 50.2814635894914 21.77011339078319 6.8
      vertex 50.18887274367844 21.7146165735328 1.8
      vertex 50.2814635894914 21.77011339078319 1.8
    endloop
  endfacet
  facet normal 0.42755509343030607 -0.9039892931234321 0
    outer loop
      vertex 50.379048224398396 21.816267485762417 6.8
      vertex 50.2814635894914 21.77011339078319 1.8
      vertex 50.379048224398396 21.816267485762417 1.8
    endloop
  endfacet
  facet normal 0.33688985339220895 -0.9415440651830247 0
    outer loop
      vertex 50.48068685502009 21.85263436930543 6.8
      vertex 50.379048224398396 21.816267485762417 1.8
      vertex 50.48068685502009 21.85263436930543 1.8
    endloop
  endfacet
  facet normal 0.2429801799032624 -0.9700312531945443 0
    outer loop
      vertex 50.58540064578226 21.878863808443555 6.8
      vertex 50.48068685502009 21.85263436930543 1.8
      vertex 50.58540064578226 21.878863808443555 1.8
    endloop
  endfacet
  facet normal 0.14673047445535817 -0.9891765099647813 0
    outer loop
      vertex 50.692181145637484 21.894703199339418 6.8
      vertex 50.58540064578226 21.878863808443555 1.8
      vertex 50.692181145637484 21.894703199339418 1.8
    endloop
  endfacet
  facet normal -0.42755509343030607 -0.9039892931234321 0
    outer loop
      vertex 51.31853641050859 21.77011339078319 6.8
      vertex 51.2209517756016 21.816267485762417 1.8
      vertex 51.31853641050859 21.77011339078319 1.8
    endloop
  endfacet
  facet normal 0.04906767432742923 -0.9987954562051718 0
    outer loop
      vertex 50.8 21.900000000000002 6.8
      vertex 50.692181145637484 21.894703199339418 1.8
      vertex 50.8 21.900000000000002 1.8
    endloop
  endfacet
  facet normal -0.04906767432742923 -0.9987954562051718 0
    outer loop
      vertex 50.90781885436251 21.894703199339418 6.8
      vertex 50.8 21.900000000000002 1.8
      vertex 50.90781885436251 21.894703199339418 1.8
    endloop
  endfacet
  facet normal -0.14673047445535817 -0.9891765099647813 0
    outer loop
      vertex 51.01459935421774 21.878863808443555 6.8
      vertex 50.90781885436251 21.894703199339418 1.8
      vertex 51.01459935421774 21.878863808443555 1.8
    endloop
  endfacet
  facet normal -0.2429801799032624 -0.9700312531945443 0
    outer loop
      vertex 51.119313144979905 21.85263436930543 6.8
      vertex 51.01459935421774 21.878863808443555 1.8
      vertex 51.119313144979905 21.85263436930543 1.8
    endloop
  endfacet
  facet normal -0.33688985339220895 -0.9415440651830247 0
    outer loop
      vertex 51.2209517756016 21.816267485762417 6.8
      vertex 51.119313144979905 21.85263436930543 1.8
      vertex 51.2209517756016 21.816267485762417 1.8
    endloop
  endfacet
  facet normal -0.5956993044924328 -0.8032075314806453 0
    outer loop
      vertex 51.497832612580005 21.65031149869901 6.8
      vertex 51.411127256321556 21.7146165735328 1.8
      vertex 51.497832612580005 21.65031149869901 1.8
    endloop
  endfacet
  facet normal -0.5141027441932191 -0.8577286100002738 0
    outer loop
      vertex 51.411127256321556 21.7146165735328 6.8
      vertex 51.31853641050859 21.77011339078319 1.8
      vertex 51.411127256321556 21.7146165735328 1.8
    endloop
  endfacet
  facet normal 0.7409511253549395 0.6715589548470401 0
    outer loop
      vertex 50.02218254069479 20.0221825406948 6.8
      vertex 50.02218254069479 20.0221825406948 1.8
      vertex 49.94968850130098 20.10216738741999 6.8
    endloop
  endfacet
  facet normal 0.8032075314806767 0.5956993044923903 5.490674515489959e-19
    outer loop
      vertex 49.8853834264672 20.188872743678438 6.8
      vertex 49.94968850130098 20.10216738741999 6.8
      vertex 49.94968850130098 20.10216738741999 1.8
    endloop
  endfacet
  facet normal 0.8577286100002591 0.5141027441932432 0
    outer loop
      vertex 49.8853834264672 20.188872743678438 6.8
      vertex 49.8853834264672 20.188872743678438 1.8
      vertex 49.82988660921681 20.281463589491402 6.8
    endloop
  endfacet
  facet normal 0.9039892931234568 0.4275550934302537 0
    outer loop
      vertex 49.82988660921681 20.281463589491402 6.8
      vertex 49.82988660921681 20.281463589491402 1.8
      vertex 49.783732514237585 20.379048224398403 6.8
    endloop
  endfacet
  facet normal 0.9700312531945521 0.24298017990323142 0
    outer loop
      vertex 49.74736563069457 20.480686855020092 6.8
      vertex 49.74736563069457 20.480686855020092 1.8
      vertex 49.72113619155645 20.58540064578226 6.8
    endloop
  endfacet
  facet normal 0.9415440651830106 0.3368898533922486 0
    outer loop
      vertex 49.783732514237585 20.379048224398403 6.8
      vertex 49.783732514237585 20.379048224398403 1.8
      vertex 49.74736563069457 20.480686855020092 6.8
    endloop
  endfacet
  facet normal 0.9891765099647808 0.14673047445536297 0
    outer loop
      vertex 49.72113619155645 20.58540064578226 6.8
      vertex 49.72113619155645 20.58540064578226 1.8
      vertex 49.705296800660584 20.692181145637484 6.8
    endloop
  endfacet
  facet normal 0.9987954562051702 0.049067674327460446 0
    outer loop
      vertex 49.705296800660584 20.692181145637484 6.8
      vertex 49.705296800660584 20.692181145637484 1.8
      vertex 49.699999999999996 20.8 6.8
    endloop
  endfacet
  facet normal 0.9987954562051702 -0.049067674327460446 0
    outer loop
      vertex 49.699999999999996 20.8 6.8
      vertex 49.699999999999996 20.8 1.8
      vertex 49.705296800660584 20.907818854362517 6.8
    endloop
  endfacet
  facet normal 0.9891765099647808 -0.14673047445536297 0
    outer loop
      vertex 49.705296800660584 20.907818854362517 6.8
      vertex 49.705296800660584 20.907818854362517 1.8
      vertex 49.72113619155645 21.01459935421774 6.8
    endloop
  endfacet
  facet normal 0.9700312531945521 -0.24298017990323142 0
    outer loop
      vertex 49.72113619155645 21.01459935421774 6.8
      vertex 49.72113619155645 21.01459935421774 1.8
      vertex 49.74736563069457 21.11931314497991 6.8
    endloop
  endfacet
  facet normal 0.9415440651830106 -0.3368898533922486 0
    outer loop
      vertex 49.74736563069457 21.11931314497991 6.8
      vertex 49.74736563069457 21.11931314497991 1.8
      vertex 49.783732514237585 21.2209517756016 6.8
    endloop
  endfacet
  facet normal 0.9039892931234568 -0.4275550934302537 0
    outer loop
      vertex 49.783732514237585 21.2209517756016 6.8
      vertex 49.783732514237585 21.2209517756016 1.8
      vertex 49.82988660921681 21.3185364105086 6.8
    endloop
  endfacet
  facet normal 0.8577286100002591 -0.5141027441932432 0
    outer loop
      vertex 49.82988660921681 21.3185364105086 6.8
      vertex 49.82988660921681 21.3185364105086 1.8
      vertex 49.8853834264672 21.411127256321564 6.8
    endloop
  endfacet
  facet normal 0.8032075314806767 -0.5956993044923903 0
    outer loop
      vertex 49.8853834264672 21.411127256321564 6.8
      vertex 49.8853834264672 21.411127256321564 1.8
      vertex 49.94968850130098 21.497832612580012 6.8
    endloop
  endfacet
  facet normal 0.7409511253549395 -0.6715589548470401 0
    outer loop
      vertex 49.94968850130098 21.497832612580012 6.8
      vertex 49.94968850130098 21.497832612580012 1.8
      vertex 50.02218254069479 21.5778174593052 6.8
    endloop
  endfacet
  facet normal 0.6715589548470073 -0.7409511253549692 0
    outer loop
      vertex 50.02218254069479 21.5778174593052 6.8
      vertex 50.02218254069479 21.5778174593052 1.8
      vertex 50.10216738741999 21.65031149869901 6.8
    endloop
  endfacet
  facet normal 0.6715589548470073 0.7409511253549692 0
    outer loop
      vertex 50.10216738741999 19.94968850130099 6.8
      vertex 50.10216738741999 19.94968850130099 1.8
      vertex 50.02218254069479 20.0221825406948 6.8
    endloop
  endfacet
  facet normal -0.6715589548470073 0.7409511253549692 -3.373659033973809e-19
    outer loop
      vertex 51.497832612580005 19.94968850130099 6.8
      vertex 51.5778174593052 20.0221825406948 6.8
      vertex 51.5778174593052 20.0221825406948 1.8
    endloop
  endfacet
  facet normal -0.7409511253549395 0.6715589548470401 -1.303390408924735e-19
    outer loop
      vertex 51.5778174593052 20.0221825406948 6.8
      vertex 51.65031149869901 20.10216738741999 6.8
      vertex 51.65031149869901 20.10216738741999 1.8
    endloop
  endfacet
  facet normal -0.8032075314806767 0.5956993044923903 -5.490674515489959e-19
    outer loop
      vertex 51.65031149869901 20.10216738741999 6.8
      vertex 51.714616573532794 20.188872743678438 6.8
      vertex 51.714616573532794 20.188872743678438 1.8
    endloop
  endfacet
  facet normal -0.8577286100002591 0.5141027441932432 1.614402658008365e-19
    outer loop
      vertex 51.714616573532794 20.188872743678438 6.8
      vertex 51.77011339078319 20.281463589491402 6.8
      vertex 51.77011339078319 20.281463589491402 1.8
    endloop
  endfacet
  facet normal -0.9039892931234568 0.4275550934302537 -6.335890930903654e-19
    outer loop
      vertex 51.77011339078319 20.281463589491402 6.8
      vertex 51.81626748576241 20.379048224398403 6.8
      vertex 51.81626748576241 20.379048224398403 1.8
    endloop
  endfacet
  facet normal -0.9415440651830106 0.3368898533922486 -3.4185306193429653e-19
    outer loop
      vertex 51.81626748576241 20.379048224398403 6.8
      vertex 51.85263436930543 20.480686855020092 6.8
      vertex 51.85263436930543 20.480686855020092 1.8
    endloop
  endfacet
  facet normal -0.9700312531945521 0.24298017990323142 -1.494518903755872e-19
    outer loop
      vertex 51.85263436930543 20.480686855020092 6.8
      vertex 51.87886380844355 20.58540064578226 6.8
      vertex 51.87886380844355 20.58540064578226 1.8
    endloop
  endfacet
  facet normal -0.9891765099647808 0.14673047445536297 4.19971846142445e-20
    outer loop
      vertex 51.87886380844355 20.58540064578226 6.8
      vertex 51.89470319933941 20.692181145637484 6.8
      vertex 51.89470319933941 20.692181145637484 1.8
    endloop
  endfacet
  facet normal -0.9987954562051702 0.049067674327460446 3.430199934055404e-20
    outer loop
      vertex 51.89470319933941 20.692181145637484 6.8
      vertex 51.9 20.8 6.8
      vertex 51.9 20.8 1.8
    endloop
  endfacet
  facet normal -0.9987954562051702 -0.049067674327460446 -3.430199934055404e-20
    outer loop
      vertex 51.9 20.8 6.8
      vertex 51.89470319933941 20.907818854362517 6.8
      vertex 51.89470319933941 20.907818854362517 1.8
    endloop
  endfacet
  facet normal -0.9891765099647808 -0.14673047445536297 -4.19971846142445e-20
    outer loop
      vertex 51.89470319933941 20.907818854362517 6.8
      vertex 51.87886380844355 21.01459935421774 6.8
      vertex 51.87886380844355 21.01459935421774 1.8
    endloop
  endfacet
  facet normal -0.9700312531945521 -0.24298017990323142 1.494518903755872e-19
    outer loop
      vertex 51.87886380844355 21.01459935421774 6.8
      vertex 51.85263436930543 21.11931314497991 6.8
      vertex 51.85263436930543 21.11931314497991 1.8
    endloop
  endfacet
  facet normal -0.9415440651830106 -0.3368898533922486 3.4185306193429653e-19
    outer loop
      vertex 51.85263436930543 21.11931314497991 6.8
      vertex 51.81626748576241 21.2209517756016 6.8
      vertex 51.81626748576241 21.2209517756016 1.8
    endloop
  endfacet
  facet normal -0.9039892931234568 -0.4275550934302537 6.335890930903654e-19
    outer loop
      vertex 51.81626748576241 21.2209517756016 6.8
      vertex 51.77011339078319 21.3185364105086 6.8
      vertex 51.77011339078319 21.3185364105086 1.8
    endloop
  endfacet
  facet normal -0.8577286100002591 -0.5141027441932432 -1.614402658008365e-19
    outer loop
      vertex 51.77011339078319 21.3185364105086 6.8
      vertex 51.714616573532794 21.411127256321564 6.8
      vertex 51.714616573532794 21.411127256321564 1.8
    endloop
  endfacet
  facet normal -0.7409511253549395 -0.6715589548470401 1.303390408924735e-19
    outer loop
      vertex 51.65031149869901 21.497832612580012 6.8
      vertex 51.5778174593052 21.5778174593052 6.8
      vertex 51.5778174593052 21.5778174593052 1.8
    endloop
  endfacet
  facet normal -0.8032075314806767 -0.5956993044923903 5.490674515489959e-19
    outer loop
      vertex 51.714616573532794 21.411127256321564 6.8
      vertex 51.65031149869901 21.497832612580012 6.8
      vertex 51.65031149869901 21.497832612580012 1.8
    endloop
  endfacet
  facet normal 0.5956993044924328 -0.8032075314806453 0
    outer loop
      vertex 50.10216738741999 21.65031149869901 6.8
      vertex 50.10216738741999 21.65031149869901 1.8
      vertex 50.18887274367844 21.7146165735328 6.8
    endloop
  endfacet
  facet normal 0.5141027441932191 -0.8577286100002738 0
    outer loop
      vertex 50.18887274367844 21.7146165735328 6.8
      vertex 50.18887274367844 21.7146165735328 1.8
      vertex 50.2814635894914 21.77011339078319 6.8
    endloop
  endfacet
  facet normal 0.42755509343030607 -0.9039892931234321 0
    outer loop
      vertex 50.2814635894914 21.77011339078319 6.8
      vertex 50.2814635894914 21.77011339078319 1.8
      vertex 50.379048224398396 21.816267485762417 6.8
    endloop
  endfacet
  facet normal 0.33688985339220895 -0.9415440651830247 0
    outer loop
      vertex 50.379048224398396 21.816267485762417 6.8
      vertex 50.379048224398396 21.816267485762417 1.8
      vertex 50.48068685502009 21.85263436930543 6.8
    endloop
  endfacet
  facet normal 0.2429801799032624 -0.9700312531945443 0
    outer loop
      vertex 50.48068685502009 21.85263436930543 6.8
      vertex 50.48068685502009 21.85263436930543 1.8
      vertex 50.58540064578226 21.878863808443555 6.8
    endloop
  endfacet
  facet normal 0.14673047445535817 -0.9891765099647813 0
    outer loop
      vertex 50.58540064578226 21.878863808443555 6.8
      vertex 50.58540064578226 21.878863808443555 1.8
      vertex 50.692181145637484 21.894703199339418 6.8
    endloop
  endfacet
  facet normal -0.42755509343030607 -0.9039892931234321 -3.5039819621366044e-19
    outer loop
      vertex 51.31853641050859 21.77011339078319 6.8
      vertex 51.2209517756016 21.816267485762417 6.8
      vertex 51.2209517756016 21.816267485762417 1.8
    endloop
  endfacet
  facet normal 0.04906767432742923 -0.9987954562051718 0
    outer loop
      vertex 50.692181145637484 21.894703199339418 6.8
      vertex 50.692181145637484 21.894703199339418 1.8
      vertex 50.8 21.900000000000002 6.8
    endloop
  endfacet
  facet normal -0.04906767432742923 -0.9987954562051718 0
    outer loop
      vertex 50.8 21.900000000000002 6.8
      vertex 50.8 21.900000000000002 1.8
      vertex 50.90781885436251 21.894703199339418 6.8
    endloop
  endfacet
  facet normal -0.14673047445535817 -0.9891765099647813 0
    outer loop
      vertex 50.90781885436251 21.894703199339418 6.8
      vertex 50.90781885436251 21.894703199339418 1.8
      vertex 51.01459935421774 21.878863808443555 6.8
    endloop
  endfacet
  facet normal -0.2429801799032624 -0.9700312531945443 0
    outer loop
      vertex 51.01459935421774 21.878863808443555 6.8
      vertex 51.01459935421774 21.878863808443555 1.8
      vertex 51.119313144979905 21.85263436930543 6.8
    endloop
  endfacet
  facet normal -0.33688985339220895 -0.9415440651830247 1.0574830174552074e-19
    outer loop
      vertex 51.2209517756016 21.816267485762417 6.8
      vertex 51.119313144979905 21.85263436930543 6.8
      vertex 51.119313144979905 21.85263436930543 1.8
    endloop
  endfacet
  facet normal -0.5956993044924328 -0.8032075314806453 8.259400718168017e-20
    outer loop
      vertex 51.497832612580005 21.65031149869901 6.8
      vertex 51.411127256321556 21.7146165735328 6.8
      vertex 51.411127256321556 21.7146165735328 1.8
    endloop
  endfacet
  facet normal -0.6715589548470073 -0.7409511253549692 3.373659033973809e-19
    outer loop
      vertex 51.5778174593052 21.5778174593052 6.8
      vertex 51.497832612580005 21.65031149869901 6.8
      vertex 51.497832612580005 21.65031149869901 1.8
    endloop
  endfacet
  facet normal -0.5141027441932191 -0.8577286100002738 0
    outer loop
      vertex 51.31853641050859 21.77011339078319 6.8
      vertex 51.31853641050859 21.77011339078319 1.8
      vertex 51.411127256321556 21.7146165735328 6.8
    endloop
  endfacet
  facet normal -1 0 0
    outer loop
      vertex 56.3 2.8 8.8
      vertex 56.3 20.8 8.8
      vertex 56.3 2.8 1.8
    endloop
  endfacet
  facet normal 0 -1 0
    outer loop
      vertex 56.3 2.8 8.8
      vertex 56.3 2.8 1.8
      vertex 77.3 2.8 8.8
    endloop
  endfacet
  facet normal 0 -1 0
    outer loop
      vertex 77.3 2.8 8.8
      vertex 56.3 2.8 1.8
      vertex 77.3 2.8 1.8
    endloop
  endfacet
  facet normal 1 0 0
    outer loop
      vertex 77.3 2.8 8.8
      vertex 77.3 2.8 1.8
      vertex 77.3 20.8 1.8
    endloop
  endfacet
  facet normal 0 0 1
    outer loop
      vertex 56.3 2.8 8.8
      vertex 57.8 4.3 8.8
      vertex 57.8 19.3 8.8
    endloop
  endfacet
  facet normal 0 0 1
    outer loop
      vertex 56.3 2.8 8.8
      vertex 77.3 2.8 8.8
      vertex 57.8 4.3 8.8
    endloop
  endfacet
  facet normal 0 0 1
    outer loop
      vertex 57.8 4.3 8.8
      vertex 77.3 2.8 8.8
      vertex 75.8 4.3 8.8
    endloop
  endfacet
  facet normal 0 0 1
    outer loop
      vertex 77.3 2.8 8.8
      vertex 77.3 20.8 8.8
      vertex 75.8 4.3 8.8
    endloop
  endfacet
  facet normal -1 0 0
    outer loop
      vertex 56.3 20.8 8.8
      vertex 56.3 18.18562091503268 1.8
      vertex 56.3 2.8 1.8
    endloop
  endfacet
  facet normal -1 0 0
    outer loop
      vertex 56.3 20.8 8.8
      vertex 56.3 20.8 1.8
      vertex 56.3 18.18562091503268 1.8
    endloop
  endfacet
  facet normal 1 0 0
    outer loop
      vertex 77.3 2.8 8.8
      vertex 77.3 20.8 1.8
      vertex 77.3 20.8 8.8
    endloop
  endfacet
  facet normal 0 1 0
    outer loop
      vertex 56.3 20.8 8.8
      vertex 77.3 20.8 1.8
      vertex 56.3 20.8 1.8
    endloop
  endfacet
  facet normal 0 1 0
    outer loop
      vertex 56.3 20.8 8.8
      vertex 77.3 20.8 8.8
      vertex 77.3 20.8 1.8
    endloop
  endfacet
  facet normal 0 0 1
    outer loop
      vertex 56.3 2.8 8.8
      vertex 57.8 19.3 8.8
      vertex 56.3 20.8 8.8
    endloop
  endfacet
  facet normal 0 0 1
    outer loop
      vertex 57.8 19.3 8.8
      vertex 75.8 19.3 8.8
      vertex 56.3 20.8 8.8
    endloop
  endfacet
  facet normal 0 0 1
    outer loop
      vertex 75.8 4.3 8.8
      vertex 77.3 20.8 8.8
      vertex 75.8 19.3 8.8
    endloop
  endfacet
  facet normal 0 0 1
    outer loop
      vertex 56.3 20.8 8.8
      vertex 75.8 19.3 8.8
      vertex 77.3 20.8 8.8
    endloop
  endfacet
  facet normal 1 0 0
    outer loop
      vertex 57.8 4.3 3.3
      vertex 57.8 19.3 8.8
      vertex 57.8 4.3 8.8
    endloop
  endfacet
  facet normal 0 1 0
    outer loop
      vertex 57.8 4.3 3.3
      vertex 57.8 4.3 8.8
      vertex 75.8 4.3 3.3
    endloop
  endfacet
  facet normal 0 1 0
    outer loop
      vertex 75.8 4.3 3.3
      vertex 57.8 4.3 8.8
      vertex 75.8 4.3 8.8
    endloop
  endfacet
  facet normal 0 0 1
    outer loop
      vertex 57.8 4.3 3.3
      vertex 75.8 4.3 3.3
      vertex 75.8 19.3 3.3
    endloop
  endfacet
  facet normal -1 0 0
    outer loop
      vertex 75.8 4.3 3.3
      vertex 75.8 4.3 8.8
      vertex 75.8 19.3 3.3
    endloop
  endfacet
  facet normal 1 0 0
    outer loop
      vertex 57.8 4.3 3.3
      vertex 57.8 19.3 3.3
      vertex 57.8 19.3 8.8
    endloop
  endfacet
  facet normal 0 0 1
    outer loop
      vertex 57.8 4.3 3.3
      vertex 75.8 19.3 3.3
      vertex 57.8 19.3 3.3
    endloop
  endfacet
  facet normal 0 -1 0
    outer loop
      vertex 57.8 19.3 3.3
      vertex 75.8 19.3 3.3
      vertex 75.8 19.3 8.8
    endloop
  endfacet
  facet normal 0 -1 0
    outer loop
      vertex 57.8 19.3 3.3
      vertex 75.8 19.3 8.8
      vertex 57.8 19.3 8.8
    endloop
  endfacet
  facet normal -1 0 0
    outer loop
      vertex 75.8 4.3 8.8
      vertex 75.8 19.3 8.8
      vertex 75.8 19.3 3.3
    endloop
  endfacet
  facet normal 0 0 -1
    outer loop
      vertex 64.57771906792159 8.47412155078982 10.4
      vertex 65.03223304703363 10.032233047033632 10.4
      vertex 64.914413052696 8.272314942606581 10.4
    endloop
  endfacet
  facet normal 0 0 -1
    outer loop
      vertex 64.57771906792159 8.47412155078982 10.4
      vertex 64.26242686334541 8.707958186549053 10.4
      vertex 64.59519683912912 10.621508157935006 10.4
    endloop
  endfacet
  facet normal 0 0 -1
    outer loop
      vertex 64.914413052696 8.272314942606581 10.4
      vertex 65.03223304703363 10.032233047033632 10.4
      vertex 65.21401678959089 9.867473866593159 10.4
    endloop
  endfacet
  facet normal 0 0 -1
    outer loop
      vertex 64.57771906792159 8.47412155078982 10.4
      vertex 64.72132596924364 10.411074417450996 10.4
      vertex 64.86747386659316 10.214016789590886 10.4
    endloop
  endfacet
  facet normal 0 0 -1
    outer loop
      vertex 64.57771906792159 8.47412155078982 10.4
      vertex 64.86747386659316 10.214016789590886 10.4
      vertex 65.03223304703363 10.032233047033632 10.4
    endloop
  endfacet
  facet normal 0 0 -1
    outer loop
      vertex 64.57771906792159 8.47412155078982 10.4
      vertex 64.59519683912912 10.621508157935006 10.4
      vertex 64.72132596924364 10.411074417450996 10.4
    endloop
  endfacet
  facet normal 0 0 -1
    outer loop
      vertex 66.40793143868176 7.819261093311213 10.4
      vertex 66.55495714917609 9.312038183319508 10.4
      vertex 66.8 7.800000000000001 10.4
    endloop
  endfacet
  facet normal 0 0 -1
    outer loop
      vertex 66.8 7.800000000000001 10.4
      vertex 67.0450428508239 9.312038183319508 10.4
      vertex 67.19206856131824 7.819261093311213 10.4
    endloop
  endfacet
  facet normal 0 0 -1
    outer loop
      vertex 65.26926627053963 8.104481869954853 10.4
      vertex 64.914413052696 8.272314942606581 10.4
      vertex 65.41107441745099 9.721325969243637 10.4
    endloop
  endfacet
  facet normal 0 0 -1
    outer loop
      vertex 65.63886129098215 7.972238657071165 10.4
      vertex 65.26926627053963 8.104481869954853 10.4
      vertex 65.84329141908728 9.490301168721784 10.4
    endloop
  endfacet
  facet normal 0 0 -1
    outer loop
      vertex 65.63886129098215 7.972238657071165 10.4
      vertex 66.07428830686383 9.407649160669479 10.4
      vertex 66.01963871193549 7.876858878387079 10.4
    endloop
  endfacet
  facet normal 0 0 -1
    outer loop
      vertex 66.40793143868176 7.819261093311213 10.4
      vertex 66.01963871193549 7.876858878387079 10.4
      vertex 66.55495714917609 9.312038183319508 10.4
    endloop
  endfacet
  facet normal 0 0 -1
    outer loop
      vertex 65.26926627053963 8.104481869954853 10.4
      vertex 65.41107441745099 9.721325969243637 10.4
      vertex 65.621508157935 9.595196839129112 10.4
    endloop
  endfacet
  facet normal 0 0 -1
    outer loop
      vertex 65.26926627053963 8.104481869954853 10.4
      vertex 65.621508157935 9.595196839129112 10.4
      vertex 65.84329141908728 9.490301168721784 10.4
    endloop
  endfacet
  facet normal 0 0 -1
    outer loop
      vertex 66.01963871193549 7.876858878387079 10.4
      vertex 66.07428830686383 9.407649160669479 10.4
      vertex 66.31227419495967 9.348036798991924 10.4
    endloop
  endfacet
  facet normal 0 0 -1
    outer loop
      vertex 66.01963871193549 7.876858878387079 10.4
      vertex 66.31227419495967 9.348036798991924 10.4
      vertex 66.55495714917609 9.312038183319508 10.4
    endloop
  endfacet
  facet normal 0 0 -1
    outer loop
      vertex 65.63886129098215 7.972238657071165 10.4
      vertex 65.84329141908728 9.490301168721784 10.4
      vertex 66.07428830686383 9.407649160669479 10.4
    endloop
  endfacet
  facet normal 0 0 -1
    outer loop
      vertex 67.19206856131824 7.819261093311213 10.4
      vertex 67.28772580504032 9.348036798991924 10.4
      vertex 67.58036128806451 7.876858878387079 10.4
    endloop
  endfacet
  facet normal 0 0 -1
    outer loop
      vertex 66.8 7.800000000000001 10.4
      vertex 66.55495714917609 9.312038183319508 10.4
      vertex 66.8 9.3 10.4
    endloop
  endfacet
  facet normal 0 0 -1
    outer loop
      vertex 66.8 7.800000000000001 10.4
      vertex 66.8 9.3 10.4
      vertex 67.0450428508239 9.312038183319508 10.4
    endloop
  endfacet
  facet normal 0 0 -1
    outer loop
      vertex 67.19206856131824 7.819261093311213 10.4
      vertex 67.0450428508239 9.312038183319508 10.4
      vertex 67.28772580504032 9.348036798991924 10.4
    endloop
  endfacet
  facet normal 0 0 -1
    outer loop
      vertex 67.58036128806451 7.876858878387079 10.4
      vertex 67.28772580504032 9.348036798991924 10.4
      vertex 67.52571169313616 9.407649160669479 10.4
    endloop
  endfacet
  facet normal 0 0 -1
    outer loop
      vertex 64.914413052696 8.272314942606581 10.4
      vertex 65.21401678959089 9.867473866593159 10.4
      vertex 65.41107441745099 9.721325969243637 10.4
    endloop
  endfacet
  facet normal 0 0 -1
    outer loop
      vertex 67.58036128806451 7.876858878387079 10.4
      vertex 67.75670858091271 9.490301168721784 10.4
      vertex 67.96113870901785 7.972238657071165 10.4
    endloop
  endfacet
  facet normal 0 0 -1
    outer loop
      vertex 67.96113870901785 7.972238657071165 10.4
      vertex 68.188925582549 9.721325969243637 10.4
      vertex 68.33073372946036 8.104481869954853 10.4
    endloop
  endfacet
  facet normal 0 0 -1
    outer loop
      vertex 67.58036128806451 7.876858878387079 10.4
      vertex 67.52571169313616 9.407649160669479 10.4
      vertex 67.75670858091271 9.490301168721784 10.4
    endloop
  endfacet
  facet normal 0 0 -1
    outer loop
      vertex 67.96113870901785 7.972238657071165 10.4
      vertex 67.75670858091271 9.490301168721784 10.4
      vertex 67.978491842065 9.595196839129112 10.4
    endloop
  endfacet
  facet normal 0 0 -1
    outer loop
      vertex 67.96113870901785 7.972238657071165 10.4
      vertex 67.978491842065 9.595196839129112 10.4
      vertex 68.188925582549 9.721325969243637 10.4
    endloop
  endfacet
  facet normal 0 0 -1
    outer loop
      vertex 68.33073372946036 8.104481869954853 10.4
      vertex 68.56776695296637 10.032233047033632 10.4
      vertex 68.68558694730399 8.272314942606581 10.4
    endloop
  endfacet
  facet normal 0 0 -1
    outer loop
      vertex 68.68558694730399 8.272314942606581 10.4
      vertex 68.87867403075636 10.411074417450996 10.4
      vertex 69.0222809320784 8.47412155078982 10.4
    endloop
  endfacet
  facet normal 0 0 -1
    outer loop
      vertex 68.33073372946036 8.104481869954853 10.4
      vertex 68.188925582549 9.721325969243637 10.4
      vertex 68.38598321040911 9.867473866593159 10.4
    endloop
  endfacet
  facet normal 0 0 -1
    outer loop
      vertex 68.33073372946036 8.104481869954853 10.4
      vertex 68.38598321040911 9.867473866593159 10.4
      vertex 68.56776695296637 10.032233047033632 10.4
    endloop
  endfacet
  facet normal 0 0 -1
    outer loop
      vertex 68.68558694730399 8.272314942606581 10.4
      vertex 68.56776695296637 10.032233047033632 10.4
      vertex 68.73252613340684 10.214016789590886 10.4
    endloop
  endfacet
  facet normal 0 0 -1
    outer loop
      vertex 68.68558694730399 8.272314942606581 10.4
      vertex 68.73252613340684 10.214016789590886 10.4
      vertex 68.87867403075636 10.411074417450996 10.4
    endloop
  endfacet
  facet normal 0 0 -1
    outer loop
      vertex 69.0222809320784 8.47412155078982 10.4
      vertex 69.19235083933052 11.074288306863846 10.4
      vertex 69.33757313665458 8.707958186549053 10.4
    endloop
  endfacet
  facet normal 0 0 -1
    outer loop
      vertex 69.0222809320784 8.47412155078982 10.4
      vertex 68.87867403075636 10.411074417450996 10.4
      vertex 69.00480316087088 10.621508157935006 10.4
    endloop
  endfacet
  facet normal 0 0 -1
    outer loop
      vertex 64.26242686334541 8.707958186549053 10.4
      vertex 64.49030116872179 10.843291419087276 10.4
      vertex 64.59519683912912 10.621508157935006 10.4
    endloop
  endfacet
  facet normal 0 0 -1
    outer loop
      vertex 64.26242686334541 8.707958186549053 10.4
      vertex 64.40764916066948 11.074288306863846 10.4
      vertex 64.49030116872179 10.843291419087276 10.4
    endloop
  endfacet
  facet normal 0 0 -1
    outer loop
      vertex 64.26242686334541 8.707958186549053 10.4
      vertex 64.34803679899193 11.31227419495968 10.4
      vertex 64.40764916066948 11.074288306863846 10.4
    endloop
  endfacet
  facet normal 0 0 -1
    outer loop
      vertex 64.26242686334541 8.707958186549053 10.4
      vertex 64.3120381833195 11.554957149176099 10.4
      vertex 64.34803679899193 11.31227419495968 10.4
    endloop
  endfacet
  facet normal 0 0 -1
    outer loop
      vertex 64.26242686334541 8.707958186549053 10.4
      vertex 64.3 11.8 10.4
      vertex 64.3120381833195 11.554957149176099 10.4
    endloop
  endfacet
  facet normal 0 0 -1
    outer loop
      vertex 63.27231494260658 9.91441305269601 10.4
      vertex 63.47412155078982 14.02228093207841 10.4
      vertex 63.47412155078982 9.577719067921592 10.4
    endloop
  endfacet
  facet normal 0 0 -1
    outer loop
      vertex 63.70795818654905 9.262426863345418 10.4
      vertex 63.47412155078982 9.577719067921592 10.4
      vertex 63.70795818654905 14.337573136654584 10.4
    endloop
  endfacet
  facet normal 0 0 -1
    outer loop
      vertex 63.10448186995485 10.269266270539642 10.4
      vertex 62.97223865707116 10.63886129098215 10.4
      vertex 63.10448186995485 13.33073372946036 10.4
    endloop
  endfacet
  facet normal 0 0 -1
    outer loop
      vertex 62.97223865707116 10.63886129098215 10.4
      vertex 62.876858878387075 11.019638711935487 10.4
      vertex 62.97223865707116 12.96113870901785 10.4
    endloop
  endfacet
  facet normal 0 0 -1
    outer loop
      vertex 63.27231494260658 9.91441305269601 10.4
      vertex 63.10448186995485 10.269266270539642 10.4
      vertex 63.27231494260658 13.68558694730399 10.4
    endloop
  endfacet
  facet normal 0 0 -1
    outer loop
      vertex 63.971572875253806 8.97157287525381 10.4
      vertex 63.70795818654905 9.262426863345418 10.4
      vertex 63.971572875253806 14.62842712474619 10.4
    endloop
  endfacet
  facet normal 0 0 -1
    outer loop
      vertex 64.26242686334541 8.707958186549053 10.4
      vertex 63.971572875253806 8.97157287525381 10.4
      vertex 64.26242686334541 14.892041813450948 10.4
    endloop
  endfacet
  facet normal 0 0 -1
    outer loop
      vertex 62.876858878387075 11.019638711935487 10.4
      vertex 62.81926109331121 11.407931438681759 10.4
      vertex 62.876858878387075 12.580361288064514 10.4
    endloop
  endfacet
  facet normal 0 0 -1
    outer loop
      vertex 62.81926109331121 11.407931438681759 10.4
      vertex 62.8 11.8 10.4
      vertex 62.81926109331121 12.192068561318242 10.4
    endloop
  endfacet
  facet normal 0 0 -1
    outer loop
      vertex 62.81926109331121 11.407931438681759 10.4
      vertex 62.81926109331121 12.192068561318242 10.4
      vertex 62.876858878387075 12.580361288064514 10.4
    endloop
  endfacet
  facet normal 0 0 -1
    outer loop
      vertex 62.876858878387075 11.019638711935487 10.4
      vertex 62.876858878387075 12.580361288064514 10.4
      vertex 62.97223865707116 12.96113870901785 10.4
    endloop
  endfacet
  facet normal 0 0 -1
    outer loop
      vertex 62.97223865707116 10.63886129098215 10.4
      vertex 62.97223865707116 12.96113870901785 10.4
      vertex 63.10448186995485 13.33073372946036 10.4
    endloop
  endfacet
  facet normal 0 0 -1
    outer loop
      vertex 63.10448186995485 10.269266270539642 10.4
      vertex 63.10448186995485 13.33073372946036 10.4
      vertex 63.27231494260658 13.68558694730399 10.4
    endloop
  endfacet
  facet normal 0 0 -1
    outer loop
      vertex 64.26242686334541 8.707958186549053 10.4
      vertex 64.26242686334541 14.892041813450948 10.4
      vertex 64.3 11.8 10.4
    endloop
  endfacet
  facet normal 0 0 -1
    outer loop
      vertex 63.27231494260658 9.91441305269601 10.4
      vertex 63.27231494260658 13.68558694730399 10.4
      vertex 63.47412155078982 14.02228093207841 10.4
    endloop
  endfacet
  facet normal 0 0 -1
    outer loop
      vertex 63.47412155078982 9.577719067921592 10.4
      vertex 63.47412155078982 14.02228093207841 10.4
      vertex 63.70795818654905 14.337573136654584 10.4
    endloop
  endfacet
  facet normal 0 0 -1
    outer loop
      vertex 63.70795818654905 9.262426863345418 10.4
      vertex 63.70795818654905 14.337573136654584 10.4
      vertex 63.971572875253806 14.62842712474619 10.4
    endloop
  endfacet
  facet normal 0 0 -1
    outer loop
      vertex 63.971572875253806 8.97157287525381 10.4
      vertex 63.971572875253806 14.62842712474619 10.4
      vertex 64.26242686334541 14.892041813450948 10.4
    endloop
  endfacet
  facet normal 0 0 -1
    outer loop
      vertex 64.3 11.8 10.4
      vertex 64.26242686334541 14.892041813450948 10.4
      vertex 64.3120381833195 12.045042850823902 10.4
    endloop
  endfacet
  facet normal 0 0 -1
    outer loop
      vertex 64.3120381833195 12.045042850823902 10.4
      vertex 64.26242686334541 14.892041813450948 10.4
      vertex 64.34803679899193 12.28772580504032 10.4
    endloop
  endfacet
  facet normal 0 0 -1
    outer loop
      vertex 64.34803679899193 12.28772580504032 10.4
      vertex 64.26242686334541 14.892041813450948 10.4
      vertex 64.40764916066948 12.525711693136156 10.4
    endloop
  endfacet
  facet normal 0 0 -1
    outer loop
      vertex 69.0222809320784 8.47412155078982 10.4
      vertex 69.00480316087088 10.621508157935006 10.4
      vertex 69.10969883127821 10.843291419087276 10.4
    endloop
  endfacet
  facet normal 0 0 -1
    outer loop
      vertex 69.0222809320784 8.47412155078982 10.4
      vertex 69.10969883127821 10.843291419087276 10.4
      vertex 69.19235083933052 11.074288306863846 10.4
    endloop
  endfacet
  facet normal 0 0 -1
    outer loop
      vertex 69.33757313665458 8.707958186549053 10.4
      vertex 69.19235083933052 11.074288306863846 10.4
      vertex 69.25196320100807 11.31227419495968 10.4
    endloop
  endfacet
  facet normal 0 0 -1
    outer loop
      vertex 69.33757313665458 8.707958186549053 10.4
      vertex 69.25196320100807 11.31227419495968 10.4
      vertex 69.2879618166805 11.554957149176099 10.4
    endloop
  endfacet
  facet normal 0 0 -1
    outer loop
      vertex 69.33757313665458 8.707958186549053 10.4
      vertex 69.2879618166805 11.554957149176099 10.4
      vertex 69.3 11.8 10.4
    endloop
  endfacet
  facet normal 0 0 -1
    outer loop
      vertex 69.33757313665458 8.707958186549053 10.4
      vertex 69.62842712474618 14.62842712474619 10.4
      vertex 69.62842712474618 8.97157287525381 10.4
    endloop
  endfacet
  facet normal 0 0 -1
    outer loop
      vertex 69.62842712474618 8.97157287525381 10.4
      vertex 69.89204181345094 14.337573136654584 10.4
      vertex 69.89204181345094 9.262426863345418 10.4
    endloop
  endfacet
  facet normal 0 0 -1
    outer loop
      vertex 69.89204181345094 9.262426863345418 10.4
      vertex 70.12587844921018 14.02228093207841 10.4
      vertex 70.12587844921018 9.577719067921592 10.4
    endloop
  endfacet
  facet normal 0 0 -1
    outer loop
      vertex 69.33757313665458 8.707958186549053 10.4
      vertex 69.3 11.8 10.4
      vertex 69.33757313665458 14.892041813450948 10.4
    endloop
  endfacet
  facet normal 0 0 -1
    outer loop
      vertex 69.33757313665458 8.707958186549053 10.4
      vertex 69.33757313665458 14.892041813450948 10.4
      vertex 69.62842712474618 14.62842712474619 10.4
    endloop
  endfacet
  facet normal 0 0 -1
    outer loop
      vertex 69.62842712474618 8.97157287525381 10.4
      vertex 69.62842712474618 14.62842712474619 10.4
      vertex 69.89204181345094 14.337573136654584 10.4
    endloop
  endfacet
  facet normal 0 0 -1
    outer loop
      vertex 69.89204181345094 9.262426863345418 10.4
      vertex 69.89204181345094 14.337573136654584 10.4
      vertex 70.12587844921018 14.02228093207841 10.4
    endloop
  endfacet
  facet normal 0 0 -1
    outer loop
      vertex 69.3 11.8 10.4
      vertex 69.2879618166805 12.045042850823902 10.4
      vertex 69.33757313665458 14.892041813450948 10.4
    endloop
  endfacet
  facet normal 0 0 -1
    outer loop
      vertex 69.2879618166805 12.045042850823902 10.4
      vertex 69.25196320100807 12.28772580504032 10.4
      vertex 69.33757313665458 14.892041813450948 10.4
    endloop
  endfacet
  facet normal 0 0 -1
    outer loop
      vertex 69.25196320100807 12.28772580504032 10.4
      vertex 69.19235083933052 12.525711693136156 10.4
      vertex 69.33757313665458 14.892041813450948 10.4
    endloop
  endfacet
  facet normal 0 0 -1
    outer loop
      vertex 70.12587844921018 9.577719067921592 10.4
      vertex 70.32768505739342 13.68558694730399 10.4
      vertex 70.32768505739342 9.91441305269601 10.4
    endloop
  endfacet
  facet normal 0 0 -1
    outer loop
      vertex 70.32768505739342 9.91441305269601 10.4
      vertex 70.49551813004514 13.33073372946036 10.4
      vertex 70.49551813004514 10.269266270539642 10.4
    endloop
  endfacet
  facet normal 0 0 -1
    outer loop
      vertex 70.49551813004514 10.269266270539642 10.4
      vertex 70.62776134292884 12.96113870901785 10.4
      vertex 70.62776134292884 10.63886129098215 10.4
    endloop
  endfacet
  facet normal 0 0 -1
    outer loop
      vertex 70.62776134292884 10.63886129098215 10.4
      vertex 70.72314112161291 12.580361288064514 10.4
      vertex 70.72314112161291 11.019638711935487 10.4
    endloop
  endfacet
  facet normal 0 0 -1
    outer loop
      vertex 70.72314112161291 11.019638711935487 10.4
      vertex 70.78073890668878 12.192068561318242 10.4
      vertex 70.78073890668878 11.407931438681759 10.4
    endloop
  endfacet
  facet normal 0 0 -1
    outer loop
      vertex 70.78073890668878 11.407931438681759 10.4
      vertex 70.78073890668878 12.192068561318242 10.4
      vertex 70.8 11.8 10.4
    endloop
  endfacet
  facet normal 0 0 -1
    outer loop
      vertex 70.72314112161291 11.019638711935487 10.4
      vertex 70.72314112161291 12.580361288064514 10.4
      vertex 70.78073890668878 12.192068561318242 10.4
    endloop
  endfacet
  facet normal 0 0 -1
    outer loop
      vertex 70.62776134292884 10.63886129098215 10.4
      vertex 70.62776134292884 12.96113870901785 10.4
      vertex 70.72314112161291 12.580361288064514 10.4
    endloop
  endfacet
  facet normal 0 0 -1
    outer loop
      vertex 70.49551813004514 10.269266270539642 10.4
      vertex 70.49551813004514 13.33073372946036 10.4
      vertex 70.62776134292884 12.96113870901785 10.4
    endloop
  endfacet
  facet normal 0 0 -1
    outer loop
      vertex 70.32768505739342 9.91441305269601 10.4
      vertex 70.32768505739342 13.68558694730399 10.4
      vertex 70.49551813004514 13.33073372946036 10.4
    endloop
  endfacet
  facet normal 0 0 -1
    outer loop
      vertex 70.12587844921018 9.577719067921592 10.4
      vertex 70.12587844921018 14.02228093207841 10.4
      vertex 70.32768505739342 13.68558694730399 10.4
    endloop
  endfacet
  facet normal -0.42755509343028986 -0.9039892931234397 0
    outer loop
      vertex 64.914413052696 8.272314942606581 10.4
      vertex 65.26926627053963 8.104481869954853 13.4
      vertex 64.914413052696 8.272314942606581 13.4
    endloop
  endfacet
  facet normal -0.5141027441932257 -0.8577286100002698 -5.726060574243843e-18
    outer loop
      vertex 64.57771906792159 8.47412155078982 10.4
      vertex 64.914413052696 8.272314942606581 10.4
      vertex 64.914413052696 8.272314942606581 13.4
    endloop
  endfacet
  facet normal -0.5956993044924247 -0.8032075314806514 0
    outer loop
      vertex 64.57771906792159 8.47412155078982 10.4
      vertex 64.57771906792159 8.47412155078982 13.4
      vertex 64.26242686334541 8.707958186549053 10.4
    endloop
  endfacet
  facet normal -0.6715589548470219 -0.7409511253549558 0
    outer loop
      vertex 64.26242686334541 8.707958186549053 10.4
      vertex 64.26242686334541 8.707958186549053 13.4
      vertex 63.971572875253806 8.97157287525381 10.4
    endloop
  endfacet
  facet normal -0.7409511253549602 -0.6715589548470172 8.200205849140049e-19
    outer loop
      vertex 63.971572875253806 8.97157287525381 10.4
      vertex 63.70795818654905 9.262426863345418 13.4
      vertex 63.70795818654905 9.262426863345418 10.4
    endloop
  endfacet
  facet normal -0.803207531480647 -0.5956993044924304 -7.466617848485911e-19
    outer loop
      vertex 63.70795818654905 9.262426863345418 10.4
      vertex 63.47412155078982 9.577719067921592 13.4
      vertex 63.47412155078982 9.577719067921592 10.4
    endloop
  endfacet
  facet normal -0.8577286100002712 -0.514102744193223 0
    outer loop
      vertex 63.27231494260658 9.91441305269601 10.4
      vertex 63.47412155078982 9.577719067921592 10.4
      vertex 63.27231494260658 9.91441305269601 13.4
    endloop
  endfacet
  facet normal -0.5956993044924247 -0.8032075314806514 0
    outer loop
      vertex 64.26242686334541 8.707958186549053 10.4
      vertex 64.57771906792159 8.47412155078982 13.4
      vertex 64.26242686334541 8.707958186549053 13.4
    endloop
  endfacet
  facet normal -0.5141027441932257 -0.8577286100002698 0
    outer loop
      vertex 64.57771906792159 8.47412155078982 10.4
      vertex 64.914413052696 8.272314942606581 13.4
      vertex 64.57771906792159 8.47412155078982 13.4
    endloop
  endfacet
  facet normal -0.6715589548470219 -0.7409511253549558 0
    outer loop
      vertex 63.971572875253806 8.97157287525381 10.4
      vertex 64.26242686334541 8.707958186549053 13.4
      vertex 63.971572875253806 8.97157287525381 13.4
    endloop
  endfacet
  facet normal -0.7409511253549602 -0.6715589548470172 0
    outer loop
      vertex 63.971572875253806 8.97157287525381 10.4
      vertex 63.971572875253806 8.97157287525381 13.4
      vertex 63.70795818654905 9.262426863345418 13.4
    endloop
  endfacet
  facet normal -0.803207531480647 -0.5956993044924304 0
    outer loop
      vertex 63.70795818654905 9.262426863345418 10.4
      vertex 63.70795818654905 9.262426863345418 13.4
      vertex 63.47412155078982 9.577719067921592 13.4
    endloop
  endfacet
  facet normal -0.8577286100002712 -0.514102744193223 0
    outer loop
      vertex 63.47412155078982 9.577719067921592 10.4
      vertex 63.47412155078982 9.577719067921592 13.4
      vertex 63.27231494260658 9.91441305269601 13.4
    endloop
  endfacet
  facet normal -0.14673047445536191 -0.989176509964781 0
    outer loop
      vertex 66.40793143868176 7.819261093311213 10.4
      vertex 66.40793143868176 7.819261093311213 13.4
      vertex 66.01963871193549 7.876858878387079 10.4
    endloop
  endfacet
  facet normal -0.33688985339221156 -0.9415440651830238 0
    outer loop
      vertex 65.63886129098215 7.972238657071165 10.4
      vertex 65.63886129098215 7.972238657071165 13.4
      vertex 65.26926627053963 8.104481869954853 10.4
    endloop
  endfacet
  facet normal -0.42755509343028986 -0.9039892931234397 0
    outer loop
      vertex 65.26926627053963 8.104481869954853 10.4
      vertex 65.26926627053963 8.104481869954853 13.4
      vertex 64.914413052696 8.272314942606581 10.4
    endloop
  endfacet
  facet normal -0.24298017990326415 -0.970031253194544 -1.3212464862549827e-18
    outer loop
      vertex 65.63886129098215 7.972238657071165 10.4
      vertex 66.01963871193549 7.876858878387079 10.4
      vertex 66.01963871193549 7.876858878387079 13.4
    endloop
  endfacet
  facet normal -0.04906767432741788 -0.9987954562051724 2.6702199103339687e-19
    outer loop
      vertex 66.40793143868176 7.819261093311213 10.4
      vertex 66.8 7.800000000000001 10.4
      vertex 66.8 7.800000000000001 13.4
    endloop
  endfacet
  facet normal 0.04906767432741788 -0.9987954562051724 -2.6702199103339687e-19
    outer loop
      vertex 66.8 7.800000000000001 10.4
      vertex 67.19206856131824 7.819261093311213 10.4
      vertex 67.19206856131824 7.819261093311213 13.4
    endloop
  endfacet
  facet normal 0.14673047445536191 -0.989176509964781 9.76349820921075e-19
    outer loop
      vertex 67.19206856131824 7.819261093311213 10.4
      vertex 67.58036128806451 7.876858878387079 10.4
      vertex 67.58036128806451 7.876858878387079 13.4
    endloop
  endfacet
  facet normal 0.24298017990326415 -0.970031253194544 1.3212464862549827e-18
    outer loop
      vertex 67.58036128806451 7.876858878387079 10.4
      vertex 67.96113870901785 7.972238657071165 10.4
      vertex 67.96113870901785 7.972238657071165 13.4
    endloop
  endfacet
  facet normal 0.33688985339221156 -0.9415440651830238 -1.7210287764155605e-18
    outer loop
      vertex 67.96113870901785 7.972238657071165 10.4
      vertex 68.33073372946036 8.104481869954853 10.4
      vertex 68.33073372946036 8.104481869954853 13.4
    endloop
  endfacet
  facet normal 0.42755509343028986 -0.9039892931234397 -1.282058136983276e-19
    outer loop
      vertex 68.33073372946036 8.104481869954853 10.4
      vertex 68.68558694730399 8.272314942606581 10.4
      vertex 68.68558694730399 8.272314942606581 13.4
    endloop
  endfacet
  facet normal -0.14673047445536191 -0.989176509964781 -9.76349820921075e-19
    outer loop
      vertex 66.40793143868176 7.819261093311213 13.4
      vertex 66.01963871193549 7.876858878387079 13.4
      vertex 66.01963871193549 7.876858878387079 10.4
    endloop
  endfacet
  facet normal -0.33688985339221156 -0.9415440651830238 0
    outer loop
      vertex 65.26926627053963 8.104481869954853 10.4
      vertex 65.63886129098215 7.972238657071165 13.4
      vertex 65.26926627053963 8.104481869954853 13.4
    endloop
  endfacet
  facet normal -0.24298017990326415 -0.970031253194544 0
    outer loop
      vertex 65.63886129098215 7.972238657071165 10.4
      vertex 66.01963871193549 7.876858878387079 13.4
      vertex 65.63886129098215 7.972238657071165 13.4
    endloop
  endfacet
  facet normal -0.04906767432741788 -0.9987954562051724 0
    outer loop
      vertex 66.40793143868176 7.819261093311213 10.4
      vertex 66.8 7.800000000000001 13.4
      vertex 66.40793143868176 7.819261093311213 13.4
    endloop
  endfacet
  facet normal 0.04906767432741788 -0.9987954562051724 0
    outer loop
      vertex 66.8 7.800000000000001 10.4
      vertex 67.19206856131824 7.819261093311213 13.4
      vertex 66.8 7.800000000000001 13.4
    endloop
  endfacet
  facet normal 0.14673047445536191 -0.989176509964781 0
    outer loop
      vertex 67.19206856131824 7.819261093311213 10.4
      vertex 67.58036128806451 7.876858878387079 13.4
      vertex 67.19206856131824 7.819261093311213 13.4
    endloop
  endfacet
  facet normal 0.24298017990326415 -0.970031253194544 0
    outer loop
      vertex 67.58036128806451 7.876858878387079 10.4
      vertex 67.96113870901785 7.972238657071165 13.4
      vertex 67.58036128806451 7.876858878387079 13.4
    endloop
  endfacet
  facet normal 0.33688985339221156 -0.9415440651830238 0
    outer loop
      vertex 67.96113870901785 7.972238657071165 10.4
      vertex 68.33073372946036 8.104481869954853 13.4
      vertex 67.96113870901785 7.972238657071165 13.4
    endloop
  endfacet
  facet normal 0.42755509343028986 -0.9039892931234397 0
    outer loop
      vertex 68.33073372946036 8.104481869954853 10.4
      vertex 68.68558694730399 8.272314942606581 13.4
      vertex 68.33073372946036 8.104481869954853 13.4
    endloop
  endfacet
  facet normal 0.5141027441932257 -0.8577286100002698 5.726060574243843e-18
    outer loop
      vertex 68.68558694730399 8.272314942606581 10.4
      vertex 69.0222809320784 8.47412155078982 10.4
      vertex 69.0222809320784 8.47412155078982 13.4
    endloop
  endfacet
  facet normal 0.5956993044924247 -0.8032075314806514 1.7101641540683624e-18
    outer loop
      vertex 69.0222809320784 8.47412155078982 10.4
      vertex 69.33757313665458 8.707958186549053 10.4
      vertex 69.33757313665458 8.707958186549053 13.4
    endloop
  endfacet
  facet normal 0.671558954847031 -0.7409511253549478 5.259750455534789e-18
    outer loop
      vertex 69.33757313665458 8.707958186549053 10.4
      vertex 69.62842712474618 8.97157287525381 10.4
      vertex 69.62842712474618 8.97157287525381 13.4
    endloop
  endfacet
  facet normal 0.7409511253549511 -0.6715589548470271 0
    outer loop
      vertex 69.62842712474618 8.97157287525381 10.4
      vertex 69.89204181345094 9.262426863345418 10.4
      vertex 69.62842712474618 8.97157287525381 13.4
    endloop
  endfacet
  facet normal 0.803207531480647 -0.5956993044924304 0
    outer loop
      vertex 69.89204181345094 9.262426863345418 10.4
      vertex 70.12587844921018 9.577719067921592 10.4
      vertex 69.89204181345094 9.262426863345418 13.4
    endloop
  endfacet
  facet normal 0.5141027441932257 -0.8577286100002698 0
    outer loop
      vertex 68.68558694730399 8.272314942606581 10.4
      vertex 69.0222809320784 8.47412155078982 13.4
      vertex 68.68558694730399 8.272314942606581 13.4
    endloop
  endfacet
  facet normal 0.5956993044924247 -0.8032075314806514 0
    outer loop
      vertex 69.0222809320784 8.47412155078982 10.4
      vertex 69.33757313665458 8.707958186549053 13.4
      vertex 69.0222809320784 8.47412155078982 13.4
    endloop
  endfacet
  facet normal 0.671558954847031 -0.7409511253549478 0
    outer loop
      vertex 69.33757313665458 8.707958186549053 10.4
      vertex 69.62842712474618 8.97157287525381 13.4
      vertex 69.33757313665458 8.707958186549053 13.4
    endloop
  endfacet
  facet normal 0.7409511253549511 -0.6715589548470271 0
    outer loop
      vertex 69.89204181345094 9.262426863345418 10.4
      vertex 69.89204181345094 9.262426863345418 13.4
      vertex 69.62842712474618 8.97157287525381 13.4
    endloop
  endfacet
  facet normal 0.803207531480647 -0.5956993044924304 0
    outer loop
      vertex 70.12587844921018 9.577719067921592 10.4
      vertex 70.12587844921018 9.577719067921592 13.4
      vertex 69.89204181345094 9.262426863345418 13.4
    endloop
  endfacet
  facet normal 0 0 1
    outer loop
      vertex 65.26926627053963 8.104481869954853 13.4
      vertex 65.03223304703363 10.032233047033632 13.4
      vertex 64.914413052696 8.272314942606581 13.4
    endloop
  endfacet
  facet normal 0 0 1
    outer loop
      vertex 64.57771906792159 8.47412155078982 13.4
      vertex 64.914413052696 8.272314942606581 13.4
      vertex 64.72132596924364 10.411074417450996 13.4
    endloop
  endfacet
  facet normal 0 0 1
    outer loop
      vertex 64.57771906792159 8.47412155078982 13.4
      vertex 64.40764916066948 11.074288306863846 13.4
      vertex 64.26242686334541 8.707958186549053 13.4
    endloop
  endfacet
  facet normal 0 0 1
    outer loop
      vertex 64.914413052696 8.272314942606581 13.4
      vertex 65.03223304703363 10.032233047033632 13.4
      vertex 64.86747386659316 10.214016789590886 13.4
    endloop
  endfacet
  facet normal 0 0 1
    outer loop
      vertex 64.914413052696 8.272314942606581 13.4
      vertex 64.86747386659316 10.214016789590886 13.4
      vertex 64.72132596924364 10.411074417450996 13.4
    endloop
  endfacet
  facet normal 0 0 1
    outer loop
      vertex 64.57771906792159 8.47412155078982 13.4
      vertex 64.72132596924364 10.411074417450996 13.4
      vertex 64.59519683912912 10.621508157935006 13.4
    endloop
  endfacet
  facet normal 0 0 1
    outer loop
      vertex 66.40793143868176 7.819261093311213 13.4
      vertex 66.8 7.800000000000001 13.4
      vertex 66.55495714917609 9.312038183319508 13.4
    endloop
  endfacet
  facet normal 0 0 1
    outer loop
      vertex 66.8 7.800000000000001 13.4
      vertex 67.19206856131824 7.819261093311213 13.4
      vertex 67.0450428508239 9.312038183319508 13.4
    endloop
  endfacet
  facet normal 0 0 1
    outer loop
      vertex 65.63886129098215 7.972238657071165 13.4
      vertex 65.41107441745099 9.721325969243637 13.4
      vertex 65.26926627053963 8.104481869954853 13.4
    endloop
  endfacet
  facet normal 0 0 1
    outer loop
      vertex 65.63886129098215 7.972238657071165 13.4
      vertex 66.01963871193549 7.876858878387079 13.4
      vertex 65.84329141908728 9.490301168721784 13.4
    endloop
  endfacet
  facet normal 0 0 1
    outer loop
      vertex 66.40793143868176 7.819261093311213 13.4
      vertex 66.31227419495967 9.348036798991924 13.4
      vertex 66.01963871193549 7.876858878387079 13.4
    endloop
  endfacet
  facet normal 0 0 1
    outer loop
      vertex 65.63886129098215 7.972238657071165 13.4
      vertex 65.84329141908728 9.490301168721784 13.4
      vertex 65.621508157935 9.595196839129112 13.4
    endloop
  endfacet
  facet normal 0 0 1
    outer loop
      vertex 65.63886129098215 7.972238657071165 13.4
      vertex 65.621508157935 9.595196839129112 13.4
      vertex 65.41107441745099 9.721325969243637 13.4
    endloop
  endfacet
  facet normal 0 0 1
    outer loop
      vertex 66.01963871193549 7.876858878387079 13.4
      vertex 66.07428830686383 9.407649160669479 13.4
      vertex 65.84329141908728 9.490301168721784 13.4
    endloop
  endfacet
  facet normal 0 0 1
    outer loop
      vertex 66.01963871193549 7.876858878387079 13.4
      vertex 66.31227419495967 9.348036798991924 13.4
      vertex 66.07428830686383 9.407649160669479 13.4
    endloop
  endfacet
  facet normal 0 0 1
    outer loop
      vertex 67.19206856131824 7.819261093311213 13.4
      vertex 67.58036128806451 7.876858878387079 13.4
      vertex 67.0450428508239 9.312038183319508 13.4
    endloop
  endfacet
  facet normal 0 0 1
    outer loop
      vertex 66.40793143868176 7.819261093311213 13.4
      vertex 66.55495714917609 9.312038183319508 13.4
      vertex 66.31227419495967 9.348036798991924 13.4
    endloop
  endfacet
  facet normal 0 0 1
    outer loop
      vertex 66.8 7.800000000000001 13.4
      vertex 66.8 9.3 13.4
      vertex 66.55495714917609 9.312038183319508 13.4
    endloop
  endfacet
  facet normal 0 0 1
    outer loop
      vertex 66.8 7.800000000000001 13.4
      vertex 67.0450428508239 9.312038183319508 13.4
      vertex 66.8 9.3 13.4
    endloop
  endfacet
  facet normal 0 0 1
    outer loop
      vertex 67.58036128806451 7.876858878387079 13.4
      vertex 67.28772580504032 9.348036798991924 13.4
      vertex 67.0450428508239 9.312038183319508 13.4
    endloop
  endfacet
  facet normal 0 0 1
    outer loop
      vertex 67.58036128806451 7.876858878387079 13.4
      vertex 67.52571169313616 9.407649160669479 13.4
      vertex 67.28772580504032 9.348036798991924 13.4
    endloop
  endfacet
  facet normal 0 0 1
    outer loop
      vertex 65.26926627053963 8.104481869954853 13.4
      vertex 65.41107441745099 9.721325969243637 13.4
      vertex 65.21401678959089 9.867473866593159 13.4
    endloop
  endfacet
  facet normal 0 0 1
    outer loop
      vertex 65.26926627053963 8.104481869954853 13.4
      vertex 65.21401678959089 9.867473866593159 13.4
      vertex 65.03223304703363 10.032233047033632 13.4
    endloop
  endfacet
  facet normal 0 0 1
    outer loop
      vertex 67.58036128806451 7.876858878387079 13.4
      vertex 67.96113870901785 7.972238657071165 13.4
      vertex 67.52571169313616 9.407649160669479 13.4
    endloop
  endfacet
  facet normal 0 0 1
    outer loop
      vertex 67.96113870901785 7.972238657071165 13.4
      vertex 68.33073372946036 8.104481869954853 13.4
      vertex 67.75670858091271 9.490301168721784 13.4
    endloop
  endfacet
  facet normal 0 0 1
    outer loop
      vertex 68.33073372946036 8.104481869954853 13.4
      vertex 68.68558694730399 8.272314942606581 13.4
      vertex 68.188925582549 9.721325969243637 13.4
    endloop
  endfacet
  facet normal 0 0 1
    outer loop
      vertex 67.96113870901785 7.972238657071165 13.4
      vertex 67.75670858091271 9.490301168721784 13.4
      vertex 67.52571169313616 9.407649160669479 13.4
    endloop
  endfacet
  facet normal 0 0 1
    outer loop
      vertex 67.75670858091271 9.490301168721784 13.4
      vertex 68.33073372946036 8.104481869954853 13.4
      vertex 67.978491842065 9.595196839129112 13.4
    endloop
  endfacet
  facet normal 0 0 1
    outer loop
      vertex 67.978491842065 9.595196839129112 13.4
      vertex 68.33073372946036 8.104481869954853 13.4
      vertex 68.188925582549 9.721325969243637 13.4
    endloop
  endfacet
  facet normal 0 0 1
    outer loop
      vertex 68.68558694730399 8.272314942606581 13.4
      vertex 69.0222809320784 8.47412155078982 13.4
      vertex 68.56776695296637 10.032233047033632 13.4
    endloop
  endfacet
  facet normal 0 0 1
    outer loop
      vertex 68.68558694730399 8.272314942606581 13.4
      vertex 68.38598321040911 9.867473866593159 13.4
      vertex 68.188925582549 9.721325969243637 13.4
    endloop
  endfacet
  facet normal 0 0 1
    outer loop
      vertex 68.68558694730399 8.272314942606581 13.4
      vertex 68.56776695296637 10.032233047033632 13.4
      vertex 68.38598321040911 9.867473866593159 13.4
    endloop
  endfacet
  facet normal 0 0 1
    outer loop
      vertex 69.0222809320784 8.47412155078982 13.4
      vertex 68.73252613340684 10.214016789590886 13.4
      vertex 68.56776695296637 10.032233047033632 13.4
    endloop
  endfacet
  facet normal 0 0 1
    outer loop
      vertex 69.0222809320784 8.47412155078982 13.4
      vertex 69.33757313665458 8.707958186549053 13.4
      vertex 69.00480316087088 10.621508157935006 13.4
    endloop
  endfacet
  facet normal 0 0 1
    outer loop
      vertex 69.0222809320784 8.47412155078982 13.4
      vertex 68.87867403075636 10.411074417450996 13.4
      vertex 68.73252613340684 10.214016789590886 13.4
    endloop
  endfacet
  facet normal 0 0 1
    outer loop
      vertex 69.0222809320784 8.47412155078982 13.4
      vertex 69.00480316087088 10.621508157935006 13.4
      vertex 68.87867403075636 10.411074417450996 13.4
    endloop
  endfacet
  facet normal -0.9039892931234457 -0.42755509343027726 -1.1147844161839724e-18
    outer loop
      vertex 63.27231494260658 9.91441305269601 10.4
      vertex 63.10448186995485 10.269266270539642 13.4
      vertex 63.10448186995485 10.269266270539642 10.4
    endloop
  endfacet
  facet normal -0.9415440651830163 -0.3368898533922328 2.3937752223526918e-18
    outer loop
      vertex 63.10448186995485 10.269266270539642 10.4
      vertex 62.97223865707116 10.63886129098215 13.4
      vertex 62.97223865707116 10.63886129098215 10.4
    endloop
  endfacet
  facet normal -0.9700312531945454 -0.24298017990325774 -3.360816343474663e-20
    outer loop
      vertex 62.97223865707116 10.63886129098215 10.4
      vertex 62.876858878387075 11.019638711935487 13.4
      vertex 62.876858878387075 11.019638711935487 10.4
    endloop
  endfacet
  facet normal -0.9891765099647819 -0.14673047445535525 -3.611539074688499e-19
    outer loop
      vertex 62.876858878387075 11.019638711935487 10.4
      vertex 62.81926109331121 11.407931438681759 13.4
      vertex 62.81926109331121 11.407931438681759 10.4
    endloop
  endfacet
  facet normal -0.9039892931234457 -0.42755509343027726 0
    outer loop
      vertex 63.27231494260658 9.91441305269601 10.4
      vertex 63.27231494260658 9.91441305269601 13.4
      vertex 63.10448186995485 10.269266270539642 13.4
    endloop
  endfacet
  facet normal -0.9415440651830163 -0.3368898533922328 0
    outer loop
      vertex 63.10448186995485 10.269266270539642 10.4
      vertex 63.10448186995485 10.269266270539642 13.4
      vertex 62.97223865707116 10.63886129098215 13.4
    endloop
  endfacet
  facet normal -0.9700312531945454 -0.24298017990325774 0
    outer loop
      vertex 62.97223865707116 10.63886129098215 10.4
      vertex 62.97223865707116 10.63886129098215 13.4
      vertex 62.876858878387075 11.019638711935487 13.4
    endloop
  endfacet
  facet normal -0.9891765099647819 -0.14673047445535525 0
    outer loop
      vertex 62.876858878387075 11.019638711935487 10.4
      vertex 62.876858878387075 11.019638711935487 13.4
      vertex 62.81926109331121 11.407931438681759 13.4
    endloop
  endfacet
  facet normal -0.9987954562051721 -0.04906767432742443 0
    outer loop
      vertex 62.81926109331121 11.407931438681759 10.4
      vertex 62.81926109331121 11.407931438681759 13.4
      vertex 62.8 11.8 13.4
    endloop
  endfacet
  facet normal -0.9987954562051721 -0.04906767432742443 3.544196549686391e-19
    outer loop
      vertex 62.81926109331121 11.407931438681759 10.4
      vertex 62.8 11.8 13.4
      vertex 62.8 11.8 10.4
    endloop
  endfacet
  facet normal -0.9987954562051721 0.04906767432742443 -3.544196549686391e-19
    outer loop
      vertex 62.8 11.8 10.4
      vertex 62.81926109331121 12.192068561318242 13.4
      vertex 62.81926109331121 12.192068561318242 10.4
    endloop
  endfacet
  facet normal -0.9891765099647819 0.14673047445535525 3.611539074688499e-19
    outer loop
      vertex 62.81926109331121 12.192068561318242 10.4
      vertex 62.876858878387075 12.580361288064514 13.4
      vertex 62.876858878387075 12.580361288064514 10.4
    endloop
  endfacet
  facet normal -0.9700312531945454 0.24298017990325774 3.360816343474663e-20
    outer loop
      vertex 62.876858878387075 12.580361288064514 10.4
      vertex 62.97223865707116 12.96113870901785 13.4
      vertex 62.97223865707116 12.96113870901785 10.4
    endloop
  endfacet
  facet normal -0.9415440651830163 0.3368898533922328 -2.3937752223526918e-18
    outer loop
      vertex 62.97223865707116 12.96113870901785 10.4
      vertex 63.10448186995485 13.33073372946036 13.4
      vertex 63.10448186995485 13.33073372946036 10.4
    endloop
  endfacet
  facet normal -0.9987954562051721 0.04906767432742443 0
    outer loop
      vertex 62.8 11.8 10.4
      vertex 62.8 11.8 13.4
      vertex 62.81926109331121 12.192068561318242 13.4
    endloop
  endfacet
  facet normal -0.9891765099647819 0.14673047445535525 0
    outer loop
      vertex 62.81926109331121 12.192068561318242 10.4
      vertex 62.81926109331121 12.192068561318242 13.4
      vertex 62.876858878387075 12.580361288064514 13.4
    endloop
  endfacet
  facet normal -0.9700312531945454 0.24298017990325774 0
    outer loop
      vertex 62.876858878387075 12.580361288064514 10.4
      vertex 62.876858878387075 12.580361288064514 13.4
      vertex 62.97223865707116 12.96113870901785 13.4
    endloop
  endfacet
  facet normal -0.9415440651830163 0.3368898533922328 0
    outer loop
      vertex 62.97223865707116 12.96113870901785 10.4
      vertex 62.97223865707116 12.96113870901785 13.4
      vertex 63.10448186995485 13.33073372946036 13.4
    endloop
  endfacet
  facet normal 0 0 1
    outer loop
      vertex 64.26242686334541 8.707958186549053 13.4
      vertex 64.40764916066948 11.074288306863846 13.4
      vertex 64.34803679899193 11.31227419495968 13.4
    endloop
  endfacet
  facet normal 0 0 1
    outer loop
      vertex 64.57771906792159 8.47412155078982 13.4
      vertex 64.59519683912912 10.621508157935006 13.4
      vertex 64.49030116872179 10.843291419087276 13.4
    endloop
  endfacet
  facet normal 0 0 1
    outer loop
      vertex 64.57771906792159 8.47412155078982 13.4
      vertex 64.49030116872179 10.843291419087276 13.4
      vertex 64.40764916066948 11.074288306863846 13.4
    endloop
  endfacet
  facet normal 0 0 1
    outer loop
      vertex 64.26242686334541 8.707958186549053 13.4
      vertex 64.34803679899193 11.31227419495968 13.4
      vertex 64.3120381833195 11.554957149176099 13.4
    endloop
  endfacet
  facet normal 0 0 1
    outer loop
      vertex 64.26242686334541 8.707958186549053 13.4
      vertex 63.971572875253806 14.62842712474619 13.4
      vertex 63.971572875253806 8.97157287525381 13.4
    endloop
  endfacet
  facet normal 0 0 1
    outer loop
      vertex 64.26242686334541 8.707958186549053 13.4
      vertex 64.3120381833195 11.554957149176099 13.4
      vertex 64.3 11.8 13.4
    endloop
  endfacet
  facet normal 0 0 1
    outer loop
      vertex 63.27231494260658 9.91441305269601 13.4
      vertex 63.10448186995485 13.33073372946036 13.4
      vertex 63.10448186995485 10.269266270539642 13.4
    endloop
  endfacet
  facet normal 0 0 1
    outer loop
      vertex 63.971572875253806 8.97157287525381 13.4
      vertex 63.70795818654905 14.337573136654584 13.4
      vertex 63.70795818654905 9.262426863345418 13.4
    endloop
  endfacet
  facet normal 0 0 1
    outer loop
      vertex 63.70795818654905 9.262426863345418 13.4
      vertex 63.47412155078982 14.02228093207841 13.4
      vertex 63.47412155078982 9.577719067921592 13.4
    endloop
  endfacet
  facet normal 0 0 1
    outer loop
      vertex 63.27231494260658 9.91441305269601 13.4
      vertex 63.47412155078982 9.577719067921592 13.4
      vertex 63.27231494260658 13.68558694730399 13.4
    endloop
  endfacet
  facet normal 0 0 1
    outer loop
      vertex 63.10448186995485 10.269266270539642 13.4
      vertex 62.97223865707116 12.96113870901785 13.4
      vertex 62.97223865707116 10.63886129098215 13.4
    endloop
  endfacet
  facet normal 0 0 1
    outer loop
      vertex 62.97223865707116 10.63886129098215 13.4
      vertex 62.876858878387075 12.580361288064514 13.4
      vertex 62.876858878387075 11.019638711935487 13.4
    endloop
  endfacet
  facet normal 0 0 1
    outer loop
      vertex 62.876858878387075 11.019638711935487 13.4
      vertex 62.81926109331121 12.192068561318242 13.4
      vertex 62.81926109331121 11.407931438681759 13.4
    endloop
  endfacet
  facet normal 0 0 1
    outer loop
      vertex 62.81926109331121 11.407931438681759 13.4
      vertex 62.81926109331121 12.192068561318242 13.4
      vertex 62.8 11.8 13.4
    endloop
  endfacet
  facet normal 0 0 1
    outer loop
      vertex 62.876858878387075 11.019638711935487 13.4
      vertex 62.876858878387075 12.580361288064514 13.4
      vertex 62.81926109331121 12.192068561318242 13.4
    endloop
  endfacet
  facet normal 0 0 1
    outer loop
      vertex 62.97223865707116 10.63886129098215 13.4
      vertex 62.97223865707116 12.96113870901785 13.4
      vertex 62.876858878387075 12.580361288064514 13.4
    endloop
  endfacet
  facet normal 0 0 1
    outer loop
      vertex 63.10448186995485 10.269266270539642 13.4
      vertex 63.10448186995485 13.33073372946036 13.4
      vertex 62.97223865707116 12.96113870901785 13.4
    endloop
  endfacet
  facet normal 0 0 1
    outer loop
      vertex 63.27231494260658 9.91441305269601 13.4
      vertex 63.27231494260658 13.68558694730399 13.4
      vertex 63.10448186995485 13.33073372946036 13.4
    endloop
  endfacet
  facet normal 0 0 1
    outer loop
      vertex 63.47412155078982 9.577719067921592 13.4
      vertex 63.47412155078982 14.02228093207841 13.4
      vertex 63.27231494260658 13.68558694730399 13.4
    endloop
  endfacet
  facet normal 0 0 1
    outer loop
      vertex 64.26242686334541 8.707958186549053 13.4
      vertex 64.3 11.8 13.4
      vertex 64.26242686334541 14.892041813450948 13.4
    endloop
  endfacet
  facet normal 0 0 1
    outer loop
      vertex 63.70795818654905 9.262426863345418 13.4
      vertex 63.70795818654905 14.337573136654584 13.4
      vertex 63.47412155078982 14.02228093207841 13.4
    endloop
  endfacet
  facet normal 0 0 1
    outer loop
      vertex 63.971572875253806 8.97157287525381 13.4
      vertex 63.971572875253806 14.62842712474619 13.4
      vertex 63.70795818654905 14.337573136654584 13.4
    endloop
  endfacet
  facet normal 0 0 1
    outer loop
      vertex 64.26242686334541 8.707958186549053 13.4
      vertex 64.26242686334541 14.892041813450948 13.4
      vertex 63.971572875253806 14.62842712474619 13.4
    endloop
  endfacet
  facet normal 0 0 1
    outer loop
      vertex 64.3 11.8 13.4
      vertex 64.3120381833195 12.045042850823902 13.4
      vertex 64.26242686334541 14.892041813450948 13.4
    endloop
  endfacet
  facet normal 0 0 1
    outer loop
      vertex 64.3120381833195 12.045042850823902 13.4
      vertex 64.34803679899193 12.28772580504032 13.4
      vertex 64.26242686334541 14.892041813450948 13.4
    endloop
  endfacet
  facet normal 0 0 1
    outer loop
      vertex 64.34803679899193 12.28772580504032 13.4
      vertex 64.40764916066948 12.525711693136156 13.4
      vertex 64.26242686334541 14.892041813450948 13.4
    endloop
  endfacet
  facet normal 0 0 1
    outer loop
      vertex 69.33757313665458 8.707958186549053 13.4
      vertex 69.10969883127821 10.843291419087276 13.4
      vertex 69.00480316087088 10.621508157935006 13.4
    endloop
  endfacet
  facet normal 0 0 1
    outer loop
      vertex 69.33757313665458 8.707958186549053 13.4
      vertex 69.19235083933052 11.074288306863846 13.4
      vertex 69.10969883127821 10.843291419087276 13.4
    endloop
  endfacet
  facet normal 0 0 1
    outer loop
      vertex 69.33757313665458 8.707958186549053 13.4
      vertex 69.25196320100807 11.31227419495968 13.4
      vertex 69.19235083933052 11.074288306863846 13.4
    endloop
  endfacet
  facet normal 0 0 1
    outer loop
      vertex 69.33757313665458 8.707958186549053 13.4
      vertex 69.2879618166805 11.554957149176099 13.4
      vertex 69.25196320100807 11.31227419495968 13.4
    endloop
  endfacet
  facet normal 0 0 1
    outer loop
      vertex 69.33757313665458 8.707958186549053 13.4
      vertex 69.3 11.8 13.4
      vertex 69.2879618166805 11.554957149176099 13.4
    endloop
  endfacet
  facet normal 0 0 1
    outer loop
      vertex 69.33757313665458 8.707958186549053 13.4
      vertex 69.62842712474618 8.97157287525381 13.4
      vertex 69.33757313665458 14.892041813450948 13.4
    endloop
  endfacet
  facet normal 0 0 1
    outer loop
      vertex 69.62842712474618 8.97157287525381 13.4
      vertex 69.89204181345094 9.262426863345418 13.4
      vertex 69.62842712474618 14.62842712474619 13.4
    endloop
  endfacet
  facet normal 0 0 1
    outer loop
      vertex 69.89204181345094 9.262426863345418 13.4
      vertex 70.12587844921018 9.577719067921592 13.4
      vertex 69.89204181345094 14.337573136654584 13.4
    endloop
  endfacet
  facet normal 0 0 1
    outer loop
      vertex 69.33757313665458 8.707958186549053 13.4
      vertex 69.33757313665458 14.892041813450948 13.4
      vertex 69.3 11.8 13.4
    endloop
  endfacet
  facet normal 0 0 1
    outer loop
      vertex 70.12587844921018 9.577719067921592 13.4
      vertex 70.12587844921018 14.02228093207841 13.4
      vertex 69.89204181345094 14.337573136654584 13.4
    endloop
  endfacet
  facet normal 0 0 1
    outer loop
      vertex 69.62842712474618 8.97157287525381 13.4
      vertex 69.62842712474618 14.62842712474619 13.4
      vertex 69.33757313665458 14.892041813450948 13.4
    endloop
  endfacet
  facet normal 0 0 1
    outer loop
      vertex 69.89204181345094 9.262426863345418 13.4
      vertex 69.89204181345094 14.337573136654584 13.4
      vertex 69.62842712474618 14.62842712474619 13.4
    endloop
  endfacet
  facet normal 0 0 1
    outer loop
      vertex 69.3 11.8 13.4
      vertex 69.33757313665458 14.892041813450948 13.4
      vertex 69.2879618166805 12.045042850823902 13.4
    endloop
  endfacet
  facet normal 0 0 1
    outer loop
      vertex 69.2879618166805 12.045042850823902 13.4
      vertex 69.33757313665458 14.892041813450948 13.4
      vertex 69.25196320100807 12.28772580504032 13.4
    endloop
  endfacet
  facet normal 0 0 1
    outer loop
      vertex 69.25196320100807 12.28772580504032 13.4
      vertex 69.33757313665458 14.892041813450948 13.4
      vertex 69.19235083933052 12.525711693136156 13.4
    endloop
  endfacet
  facet normal 0.8577286100002633 -0.5141027441932363 0
    outer loop
      vertex 70.12587844921018 9.577719067921592 10.4
      vertex 70.32768505739342 9.91441305269601 10.4
      vertex 70.12587844921018 9.577719067921592 13.4
    endloop
  endfacet
  facet normal 0.8577286100002633 -0.5141027441932363 0
    outer loop
      vertex 70.32768505739342 9.91441305269601 10.4
      vertex 70.32768505739342 9.91441305269601 13.4
      vertex 70.12587844921018 9.577719067921592 13.4
    endloop
  endfacet
  facet normal 0.9039892931234527 -0.4275550934302625 0
    outer loop
      vertex 70.32768505739342 9.91441305269601 10.4
      vertex 70.49551813004514 10.269266270539642 10.4
      vertex 70.32768505739342 9.91441305269601 13.4
    endloop
  endfacet
  facet normal 0.9415440651830163 -0.3368898533922328 0
    outer loop
      vertex 70.49551813004514 10.269266270539642 10.4
      vertex 70.62776134292884 10.63886129098215 10.4
      vertex 70.49551813004514 10.269266270539642 13.4
    endloop
  endfacet
  facet normal 0.9700312531945499 -0.24298017990324072 0
    outer loop
      vertex 70.62776134292884 10.63886129098215 10.4
      vertex 70.72314112161291 11.019638711935487 10.4
      vertex 70.62776134292884 10.63886129098215 13.4
    endloop
  endfacet
  facet normal 0.9891765099647792 -0.14673047445537296 0
    outer loop
      vertex 70.72314112161291 11.019638711935487 10.4
      vertex 70.78073890668878 11.407931438681759 10.4
      vertex 70.72314112161291 11.019638711935487 13.4
    endloop
  endfacet
  facet normal 0.9987954562051721 -0.04906767432742443 0
    outer loop
      vertex 70.78073890668878 11.407931438681759 10.4
      vertex 70.8 11.8 10.4
      vertex 70.78073890668878 11.407931438681759 13.4
    endloop
  endfacet
  facet normal 0.9039892931234527 -0.4275550934302625 0
    outer loop
      vertex 70.49551813004514 10.269266270539642 10.4
      vertex 70.49551813004514 10.269266270539642 13.4
      vertex 70.32768505739342 9.91441305269601 13.4
    endloop
  endfacet
  facet normal 0.9415440651830163 -0.3368898533922328 0
    outer loop
      vertex 70.62776134292884 10.63886129098215 10.4
      vertex 70.62776134292884 10.63886129098215 13.4
      vertex 70.49551813004514 10.269266270539642 13.4
    endloop
  endfacet
  facet normal 0.9700312531945499 -0.24298017990324072 0
    outer loop
      vertex 70.72314112161291 11.019638711935487 10.4
      vertex 70.72314112161291 11.019638711935487 13.4
      vertex 70.62776134292884 10.63886129098215 13.4
    endloop
  endfacet
  facet normal 0.9891765099647792 -0.14673047445537296 0
    outer loop
      vertex 70.78073890668878 11.407931438681759 10.4
      vertex 70.78073890668878 11.407931438681759 13.4
      vertex 70.72314112161291 11.019638711935487 13.4
    endloop
  endfacet
  facet normal 0.9987954562051721 0.04906767432742443 0
    outer loop
      vertex 70.8 11.8 10.4
      vertex 70.78073890668878 12.192068561318242 10.4
      vertex 70.8 11.8 13.4
    endloop
  endfacet
  facet normal 0.9891765099647792 0.14673047445537296 0
    outer loop
      vertex 70.78073890668878 12.192068561318242 10.4
      vertex 70.72314112161291 12.580361288064514 10.4
      vertex 70.78073890668878 12.192068561318242 13.4
    endloop
  endfacet
  facet normal 0.9700312531945499 0.24298017990324072 0
    outer loop
      vertex 70.72314112161291 12.580361288064514 10.4
      vertex 70.62776134292884 12.96113870901785 10.4
      vertex 70.72314112161291 12.580361288064514 13.4
    endloop
  endfacet
  facet normal 0.9415440651830163 0.3368898533922328 0
    outer loop
      vertex 70.62776134292884 12.96113870901785 10.4
      vertex 70.49551813004514 13.33073372946036 10.4
      vertex 70.62776134292884 12.96113870901785 13.4
    endloop
  endfacet
  facet normal 0.9987954562051721 -0.04906767432742443 0
    outer loop
      vertex 70.8 11.8 10.4
      vertex 70.8 11.8 13.4
      vertex 70.78073890668878 11.407931438681759 13.4
    endloop
  endfacet
  facet normal 0.9987954562051721 0.04906767432742443 0
    outer loop
      vertex 70.78073890668878 12.192068561318242 10.4
      vertex 70.78073890668878 12.192068561318242 13.4
      vertex 70.8 11.8 13.4
    endloop
  endfacet
  facet normal 0.9891765099647792 0.14673047445537296 0
    outer loop
      vertex 70.72314112161291 12.580361288064514 10.4
      vertex 70.72314112161291 12.580361288064514 13.4
      vertex 70.78073890668878 12.192068561318242 13.4
    endloop
  endfacet
  facet normal 0.9700312531945499 0.24298017990324072 -5.280940386503845e-19
    outer loop
      vertex 70.72314112161291 12.580361288064514 13.4
      vertex 70.62776134292884 12.96113870901785 10.4
      vertex 70.62776134292884 12.96113870901785 13.4
    endloop
  endfacet
  facet normal 0.9415440651830163 0.3368898533922328 0
    outer loop
      vertex 70.49551813004514 13.33073372946036 10.4
      vertex 70.49551813004514 13.33073372946036 13.4
      vertex 70.62776134292884 12.96113870901785 13.4
    endloop
  endfacet
  facet normal 0 0 1
    outer loop
      vertex 70.12587844921018 9.577719067921592 13.4
      vertex 70.32768505739342 9.91441305269601 13.4
      vertex 70.12587844921018 14.02228093207841 13.4
    endloop
  endfacet
  facet normal 0 0 1
    outer loop
      vertex 70.32768505739342 9.91441305269601 13.4
      vertex 70.49551813004514 10.269266270539642 13.4
      vertex 70.32768505739342 13.68558694730399 13.4
    endloop
  endfacet
  facet normal 0 0 1
    outer loop
      vertex 70.49551813004514 10.269266270539642 13.4
      vertex 70.62776134292884 10.63886129098215 13.4
      vertex 70.49551813004514 13.33073372946036 13.4
    endloop
  endfacet
  facet normal 0 0 1
    outer loop
      vertex 70.62776134292884 10.63886129098215 13.4
      vertex 70.72314112161291 11.019638711935487 13.4
      vertex 70.62776134292884 12.96113870901785 13.4
    endloop
  endfacet
  facet normal 0 0 1
    outer loop
      vertex 70.72314112161291 11.019638711935487 13.4
      vertex 70.78073890668878 11.407931438681759 13.4
      vertex 70.72314112161291 12.580361288064514 13.4
    endloop
  endfacet
  facet normal 0 0 1
    outer loop
      vertex 70.78073890668878 11.407931438681759 13.4
      vertex 70.8 11.8 13.4
      vertex 70.78073890668878 12.192068561318242 13.4
    endloop
  endfacet
  facet normal 0 0 1
    outer loop
      vertex 70.72314112161291 11.019638711935487 13.4
      vertex 70.72314112161291 12.580361288064514 13.4
      vertex 70.62776134292884 12.96113870901785 13.4
    endloop
  endfacet
  facet normal 0 0 1
    outer loop
      vertex 70.62776134292884 10.63886129098215 13.4
      vertex 70.62776134292884 12.96113870901785 13.4
      vertex 70.49551813004514 13.33073372946036 13.4
    endloop
  endfacet
  facet normal 0 0 1
    outer loop
      vertex 70.49551813004514 10.269266270539642 13.4
      vertex 70.49551813004514 13.33073372946036 13.4
      vertex 70.32768505739342 13.68558694730399 13.4
    endloop
  endfacet
  facet normal 0 0 1
    outer loop
      vertex 70.78073890668878 11.407931438681759 13.4
      vertex 70.78073890668878 12.192068561318242 13.4
      vertex 70.72314112161291 12.580361288064514 13.4
    endloop
  endfacet
  facet normal 0 0 1
    outer loop
      vertex 70.32768505739342 9.91441305269601 13.4
      vertex 70.32768505739342 13.68558694730399 13.4
      vertex 70.12587844921018 14.02228093207841 13.4
    endloop
  endfacet
  facet normal 0 0 -1
    outer loop
      vertex 64.40764916066948 12.525711693136156 10.4
      vertex 64.57771906792159 15.125878449210182 10.4
      vertex 64.49030116872179 12.756708580912726 10.4
    endloop
  endfacet
  facet normal 0 0 -1
    outer loop
      vertex 64.49030116872179 12.756708580912726 10.4
      vertex 64.57771906792159 15.125878449210182 10.4
      vertex 64.59519683912912 12.978491842064996 10.4
    endloop
  endfacet
  facet normal 0 0 -1
    outer loop
      vertex 64.59519683912912 12.978491842064996 10.4
      vertex 64.57771906792159 15.125878449210182 10.4
      vertex 64.72132596924364 13.188925582549006 10.4
    endloop
  endfacet
  facet normal 0 0 -1
    outer loop
      vertex 64.72132596924364 13.188925582549006 10.4
      vertex 64.914413052696 15.32768505739342 10.4
      vertex 64.86747386659316 13.385983210409115 10.4
    endloop
  endfacet
  facet normal 0 0 -1
    outer loop
      vertex 64.86747386659316 13.385983210409115 10.4
      vertex 64.914413052696 15.32768505739342 10.4
      vertex 65.03223304703363 13.56776695296637 10.4
    endloop
  endfacet
  facet normal 0 0 -1
    outer loop
      vertex 64.40764916066948 12.525711693136156 10.4
      vertex 64.26242686334541 14.892041813450948 10.4
      vertex 64.57771906792159 15.125878449210182 10.4
    endloop
  endfacet
  facet normal 0 0 -1
    outer loop
      vertex 64.72132596924364 13.188925582549006 10.4
      vertex 64.57771906792159 15.125878449210182 10.4
      vertex 64.914413052696 15.32768505739342 10.4
    endloop
  endfacet
  facet normal 0 0 -1
    outer loop
      vertex 65.03223304703363 13.56776695296637 10.4
      vertex 64.914413052696 15.32768505739342 10.4
      vertex 65.26926627053963 15.495518130045149 10.4
    endloop
  endfacet
  facet normal 0 0 -1
    outer loop
      vertex 65.03223304703363 13.56776695296637 10.4
      vertex 65.26926627053963 15.495518130045149 10.4
      vertex 65.21401678959089 13.732526133406843 10.4
    endloop
  endfacet
  facet normal 0 0 -1
    outer loop
      vertex 65.21401678959089 13.732526133406843 10.4
      vertex 65.26926627053963 15.495518130045149 10.4
      vertex 65.41107441745099 13.878674030756365 10.4
    endloop
  endfacet
  facet normal 0 0 -1
    outer loop
      vertex 65.41107441745099 13.878674030756365 10.4
      vertex 65.63886129098215 15.627761342928835 10.4
      vertex 65.621508157935 14.004803160870889 10.4
    endloop
  endfacet
  facet normal 0 0 -1
    outer loop
      vertex 65.621508157935 14.004803160870889 10.4
      vertex 65.63886129098215 15.627761342928835 10.4
      vertex 65.84329141908728 14.109698831278218 10.4
    endloop
  endfacet
  facet normal 0 0 -1
    outer loop
      vertex 65.84329141908728 14.109698831278218 10.4
      vertex 66.01963871193549 15.723141121612922 10.4
      vertex 66.07428830686383 14.192350839330523 10.4
    endloop
  endfacet
  facet normal 0 0 -1
    outer loop
      vertex 66.07428830686383 14.192350839330523 10.4
      vertex 66.01963871193549 15.723141121612922 10.4
      vertex 66.31227419495967 14.251963201008078 10.4
    endloop
  endfacet
  facet normal 0 0 -1
    outer loop
      vertex 66.31227419495967 14.251963201008078 10.4
      vertex 66.40793143868176 15.78073890668879 10.4
      vertex 66.55495714917609 14.287961816680493 10.4
    endloop
  endfacet
  facet normal 0 0 -1
    outer loop
      vertex 66.55495714917609 14.287961816680493 10.4
      vertex 66.8 15.8 10.4
      vertex 66.8 14.3 10.4
    endloop
  endfacet
  facet normal 0 0 -1
    outer loop
      vertex 66.8 14.3 10.4
      vertex 66.8 15.8 10.4
      vertex 67.0450428508239 14.287961816680493 10.4
    endloop
  endfacet
  facet normal 0 0 -1
    outer loop
      vertex 67.0450428508239 14.287961816680493 10.4
      vertex 67.58036128806451 15.723141121612922 10.4
      vertex 67.28772580504032 14.251963201008078 10.4
    endloop
  endfacet
  facet normal 0 0 -1
    outer loop
      vertex 67.28772580504032 14.251963201008078 10.4
      vertex 67.58036128806451 15.723141121612922 10.4
      vertex 67.52571169313616 14.192350839330523 10.4
    endloop
  endfacet
  facet normal 0 0 -1
    outer loop
      vertex 68.73252613340684 13.385983210409115 10.4
      vertex 68.56776695296637 13.56776695296637 10.4
      vertex 69.0222809320784 15.125878449210182 10.4
    endloop
  endfacet
  facet normal 0 0 -1
    outer loop
      vertex 69.19235083933052 12.525711693136156 10.4
      vertex 69.10969883127821 12.756708580912726 10.4
      vertex 69.33757313665458 14.892041813450948 10.4
    endloop
  endfacet
  facet normal 0 0 -1
    outer loop
      vertex 69.10969883127821 12.756708580912726 10.4
      vertex 69.00480316087088 12.978491842064996 10.4
      vertex 69.33757313665458 14.892041813450948 10.4
    endloop
  endfacet
  facet normal 0 0 -1
    outer loop
      vertex 69.00480316087088 12.978491842064996 10.4
      vertex 68.87867403075636 13.188925582549006 10.4
      vertex 69.0222809320784 15.125878449210182 10.4
    endloop
  endfacet
  facet normal 0 0 -1
    outer loop
      vertex 68.87867403075636 13.188925582549006 10.4
      vertex 68.73252613340684 13.385983210409115 10.4
      vertex 69.0222809320784 15.125878449210182 10.4
    endloop
  endfacet
  facet normal 0 0 -1
    outer loop
      vertex 67.978491842065 14.004803160870889 10.4
      vertex 67.75670858091271 14.109698831278218 10.4
      vertex 68.33073372946036 15.495518130045149 10.4
    endloop
  endfacet
  facet normal 0 0 -1
    outer loop
      vertex 67.978491842065 14.004803160870889 10.4
      vertex 68.33073372946036 15.495518130045149 10.4
      vertex 68.188925582549 13.878674030756365 10.4
    endloop
  endfacet
  facet normal 0 0 -1
    outer loop
      vertex 68.38598321040911 13.732526133406843 10.4
      vertex 68.188925582549 13.878674030756365 10.4
      vertex 68.68558694730399 15.32768505739342 10.4
    endloop
  endfacet
  facet normal 0 0 -1
    outer loop
      vertex 68.56776695296637 13.56776695296637 10.4
      vertex 68.38598321040911 13.732526133406843 10.4
      vertex 68.68558694730399 15.32768505739342 10.4
    endloop
  endfacet
  facet normal 0 0 -1
    outer loop
      vertex 67.75670858091271 14.109698831278218 10.4
      vertex 67.52571169313616 14.192350839330523 10.4
      vertex 67.96113870901785 15.627761342928835 10.4
    endloop
  endfacet
  facet normal 0 0 -1
    outer loop
      vertex 68.56776695296637 13.56776695296637 10.4
      vertex 68.68558694730399 15.32768505739342 10.4
      vertex 69.0222809320784 15.125878449210182 10.4
    endloop
  endfacet
  facet normal 0 0 -1
    outer loop
      vertex 68.188925582549 13.878674030756365 10.4
      vertex 68.33073372946036 15.495518130045149 10.4
      vertex 68.68558694730399 15.32768505739342 10.4
    endloop
  endfacet
  facet normal 0 0 -1
    outer loop
      vertex 69.00480316087088 12.978491842064996 10.4
      vertex 69.0222809320784 15.125878449210182 10.4
      vertex 69.33757313665458 14.892041813450948 10.4
    endloop
  endfacet
  facet normal 0 0 -1
    outer loop
      vertex 65.41107441745099 13.878674030756365 10.4
      vertex 65.26926627053963 15.495518130045149 10.4
      vertex 65.63886129098215 15.627761342928835 10.4
    endloop
  endfacet
  facet normal 0 0 -1
    outer loop
      vertex 65.84329141908728 14.109698831278218 10.4
      vertex 65.63886129098215 15.627761342928835 10.4
      vertex 66.01963871193549 15.723141121612922 10.4
    endloop
  endfacet
  facet normal 0 0 -1
    outer loop
      vertex 66.31227419495967 14.251963201008078 10.4
      vertex 66.01963871193549 15.723141121612922 10.4
      vertex 66.40793143868176 15.78073890668879 10.4
    endloop
  endfacet
  facet normal 0 0 -1
    outer loop
      vertex 66.55495714917609 14.287961816680493 10.4
      vertex 66.40793143868176 15.78073890668879 10.4
      vertex 66.8 15.8 10.4
    endloop
  endfacet
  facet normal 0 0 -1
    outer loop
      vertex 67.0450428508239 14.287961816680493 10.4
      vertex 66.8 15.8 10.4
      vertex 67.19206856131824 15.78073890668879 10.4
    endloop
  endfacet
  facet normal 0 0 -1
    outer loop
      vertex 67.0450428508239 14.287961816680493 10.4
      vertex 67.19206856131824 15.78073890668879 10.4
      vertex 67.58036128806451 15.723141121612922 10.4
    endloop
  endfacet
  facet normal 0 0 -1
    outer loop
      vertex 67.75670858091271 14.109698831278218 10.4
      vertex 67.96113870901785 15.627761342928835 10.4
      vertex 68.33073372946036 15.495518130045149 10.4
    endloop
  endfacet
  facet normal 0 0 -1
    outer loop
      vertex 67.52571169313616 14.192350839330523 10.4
      vertex 67.58036128806451 15.723141121612922 10.4
      vertex 67.96113870901785 15.627761342928835 10.4
    endloop
  endfacet
  facet normal -0.9039892931234457 0.42755509343027726 1.1147844161839724e-18
    outer loop
      vertex 63.10448186995485 13.33073372946036 10.4
      vertex 63.27231494260658 13.68558694730399 13.4
      vertex 63.27231494260658 13.68558694730399 10.4
    endloop
  endfacet
  facet normal -0.8577286100002712 0.514102744193223 9.010780907951077e-19
    outer loop
      vertex 63.27231494260658 13.68558694730399 10.4
      vertex 63.47412155078982 14.02228093207841 13.4
      vertex 63.47412155078982 14.02228093207841 10.4
    endloop
  endfacet
  facet normal -0.803207531480647 0.5956993044924304 7.466617848485911e-19
    outer loop
      vertex 63.47412155078982 14.02228093207841 10.4
      vertex 63.70795818654905 14.337573136654584 13.4
      vertex 63.70795818654905 14.337573136654584 10.4
    endloop
  endfacet
  facet normal -0.7409511253549602 0.6715589548470172 -8.200205849140049e-19
    outer loop
      vertex 63.70795818654905 14.337573136654584 10.4
      vertex 63.971572875253806 14.62842712474619 13.4
      vertex 63.971572875253806 14.62842712474619 10.4
    endloop
  endfacet
  facet normal -0.6715589548470219 0.7409511253549558 0
    outer loop
      vertex 63.971572875253806 14.62842712474619 10.4
      vertex 63.971572875253806 14.62842712474619 13.4
      vertex 64.26242686334541 14.892041813450948 10.4
    endloop
  endfacet
  facet normal -0.9039892931234457 0.42755509343027726 0
    outer loop
      vertex 63.10448186995485 13.33073372946036 10.4
      vertex 63.10448186995485 13.33073372946036 13.4
      vertex 63.27231494260658 13.68558694730399 13.4
    endloop
  endfacet
  facet normal -0.8577286100002712 0.514102744193223 0
    outer loop
      vertex 63.27231494260658 13.68558694730399 10.4
      vertex 63.27231494260658 13.68558694730399 13.4
      vertex 63.47412155078982 14.02228093207841 13.4
    endloop
  endfacet
  facet normal -0.803207531480647 0.5956993044924304 0
    outer loop
      vertex 63.47412155078982 14.02228093207841 10.4
      vertex 63.47412155078982 14.02228093207841 13.4
      vertex 63.70795818654905 14.337573136654584 13.4
    endloop
  endfacet
  facet normal -0.7409511253549602 0.6715589548470172 0
    outer loop
      vertex 63.70795818654905 14.337573136654584 10.4
      vertex 63.70795818654905 14.337573136654584 13.4
      vertex 63.971572875253806 14.62842712474619 13.4
    endloop
  endfacet
  facet normal -0.6715589548470219 0.7409511253549558 0
    outer loop
      vertex 64.26242686334541 14.892041813450948 10.4
      vertex 63.971572875253806 14.62842712474619 13.4
      vertex 64.26242686334541 14.892041813450948 13.4
    endloop
  endfacet
  facet normal -0.5956993044924247 0.8032075314806514 0
    outer loop
      vertex 64.26242686334541 14.892041813450948 10.4
      vertex 64.26242686334541 14.892041813450948 13.4
      vertex 64.57771906792159 15.125878449210182 10.4
    endloop
  endfacet
  facet normal -0.5141027441932257 0.8577286100002698 0
    outer loop
      vertex 64.57771906792159 15.125878449210182 10.4
      vertex 64.57771906792159 15.125878449210182 13.4
      vertex 64.914413052696 15.32768505739342 10.4
    endloop
  endfacet
  facet normal -0.42755509343028986 0.9039892931234397 0
    outer loop
      vertex 64.914413052696 15.32768505739342 10.4
      vertex 64.914413052696 15.32768505739342 13.4
      vertex 65.26926627053963 15.495518130045149 10.4
    endloop
  endfacet
  facet normal -0.5956993044924247 0.8032075314806514 0
    outer loop
      vertex 64.57771906792159 15.125878449210182 10.4
      vertex 64.26242686334541 14.892041813450948 13.4
      vertex 64.57771906792159 15.125878449210182 13.4
    endloop
  endfacet
  facet normal -0.5141027441932257 0.8577286100002698 0
    outer loop
      vertex 64.914413052696 15.32768505739342 10.4
      vertex 64.57771906792159 15.125878449210182 13.4
      vertex 64.914413052696 15.32768505739342 13.4
    endloop
  endfacet
  facet normal 0.803207531480647 0.5956993044924304 0
    outer loop
      vertex 70.12587844921018 14.02228093207841 10.4
      vertex 69.89204181345094 14.337573136654584 10.4
      vertex 70.12587844921018 14.02228093207841 13.4
    endloop
  endfacet
  facet normal 0.7409511253549511 0.6715589548470271 0
    outer loop
      vertex 69.89204181345094 14.337573136654584 10.4
      vertex 69.62842712474618 14.62842712474619 10.4
      vertex 69.89204181345094 14.337573136654584 13.4
    endloop
  endfacet
  facet normal 0.671558954847031 0.7409511253549478 -5.259750455534789e-18
    outer loop
      vertex 69.62842712474618 14.62842712474619 10.4
      vertex 69.33757313665458 14.892041813450948 10.4
      vertex 69.33757313665458 14.892041813450948 13.4
    endloop
  endfacet
  facet normal 0.803207531480647 0.5956993044924304 0
    outer loop
      vertex 69.89204181345094 14.337573136654584 10.4
      vertex 69.89204181345094 14.337573136654584 13.4
      vertex 70.12587844921018 14.02228093207841 13.4
    endloop
  endfacet
  facet normal 0.7409511253549511 0.6715589548470271 0
    outer loop
      vertex 69.62842712474618 14.62842712474619 10.4
      vertex 69.62842712474618 14.62842712474619 13.4
      vertex 69.89204181345094 14.337573136654584 13.4
    endloop
  endfacet
  facet normal 0.671558954847031 0.7409511253549478 0
    outer loop
      vertex 69.62842712474618 14.62842712474619 10.4
      vertex 69.33757313665458 14.892041813450948 13.4
      vertex 69.62842712474618 14.62842712474619 13.4
    endloop
  endfacet
  facet normal -0.3368898533922096 0.9415440651830247 0
    outer loop
      vertex 65.26926627053963 15.495518130045149 10.4
      vertex 65.26926627053963 15.495518130045149 13.4
      vertex 65.63886129098215 15.627761342928835 10.4
    endloop
  endfacet
  facet normal -0.24298017990326629 0.9700312531945434 0
    outer loop
      vertex 65.63886129098215 15.627761342928835 10.4
      vertex 65.63886129098215 15.627761342928835 13.4
      vertex 66.01963871193549 15.723141121612922 10.4
    endloop
  endfacet
  facet normal -0.1467304744553641 0.9891765099647806 0
    outer loop
      vertex 66.01963871193549 15.723141121612922 10.4
      vertex 66.01963871193549 15.723141121612922 13.4
      vertex 66.40793143868176 15.78073890668879 10.4
    endloop
  endfacet
  facet normal -0.049067674327415635 0.9987954562051726 0
    outer loop
      vertex 66.40793143868176 15.78073890668879 10.4
      vertex 66.40793143868176 15.78073890668879 13.4
      vertex 66.8 15.8 10.4
    endloop
  endfacet
  facet normal 0.049067674327415635 0.9987954562051726 0
    outer loop
      vertex 66.8 15.8 10.4
      vertex 66.8 15.8 13.4
      vertex 67.19206856131824 15.78073890668879 10.4
    endloop
  endfacet
  facet normal 0.1467304744553641 0.9891765099647806 7.826789092963083e-19
    outer loop
      vertex 67.58036128806451 15.723141121612922 10.4
      vertex 67.19206856131824 15.78073890668879 10.4
      vertex 67.19206856131824 15.78073890668879 13.4
    endloop
  endfacet
  facet normal 0.5141027441932257 0.8577286100002698 -5.726060574243843e-18
    outer loop
      vertex 69.0222809320784 15.125878449210182 10.4
      vertex 68.68558694730399 15.32768505739342 10.4
      vertex 68.68558694730399 15.32768505739342 13.4
    endloop
  endfacet
  facet normal 0.3368898533922096 0.9415440651830247 0
    outer loop
      vertex 67.96113870901785 15.627761342928835 10.4
      vertex 67.96113870901785 15.627761342928835 13.4
      vertex 68.33073372946036 15.495518130045149 10.4
    endloop
  endfacet
  facet normal 0.24298017990326629 0.9700312531945434 0
    outer loop
      vertex 67.58036128806451 15.723141121612922 10.4
      vertex 67.58036128806451 15.723141121612922 13.4
      vertex 67.96113870901785 15.627761342928835 10.4
    endloop
  endfacet
  facet normal 0.42755509343028986 0.9039892931234397 1.282058136983276e-19
    outer loop
      vertex 68.68558694730399 15.32768505739342 10.4
      vertex 68.33073372946036 15.495518130045149 10.4
      vertex 68.33073372946036 15.495518130045149 13.4
    endloop
  endfacet
  facet normal 0.5956993044924247 0.8032075314806514 0
    outer loop
      vertex 69.0222809320784 15.125878449210182 10.4
      vertex 69.0222809320784 15.125878449210182 13.4
      vertex 69.33757313665458 14.892041813450948 10.4
    endloop
  endfacet
  facet normal -0.42755509343028986 0.9039892931234397 0
    outer loop
      vertex 65.26926627053963 15.495518130045149 10.4
      vertex 64.914413052696 15.32768505739342 13.4
      vertex 65.26926627053963 15.495518130045149 13.4
    endloop
  endfacet
  facet normal -0.3368898533922096 0.9415440651830247 0
    outer loop
      vertex 65.63886129098215 15.627761342928835 10.4
      vertex 65.26926627053963 15.495518130045149 13.4
      vertex 65.63886129098215 15.627761342928835 13.4
    endloop
  endfacet
  facet normal -0.24298017990326629 0.9700312531945434 0
    outer loop
      vertex 66.01963871193549 15.723141121612922 10.4
      vertex 65.63886129098215 15.627761342928835 13.4
      vertex 66.01963871193549 15.723141121612922 13.4
    endloop
  endfacet
  facet normal -0.1467304744553641 0.9891765099647806 0
    outer loop
      vertex 66.40793143868176 15.78073890668879 10.4
      vertex 66.01963871193549 15.723141121612922 13.4
      vertex 66.40793143868176 15.78073890668879 13.4
    endloop
  endfacet
  facet normal -0.049067674327415635 0.9987954562051726 0
    outer loop
      vertex 66.8 15.8 10.4
      vertex 66.40793143868176 15.78073890668879 13.4
      vertex 66.8 15.8 13.4
    endloop
  endfacet
  facet normal 0.049067674327415635 0.9987954562051726 0
    outer loop
      vertex 67.19206856131824 15.78073890668879 10.4
      vertex 66.8 15.8 13.4
      vertex 67.19206856131824 15.78073890668879 13.4
    endloop
  endfacet
  facet normal 0.1467304744553641 0.9891765099647806 0
    outer loop
      vertex 67.58036128806451 15.723141121612922 10.4
      vertex 67.19206856131824 15.78073890668879 13.4
      vertex 67.58036128806451 15.723141121612922 13.4
    endloop
  endfacet
  facet normal 0.3368898533922096 0.9415440651830247 0
    outer loop
      vertex 68.33073372946036 15.495518130045149 10.4
      vertex 67.96113870901785 15.627761342928835 13.4
      vertex 68.33073372946036 15.495518130045149 13.4
    endloop
  endfacet
  facet normal 0.24298017990326629 0.9700312531945434 0
    outer loop
      vertex 67.96113870901785 15.627761342928835 10.4
      vertex 67.58036128806451 15.723141121612922 13.4
      vertex 67.96113870901785 15.627761342928835 13.4
    endloop
  endfacet
  facet normal 0.42755509343028986 0.9039892931234397 0
    outer loop
      vertex 68.68558694730399 15.32768505739342 10.4
      vertex 68.33073372946036 15.495518130045149 13.4
      vertex 68.68558694730399 15.32768505739342 13.4
    endloop
  endfacet
  facet normal 0.5956993044924247 0.8032075314806514 0
    outer loop
      vertex 69.33757313665458 14.892041813450948 10.4
      vertex 69.0222809320784 15.125878449210182 13.4
      vertex 69.33757313665458 14.892041813450948 13.4
    endloop
  endfacet
  facet normal 0.5141027441932257 0.8577286100002698 0
    outer loop
      vertex 69.0222809320784 15.125878449210182 10.4
      vertex 68.68558694730399 15.32768505739342 13.4
      vertex 69.0222809320784 15.125878449210182 13.4
    endloop
  endfacet
  facet normal 0 0 1
    outer loop
      vertex 64.40764916066948 12.525711693136156 13.4
      vertex 64.49030116872179 12.756708580912726 13.4
      vertex 64.26242686334541 14.892041813450948 13.4
    endloop
  endfacet
  facet normal 0 0 1
    outer loop
      vertex 64.49030116872179 12.756708580912726 13.4
      vertex 64.59519683912912 12.978491842064996 13.4
      vertex 64.26242686334541 14.892041813450948 13.4
    endloop
  endfacet
  facet normal 0 0 1
    outer loop
      vertex 64.59519683912912 12.978491842064996 13.4
      vertex 64.72132596924364 13.188925582549006 13.4
      vertex 64.57771906792159 15.125878449210182 13.4
    endloop
  endfacet
  facet normal 0 0 1
    outer loop
      vertex 64.72132596924364 13.188925582549006 13.4
      vertex 64.86747386659316 13.385983210409115 13.4
      vertex 64.57771906792159 15.125878449210182 13.4
    endloop
  endfacet
  facet normal 0 0 1
    outer loop
      vertex 64.86747386659316 13.385983210409115 13.4
      vertex 65.03223304703363 13.56776695296637 13.4
      vertex 64.57771906792159 15.125878449210182 13.4
    endloop
  endfacet
  facet normal 0 0 1
    outer loop
      vertex 64.59519683912912 12.978491842064996 13.4
      vertex 64.57771906792159 15.125878449210182 13.4
      vertex 64.26242686334541 14.892041813450948 13.4
    endloop
  endfacet
  facet normal 0 0 1
    outer loop
      vertex 65.03223304703363 13.56776695296637 13.4
      vertex 65.21401678959089 13.732526133406843 13.4
      vertex 64.914413052696 15.32768505739342 13.4
    endloop
  endfacet
  facet normal 0 0 1
    outer loop
      vertex 65.03223304703363 13.56776695296637 13.4
      vertex 64.914413052696 15.32768505739342 13.4
      vertex 64.57771906792159 15.125878449210182 13.4
    endloop
  endfacet
  facet normal 0 0 1
    outer loop
      vertex 65.21401678959089 13.732526133406843 13.4
      vertex 65.41107441745099 13.878674030756365 13.4
      vertex 64.914413052696 15.32768505739342 13.4
    endloop
  endfacet
  facet normal 0 0 1
    outer loop
      vertex 65.41107441745099 13.878674030756365 13.4
      vertex 65.621508157935 14.004803160870889 13.4
      vertex 65.26926627053963 15.495518130045149 13.4
    endloop
  endfacet
  facet normal 0 0 1
    outer loop
      vertex 65.621508157935 14.004803160870889 13.4
      vertex 65.84329141908728 14.109698831278218 13.4
      vertex 65.26926627053963 15.495518130045149 13.4
    endloop
  endfacet
  facet normal 0 0 1
    outer loop
      vertex 65.41107441745099 13.878674030756365 13.4
      vertex 65.26926627053963 15.495518130045149 13.4
      vertex 64.914413052696 15.32768505739342 13.4
    endloop
  endfacet
  facet normal 0 0 1
    outer loop
      vertex 65.84329141908728 14.109698831278218 13.4
      vertex 66.07428830686383 14.192350839330523 13.4
      vertex 65.63886129098215 15.627761342928835 13.4
    endloop
  endfacet
  facet normal 0 0 1
    outer loop
      vertex 66.07428830686383 14.192350839330523 13.4
      vertex 66.31227419495967 14.251963201008078 13.4
      vertex 66.01963871193549 15.723141121612922 13.4
    endloop
  endfacet
  facet normal 0 0 1
    outer loop
      vertex 66.31227419495967 14.251963201008078 13.4
      vertex 66.55495714917609 14.287961816680493 13.4
      vertex 66.01963871193549 15.723141121612922 13.4
    endloop
  endfacet
  facet normal 0 0 1
    outer loop
      vertex 66.55495714917609 14.287961816680493 13.4
      vertex 66.8 14.3 13.4
      vertex 66.8 15.8 13.4
    endloop
  endfacet
  facet normal 0 0 1
    outer loop
      vertex 66.8 14.3 13.4
      vertex 67.0450428508239 14.287961816680493 13.4
      vertex 66.8 15.8 13.4
    endloop
  endfacet
  facet normal 0 0 1
    outer loop
      vertex 67.28772580504032 14.251963201008078 13.4
      vertex 67.52571169313616 14.192350839330523 13.4
      vertex 67.58036128806451 15.723141121612922 13.4
    endloop
  endfacet
  facet normal 0 0 1
    outer loop
      vertex 67.0450428508239 14.287961816680493 13.4
      vertex 67.28772580504032 14.251963201008078 13.4
      vertex 67.19206856131824 15.78073890668879 13.4
    endloop
  endfacet
  facet normal 0 0 1
    outer loop
      vertex 68.87867403075636 13.188925582549006 13.4
      vertex 68.68558694730399 15.32768505739342 13.4
      vertex 68.73252613340684 13.385983210409115 13.4
    endloop
  endfacet
  facet normal 0 0 1
    outer loop
      vertex 68.73252613340684 13.385983210409115 13.4
      vertex 68.68558694730399 15.32768505739342 13.4
      vertex 68.56776695296637 13.56776695296637 13.4
    endloop
  endfacet
  facet normal 0 0 1
    outer loop
      vertex 69.19235083933052 12.525711693136156 13.4
      vertex 69.0222809320784 15.125878449210182 13.4
      vertex 69.10969883127821 12.756708580912726 13.4
    endloop
  endfacet
  facet normal 0 0 1
    outer loop
      vertex 69.10969883127821 12.756708580912726 13.4
      vertex 69.0222809320784 15.125878449210182 13.4
      vertex 69.00480316087088 12.978491842064996 13.4
    endloop
  endfacet
  facet normal 0 0 1
    outer loop
      vertex 69.00480316087088 12.978491842064996 13.4
      vertex 69.0222809320784 15.125878449210182 13.4
      vertex 68.87867403075636 13.188925582549006 13.4
    endloop
  endfacet
  facet normal 0 0 1
    outer loop
      vertex 67.978491842065 14.004803160870889 13.4
      vertex 68.188925582549 13.878674030756365 13.4
      vertex 67.96113870901785 15.627761342928835 13.4
    endloop
  endfacet
  facet normal 0 0 1
    outer loop
      vertex 68.56776695296637 13.56776695296637 13.4
      vertex 68.33073372946036 15.495518130045149 13.4
      vertex 68.38598321040911 13.732526133406843 13.4
    endloop
  endfacet
  facet normal 0 0 1
    outer loop
      vertex 68.38598321040911 13.732526133406843 13.4
      vertex 68.33073372946036 15.495518130045149 13.4
      vertex 68.188925582549 13.878674030756365 13.4
    endloop
  endfacet
  facet normal 0 0 1
    outer loop
      vertex 67.75670858091271 14.109698831278218 13.4
      vertex 67.58036128806451 15.723141121612922 13.4
      vertex 67.52571169313616 14.192350839330523 13.4
    endloop
  endfacet
  facet normal 0 0 1
    outer loop
      vertex 67.978491842065 14.004803160870889 13.4
      vertex 67.96113870901785 15.627761342928835 13.4
      vertex 67.75670858091271 14.109698831278218 13.4
    endloop
  endfacet
  facet normal 0 0 1
    outer loop
      vertex 68.56776695296637 13.56776695296637 13.4
      vertex 68.68558694730399 15.32768505739342 13.4
      vertex 68.33073372946036 15.495518130045149 13.4
    endloop
  endfacet
  facet normal 0 0 1
    outer loop
      vertex 69.19235083933052 12.525711693136156 13.4
      vertex 69.33757313665458 14.892041813450948 13.4
      vertex 69.0222809320784 15.125878449210182 13.4
    endloop
  endfacet
  facet normal 0 0 1
    outer loop
      vertex 68.87867403075636 13.188925582549006 13.4
      vertex 69.0222809320784 15.125878449210182 13.4
      vertex 68.68558694730399 15.32768505739342 13.4
    endloop
  endfacet
  facet normal 0 0 1
    outer loop
      vertex 65.84329141908728 14.109698831278218 13.4
      vertex 65.63886129098215 15.627761342928835 13.4
      vertex 65.26926627053963 15.495518130045149 13.4
    endloop
  endfacet
  facet normal 0 0 1
    outer loop
      vertex 66.07428830686383 14.192350839330523 13.4
      vertex 66.01963871193549 15.723141121612922 13.4
      vertex 65.63886129098215 15.627761342928835 13.4
    endloop
  endfacet
  facet normal 0 0 1
    outer loop
      vertex 66.55495714917609 14.287961816680493 13.4
      vertex 66.40793143868176 15.78073890668879 13.4
      vertex 66.01963871193549 15.723141121612922 13.4
    endloop
  endfacet
  facet normal 0 0 1
    outer loop
      vertex 66.55495714917609 14.287961816680493 13.4
      vertex 66.8 15.8 13.4
      vertex 66.40793143868176 15.78073890668879 13.4
    endloop
  endfacet
  facet normal 0 0 1
    outer loop
      vertex 67.0450428508239 14.287961816680493 13.4
      vertex 67.19206856131824 15.78073890668879 13.4
      vertex 66.8 15.8 13.4
    endloop
  endfacet
  facet normal 0 0 1
    outer loop
      vertex 67.28772580504032 14.251963201008078 13.4
      vertex 67.58036128806451 15.723141121612922 13.4
      vertex 67.19206856131824 15.78073890668879 13.4
    endloop
  endfacet
  facet normal 0 0 1
    outer loop
      vertex 67.75670858091271 14.109698831278218 13.4
      vertex 67.96113870901785 15.627761342928835 13.4
      vertex 67.58036128806451 15.723141121612922 13.4
    endloop
  endfacet
  facet normal 0 0 1
    outer loop
      vertex 67.96113870901785 15.627761342928835 13.4
      vertex 68.188925582549 13.878674030756365 13.4
      vertex 68.33073372946036 15.495518130045149 13.4
    endloop
  endfacet
  facet normal 0.9039892931234527 0.4275550934302625 1.063563239821879e-18
    outer loop
      vertex 70.32768505739342 13.68558694730399 10.4
      vertex 70.49551813004514 13.33073372946036 13.4
      vertex 70.49551813004514 13.33073372946036 10.4
    endloop
  endfacet
  facet normal 0.8577286100002633 0.5141027441932363 0
    outer loop
      vertex 70.32768505739342 13.68558694730399 10.4
      vertex 70.12587844921018 14.02228093207841 10.4
      vertex 70.32768505739342 13.68558694730399 13.4
    endloop
  endfacet
  facet normal 0.9039892931234527 0.4275550934302625 0
    outer loop
      vertex 70.32768505739342 13.68558694730399 10.4
      vertex 70.32768505739342 13.68558694730399 13.4
      vertex 70.49551813004514 13.33073372946036 13.4
    endloop
  endfacet
  facet normal 0.8577286100002633 0.5141027441932363 0
    outer loop
      vertex 70.12587844921018 14.02228093207841 10.4
      vertex 70.12587844921018 14.02228093207841 13.4
      vertex 70.32768505739342 13.68558694730399 13.4
    endloop
  endfacet
  facet normal 0.33688985339223576 0.9415440651830151 -1.4164152328270829e-18
    outer loop
      vertex 66.07428830686383 9.407649160669479 10.4
      vertex 65.84329141908728 9.490301168721784 10.4
      vertex 65.84329141908728 9.490301168721784 13.4
    endloop
  endfacet
  facet normal 0.24298017990326795 0.9700312531945429 1.6442710105914624e-19
    outer loop
      vertex 66.31227419495967 9.348036798991924 10.4
      vertex 66.07428830686383 9.407649160669479 10.4
      vertex 66.07428830686383 9.407649160669479 13.4
    endloop
  endfacet
  facet normal 0.42755509343026027 0.9039892931234537 0
    outer loop
      vertex 65.621508157935 9.595196839129112 10.4
      vertex 65.621508157935 9.595196839129112 13.4
      vertex 65.84329141908728 9.490301168721784 10.4
    endloop
  endfacet
  facet normal 0.5141027441932294 0.8577286100002673 4.767767099878957e-19
    outer loop
      vertex 65.621508157935 9.595196839129112 10.4
      vertex 65.41107441745099 9.721325969243637 10.4
      vertex 65.41107441745099 9.721325969243637 13.4
    endloop
  endfacet
  facet normal 0.5956993044924437 0.8032075314806372 -8.164146656183016e-19
    outer loop
      vertex 65.41107441745099 9.721325969243637 10.4
      vertex 65.21401678959089 9.867473866593159 10.4
      vertex 65.21401678959089 9.867473866593159 13.4
    endloop
  endfacet
  facet normal 0.1467304744553588 0.9891765099647815 0
    outer loop
      vertex 66.31227419495967 9.348036798991924 10.4
      vertex 66.31227419495967 9.348036798991924 13.4
      vertex 66.55495714917609 9.312038183319508 10.4
    endloop
  endfacet
  facet normal 0.04906767432741602 0.9987954562051725 0
    outer loop
      vertex 66.55495714917609 9.312038183319508 10.4
      vertex 66.55495714917609 9.312038183319508 13.4
      vertex 66.8 9.3 10.4
    endloop
  endfacet
  facet normal -0.04906767432741602 0.9987954562051725 0
    outer loop
      vertex 66.8 9.3 10.4
      vertex 66.8 9.3 13.4
      vertex 67.0450428508239 9.312038183319508 10.4
    endloop
  endfacet
  facet normal -0.1467304744553588 0.9891765099647815 0
    outer loop
      vertex 67.0450428508239 9.312038183319508 10.4
      vertex 67.0450428508239 9.312038183319508 13.4
      vertex 67.28772580504032 9.348036798991924 10.4
    endloop
  endfacet
  facet normal -0.24298017990326795 0.9700312531945429 0
    outer loop
      vertex 67.28772580504032 9.348036798991924 10.4
      vertex 67.28772580504032 9.348036798991924 13.4
      vertex 67.52571169313616 9.407649160669479 10.4
    endloop
  endfacet
  facet normal -0.33688985339223576 0.9415440651830151 0
    outer loop
      vertex 67.52571169313616 9.407649160669479 10.4
      vertex 67.52571169313616 9.407649160669479 13.4
      vertex 67.75670858091271 9.490301168721784 10.4
    endloop
  endfacet
  facet normal -0.42755509343026027 0.9039892931234537 0
    outer loop
      vertex 67.75670858091271 9.490301168721784 10.4
      vertex 67.75670858091271 9.490301168721784 13.4
      vertex 67.978491842065 9.595196839129112 10.4
    endloop
  endfacet
  facet normal -0.5141027441932294 0.8577286100002673 0
    outer loop
      vertex 67.978491842065 9.595196839129112 10.4
      vertex 67.978491842065 9.595196839129112 13.4
      vertex 68.188925582549 9.721325969243637 10.4
    endloop
  endfacet
  facet normal -0.5956993044924437 0.8032075314806372 0
    outer loop
      vertex 68.188925582549 9.721325969243637 10.4
      vertex 68.188925582549 9.721325969243637 13.4
      vertex 68.38598321040911 9.867473866593159 10.4
    endloop
  endfacet
  facet normal -0.6715589548470124 0.7409511253549644 0
    outer loop
      vertex 68.38598321040911 9.867473866593159 10.4
      vertex 68.38598321040911 9.867473866593159 13.4
      vertex 68.56776695296637 10.032233047033632 10.4
    endloop
  endfacet
  facet normal 0.33688985339223576 0.9415440651830151 0
    outer loop
      vertex 66.07428830686383 9.407649160669479 10.4
      vertex 65.84329141908728 9.490301168721784 13.4
      vertex 66.07428830686383 9.407649160669479 13.4
    endloop
  endfacet
  facet normal 0.42755509343026027 0.9039892931234537 0
    outer loop
      vertex 65.84329141908728 9.490301168721784 10.4
      vertex 65.621508157935 9.595196839129112 13.4
      vertex 65.84329141908728 9.490301168721784 13.4
    endloop
  endfacet
  facet normal 0.24298017990326795 0.9700312531945429 0
    outer loop
      vertex 66.31227419495967 9.348036798991924 10.4
      vertex 66.07428830686383 9.407649160669479 13.4
      vertex 66.31227419495967 9.348036798991924 13.4
    endloop
  endfacet
  facet normal 0.5141027441932294 0.8577286100002673 0
    outer loop
      vertex 65.621508157935 9.595196839129112 10.4
      vertex 65.41107441745099 9.721325969243637 13.4
      vertex 65.621508157935 9.595196839129112 13.4
    endloop
  endfacet
  facet normal 0.5956993044924437 0.8032075314806372 0
    outer loop
      vertex 65.41107441745099 9.721325969243637 10.4
      vertex 65.21401678959089 9.867473866593159 13.4
      vertex 65.41107441745099 9.721325969243637 13.4
    endloop
  endfacet
  facet normal 0.6715589548470124 0.7409511253549644 0
    outer loop
      vertex 65.21401678959089 9.867473866593159 10.4
      vertex 65.03223304703363 10.032233047033632 13.4
      vertex 65.21401678959089 9.867473866593159 13.4
    endloop
  endfacet
  facet normal 0.1467304744553588 0.9891765099647815 0
    outer loop
      vertex 66.55495714917609 9.312038183319508 10.4
      vertex 66.31227419495967 9.348036798991924 13.4
      vertex 66.55495714917609 9.312038183319508 13.4
    endloop
  endfacet
  facet normal 0.04906767432741602 0.9987954562051725 0
    outer loop
      vertex 66.8 9.3 10.4
      vertex 66.55495714917609 9.312038183319508 13.4
      vertex 66.8 9.3 13.4
    endloop
  endfacet
  facet normal -0.04906767432741602 0.9987954562051725 0
    outer loop
      vertex 67.0450428508239 9.312038183319508 10.4
      vertex 66.8 9.3 13.4
      vertex 67.0450428508239 9.312038183319508 13.4
    endloop
  endfacet
  facet normal -0.1467304744553588 0.9891765099647815 0
    outer loop
      vertex 67.28772580504032 9.348036798991924 10.4
      vertex 67.0450428508239 9.312038183319508 13.4
      vertex 67.28772580504032 9.348036798991924 13.4
    endloop
  endfacet
  facet normal -0.24298017990326795 0.9700312531945429 0
    outer loop
      vertex 67.52571169313616 9.407649160669479 10.4
      vertex 67.28772580504032 9.348036798991924 13.4
      vertex 67.52571169313616 9.407649160669479 13.4
    endloop
  endfacet
  facet normal -0.33688985339223576 0.9415440651830151 0
    outer loop
      vertex 67.75670858091271 9.490301168721784 10.4
      vertex 67.52571169313616 9.407649160669479 13.4
      vertex 67.75670858091271 9.490301168721784 13.4
    endloop
  endfacet
  facet normal -0.42755509343026027 0.9039892931234537 0
    outer loop
      vertex 67.978491842065 9.595196839129112 10.4
      vertex 67.75670858091271 9.490301168721784 13.4
      vertex 67.978491842065 9.595196839129112 13.4
    endloop
  endfacet
  facet normal -0.5141027441932294 0.8577286100002673 0
    outer loop
      vertex 68.188925582549 9.721325969243637 10.4
      vertex 67.978491842065 9.595196839129112 13.4
      vertex 68.188925582549 9.721325969243637 13.4
    endloop
  endfacet
  facet normal -0.5956993044924437 0.8032075314806372 0
    outer loop
      vertex 68.38598321040911 9.867473866593159 10.4
      vertex 68.188925582549 9.721325969243637 13.4
      vertex 68.38598321040911 9.867473866593159 13.4
    endloop
  endfacet
  facet normal 0.7409511253549651 0.6715589548470117 9.461934649229477e-19
    outer loop
      vertex 65.03223304703363 10.032233047033632 10.4
      vertex 64.86747386659316 10.214016789590886 10.4
      vertex 64.86747386659316 10.214016789590886 13.4
    endloop
  endfacet
  facet normal 0.8032075314806449 0.5956993044924334 1.6198303120583496e-18
    outer loop
      vertex 64.86747386659316 10.214016789590886 10.4
      vertex 64.72132596924364 10.411074417450996 10.4
      vertex 64.72132596924364 10.411074417450996 13.4
    endloop
  endfacet
  facet normal 0.8577286100002776 0.5141027441932124 0
    outer loop
      vertex 64.59519683912912 10.621508157935006 10.4
      vertex 64.59519683912912 10.621508157935006 13.4
      vertex 64.72132596924364 10.411074417450996 10.4
    endloop
  endfacet
  facet normal 0.9039892931234416 0.42755509343028575 1.4581027956918476e-18
    outer loop
      vertex 64.59519683912912 10.621508157935006 10.4
      vertex 64.49030116872179 10.843291419087276 10.4
      vertex 64.49030116872179 10.843291419087276 13.4
    endloop
  endfacet
  facet normal 0.9415440651830195 0.33688985339222377 -5.350784279631115e-19
    outer loop
      vertex 64.49030116872179 10.843291419087276 10.4
      vertex 64.40764916066948 11.074288306863846 10.4
      vertex 64.40764916066948 11.074288306863846 13.4
    endloop
  endfacet
  facet normal 0.9700312531945463 0.24298017990325432 1.095640584272211e-18
    outer loop
      vertex 64.40764916066948 11.074288306863846 10.4
      vertex 64.34803679899193 11.31227419495968 10.4
      vertex 64.34803679899193 11.31227419495968 13.4
    endloop
  endfacet
  facet normal 0.9891765099647749 0.14673047445540235 -6.621290969947535e-19
    outer loop
      vertex 64.34803679899193 11.31227419495968 10.4
      vertex 64.3120381833195 11.554957149176099 10.4
      vertex 64.3120381833195 11.554957149176099 13.4
    endloop
  endfacet
  facet normal 0.7409511253549651 0.6715589548470117 0
    outer loop
      vertex 65.03223304703363 10.032233047033632 10.4
      vertex 64.86747386659316 10.214016789590886 13.4
      vertex 65.03223304703363 10.032233047033632 13.4
    endloop
  endfacet
  facet normal 0.8032075314806449 0.5956993044924334 0
    outer loop
      vertex 64.86747386659316 10.214016789590886 10.4
      vertex 64.72132596924364 10.411074417450996 13.4
      vertex 64.86747386659316 10.214016789590886 13.4
    endloop
  endfacet
  facet normal 0.8577286100002776 0.5141027441932124 0
    outer loop
      vertex 64.72132596924364 10.411074417450996 10.4
      vertex 64.59519683912912 10.621508157935006 13.4
      vertex 64.72132596924364 10.411074417450996 13.4
    endloop
  endfacet
  facet normal 0.9039892931234416 0.42755509343028575 0
    outer loop
      vertex 64.59519683912912 10.621508157935006 10.4
      vertex 64.49030116872179 10.843291419087276 13.4
      vertex 64.59519683912912 10.621508157935006 13.4
    endloop
  endfacet
  facet normal 0.9700312531945463 0.24298017990325432 0
    outer loop
      vertex 64.40764916066948 11.074288306863846 10.4
      vertex 64.34803679899193 11.31227419495968 13.4
      vertex 64.40764916066948 11.074288306863846 13.4
    endloop
  endfacet
  facet normal 0.9415440651830195 0.33688985339222377 0
    outer loop
      vertex 64.49030116872179 10.843291419087276 10.4
      vertex 64.40764916066948 11.074288306863846 13.4
      vertex 64.49030116872179 10.843291419087276 13.4
    endloop
  endfacet
  facet normal 0.9891765099647749 0.14673047445540235 0
    outer loop
      vertex 64.34803679899193 11.31227419495968 10.4
      vertex 64.3120381833195 11.554957149176099 13.4
      vertex 64.34803679899193 11.31227419495968 13.4
    endloop
  endfacet
  facet normal 0.9987954562051732 0.04906767432740264 0
    outer loop
      vertex 64.3120381833195 11.554957149176099 10.4
      vertex 64.3 11.8 13.4
      vertex 64.3120381833195 11.554957149176099 13.4
    endloop
  endfacet
  facet normal 0.9987954562051732 0.04906767432740264 3.864610196589323e-20
    outer loop
      vertex 64.3120381833195 11.554957149176099 10.4
      vertex 64.3 11.8 10.4
      vertex 64.3 11.8 13.4
    endloop
  endfacet
  facet normal 0.9987954562051732 -0.04906767432740264 -3.864610196589323e-20
    outer loop
      vertex 64.3 11.8 10.4
      vertex 64.3120381833195 12.045042850823902 10.4
      vertex 64.3120381833195 12.045042850823902 13.4
    endloop
  endfacet
  facet normal 0.9891765099647749 -0.14673047445540235 6.621290969947535e-19
    outer loop
      vertex 64.3120381833195 12.045042850823902 10.4
      vertex 64.34803679899193 12.28772580504032 10.4
      vertex 64.34803679899193 12.28772580504032 13.4
    endloop
  endfacet
  facet normal 0.9700312531945463 -0.24298017990325432 -1.095640584272211e-18
    outer loop
      vertex 64.34803679899193 12.28772580504032 10.4
      vertex 64.40764916066948 12.525711693136156 10.4
      vertex 64.40764916066948 12.525711693136156 13.4
    endloop
  endfacet
  facet normal 0.9415440651830195 -0.33688985339222377 5.350784279631115e-19
    outer loop
      vertex 64.40764916066948 12.525711693136156 10.4
      vertex 64.49030116872179 12.756708580912726 10.4
      vertex 64.49030116872179 12.756708580912726 13.4
    endloop
  endfacet
  facet normal 0.9039892931234416 -0.42755509343028575 -1.4581027956918476e-18
    outer loop
      vertex 64.49030116872179 12.756708580912726 10.4
      vertex 64.59519683912912 12.978491842064996 10.4
      vertex 64.59519683912912 12.978491842064996 13.4
    endloop
  endfacet
  facet normal 0.8577286100002776 -0.5141027441932124 -2.0225392283918964e-18
    outer loop
      vertex 64.59519683912912 12.978491842064996 10.4
      vertex 64.72132596924364 13.188925582549006 10.4
      vertex 64.72132596924364 13.188925582549006 13.4
    endloop
  endfacet
  facet normal 0.9987954562051732 -0.04906767432740264 0
    outer loop
      vertex 64.3 11.8 10.4
      vertex 64.3120381833195 12.045042850823902 13.4
      vertex 64.3 11.8 13.4
    endloop
  endfacet
  facet normal 0.9891765099647749 -0.14673047445540235 0
    outer loop
      vertex 64.3120381833195 12.045042850823902 10.4
      vertex 64.34803679899193 12.28772580504032 13.4
      vertex 64.3120381833195 12.045042850823902 13.4
    endloop
  endfacet
  facet normal 0.9700312531945463 -0.24298017990325432 0
    outer loop
      vertex 64.34803679899193 12.28772580504032 10.4
      vertex 64.40764916066948 12.525711693136156 13.4
      vertex 64.34803679899193 12.28772580504032 13.4
    endloop
  endfacet
  facet normal 0.9415440651830195 -0.33688985339222377 0
    outer loop
      vertex 64.40764916066948 12.525711693136156 10.4
      vertex 64.49030116872179 12.756708580912726 13.4
      vertex 64.40764916066948 12.525711693136156 13.4
    endloop
  endfacet
  facet normal 0.9039892931234416 -0.42755509343028575 0
    outer loop
      vertex 64.49030116872179 12.756708580912726 10.4
      vertex 64.59519683912912 12.978491842064996 13.4
      vertex 64.49030116872179 12.756708580912726 13.4
    endloop
  endfacet
  facet normal 0.8577286100002776 -0.5141027441932124 0
    outer loop
      vertex 64.59519683912912 12.978491842064996 10.4
      vertex 64.72132596924364 13.188925582549006 13.4
      vertex 64.59519683912912 12.978491842064996 13.4
    endloop
  endfacet
  facet normal 0.8032075314806449 -0.5956993044924334 0
    outer loop
      vertex 64.72132596924364 13.188925582549006 10.4
      vertex 64.86747386659316 13.385983210409115 13.4
      vertex 64.72132596924364 13.188925582549006 13.4
    endloop
  endfacet
  facet normal 0.6715589548470124 0.7409511253549644 0
    outer loop
      vertex 65.03223304703363 10.032233047033632 10.4
      vertex 65.03223304703363 10.032233047033632 13.4
      vertex 65.21401678959089 9.867473866593159 10.4
    endloop
  endfacet
  facet normal -0.7409511253549651 0.6715589548470117 0
    outer loop
      vertex 68.56776695296637 10.032233047033632 10.4
      vertex 68.56776695296637 10.032233047033632 13.4
      vertex 68.73252613340684 10.214016789590886 10.4
    endloop
  endfacet
  facet normal -0.8032075314806449 0.5956993044924334 0
    outer loop
      vertex 68.73252613340684 10.214016789590886 10.4
      vertex 68.73252613340684 10.214016789590886 13.4
      vertex 68.87867403075636 10.411074417450996 10.4
    endloop
  endfacet
  facet normal -0.8577286100002776 0.5141027441932124 0
    outer loop
      vertex 68.87867403075636 10.411074417450996 10.4
      vertex 68.87867403075636 10.411074417450996 13.4
      vertex 69.00480316087088 10.621508157935006 10.4
    endloop
  endfacet
  facet normal -0.9039892931234416 0.42755509343028575 0
    outer loop
      vertex 69.00480316087088 10.621508157935006 10.4
      vertex 69.00480316087088 10.621508157935006 13.4
      vertex 69.10969883127821 10.843291419087276 10.4
    endloop
  endfacet
  facet normal -0.9415440651830195 0.33688985339222377 0
    outer loop
      vertex 69.10969883127821 10.843291419087276 10.4
      vertex 69.10969883127821 10.843291419087276 13.4
      vertex 69.19235083933052 11.074288306863846 10.4
    endloop
  endfacet
  facet normal -0.9700312531945463 0.24298017990325432 0
    outer loop
      vertex 69.19235083933052 11.074288306863846 10.4
      vertex 69.19235083933052 11.074288306863846 13.4
      vertex 69.25196320100807 11.31227419495968 10.4
    endloop
  endfacet
  facet normal -0.9891765099647749 0.14673047445540235 0
    outer loop
      vertex 69.25196320100807 11.31227419495968 10.4
      vertex 69.25196320100807 11.31227419495968 13.4
      vertex 69.2879618166805 11.554957149176099 10.4
    endloop
  endfacet
  facet normal -0.9987954562051732 0.04906767432740264 0
    outer loop
      vertex 69.2879618166805 11.554957149176099 10.4
      vertex 69.2879618166805 11.554957149176099 13.4
      vertex 69.3 11.8 10.4
    endloop
  endfacet
  facet normal -0.6715589548470124 0.7409511253549644 0
    outer loop
      vertex 68.56776695296637 10.032233047033632 10.4
      vertex 68.38598321040911 9.867473866593159 13.4
      vertex 68.56776695296637 10.032233047033632 13.4
    endloop
  endfacet
  facet normal -0.7409511253549651 0.6715589548470117 0
    outer loop
      vertex 68.73252613340684 10.214016789590886 10.4
      vertex 68.56776695296637 10.032233047033632 13.4
      vertex 68.73252613340684 10.214016789590886 13.4
    endloop
  endfacet
  facet normal -0.8032075314806449 0.5956993044924334 0
    outer loop
      vertex 68.87867403075636 10.411074417450996 10.4
      vertex 68.73252613340684 10.214016789590886 13.4
      vertex 68.87867403075636 10.411074417450996 13.4
    endloop
  endfacet
  facet normal -0.8577286100002776 0.5141027441932124 0
    outer loop
      vertex 69.00480316087088 10.621508157935006 10.4
      vertex 68.87867403075636 10.411074417450996 13.4
      vertex 69.00480316087088 10.621508157935006 13.4
    endloop
  endfacet
  facet normal -0.9039892931234416 0.42755509343028575 0
    outer loop
      vertex 69.10969883127821 10.843291419087276 10.4
      vertex 69.00480316087088 10.621508157935006 13.4
      vertex 69.10969883127821 10.843291419087276 13.4
    endloop
  endfacet
  facet normal -0.9415440651830195 0.33688985339222377 0
    outer loop
      vertex 69.19235083933052 11.074288306863846 10.4
      vertex 69.10969883127821 10.843291419087276 13.4
      vertex 69.19235083933052 11.074288306863846 13.4
    endloop
  endfacet
  facet normal -0.9700312531945463 0.24298017990325432 0
    outer loop
      vertex 69.25196320100807 11.31227419495968 10.4
      vertex 69.19235083933052 11.074288306863846 13.4
      vertex 69.25196320100807 11.31227419495968 13.4
    endloop
  endfacet
  facet normal -0.9891765099647749 0.14673047445540235 0
    outer loop
      vertex 69.2879618166805 11.554957149176099 10.4
      vertex 69.25196320100807 11.31227419495968 13.4
      vertex 69.2879618166805 11.554957149176099 13.4
    endloop
  endfacet
  facet normal -0.9987954562051732 -0.04906767432740264 0
    outer loop
      vertex 69.3 11.8 10.4
      vertex 69.3 11.8 13.4
      vertex 69.2879618166805 12.045042850823902 10.4
    endloop
  endfacet
  facet normal -0.9891765099647749 -0.14673047445540235 0
    outer loop
      vertex 69.2879618166805 12.045042850823902 10.4
      vertex 69.2879618166805 12.045042850823902 13.4
      vertex 69.25196320100807 12.28772580504032 10.4
    endloop
  endfacet
  facet normal -0.9700312531945463 -0.24298017990325432 0
    outer loop
      vertex 69.25196320100807 12.28772580504032 10.4
      vertex 69.25196320100807 12.28772580504032 13.4
      vertex 69.19235083933052 12.525711693136156 10.4
    endloop
  endfacet
  facet normal -0.8032075314806449 -0.5956993044924334 0
    outer loop
      vertex 68.87867403075636 13.188925582549006 10.4
      vertex 68.87867403075636 13.188925582549006 13.4
      vertex 68.73252613340684 13.385983210409115 10.4
    endloop
  endfacet
  facet normal -0.9415440651830195 -0.33688985339222377 0
    outer loop
      vertex 69.19235083933052 12.525711693136156 10.4
      vertex 69.19235083933052 12.525711693136156 13.4
      vertex 69.10969883127821 12.756708580912726 10.4
    endloop
  endfacet
  facet normal -0.9039892931234416 -0.42755509343028575 0
    outer loop
      vertex 69.10969883127821 12.756708580912726 10.4
      vertex 69.10969883127821 12.756708580912726 13.4
      vertex 69.00480316087088 12.978491842064996 10.4
    endloop
  endfacet
  facet normal -0.8577286100002776 -0.5141027441932124 0
    outer loop
      vertex 69.00480316087088 12.978491842064996 10.4
      vertex 69.00480316087088 12.978491842064996 13.4
      vertex 68.87867403075636 13.188925582549006 10.4
    endloop
  endfacet
  facet normal -0.9987954562051732 0.04906767432740264 0
    outer loop
      vertex 69.3 11.8 10.4
      vertex 69.2879618166805 11.554957149176099 13.4
      vertex 69.3 11.8 13.4
    endloop
  endfacet
  facet normal -0.9987954562051732 -0.04906767432740264 0
    outer loop
      vertex 69.2879618166805 12.045042850823902 10.4
      vertex 69.3 11.8 13.4
      vertex 69.2879618166805 12.045042850823902 13.4
    endloop
  endfacet
  facet normal -0.9891765099647749 -0.14673047445540235 0
    outer loop
      vertex 69.25196320100807 12.28772580504032 10.4
      vertex 69.2879618166805 12.045042850823902 13.4
      vertex 69.25196320100807 12.28772580504032 13.4
    endloop
  endfacet
  facet normal -0.9700312531945463 -0.24298017990325432 0
    outer loop
      vertex 69.19235083933052 12.525711693136156 10.4
      vertex 69.25196320100807 12.28772580504032 13.4
      vertex 69.19235083933052 12.525711693136156 13.4
    endloop
  endfacet
  facet normal -0.9415440651830195 -0.33688985339222377 0
    outer loop
      vertex 69.10969883127821 12.756708580912726 10.4
      vertex 69.19235083933052 12.525711693136156 13.4
      vertex 69.10969883127821 12.756708580912726 13.4
    endloop
  endfacet
  facet normal -0.9039892931234416 -0.42755509343028575 1.4581027956918476e-18
    outer loop
      vertex 69.10969883127821 12.756708580912726 13.4
      vertex 69.00480316087088 12.978491842064996 13.4
      vertex 69.00480316087088 12.978491842064996 10.4
    endloop
  endfacet
  facet normal -0.8577286100002776 -0.5141027441932124 0
    outer loop
      vertex 68.87867403075636 13.188925582549006 10.4
      vertex 69.00480316087088 12.978491842064996 13.4
      vertex 68.87867403075636 13.188925582549006 13.4
    endloop
  endfacet
  facet normal 0.8032075314806449 -0.5956993044924334 -1.6198303120583496e-18
    outer loop
      vertex 64.72132596924364 13.188925582549006 10.4
      vertex 64.86747386659316 13.385983210409115 10.4
      vertex 64.86747386659316 13.385983210409115 13.4
    endloop
  endfacet
  facet normal 0.7409511253549651 -0.6715589548470117 -9.461934649229477e-19
    outer loop
      vertex 64.86747386659316 13.385983210409115 10.4
      vertex 65.03223304703363 13.56776695296637 10.4
      vertex 65.03223304703363 13.56776695296637 13.4
    endloop
  endfacet
  facet normal 0.7409511253549651 -0.6715589548470117 0
    outer loop
      vertex 64.86747386659316 13.385983210409115 10.4
      vertex 65.03223304703363 13.56776695296637 13.4
      vertex 64.86747386659316 13.385983210409115 13.4
    endloop
  endfacet
  facet normal 0.6715589548470124 -0.7409511253549644 -1.606349904857549e-18
    outer loop
      vertex 65.03223304703363 13.56776695296637 10.4
      vertex 65.21401678959089 13.732526133406843 10.4
      vertex 65.21401678959089 13.732526133406843 13.4
    endloop
  endfacet
  facet normal 0.5956993044924437 -0.8032075314806372 8.164146656183016e-19
    outer loop
      vertex 65.21401678959089 13.732526133406843 10.4
      vertex 65.41107441745099 13.878674030756365 10.4
      vertex 65.41107441745099 13.878674030756365 13.4
    endloop
  endfacet
  facet normal 0.5141027441932294 -0.8577286100002673 -4.767767099878957e-19
    outer loop
      vertex 65.41107441745099 13.878674030756365 10.4
      vertex 65.621508157935 14.004803160870889 10.4
      vertex 65.621508157935 14.004803160870889 13.4
    endloop
  endfacet
  facet normal 0.42755509343026027 -0.9039892931234537 3.9468067156185595e-19
    outer loop
      vertex 65.621508157935 14.004803160870889 10.4
      vertex 65.84329141908728 14.109698831278218 10.4
      vertex 65.84329141908728 14.109698831278218 13.4
    endloop
  endfacet
  facet normal 0.33688985339223576 -0.9415440651830151 1.4164152328270829e-18
    outer loop
      vertex 65.84329141908728 14.109698831278218 10.4
      vertex 66.07428830686383 14.192350839330523 10.4
      vertex 66.07428830686383 14.192350839330523 13.4
    endloop
  endfacet
  facet normal 0.24298017990326795 -0.9700312531945429 -1.6442710105914624e-19
    outer loop
      vertex 66.07428830686383 14.192350839330523 10.4
      vertex 66.31227419495967 14.251963201008078 10.4
      vertex 66.31227419495967 14.251963201008078 13.4
    endloop
  endfacet
  facet normal 0.1467304744553588 -0.9891765099647815 2.3437709318196034e-19
    outer loop
      vertex 66.31227419495967 14.251963201008078 10.4
      vertex 66.55495714917609 14.287961816680493 10.4
      vertex 66.55495714917609 14.287961816680493 13.4
    endloop
  endfacet
  facet normal 0.04906767432741602 -0.9987954562051725 1.4768587647712958e-19
    outer loop
      vertex 66.55495714917609 14.287961816680493 10.4
      vertex 66.8 14.3 10.4
      vertex 66.8 14.3 13.4
    endloop
  endfacet
  facet normal -0.04906767432741602 -0.9987954562051725 -1.4768587647712958e-19
    outer loop
      vertex 66.8 14.3 10.4
      vertex 67.0450428508239 14.287961816680493 10.4
      vertex 67.0450428508239 14.287961816680493 13.4
    endloop
  endfacet
  facet normal -0.1467304744553588 -0.9891765099647815 -2.3437709318196034e-19
    outer loop
      vertex 67.0450428508239 14.287961816680493 10.4
      vertex 67.28772580504032 14.251963201008078 10.4
      vertex 67.28772580504032 14.251963201008078 13.4
    endloop
  endfacet
  facet normal -0.24298017990326795 -0.9700312531945429 1.6442710105914624e-19
    outer loop
      vertex 67.28772580504032 14.251963201008078 10.4
      vertex 67.52571169313616 14.192350839330523 10.4
      vertex 67.52571169313616 14.192350839330523 13.4
    endloop
  endfacet
  facet normal -0.7409511253549651 -0.6715589548470117 0
    outer loop
      vertex 68.73252613340684 13.385983210409115 10.4
      vertex 68.73252613340684 13.385983210409115 13.4
      vertex 68.56776695296637 13.56776695296637 10.4
    endloop
  endfacet
  facet normal -0.6715589548470124 -0.7409511253549644 0
    outer loop
      vertex 68.56776695296637 13.56776695296637 10.4
      vertex 68.56776695296637 13.56776695296637 13.4
      vertex 68.38598321040911 13.732526133406843 10.4
    endloop
  endfacet
  facet normal -0.5141027441932294 -0.8577286100002673 4.767767099878957e-19
    outer loop
      vertex 67.978491842065 14.004803160870889 10.4
      vertex 68.188925582549 13.878674030756365 10.4
      vertex 68.188925582549 13.878674030756365 13.4
    endloop
  endfacet
  facet normal -0.42755509343026027 -0.9039892931234537 0
    outer loop
      vertex 67.978491842065 14.004803160870889 10.4
      vertex 67.978491842065 14.004803160870889 13.4
      vertex 67.75670858091271 14.109698831278218 10.4
    endloop
  endfacet
  facet normal -0.5956993044924437 -0.8032075314806372 0
    outer loop
      vertex 68.38598321040911 13.732526133406843 10.4
      vertex 68.38598321040911 13.732526133406843 13.4
      vertex 68.188925582549 13.878674030756365 10.4
    endloop
  endfacet
  facet normal -0.33688985339223576 -0.9415440651830151 0
    outer loop
      vertex 67.75670858091271 14.109698831278218 10.4
      vertex 67.75670858091271 14.109698831278218 13.4
      vertex 67.52571169313616 14.192350839330523 10.4
    endloop
  endfacet
  facet normal 0.6715589548470124 -0.7409511253549644 0
    outer loop
      vertex 65.03223304703363 13.56776695296637 10.4
      vertex 65.21401678959089 13.732526133406843 13.4
      vertex 65.03223304703363 13.56776695296637 13.4
    endloop
  endfacet
  facet normal 0.5956993044924437 -0.8032075314806372 0
    outer loop
      vertex 65.21401678959089 13.732526133406843 10.4
      vertex 65.41107441745099 13.878674030756365 13.4
      vertex 65.21401678959089 13.732526133406843 13.4
    endloop
  endfacet
  facet normal 0.5141027441932294 -0.8577286100002673 0
    outer loop
      vertex 65.41107441745099 13.878674030756365 10.4
      vertex 65.621508157935 14.004803160870889 13.4
      vertex 65.41107441745099 13.878674030756365 13.4
    endloop
  endfacet
  facet normal 0.42755509343026027 -0.9039892931234537 0
    outer loop
      vertex 65.621508157935 14.004803160870889 10.4
      vertex 65.84329141908728 14.109698831278218 13.4
      vertex 65.621508157935 14.004803160870889 13.4
    endloop
  endfacet
  facet normal 0.33688985339223576 -0.9415440651830151 0
    outer loop
      vertex 65.84329141908728 14.109698831278218 10.4
      vertex 66.07428830686383 14.192350839330523 13.4
      vertex 65.84329141908728 14.109698831278218 13.4
    endloop
  endfacet
  facet normal 0.24298017990326795 -0.9700312531945429 0
    outer loop
      vertex 66.07428830686383 14.192350839330523 10.4
      vertex 66.31227419495967 14.251963201008078 13.4
      vertex 66.07428830686383 14.192350839330523 13.4
    endloop
  endfacet
  facet normal 0.1467304744553588 -0.9891765099647815 0
    outer loop
      vertex 66.31227419495967 14.251963201008078 10.4
      vertex 66.55495714917609 14.287961816680493 13.4
      vertex 66.31227419495967 14.251963201008078 13.4
    endloop
  endfacet
  facet normal 0.04906767432741602 -0.9987954562051725 0
    outer loop
      vertex 66.55495714917609 14.287961816680493 10.4
      vertex 66.8 14.3 13.4
      vertex 66.55495714917609 14.287961816680493 13.4
    endloop
  endfacet
  facet normal -0.04906767432741602 -0.9987954562051725 0
    outer loop
      vertex 66.8 14.3 10.4
      vertex 67.0450428508239 14.287961816680493 13.4
      vertex 66.8 14.3 13.4
    endloop
  endfacet
  facet normal -0.1467304744553588 -0.9891765099647815 0
    outer loop
      vertex 67.0450428508239 14.287961816680493 10.4
      vertex 67.28772580504032 14.251963201008078 13.4
      vertex 67.0450428508239 14.287961816680493 13.4
    endloop
  endfacet
  facet normal -0.24298017990326795 -0.9700312531945429 0
    outer loop
      vertex 67.28772580504032 14.251963201008078 10.4
      vertex 67.52571169313616 14.192350839330523 13.4
      vertex 67.28772580504032 14.251963201008078 13.4
    endloop
  endfacet
  facet normal -0.8032075314806449 -0.5956993044924334 0
    outer loop
      vertex 68.73252613340684 13.385983210409115 10.4
      vertex 68.87867403075636 13.188925582549006 13.4
      vertex 68.73252613340684 13.385983210409115 13.4
    endloop
  endfacet
  facet normal -0.7409511253549651 -0.6715589548470117 0
    outer loop
      vertex 68.56776695296637 13.56776695296637 10.4
      vertex 68.73252613340684 13.385983210409115 13.4
      vertex 68.56776695296637 13.56776695296637 13.4
    endloop
  endfacet
  facet normal -0.6715589548470124 -0.7409511253549644 0
    outer loop
      vertex 68.38598321040911 13.732526133406843 10.4
      vertex 68.56776695296637 13.56776695296637 13.4
      vertex 68.38598321040911 13.732526133406843 13.4
    endloop
  endfacet
  facet normal -0.42755509343026027 -0.9039892931234537 0
    outer loop
      vertex 67.75670858091271 14.109698831278218 10.4
      vertex 67.978491842065 14.004803160870889 13.4
      vertex 67.75670858091271 14.109698831278218 13.4
    endloop
  endfacet
  facet normal -0.5141027441932294 -0.8577286100002673 0
    outer loop
      vertex 67.978491842065 14.004803160870889 10.4
      vertex 68.188925582549 13.878674030756365 13.4
      vertex 67.978491842065 14.004803160870889 13.4
    endloop
  endfacet
  facet normal -0.5956993044924437 -0.8032075314806372 0
    outer loop
      vertex 68.188925582549 13.878674030756365 10.4
      vertex 68.38598321040911 13.732526133406843 13.4
      vertex 68.188925582549 13.878674030756365 13.4
    endloop
  endfacet
  facet normal -0.33688985339223576 -0.9415440651830151 0
    outer loop
      vertex 67.52571169313616 14.192350839330523 10.4
      vertex 67.75670858091271 14.109698831278218 13.4
      vertex 67.52571169313616 14.192350839330523 13.4
    endloop
  endfacet
endsolid OpenSCAD_Model
